contract_id,dataset_id,scope,method_id,intended_tasks,valid_tasks,A_valid,S_BW,S_tau,S_match,P_fit,I_SF,C_conditional,C_operational,nominal_fold_slots,attempted_fold_slots,successful_folds,failed_folds,rank_conditional,rank_operational
CCLE_EXPERIMENT_A_FIXED_SCORE_ORIGINAL5,CCLE-34-Paclitaxel-SKIN,FULL,TRIOS,1,1,1.0,0.8355923736961938,0.9491021360298312,0.9625422945639374,0.6008394056335555,1.0,0.8696152419847035,0.8696152419847035,33,33,33,0,1,1
CCLE_EXPERIMENT_A_FIXED_SCORE_ORIGINAL5,CCLE-34-Paclitaxel-SKIN,FULL,EMAX|IC50|TERTILES,1,0,0.0,,,,,,,0.0,33,0,0,0,,62
CCLE_EXPERIMENT_A_FIXED_SCORE_ORIGINAL5,CCLE-34-Paclitaxel-SKIN,FULL,EMAX|IC50|JENKS,1,0,0.0,,,,,,,0.0,33,0,0,0,,62
CCLE_EXPERIMENT_A_FIXED_SCORE_ORIGINAL5,CCLE-34-Paclitaxel-SKIN,FULL,EMAX|IC50|KMEANS,1,0,0.0,,,,,,,0.0,33,0,0,0,,62
CCLE_EXPERIMENT_A_FIXED_SCORE_ORIGINAL5,CCLE-34-Paclitaxel-SKIN,FULL,EMAX|IC50|WARD,1,0,0.0,,,,,,,0.0,33,0,0,0,,62
CCLE_EXPERIMENT_A_FIXED_SCORE_ORIGINAL5,CCLE-34-Paclitaxel-SKIN,FULL,EMAX|IC50|TIED_GMM,1,0,0.0,,,,,,,0.0,33,0,0,0,,62
CCLE_EXPERIMENT_A_FIXED_SCORE_ORIGINAL5,CCLE-34-Paclitaxel-SKIN,FULL,EMAX|EC50|TERTILES,1,1,1.0,0.7583569249413665,0.9859200175819831,0.9692232535417685,0.2550950363372044,1.0,0.7937190464804644,0.7937190464804644,33,33,33,0,14,14
CCLE_EXPERIMENT_A_FIXED_SCORE_ORIGINAL5,CCLE-34-Paclitaxel-SKIN,FULL,EMAX|EC50|JENKS,1,1,1.0,0.8689822597029869,0.9549557830265678,0.927112263161143,0.2550950363372044,1.0,0.8012290684455804,0.8012290684455804,33,33,33,0,12,12
CCLE_EXPERIMENT_A_FIXED_SCORE_ORIGINAL5,CCLE-34-Paclitaxel-SKIN,FULL,EMAX|EC50|KMEANS,1,1,1.0,0.8689822597029869,0.9527026789464276,0.9262657152565409,0.2550950363372044,1.0,0.800609138048632,0.800609138048632,33,33,33,0,13,13
CCLE_EXPERIMENT_A_FIXED_SCORE_ORIGINAL5,CCLE-34-Paclitaxel-SKIN,FULL,EMAX|EC50|WARD,1,1,1.0,0.866091820639347,0.9547217016924219,0.9597752674675752,0.2550950363372044,1.0,0.8071367652273096,0.8071367652273096,33,33,33,0,9,9
CCLE_EXPERIMENT_A_FIXED_SCORE_ORIGINAL5,CCLE-34-Paclitaxel-SKIN,FULL,EMAX|EC50|TIED_GMM,1,1,1.0,0.866091820639347,0.9684458895576081,0.978145442811464,0.2550950363372044,1.0,0.8135556378691247,0.8135556378691247,33,33,33,0,8,8
CCLE_EXPERIMENT_A_FIXED_SCORE_ORIGINAL5,CCLE-34-Paclitaxel-SKIN,FULL,EMAX|EMAX|TERTILES,1,1,1.0,0.8449524551734056,0.9640654745277685,0.9692232535417685,0.2550950363372044,1.0,0.8066672439160293,0.8066672439160293,33,33,33,0,11,11
CCLE_EXPERIMENT_A_FIXED_SCORE_ORIGINAL5,CCLE-34-Paclitaxel-SKIN,FULL,EMAX|EMAX|JENKS,1,1,1.0,0.876571922521887,0.9968158509739767,1.0,0.2550950363372044,1.0,0.8256965619666137,0.8256965619666137,33,33,33,0,5,5
CCLE_EXPERIMENT_A_FIXED_SCORE_ORIGINAL5,CCLE-34-Paclitaxel-SKIN,FULL,EMAX|EMAX|KMEANS,1,1,1.0,0.876571922521887,0.9968158509739767,1.0,0.2550950363372044,1.0,0.8256965619666137,0.8256965619666137,33,33,33,0,5,5
CCLE_EXPERIMENT_A_FIXED_SCORE_ORIGINAL5,CCLE-34-Paclitaxel-SKIN,FULL,EMAX|EMAX|WARD,1,1,1.0,0.876571922521887,0.9968158509739767,1.0,0.2550950363372044,1.0,0.8256965619666137,0.8256965619666137,33,33,33,0,5,5
CCLE_EXPERIMENT_A_FIXED_SCORE_ORIGINAL5,CCLE-34-Paclitaxel-SKIN,FULL,EMAX|EMAX|TIED_GMM,1,1,1.0,0.7743634896225638,0.9548134605658386,0.9515453037841098,0.2550950363372044,0.0,0.5871634580619434,0.5871634580619434,33,33,33,0,55,55
CCLE_EXPERIMENT_A_FIXED_SCORE_ORIGINAL5,CCLE-34-Paclitaxel-SKIN,FULL,EMAX|AUC|TERTILES,1,1,1.0,0.8446096621535075,0.9660509061445849,0.9692232535417685,0.2550950363372044,1.0,0.806995771635413,0.806995771635413,33,33,33,0,10,10
CCLE_EXPERIMENT_A_FIXED_SCORE_ORIGINAL5,CCLE-34-Paclitaxel-SKIN,FULL,EMAX|AUC|JENKS,1,1,1.0,0.876997236648297,0.9976579262266827,1.0,0.2550950363372044,1.0,0.8259500398424369,0.8259500398424369,33,33,33,0,2,2
CCLE_EXPERIMENT_A_FIXED_SCORE_ORIGINAL5,CCLE-34-Paclitaxel-SKIN,FULL,EMAX|AUC|KMEANS,1,1,1.0,0.876997236648297,0.9976579262266827,1.0,0.2550950363372044,1.0,0.8259500398424369,0.8259500398424369,33,33,33,0,2,2
CCLE_EXPERIMENT_A_FIXED_SCORE_ORIGINAL5,CCLE-34-Paclitaxel-SKIN,FULL,EMAX|AUC|WARD,1,1,1.0,0.876997236648297,0.9976579262266827,1.0,0.2550950363372044,1.0,0.8259500398424369,0.8259500398424369,33,33,33,0,2,2
CCLE_EXPERIMENT_A_FIXED_SCORE_ORIGINAL5,CCLE-34-Paclitaxel-SKIN,FULL,EMAX|AUC|TIED_GMM,1,1,1.0,0.7613825832133501,0.9578570394599322,0.9701702234645133,0.2550950363372044,0.0,0.588900976495,0.588900976495,33,33,33,0,54,54
CCLE_EXPERIMENT_A_FIXED_SCORE_ORIGINAL5,CCLE-34-Paclitaxel-SKIN,FULL,HILL|IC50|TERTILES,1,0,0.0,,,,,,,0.0,33,0,0,0,,62
CCLE_EXPERIMENT_A_FIXED_SCORE_ORIGINAL5,CCLE-34-Paclitaxel-SKIN,FULL,HILL|IC50|JENKS,1,0,0.0,,,,,,,0.0,33,0,0,0,,62
CCLE_EXPERIMENT_A_FIXED_SCORE_ORIGINAL5,CCLE-34-Paclitaxel-SKIN,FULL,HILL|IC50|KMEANS,1,0,0.0,,,,,,,0.0,33,0,0,0,,62
CCLE_EXPERIMENT_A_FIXED_SCORE_ORIGINAL5,CCLE-34-Paclitaxel-SKIN,FULL,HILL|IC50|WARD,1,0,0.0,,,,,,,0.0,33,0,0,0,,62
CCLE_EXPERIMENT_A_FIXED_SCORE_ORIGINAL5,CCLE-34-Paclitaxel-SKIN,FULL,HILL|IC50|TIED_GMM,1,0,0.0,,,,,,,0.0,33,0,0,0,,62
CCLE_EXPERIMENT_A_FIXED_SCORE_ORIGINAL5,CCLE-34-Paclitaxel-SKIN,FULL,HILL|EC50|TERTILES,1,1,1.0,0.6891361373236916,0.9924274179396488,0.9692232535417685,0.078976896746331,1.0,0.745952741110288,0.745952741110288,33,33,33,0,51,51
CCLE_EXPERIMENT_A_FIXED_SCORE_ORIGINAL5,CCLE-34-Paclitaxel-SKIN,FULL,HILL|EC50|JENKS,1,1,1.0,0.8745032962621003,0.97170767857332,0.9669691039554054,0.078976896746331,1.0,0.7784313951074313,0.7784313951074313,33,33,33,0,36,36
CCLE_EXPERIMENT_A_FIXED_SCORE_ORIGINAL5,CCLE-34-Paclitaxel-SKIN,FULL,HILL|EC50|KMEANS,1,1,1.0,0.8745032962621003,0.97170767857332,0.9669691039554054,0.078976896746331,1.0,0.7784313951074313,0.7784313951074313,33,33,33,0,36,36
CCLE_EXPERIMENT_A_FIXED_SCORE_ORIGINAL5,CCLE-34-Paclitaxel-SKIN,FULL,HILL|EC50|WARD,1,1,1.0,0.86909920089476,0.9700371407723959,0.9813913373971261,0.078976896746331,1.0,0.7799009151621226,0.7799009151621226,33,33,33,0,29,29
CCLE_EXPERIMENT_A_FIXED_SCORE_ORIGINAL5,CCLE-34-Paclitaxel-SKIN,FULL,HILL|EC50|TIED_GMM,1,1,1.0,0.8605935879618943,0.9701063069690398,0.9415095201132369,0.078976896746331,1.0,0.7702372623581004,0.7702372623581004,33,33,33,0,44,44
CCLE_EXPERIMENT_A_FIXED_SCORE_ORIGINAL5,CCLE-34-Paclitaxel-SKIN,FULL,HILL|EMAX|TERTILES,1,1,1.0,0.8426444808261854,0.9661516859388586,0.9692232535417685,0.078976896746331,1.0,0.7713992634106287,0.7713992634106287,33,33,33,0,41,41
CCLE_EXPERIMENT_A_FIXED_SCORE_ORIGINAL5,CCLE-34-Paclitaxel-SKIN,FULL,HILL|EMAX|JENKS,1,1,1.0,0.8770807058713086,0.9991486495533859,1.0,0.078976896746331,1.0,0.791041250434205,0.791041250434205,33,33,33,0,15,15
CCLE_EXPERIMENT_A_FIXED_SCORE_ORIGINAL5,CCLE-34-Paclitaxel-SKIN,FULL,HILL|EMAX|KMEANS,1,1,1.0,0.8770807058713086,0.9991486495533859,1.0,0.078976896746331,1.0,0.791041250434205,0.791041250434205,33,33,33,0,15,15
CCLE_EXPERIMENT_A_FIXED_SCORE_ORIGINAL5,CCLE-34-Paclitaxel-SKIN,FULL,HILL|EMAX|WARD,1,1,1.0,0.8770807058713086,0.9991486495533859,1.0,0.078976896746331,1.0,0.791041250434205,0.791041250434205,33,33,33,0,15,15
CCLE_EXPERIMENT_A_FIXED_SCORE_ORIGINAL5,CCLE-34-Paclitaxel-SKIN,FULL,HILL|EMAX|TIED_GMM,1,1,1.0,0.7722832218512039,0.9583517465052962,0.9855907780979827,0.078976896746331,0.0,0.5590405286401627,0.5590405286401627,33,33,33,0,57,57
CCLE_EXPERIMENT_A_FIXED_SCORE_ORIGINAL5,CCLE-34-Paclitaxel-SKIN,FULL,HILL|AUC|TERTILES,1,1,1.0,0.8430594708937326,0.9663123189474114,0.9692232535417685,0.078976896746331,1.0,0.7715143880258487,0.7715143880258487,33,33,33,0,40,40
CCLE_EXPERIMENT_A_FIXED_SCORE_ORIGINAL5,CCLE-34-Paclitaxel-SKIN,FULL,HILL|AUC|JENKS,1,1,1.0,0.8764019436965409,0.9990047932706332,1.0,0.078976896746331,1.0,0.790876726742701,0.790876726742701,33,33,33,0,18,18
CCLE_EXPERIMENT_A_FIXED_SCORE_ORIGINAL5,CCLE-34-Paclitaxel-SKIN,FULL,HILL|AUC|KMEANS,1,1,1.0,0.8764019436965409,0.9990047932706332,1.0,0.078976896746331,1.0,0.790876726742701,0.790876726742701,33,33,33,0,18,18
CCLE_EXPERIMENT_A_FIXED_SCORE_ORIGINAL5,CCLE-34-Paclitaxel-SKIN,FULL,HILL|AUC|WARD,1,1,1.0,0.8764019436965409,0.9990047932706332,1.0,0.078976896746331,1.0,0.790876726742701,0.790876726742701,33,33,33,0,18,18
CCLE_EXPERIMENT_A_FIXED_SCORE_ORIGINAL5,CCLE-34-Paclitaxel-SKIN,FULL,HILL|AUC|TIED_GMM,1,1,1.0,0.7748752164108278,0.9580135360155153,0.9865642994241842,0.078976896746331,0.0,0.5596859897193717,0.5596859897193717,33,33,33,0,56,56
CCLE_EXPERIMENT_A_FIXED_SCORE_ORIGINAL5,CCLE-34-Paclitaxel-SKIN,FULL,LOGISTIC|IC50|TERTILES,1,0,0.0,,,,,,,0.0,33,0,0,0,,62
CCLE_EXPERIMENT_A_FIXED_SCORE_ORIGINAL5,CCLE-34-Paclitaxel-SKIN,FULL,LOGISTIC|IC50|JENKS,1,0,0.0,,,,,,,0.0,33,0,0,0,,62
CCLE_EXPERIMENT_A_FIXED_SCORE_ORIGINAL5,CCLE-34-Paclitaxel-SKIN,FULL,LOGISTIC|IC50|KMEANS,1,0,0.0,,,,,,,0.0,33,0,0,0,,62
CCLE_EXPERIMENT_A_FIXED_SCORE_ORIGINAL5,CCLE-34-Paclitaxel-SKIN,FULL,LOGISTIC|IC50|WARD,1,0,0.0,,,,,,,0.0,33,0,0,0,,62
CCLE_EXPERIMENT_A_FIXED_SCORE_ORIGINAL5,CCLE-34-Paclitaxel-SKIN,FULL,LOGISTIC|IC50|TIED_GMM,1,0,0.0,,,,,,,0.0,33,0,0,0,,62
CCLE_EXPERIMENT_A_FIXED_SCORE_ORIGINAL5,CCLE-34-Paclitaxel-SKIN,FULL,LOGISTIC|EC50|TERTILES,1,1,1.0,0.7359058496721224,0.9856932384375688,0.9538461538461539,0.02602458397654262,1.0,0.7402939651864775,0.7402939651864775,33,33,33,0,53,53
CCLE_EXPERIMENT_A_FIXED_SCORE_ORIGINAL5,CCLE-34-Paclitaxel-SKIN,FULL,LOGISTIC|EC50|JENKS,1,1,1.0,0.8715939728442325,0.9738583734465538,0.9818532480056106,0.02602458397654262,1.0,0.7706660356545879,0.7706660356545879,33,33,33,0,42,42
CCLE_EXPERIMENT_A_FIXED_SCORE_ORIGINAL5,CCLE-34-Paclitaxel-SKIN,FULL,LOGISTIC|EC50|KMEANS,1,1,1.0,0.8715939728442325,0.9738583734465538,0.9818532480056106,0.02602458397654262,1.0,0.7706660356545879,0.7706660356545879,33,33,33,0,42,42
CCLE_EXPERIMENT_A_FIXED_SCORE_ORIGINAL5,CCLE-34-Paclitaxel-SKIN,FULL,LOGISTIC|EC50|WARD,1,1,1.0,0.8486635397412309,0.9066683809579374,0.9567420868756841,0.02602458397654262,1.0,0.747619718310279,0.747619718310279,33,33,33,0,50,50
CCLE_EXPERIMENT_A_FIXED_SCORE_ORIGINAL5,CCLE-34-Paclitaxel-SKIN,FULL,LOGISTIC|EC50|TIED_GMM,1,1,1.0,0.8335953092105225,0.9665354694171842,0.9597752674675752,0.02602458397654262,1.0,0.7571861260143649,0.7571861260143649,33,33,33,0,49,49
CCLE_EXPERIMENT_A_FIXED_SCORE_ORIGINAL5,CCLE-34-Paclitaxel-SKIN,FULL,LOGISTIC|EMAX|TERTILES,1,1,1.0,0.8452818904119429,0.9641480516761878,0.9692232535417685,0.02602458397654262,1.0,0.7609355559212884,0.7609355559212884,33,33,33,0,48,48
CCLE_EXPERIMENT_A_FIXED_SCORE_ORIGINAL5,CCLE-34-Paclitaxel-SKIN,FULL,LOGISTIC|EMAX|JENKS,1,1,1.0,0.8738564627239703,0.9985730056505537,1.0,0.02602458397654262,1.0,0.7796908104702134,0.7796908104702134,33,33,33,0,33,33
CCLE_EXPERIMENT_A_FIXED_SCORE_ORIGINAL5,CCLE-34-Paclitaxel-SKIN,FULL,LOGISTIC|EMAX|KMEANS,1,1,1.0,0.8738564627239703,0.9985730056505537,1.0,0.02602458397654262,1.0,0.7796908104702134,0.7796908104702134,33,33,33,0,33,33
CCLE_EXPERIMENT_A_FIXED_SCORE_ORIGINAL5,CCLE-34-Paclitaxel-SKIN,FULL,LOGISTIC|EMAX|WARD,1,1,1.0,0.8738564627239703,0.9985730056505537,1.0,0.02602458397654262,1.0,0.7796908104702134,0.7796908104702134,33,33,33,0,33,33
CCLE_EXPERIMENT_A_FIXED_SCORE_ORIGINAL5,CCLE-34-Paclitaxel-SKIN,FULL,LOGISTIC|EMAX|TIED_GMM,1,1,1.0,0.775595414554863,0.9611399014247741,0.9933269780743564,0.02602458397654262,0.0,0.5512173756061072,0.5512173756061072,33,33,33,0,61,61
CCLE_EXPERIMENT_A_FIXED_SCORE_ORIGINAL5,CCLE-34-Paclitaxel-SKIN,FULL,LOGISTIC|AUC|TERTILES,1,1,1.0,0.8452274184623574,0.9649562623287509,0.9692232535417685,0.02602458397654262,1.0,0.7610863036618839,0.7610863036618839,33,33,33,0,47,47
CCLE_EXPERIMENT_A_FIXED_SCORE_ORIGINAL5,CCLE-34-Paclitaxel-SKIN,FULL,LOGISTIC|AUC|JENKS,1,1,1.0,0.8738029543545164,0.9987840144245318,1.0,0.02602458397654262,1.0,0.7797223105511182,0.7797223105511182,33,33,33,0,30,30
CCLE_EXPERIMENT_A_FIXED_SCORE_ORIGINAL5,CCLE-34-Paclitaxel-SKIN,FULL,LOGISTIC|AUC|KMEANS,1,1,1.0,0.8738029543545164,0.9987840144245318,1.0,0.02602458397654262,1.0,0.7797223105511182,0.7797223105511182,33,33,33,0,30,30
CCLE_EXPERIMENT_A_FIXED_SCORE_ORIGINAL5,CCLE-34-Paclitaxel-SKIN,FULL,LOGISTIC|AUC|WARD,1,1,1.0,0.8738029543545164,0.9987840144245318,1.0,0.02602458397654262,1.0,0.7797223105511182,0.7797223105511182,33,33,33,0,30,30
CCLE_EXPERIMENT_A_FIXED_SCORE_ORIGINAL5,CCLE-34-Paclitaxel-SKIN,FULL,LOGISTIC|AUC|TIED_GMM,1,1,1.0,0.7761532694469273,0.9611566713943862,0.9933269780743564,0.02602458397654262,0.0,0.5513323005784425,0.5513323005784425,33,33,33,0,60,60
CCLE_EXPERIMENT_A_FIXED_SCORE_ORIGINAL5,CCLE-34-Paclitaxel-SKIN,FULL,WEIBULL|IC50|TERTILES,1,0,0.0,,,,,,,0.0,33,0,0,0,,62
CCLE_EXPERIMENT_A_FIXED_SCORE_ORIGINAL5,CCLE-34-Paclitaxel-SKIN,FULL,WEIBULL|IC50|JENKS,1,0,0.0,,,,,,,0.0,33,0,0,0,,62
CCLE_EXPERIMENT_A_FIXED_SCORE_ORIGINAL5,CCLE-34-Paclitaxel-SKIN,FULL,WEIBULL|IC50|KMEANS,1,0,0.0,,,,,,,0.0,33,0,0,0,,62
CCLE_EXPERIMENT_A_FIXED_SCORE_ORIGINAL5,CCLE-34-Paclitaxel-SKIN,FULL,WEIBULL|IC50|WARD,1,0,0.0,,,,,,,0.0,33,0,0,0,,62
CCLE_EXPERIMENT_A_FIXED_SCORE_ORIGINAL5,CCLE-34-Paclitaxel-SKIN,FULL,WEIBULL|IC50|TIED_GMM,1,0,0.0,,,,,,,0.0,33,0,0,0,,62
CCLE_EXPERIMENT_A_FIXED_SCORE_ORIGINAL5,CCLE-34-Paclitaxel-SKIN,FULL,WEIBULL|EC50|TERTILES,1,1,1.0,0.7249828137397792,0.9941362150068809,0.9692232535417685,0.03906407730636652,1.0,0.745481271918959,0.745481271918959,33,33,33,0,52,52
CCLE_EXPERIMENT_A_FIXED_SCORE_ORIGINAL5,CCLE-34-Paclitaxel-SKIN,FULL,WEIBULL|EC50|JENKS,1,1,1.0,0.8975107301380023,0.9895369586439977,0.9841561356712871,0.03906407730636652,1.0,0.7820535803519307,0.7820535803519307,33,33,33,0,27,27
CCLE_EXPERIMENT_A_FIXED_SCORE_ORIGINAL5,CCLE-34-Paclitaxel-SKIN,FULL,WEIBULL|EC50|KMEANS,1,1,1.0,0.8975107301380023,0.9895369586439977,0.9841561356712871,0.03906407730636652,1.0,0.7820535803519307,0.7820535803519307,33,33,33,0,27,27
CCLE_EXPERIMENT_A_FIXED_SCORE_ORIGINAL5,CCLE-34-Paclitaxel-SKIN,FULL,WEIBULL|EC50|WARD,1,1,1.0,0.8798497019343994,0.9652275080831928,0.9818532480056106,0.03906407730636652,1.0,0.7731989070659139,0.7731989070659139,33,33,33,0,39,39
CCLE_EXPERIMENT_A_FIXED_SCORE_ORIGINAL5,CCLE-34-Paclitaxel-SKIN,FULL,WEIBULL|EC50|TIED_GMM,1,1,1.0,0.8975107301380023,0.9675923699675661,0.9795392299017238,0.03906407730636652,1.0,0.7767412814627318,0.7767412814627318,33,33,33,0,38,38
CCLE_EXPERIMENT_A_FIXED_SCORE_ORIGINAL5,CCLE-34-Paclitaxel-SKIN,FULL,WEIBULL|EMAX|TERTILES,1,1,1.0,0.8424718148656022,0.9678183548785003,0.9692232535417685,0.03906407730636652,1.0,0.7637155001184475,0.7637155001184475,33,33,33,0,46,46
CCLE_EXPERIMENT_A_FIXED_SCORE_ORIGINAL5,CCLE-34-Paclitaxel-SKIN,FULL,WEIBULL|EMAX|JENKS,1,1,1.0,0.8753447490779367,0.9988265914048523,1.0,0.03906407730636652,1.0,0.7826470835578311,0.7826470835578311,33,33,33,0,21,21
CCLE_EXPERIMENT_A_FIXED_SCORE_ORIGINAL5,CCLE-34-Paclitaxel-SKIN,FULL,WEIBULL|EMAX|KMEANS,1,1,1.0,0.8753447490779367,0.9988265914048523,1.0,0.03906407730636652,1.0,0.7826470835578311,0.7826470835578311,33,33,33,0,21,21
CCLE_EXPERIMENT_A_FIXED_SCORE_ORIGINAL5,CCLE-34-Paclitaxel-SKIN,FULL,WEIBULL|EMAX|WARD,1,1,1.0,0.8753447490779367,0.9988265914048523,1.0,0.03906407730636652,1.0,0.7826470835578311,0.7826470835578311,33,33,33,0,21,21
CCLE_EXPERIMENT_A_FIXED_SCORE_ORIGINAL5,CCLE-34-Paclitaxel-SKIN,FULL,WEIBULL|EMAX|TIED_GMM,1,1,1.0,0.7736704502802798,0.9587838713256936,0.9885057471264368,0.03906407730636652,0.0,0.5520048292077553,0.5520048292077553,33,33,33,0,59,59
CCLE_EXPERIMENT_A_FIXED_SCORE_ORIGINAL5,CCLE-34-Paclitaxel-SKIN,FULL,WEIBULL|AUC|TERTILES,1,1,1.0,0.8428564538549466,0.967450519859269,0.9692232535417685,0.03906407730636652,1.0,0.7637188609124701,0.7637188609124701,33,33,33,0,45,45
CCLE_EXPERIMENT_A_FIXED_SCORE_ORIGINAL5,CCLE-34-Paclitaxel-SKIN,FULL,WEIBULL|AUC|JENKS,1,1,1.0,0.8749646696803647,0.9987645076371514,1.0,0.03906407730636652,1.0,0.7825586509247765,0.7825586509247765,33,33,33,0,24,24
CCLE_EXPERIMENT_A_FIXED_SCORE_ORIGINAL5,CCLE-34-Paclitaxel-SKIN,FULL,WEIBULL|AUC|KMEANS,1,1,1.0,0.8749646696803647,0.9987645076371514,1.0,0.03906407730636652,1.0,0.7825586509247765,0.7825586509247765,33,33,33,0,24,24
CCLE_EXPERIMENT_A_FIXED_SCORE_ORIGINAL5,CCLE-34-Paclitaxel-SKIN,FULL,WEIBULL|AUC|WARD,1,1,1.0,0.8749646696803647,0.9987645076371514,1.0,0.03906407730636652,1.0,0.7825586509247765,0.7825586509247765,33,33,33,0,24,24
CCLE_EXPERIMENT_A_FIXED_SCORE_ORIGINAL5,CCLE-34-Paclitaxel-SKIN,FULL,WEIBULL|AUC|TIED_GMM,1,1,1.0,0.7747293930697742,0.9588867763858363,0.9885057471264368,0.03906407730636652,0.0,0.5522371987776827,0.5522371987776827,33,33,33,0,58,58
CCLE_EXPERIMENT_A_FIXED_SCORE_ORIGINAL5,CCLE-11-AZD6244-LUNG,FULL,TRIOS,1,1,1.0,0.8527029597833059,0.9946620808133225,0.9923234013631614,0.769298147659885,1.0,0.9217973179239349,0.9217973179239349,86,86,86,0,1,1
CCLE_EXPERIMENT_A_FIXED_SCORE_ORIGINAL5,CCLE-11-AZD6244-LUNG,FULL,EMAX|IC50|TERTILES,1,0,0.0,,,,,,,0.0,86,0,0,0,,62
CCLE_EXPERIMENT_A_FIXED_SCORE_ORIGINAL5,CCLE-11-AZD6244-LUNG,FULL,EMAX|IC50|JENKS,1,0,0.0,,,,,,,0.0,86,0,0,0,,62
CCLE_EXPERIMENT_A_FIXED_SCORE_ORIGINAL5,CCLE-11-AZD6244-LUNG,FULL,EMAX|IC50|KMEANS,1,0,0.0,,,,,,,0.0,86,0,0,0,,62
CCLE_EXPERIMENT_A_FIXED_SCORE_ORIGINAL5,CCLE-11-AZD6244-LUNG,FULL,EMAX|IC50|WARD,1,0,0.0,,,,,,,0.0,86,0,0,0,,62
CCLE_EXPERIMENT_A_FIXED_SCORE_ORIGINAL5,CCLE-11-AZD6244-LUNG,FULL,EMAX|IC50|TIED_GMM,1,0,0.0,,,,,,,0.0,86,0,0,0,,62
CCLE_EXPERIMENT_A_FIXED_SCORE_ORIGINAL5,CCLE-11-AZD6244-LUNG,FULL,EMAX|EC50|TERTILES,1,1,1.0,0.8146704340178716,0.97980409559589,0.9902835737944018,0.19164902865050976,1.0,0.7952814264117347,0.7952814264117347,86,86,86,0,15,15
CCLE_EXPERIMENT_A_FIXED_SCORE_ORIGINAL5,CCLE-11-AZD6244-LUNG,FULL,EMAX|EC50|JENKS,1,1,1.0,0.9403092909363467,0.9916997884188672,0.9990414897987128,0.19164902865050976,1.0,0.8245399195608872,0.8245399195608872,86,86,86,0,3,3
CCLE_EXPERIMENT_A_FIXED_SCORE_ORIGINAL5,CCLE-11-AZD6244-LUNG,FULL,EMAX|EC50|KMEANS,1,1,1.0,0.9403092909363467,0.9916997884188672,0.9990414897987128,0.19164902865050976,1.0,0.8245399195608872,0.8245399195608872,86,86,86,0,3,3
CCLE_EXPERIMENT_A_FIXED_SCORE_ORIGINAL5,CCLE-11-AZD6244-LUNG,FULL,EMAX|EC50|WARD,1,1,1.0,0.9356599181908549,0.9709265224547025,0.9788044370136759,0.19164902865050976,1.0,0.8154079812619486,0.8154079812619486,86,86,86,0,5,5
CCLE_EXPERIMENT_A_FIXED_SCORE_ORIGINAL5,CCLE-11-AZD6244-LUNG,FULL,EMAX|EC50|TIED_GMM,1,1,1.0,0.9403092909363467,0.9983397266617007,1.0,0.19164902865050976,1.0,0.8260596092497113,0.8260596092497113,86,86,86,0,2,2
CCLE_EXPERIMENT_A_FIXED_SCORE_ORIGINAL5,CCLE-11-AZD6244-LUNG,FULL,EMAX|EMAX|TERTILES,1,1,1.0,0.8225852709898138,0.9975613550235347,0.9844126424505453,0.19164902865050976,1.0,0.7992416594228807,0.7992416594228807,86,86,86,0,13,13
CCLE_EXPERIMENT_A_FIXED_SCORE_ORIGINAL5,CCLE-11-AZD6244-LUNG,FULL,EMAX|EMAX|JENKS,1,1,1.0,0.845642813003265,0.9802605764072343,0.9957411732380822,0.19164902865050976,1.0,0.8026587182598183,0.8026587182598183,86,86,86,0,10,10
CCLE_EXPERIMENT_A_FIXED_SCORE_ORIGINAL5,CCLE-11-AZD6244-LUNG,FULL,EMAX|EMAX|KMEANS,1,1,1.0,0.845642813003265,0.9802605764072343,0.9957411732380822,0.19164902865050976,1.0,0.8026587182598183,0.8026587182598183,86,86,86,0,10,10
CCLE_EXPERIMENT_A_FIXED_SCORE_ORIGINAL5,CCLE-11-AZD6244-LUNG,FULL,EMAX|EMAX|WARD,1,1,1.0,0.8317634665459737,0.9365957909513308,0.9405143607018682,0.19164902865050976,1.0,0.7801045293699365,0.7801045293699365,86,86,86,0,22,22
CCLE_EXPERIMENT_A_FIXED_SCORE_ORIGINAL5,CCLE-11-AZD6244-LUNG,FULL,EMAX|EMAX|TIED_GMM,1,1,1.0,0.8358762493368243,0.9901994921304791,0.999247039496201,0.19164902865050976,1.0,0.803394361922803,0.803394361922803,86,86,86,0,9,9
CCLE_EXPERIMENT_A_FIXED_SCORE_ORIGINAL5,CCLE-11-AZD6244-LUNG,FULL,EMAX|AUC|TERTILES,1,1,1.0,0.8138038495250897,0.9960793579531249,0.9902835737944018,0.19164902865050976,1.0,0.7983631619846252,0.7983631619846252,86,86,86,0,14,14
CCLE_EXPERIMENT_A_FIXED_SCORE_ORIGINAL5,CCLE-11-AZD6244-LUNG,FULL,EMAX|AUC|JENKS,1,1,1.0,0.8565104996400432,0.9993867308261447,1.0,0.19164902865050976,1.0,0.8095092518233397,0.8095092518233397,86,86,86,0,6,6
CCLE_EXPERIMENT_A_FIXED_SCORE_ORIGINAL5,CCLE-11-AZD6244-LUNG,FULL,EMAX|AUC|KMEANS,1,1,1.0,0.8565104996400432,0.9993867308261447,1.0,0.19164902865050976,1.0,0.8095092518233397,0.8095092518233397,86,86,86,0,6,6
CCLE_EXPERIMENT_A_FIXED_SCORE_ORIGINAL5,CCLE-11-AZD6244-LUNG,FULL,EMAX|AUC|WARD,1,1,1.0,0.853018397394234,0.9881769456645804,0.9855558962606717,0.19164902865050976,1.0,0.8036800535939992,0.8036800535939992,86,86,86,0,8,8
CCLE_EXPERIMENT_A_FIXED_SCORE_ORIGINAL5,CCLE-11-AZD6244-LUNG,FULL,EMAX|AUC|TIED_GMM,1,1,1.0,0.8346134027230331,0.9872967324321469,0.9855597357594656,0.19164902865050976,1.0,0.7998237799130311,0.7998237799130311,86,86,86,0,12,12
CCLE_EXPERIMENT_A_FIXED_SCORE_ORIGINAL5,CCLE-11-AZD6244-LUNG,FULL,HILL|IC50|TERTILES,1,0,0.0,,,,,,,0.0,86,0,0,0,,62
CCLE_EXPERIMENT_A_FIXED_SCORE_ORIGINAL5,CCLE-11-AZD6244-LUNG,FULL,HILL|IC50|JENKS,1,0,0.0,,,,,,,0.0,86,0,0,0,,62
CCLE_EXPERIMENT_A_FIXED_SCORE_ORIGINAL5,CCLE-11-AZD6244-LUNG,FULL,HILL|IC50|KMEANS,1,0,0.0,,,,,,,0.0,86,0,0,0,,62
CCLE_EXPERIMENT_A_FIXED_SCORE_ORIGINAL5,CCLE-11-AZD6244-LUNG,FULL,HILL|IC50|WARD,1,0,0.0,,,,,,,0.0,86,0,0,0,,62
CCLE_EXPERIMENT_A_FIXED_SCORE_ORIGINAL5,CCLE-11-AZD6244-LUNG,FULL,HILL|IC50|TIED_GMM,1,0,0.0,,,,,,,0.0,86,0,0,0,,62
CCLE_EXPERIMENT_A_FIXED_SCORE_ORIGINAL5,CCLE-11-AZD6244-LUNG,FULL,HILL|EC50|TERTILES,1,1,1.0,0.5869063744998265,0.9974998156152682,0.9960859712971228,0.016714760051273526,1.0,0.7194413842926982,0.7194413842926982,86,86,86,0,61,61
CCLE_EXPERIMENT_A_FIXED_SCORE_ORIGINAL5,CCLE-11-AZD6244-LUNG,FULL,HILL|EC50|JENKS,1,1,1.0,0.9092416359376014,0.9947310453377884,0.9940168245804656,0.016714760051273526,1.0,0.7829408531814258,0.7829408531814258,86,86,86,0,18,18
CCLE_EXPERIMENT_A_FIXED_SCORE_ORIGINAL5,CCLE-11-AZD6244-LUNG,FULL,HILL|EC50|KMEANS,1,1,1.0,0.9092416359376014,0.9947310453377884,0.9940168245804656,0.016714760051273526,1.0,0.7829408531814258,0.7829408531814258,86,86,86,0,18,18
CCLE_EXPERIMENT_A_FIXED_SCORE_ORIGINAL5,CCLE-11-AZD6244-LUNG,FULL,HILL|EC50|WARD,1,1,1.0,0.9088706011797298,0.9804659123062471,0.993949199521185,0.016714760051273526,1.0,0.7800000946116871,0.7800000946116871,86,86,86,0,23,23
CCLE_EXPERIMENT_A_FIXED_SCORE_ORIGINAL5,CCLE-11-AZD6244-LUNG,FULL,HILL|EC50|TIED_GMM,1,1,1.0,0.9011330154095909,0.9761392889685395,0.9929337056314089,0.016714760051273526,1.0,0.7773841540121625,0.7773841540121625,86,86,86,0,26,26
CCLE_EXPERIMENT_A_FIXED_SCORE_ORIGINAL5,CCLE-11-AZD6244-LUNG,FULL,HILL|EMAX|TERTILES,1,1,1.0,0.8029569778259364,0.9978417481179047,0.9844126424505453,0.016714760051273526,1.0,0.7603852256891319,0.7603852256891319,86,86,86,0,51,51
CCLE_EXPERIMENT_A_FIXED_SCORE_ORIGINAL5,CCLE-11-AZD6244-LUNG,FULL,HILL|EMAX|JENKS,1,1,1.0,0.8490970288144026,0.9951185417040616,0.9997263273125342,0.016714760051273526,1.0,0.7721313315764544,0.7721313315764544,86,86,86,0,36,36
CCLE_EXPERIMENT_A_FIXED_SCORE_ORIGINAL5,CCLE-11-AZD6244-LUNG,FULL,HILL|EMAX|KMEANS,1,1,1.0,0.8490970288144026,0.9951185417040616,0.9997263273125342,0.016714760051273526,1.0,0.7721313315764544,0.7721313315764544,86,86,86,0,36,36
CCLE_EXPERIMENT_A_FIXED_SCORE_ORIGINAL5,CCLE-11-AZD6244-LUNG,FULL,HILL|EMAX|WARD,1,1,1.0,0.8490970288144026,0.9541715982329401,0.9608567966308206,0.016714760051273526,1.0,0.7561680367458874,0.7561680367458874,86,86,86,0,55,55
CCLE_EXPERIMENT_A_FIXED_SCORE_ORIGINAL5,CCLE-11-AZD6244-LUNG,FULL,HILL|EMAX|TIED_GMM,1,1,1.0,0.8327342386046682,0.9870906348041522,0.9858245052452235,0.016714760051273526,1.0,0.7644728277410635,0.7644728277410635,86,86,86,0,44,44
CCLE_EXPERIMENT_A_FIXED_SCORE_ORIGINAL5,CCLE-11-AZD6244-LUNG,FULL,HILL|AUC|TERTILES,1,1,1.0,0.8073050472674782,0.9978716893163991,0.9960859712971228,0.016714760051273526,1.0,0.7635954935864547,0.7635954935864547,86,86,86,0,47,47
CCLE_EXPERIMENT_A_FIXED_SCORE_ORIGINAL5,CCLE-11-AZD6244-LUNG,FULL,HILL|AUC|JENKS,1,1,1.0,0.8563283038119616,0.9988058398138062,1.0,0.016714760051273526,1.0,0.7743697807354082,0.7743697807354082,86,86,86,0,29,29
CCLE_EXPERIMENT_A_FIXED_SCORE_ORIGINAL5,CCLE-11-AZD6244-LUNG,FULL,HILL|AUC|KMEANS,1,1,1.0,0.8563283038119616,0.9988058398138062,1.0,0.016714760051273526,1.0,0.7743697807354082,0.7743697807354082,86,86,86,0,29,29
CCLE_EXPERIMENT_A_FIXED_SCORE_ORIGINAL5,CCLE-11-AZD6244-LUNG,FULL,HILL|AUC|WARD,1,1,1.0,0.8563283038119616,0.991190409474331,0.9932724366878801,0.016714760051273526,1.0,0.7715011820050892,0.7715011820050892,86,86,86,0,40,40
CCLE_EXPERIMENT_A_FIXED_SCORE_ORIGINAL5,CCLE-11-AZD6244-LUNG,FULL,HILL|AUC|TIED_GMM,1,1,1.0,0.8323349868075579,0.989079428760653,0.9811375813629253,0.016714760051273526,1.0,0.763853351396482,0.763853351396482,86,86,86,0,46,46
CCLE_EXPERIMENT_A_FIXED_SCORE_ORIGINAL5,CCLE-11-AZD6244-LUNG,FULL,LOGISTIC|IC50|TERTILES,1,0,0.0,,,,,,,0.0,86,0,0,0,,62
CCLE_EXPERIMENT_A_FIXED_SCORE_ORIGINAL5,CCLE-11-AZD6244-LUNG,FULL,LOGISTIC|IC50|JENKS,1,0,0.0,,,,,,,0.0,86,0,0,0,,62
CCLE_EXPERIMENT_A_FIXED_SCORE_ORIGINAL5,CCLE-11-AZD6244-LUNG,FULL,LOGISTIC|IC50|KMEANS,1,0,0.0,,,,,,,0.0,86,0,0,0,,62
CCLE_EXPERIMENT_A_FIXED_SCORE_ORIGINAL5,CCLE-11-AZD6244-LUNG,FULL,LOGISTIC|IC50|WARD,1,0,0.0,,,,,,,0.0,86,0,0,0,,62
CCLE_EXPERIMENT_A_FIXED_SCORE_ORIGINAL5,CCLE-11-AZD6244-LUNG,FULL,LOGISTIC|IC50|TIED_GMM,1,0,0.0,,,,,,,0.0,86,0,0,0,,62
CCLE_EXPERIMENT_A_FIXED_SCORE_ORIGINAL5,CCLE-11-AZD6244-LUNG,FULL,LOGISTIC|EC50|TERTILES,1,1,1.0,0.6156527134403423,0.9988515523498922,0.9960859712971228,0.005583475194500641,1.0,0.7232347424563715,0.7232347424563715,86,86,86,0,58,58
CCLE_EXPERIMENT_A_FIXED_SCORE_ORIGINAL5,CCLE-11-AZD6244-LUNG,FULL,LOGISTIC|EC50|JENKS,1,1,1.0,0.9137483060461087,0.9982799301998174,1.0,0.005583475194500641,1.0,0.7835223422880853,0.7835223422880853,86,86,86,0,16,16
CCLE_EXPERIMENT_A_FIXED_SCORE_ORIGINAL5,CCLE-11-AZD6244-LUNG,FULL,LOGISTIC|EC50|KMEANS,1,1,1.0,0.9137483060461087,0.9982799301998174,1.0,0.005583475194500641,1.0,0.7835223422880853,0.7835223422880853,86,86,86,0,16,16
CCLE_EXPERIMENT_A_FIXED_SCORE_ORIGINAL5,CCLE-11-AZD6244-LUNG,FULL,LOGISTIC|EC50|WARD,1,1,1.0,0.9137483060461087,0.9918429459034097,0.9874330336289572,0.005583475194500641,1.0,0.7797215521545953,0.7797215521545953,86,86,86,0,24,24
CCLE_EXPERIMENT_A_FIXED_SCORE_ORIGINAL5,CCLE-11-AZD6244-LUNG,FULL,LOGISTIC|EC50|TIED_GMM,1,1,1.0,0.9064236237765798,0.9972136081896646,0.9991100157458752,0.005583475194500641,1.0,0.781666144581324,0.781666144581324,86,86,86,0,21,21
CCLE_EXPERIMENT_A_FIXED_SCORE_ORIGINAL5,CCLE-11-AZD6244-LUNG,FULL,LOGISTIC|EMAX|TERTILES,1,1,1.0,0.8204088657234303,0.9953577859696195,0.9960859712971228,0.005583475194500641,1.0,0.7634872196369347,0.7634872196369347,86,86,86,0,48,48
CCLE_EXPERIMENT_A_FIXED_SCORE_ORIGINAL5,CCLE-11-AZD6244-LUNG,FULL,LOGISTIC|EMAX|JENKS,1,1,1.0,0.839982644643062,0.9655262148910089,0.9896337249481686,0.005583475194500641,1.0,0.760145211935348,0.760145211935348,86,86,86,0,52,52
CCLE_EXPERIMENT_A_FIXED_SCORE_ORIGINAL5,CCLE-11-AZD6244-LUNG,FULL,LOGISTIC|EMAX|KMEANS,1,1,1.0,0.839982644643062,0.9643738919540076,0.9888650667404385,0.005583475194500641,1.0,0.7597610157064018,0.7597610157064018,86,86,86,0,54,54
CCLE_EXPERIMENT_A_FIXED_SCORE_ORIGINAL5,CCLE-11-AZD6244-LUNG,FULL,LOGISTIC|EMAX|WARD,1,1,1.0,0.8137680089286328,0.8992058830679995,0.8927346735190117,0.005583475194500641,1.0,0.7222584081420289,0.7222584081420289,86,86,86,0,59,59
CCLE_EXPERIMENT_A_FIXED_SCORE_ORIGINAL5,CCLE-11-AZD6244-LUNG,FULL,LOGISTIC|EMAX|TIED_GMM,1,1,1.0,0.8398756681412543,0.996523524376052,0.9909644549458735,0.005583475194500641,1.0,0.7665894245315361,0.7665894245315361,86,86,86,0,42,42
CCLE_EXPERIMENT_A_FIXED_SCORE_ORIGINAL5,CCLE-11-AZD6244-LUNG,FULL,LOGISTIC|AUC|TERTILES,1,1,1.0,0.8133019665133528,0.9967936453550853,0.9844126424505453,0.005583475194500641,1.0,0.7600183459026968,0.7600183459026968,86,86,86,0,53,53
CCLE_EXPERIMENT_A_FIXED_SCORE_ORIGINAL5,CCLE-11-AZD6244-LUNG,FULL,LOGISTIC|AUC|JENKS,1,1,1.0,0.8596784794839559,0.9987941115967965,1.0,0.005583475194500641,1.0,0.7728112132550506,0.7728112132550506,86,86,86,0,33,33
CCLE_EXPERIMENT_A_FIXED_SCORE_ORIGINAL5,CCLE-11-AZD6244-LUNG,FULL,LOGISTIC|AUC|KMEANS,1,1,1.0,0.8596784794839559,0.9987941115967965,1.0,0.005583475194500641,1.0,0.7728112132550506,0.7728112132550506,86,86,86,0,33,33
CCLE_EXPERIMENT_A_FIXED_SCORE_ORIGINAL5,CCLE-11-AZD6244-LUNG,FULL,LOGISTIC|AUC|WARD,1,1,1.0,0.8596784794839559,0.9987941115967965,1.0,0.005583475194500641,1.0,0.7728112132550506,0.7728112132550506,86,86,86,0,33,33
CCLE_EXPERIMENT_A_FIXED_SCORE_ORIGINAL5,CCLE-11-AZD6244-LUNG,FULL,LOGISTIC|AUC|TIED_GMM,1,1,1.0,0.8263609341772292,0.9831018888817838,0.9610207334411357,0.005583475194500641,1.0,0.7552134063389299,0.7552134063389299,86,86,86,0,56,56
CCLE_EXPERIMENT_A_FIXED_SCORE_ORIGINAL5,CCLE-11-AZD6244-LUNG,FULL,WEIBULL|IC50|TERTILES,1,0,0.0,,,,,,,0.0,86,0,0,0,,62
CCLE_EXPERIMENT_A_FIXED_SCORE_ORIGINAL5,CCLE-11-AZD6244-LUNG,FULL,WEIBULL|IC50|JENKS,1,0,0.0,,,,,,,0.0,86,0,0,0,,62
CCLE_EXPERIMENT_A_FIXED_SCORE_ORIGINAL5,CCLE-11-AZD6244-LUNG,FULL,WEIBULL|IC50|KMEANS,1,0,0.0,,,,,,,0.0,86,0,0,0,,62
CCLE_EXPERIMENT_A_FIXED_SCORE_ORIGINAL5,CCLE-11-AZD6244-LUNG,FULL,WEIBULL|IC50|WARD,1,0,0.0,,,,,,,0.0,86,0,0,0,,62
CCLE_EXPERIMENT_A_FIXED_SCORE_ORIGINAL5,CCLE-11-AZD6244-LUNG,FULL,WEIBULL|IC50|TIED_GMM,1,0,0.0,,,,,,,0.0,86,0,0,0,,62
CCLE_EXPERIMENT_A_FIXED_SCORE_ORIGINAL5,CCLE-11-AZD6244-LUNG,FULL,WEIBULL|EC50|TERTILES,1,1,1.0,0.6047176625383454,0.9942953141137261,0.9902835737944018,0.016754588443830803,1.0,0.7212102277780608,0.7212102277780608,86,86,86,0,60,60
CCLE_EXPERIMENT_A_FIXED_SCORE_ORIGINAL5,CCLE-11-AZD6244-LUNG,FULL,WEIBULL|EC50|JENKS,1,1,1.0,0.8970558435057805,0.990758176887448,0.9777396786771009,0.016754588443830803,1.0,0.776461657502832,0.776461657502832,86,86,86,0,28,28
CCLE_EXPERIMENT_A_FIXED_SCORE_ORIGINAL5,CCLE-11-AZD6244-LUNG,FULL,WEIBULL|EC50|KMEANS,1,1,1.0,0.8970558435057805,0.9914384687765448,0.978671472424042,0.016754588443830803,1.0,0.7767840746300396,0.7767840746300396,86,86,86,0,27,27
CCLE_EXPERIMENT_A_FIXED_SCORE_ORIGINAL5,CCLE-11-AZD6244-LUNG,FULL,WEIBULL|EC50|WARD,1,1,1.0,0.8946209943380108,0.9898796193288282,0.9923234013631614,0.016754588443830803,1.0,0.7787157206947662,0.7787157206947662,86,86,86,0,25,25
CCLE_EXPERIMENT_A_FIXED_SCORE_ORIGINAL5,CCLE-11-AZD6244-LUNG,FULL,WEIBULL|EC50|TIED_GMM,1,1,1.0,0.8946209943380108,0.9972600560890545,0.9998631823778902,0.016754588443830803,1.0,0.7816997642497572,0.7816997642497572,86,86,86,0,20,20
CCLE_EXPERIMENT_A_FIXED_SCORE_ORIGINAL5,CCLE-11-AZD6244-LUNG,FULL,WEIBULL|EMAX|TERTILES,1,1,1.0,0.8072451081102768,0.9976553769683679,0.9844126424505453,0.016754588443830803,1.0,0.7612135431946042,0.7612135431946042,86,86,86,0,50,50
CCLE_EXPERIMENT_A_FIXED_SCORE_ORIGINAL5,CCLE-11-AZD6244-LUNG,FULL,WEIBULL|EMAX|JENKS,1,1,1.0,0.8472909164728906,0.996145227870253,0.9997263273125342,0.016754588443830803,1.0,0.7719834120199016,0.7719834120199016,86,86,86,0,38,38
CCLE_EXPERIMENT_A_FIXED_SCORE_ORIGINAL5,CCLE-11-AZD6244-LUNG,FULL,WEIBULL|EMAX|KMEANS,1,1,1.0,0.8472909164728906,0.996145227870253,0.9997263273125342,0.016754588443830803,1.0,0.7719834120199016,0.7719834120199016,86,86,86,0,38,38
CCLE_EXPERIMENT_A_FIXED_SCORE_ORIGINAL5,CCLE-11-AZD6244-LUNG,FULL,WEIBULL|EMAX|WARD,1,1,1.0,0.8418005102761785,0.9536637667060647,0.9208102114509793,0.016754588443830803,1.0,0.7466058153754107,0.7466058153754107,86,86,86,0,57,57
CCLE_EXPERIMENT_A_FIXED_SCORE_ORIGINAL5,CCLE-11-AZD6244-LUNG,FULL,WEIBULL|EMAX|TIED_GMM,1,1,1.0,0.8334947230614983,0.9886317136938205,0.9819150245906418,0.016754588443830803,1.0,0.7641592099579583,0.7641592099579583,86,86,86,0,45,45
CCLE_EXPERIMENT_A_FIXED_SCORE_ORIGINAL5,CCLE-11-AZD6244-LUNG,FULL,WEIBULL|AUC|TERTILES,1,1,1.0,0.8070586025651547,0.9976714292187299,0.9902835737944018,0.016754588443830803,1.0,0.7623536388044234,0.7623536388044234,86,86,86,0,49,49
CCLE_EXPERIMENT_A_FIXED_SCORE_ORIGINAL5,CCLE-11-AZD6244-LUNG,FULL,WEIBULL|AUC|JENKS,1,1,1.0,0.8551906148123342,0.9971589875129364,0.9996578857338352,0.016754588443830803,1.0,0.7737524153005874,0.7737524153005874,86,86,86,0,31,31
CCLE_EXPERIMENT_A_FIXED_SCORE_ORIGINAL5,CCLE-11-AZD6244-LUNG,FULL,WEIBULL|AUC|KMEANS,1,1,1.0,0.8551906148123342,0.9971589875129364,0.9996578857338352,0.016754588443830803,1.0,0.7737524153005874,0.7737524153005874,86,86,86,0,31,31
CCLE_EXPERIMENT_A_FIXED_SCORE_ORIGINAL5,CCLE-11-AZD6244-LUNG,FULL,WEIBULL|AUC|WARD,1,1,1.0,0.8524369383645987,0.9944251988171512,0.9937462684894847,0.016754588443830803,1.0,0.771472598823013,0.771472598823013,86,86,86,0,41,41
CCLE_EXPERIMENT_A_FIXED_SCORE_ORIGINAL5,CCLE-11-AZD6244-LUNG,FULL,WEIBULL|AUC|TIED_GMM,1,1,1.0,0.835139683531599,0.9874576341786359,0.9863845199910338,0.016754588443830803,1.0,0.7651472852290199,0.7651472852290199,86,86,86,0,43,43
CCLE_EXPERIMENT_A_FIXED_SCORE_ORIGINAL5,CCLE-38-PD-0325901-HEM,FULL,TRIOS,1,1,1.0,0.8771567169921355,0.9891247152910662,0.9823257752005278,0.6110428951925704,1.0,0.8919300205352598,0.8919300205352598,62,62,62,0,1,1
CCLE_EXPERIMENT_A_FIXED_SCORE_ORIGINAL5,CCLE-38-PD-0325901-HEM,FULL,EMAX|IC50|TERTILES,1,0,0.0,,,,,,,0.0,62,0,0,0,,62
CCLE_EXPERIMENT_A_FIXED_SCORE_ORIGINAL5,CCLE-38-PD-0325901-HEM,FULL,EMAX|IC50|JENKS,1,0,0.0,,,,,,,0.0,62,0,0,0,,62
CCLE_EXPERIMENT_A_FIXED_SCORE_ORIGINAL5,CCLE-38-PD-0325901-HEM,FULL,EMAX|IC50|KMEANS,1,0,0.0,,,,,,,0.0,62,0,0,0,,62
CCLE_EXPERIMENT_A_FIXED_SCORE_ORIGINAL5,CCLE-38-PD-0325901-HEM,FULL,EMAX|IC50|WARD,1,0,0.0,,,,,,,0.0,62,0,0,0,,62
CCLE_EXPERIMENT_A_FIXED_SCORE_ORIGINAL5,CCLE-38-PD-0325901-HEM,FULL,EMAX|IC50|TIED_GMM,1,0,0.0,,,,,,,0.0,62,0,0,0,,62
CCLE_EXPERIMENT_A_FIXED_SCORE_ORIGINAL5,CCLE-38-PD-0325901-HEM,FULL,EMAX|EC50|TERTILES,1,1,1.0,0.3191970027821329,0.9984353696571645,0.9865079845410294,0.3231540040774835,1.0,0.725458872211562,0.725458872211562,62,62,62,0,58,58
CCLE_EXPERIMENT_A_FIXED_SCORE_ORIGINAL5,CCLE-38-PD-0325901-HEM,FULL,EMAX|EC50|JENKS,1,1,1.0,0.978313200216884,0.9904625312253782,0.991869918699187,0.3231540040774835,1.0,0.8567599308437865,0.8567599308437865,62,62,62,0,3,3
CCLE_EXPERIMENT_A_FIXED_SCORE_ORIGINAL5,CCLE-38-PD-0325901-HEM,FULL,EMAX|EC50|KMEANS,1,1,1.0,0.978313200216884,0.9904625312253782,0.991869918699187,0.3231540040774835,1.0,0.8567599308437865,0.8567599308437865,62,62,62,0,3,3
CCLE_EXPERIMENT_A_FIXED_SCORE_ORIGINAL5,CCLE-38-PD-0325901-HEM,FULL,EMAX|EC50|WARD,1,1,1.0,0.9754535730582171,0.9858242514882886,0.9998677773370356,0.3231540040774835,1.0,0.8568599211922049,0.8568599211922049,62,62,62,0,2,2
CCLE_EXPERIMENT_A_FIXED_SCORE_ORIGINAL5,CCLE-38-PD-0325901-HEM,FULL,EMAX|EC50|TIED_GMM,1,1,1.0,0.978313200216884,0.9813491624478776,0.9916097208544237,0.3231540040774835,1.0,0.8548852175193338,0.8548852175193338,62,62,62,0,5,5
CCLE_EXPERIMENT_A_FIXED_SCORE_ORIGINAL5,CCLE-38-PD-0325901-HEM,FULL,EMAX|EMAX|TERTILES,1,1,1.0,0.8891244689198884,0.982742202900973,0.9783333551263779,0.3231540040774835,1.0,0.8346708062049444,0.8346708062049444,62,62,62,0,12,12
CCLE_EXPERIMENT_A_FIXED_SCORE_ORIGINAL5,CCLE-38-PD-0325901-HEM,FULL,EMAX|EMAX|JENKS,1,1,1.0,0.8944404207244685,0.9953005293837279,0.9994708994708995,0.3231540040774835,1.0,0.8424731707313159,0.8424731707313159,62,62,62,0,9,9
CCLE_EXPERIMENT_A_FIXED_SCORE_ORIGINAL5,CCLE-38-PD-0325901-HEM,FULL,EMAX|EMAX|KMEANS,1,1,1.0,0.8944404207244685,0.9953005293837279,0.9994708994708995,0.3231540040774835,1.0,0.8424731707313159,0.8424731707313159,62,62,62,0,9,9
CCLE_EXPERIMENT_A_FIXED_SCORE_ORIGINAL5,CCLE-38-PD-0325901-HEM,FULL,EMAX|EMAX|WARD,1,1,1.0,0.8866034478815944,0.9992177161024105,1.0,0.3231540040774835,1.0,0.8417950336122978,0.8417950336122978,62,62,62,0,11,11
CCLE_EXPERIMENT_A_FIXED_SCORE_ORIGINAL5,CCLE-38-PD-0325901-HEM,FULL,EMAX|EMAX|TIED_GMM,1,1,1.0,0.8878188540935017,0.9836637924566515,0.9754796742280841,0.3231540040774835,1.0,0.8340232649711442,0.8340232649711442,62,62,62,0,13,13
CCLE_EXPERIMENT_A_FIXED_SCORE_ORIGINAL5,CCLE-38-PD-0325901-HEM,FULL,EMAX|AUC|TERTILES,1,1,1.0,0.8778996066884095,0.9811714844365298,0.9865079845410294,0.3231540040774835,1.0,0.8337466159486905,0.8337466159486905,62,62,62,0,14,14
CCLE_EXPERIMENT_A_FIXED_SCORE_ORIGINAL5,CCLE-38-PD-0325901-HEM,FULL,EMAX|AUC|JENKS,1,1,1.0,0.9040225574801263,0.9989055510276649,1.0,0.3231540040774835,1.0,0.8452164225170549,0.8452164225170549,62,62,62,0,6,6
CCLE_EXPERIMENT_A_FIXED_SCORE_ORIGINAL5,CCLE-38-PD-0325901-HEM,FULL,EMAX|AUC|KMEANS,1,1,1.0,0.9040225574801263,0.9989055510276649,1.0,0.3231540040774835,1.0,0.8452164225170549,0.8452164225170549,62,62,62,0,6,6
CCLE_EXPERIMENT_A_FIXED_SCORE_ORIGINAL5,CCLE-38-PD-0325901-HEM,FULL,EMAX|AUC|WARD,1,1,1.0,0.8817199483592908,0.9749944470676939,0.9794958861172783,0.3231540040774835,1.0,0.8318728571243493,0.8318728571243493,62,62,62,0,15,15
CCLE_EXPERIMENT_A_FIXED_SCORE_ORIGINAL5,CCLE-38-PD-0325901-HEM,FULL,EMAX|AUC|TIED_GMM,1,1,1.0,0.9040225574801263,0.9989055510276649,1.0,0.3231540040774835,1.0,0.8452164225170549,0.8452164225170549,62,62,62,0,6,6
CCLE_EXPERIMENT_A_FIXED_SCORE_ORIGINAL5,CCLE-38-PD-0325901-HEM,FULL,HILL|IC50|TERTILES,1,0,0.0,,,,,,,0.0,62,0,0,0,,62
CCLE_EXPERIMENT_A_FIXED_SCORE_ORIGINAL5,CCLE-38-PD-0325901-HEM,FULL,HILL|IC50|JENKS,1,0,0.0,,,,,,,0.0,62,0,0,0,,62
CCLE_EXPERIMENT_A_FIXED_SCORE_ORIGINAL5,CCLE-38-PD-0325901-HEM,FULL,HILL|IC50|KMEANS,1,0,0.0,,,,,,,0.0,62,0,0,0,,62
CCLE_EXPERIMENT_A_FIXED_SCORE_ORIGINAL5,CCLE-38-PD-0325901-HEM,FULL,HILL|IC50|WARD,1,0,0.0,,,,,,,0.0,62,0,0,0,,62
CCLE_EXPERIMENT_A_FIXED_SCORE_ORIGINAL5,CCLE-38-PD-0325901-HEM,FULL,HILL|IC50|TIED_GMM,1,0,0.0,,,,,,,0.0,62,0,0,0,,62
CCLE_EXPERIMENT_A_FIXED_SCORE_ORIGINAL5,CCLE-38-PD-0325901-HEM,FULL,HILL|EC50|TERTILES,1,1,1.0,0.18235615207122183,0.9998140225719687,0.9865079845410294,0.03294419809308996,1.0,0.640324471455462,0.640324471455462,62,62,62,0,61,61
CCLE_EXPERIMENT_A_FIXED_SCORE_ORIGINAL5,CCLE-38-PD-0325901-HEM,FULL,HILL|EC50|JENKS,1,1,1.0,0.983376721367012,0.991530070242071,0.9917398371187038,0.03294419809308996,1.0,0.7999181653641754,0.7999181653641754,62,62,62,0,21,21
CCLE_EXPERIMENT_A_FIXED_SCORE_ORIGINAL5,CCLE-38-PD-0325901-HEM,FULL,HILL|EC50|KMEANS,1,1,1.0,0.983376721367012,0.9935575535775395,0.991869918699187,0.03294419809308996,1.0,0.8003496783473658,0.8003496783473658,62,62,62,0,20,20
CCLE_EXPERIMENT_A_FIXED_SCORE_ORIGINAL5,CCLE-38-PD-0325901-HEM,FULL,HILL|EC50|WARD,1,1,1.0,0.9783401759117846,0.9876162203776503,0.9832226842837877,0.03294419809308996,1.0,0.7964246557332625,0.7964246557332625,62,62,62,0,22,22
CCLE_EXPERIMENT_A_FIXED_SCORE_ORIGINAL5,CCLE-38-PD-0325901-HEM,FULL,HILL|EC50|TIED_GMM,1,1,1.0,0.9826362738859908,0.9923817839266026,0.9998677773370356,0.03294419809308996,1.0,0.8015660066485438,0.8015660066485438,62,62,62,0,19,19
CCLE_EXPERIMENT_A_FIXED_SCORE_ORIGINAL5,CCLE-38-PD-0325901-HEM,FULL,HILL|EMAX|TERTILES,1,1,1.0,0.8856452501846085,0.9814278187644974,0.994550046523993,0.03294419809308996,1.0,0.7789134627132378,0.7789134627132378,62,62,62,0,46,46
CCLE_EXPERIMENT_A_FIXED_SCORE_ORIGINAL5,CCLE-38-PD-0325901-HEM,FULL,HILL|EMAX|JENKS,1,1,1.0,0.8963920032996293,0.995979741027202,0.9998677773370356,0.03294419809308996,1.0,0.7850367439513913,0.7850367439513913,62,62,62,0,34,34
CCLE_EXPERIMENT_A_FIXED_SCORE_ORIGINAL5,CCLE-38-PD-0325901-HEM,FULL,HILL|EMAX|KMEANS,1,1,1.0,0.8963920032996293,0.995979741027202,0.9998677773370356,0.03294419809308996,1.0,0.7850367439513913,0.7850367439513913,62,62,62,0,34,34
CCLE_EXPERIMENT_A_FIXED_SCORE_ORIGINAL5,CCLE-38-PD-0325901-HEM,FULL,HILL|EMAX|WARD,1,1,1.0,0.8856452501846085,0.9985423085835818,1.0,0.03294419809308996,1.0,0.783426351372256,0.783426351372256,62,62,62,0,38,38
CCLE_EXPERIMENT_A_FIXED_SCORE_ORIGINAL5,CCLE-38-PD-0325901-HEM,FULL,HILL|EMAX|TIED_GMM,1,1,1.0,0.8957643612397748,0.9899553422074212,0.9901761488436195,0.03294419809308996,1.0,0.7817680100767811,0.7817680100767811,62,62,62,0,40,40
CCLE_EXPERIMENT_A_FIXED_SCORE_ORIGINAL5,CCLE-38-PD-0325901-HEM,FULL,HILL|AUC|TERTILES,1,1,1.0,0.8716888302664142,0.9910388635357797,0.994550046523993,0.03294419809308996,1.0,0.7780443876838554,0.7780443876838554,62,62,62,0,48,48
CCLE_EXPERIMENT_A_FIXED_SCORE_ORIGINAL5,CCLE-38-PD-0325901-HEM,FULL,HILL|AUC|JENKS,1,1,1.0,0.9066949816477784,0.9991620831885348,1.0,0.03294419809308996,1.0,0.7877602525858807,0.7877602525858807,62,62,62,0,25,25
CCLE_EXPERIMENT_A_FIXED_SCORE_ORIGINAL5,CCLE-38-PD-0325901-HEM,FULL,HILL|AUC|KMEANS,1,1,1.0,0.9066949816477784,0.9991620831885348,1.0,0.03294419809308996,1.0,0.7877602525858807,0.7877602525858807,62,62,62,0,25,25
CCLE_EXPERIMENT_A_FIXED_SCORE_ORIGINAL5,CCLE-38-PD-0325901-HEM,FULL,HILL|AUC|WARD,1,1,1.0,0.88512529537436,0.9968035360344987,0.9917398371187038,0.03294419809308996,1.0,0.7813225733241305,0.7813225733241305,62,62,62,0,41,41
CCLE_EXPERIMENT_A_FIXED_SCORE_ORIGINAL5,CCLE-38-PD-0325901-HEM,FULL,HILL|AUC|TIED_GMM,1,1,1.0,0.9066949816477784,0.9991620831885348,1.0,0.03294419809308996,1.0,0.7877602525858807,0.7877602525858807,62,62,62,0,25,25
CCLE_EXPERIMENT_A_FIXED_SCORE_ORIGINAL5,CCLE-38-PD-0325901-HEM,FULL,LOGISTIC|IC50|TERTILES,1,0,0.0,,,,,,,0.0,62,0,0,0,,62
CCLE_EXPERIMENT_A_FIXED_SCORE_ORIGINAL5,CCLE-38-PD-0325901-HEM,FULL,LOGISTIC|IC50|JENKS,1,0,0.0,,,,,,,0.0,62,0,0,0,,62
CCLE_EXPERIMENT_A_FIXED_SCORE_ORIGINAL5,CCLE-38-PD-0325901-HEM,FULL,LOGISTIC|IC50|KMEANS,1,0,0.0,,,,,,,0.0,62,0,0,0,,62
CCLE_EXPERIMENT_A_FIXED_SCORE_ORIGINAL5,CCLE-38-PD-0325901-HEM,FULL,LOGISTIC|IC50|WARD,1,0,0.0,,,,,,,0.0,62,0,0,0,,62
CCLE_EXPERIMENT_A_FIXED_SCORE_ORIGINAL5,CCLE-38-PD-0325901-HEM,FULL,LOGISTIC|IC50|TIED_GMM,1,0,0.0,,,,,,,0.0,62,0,0,0,,62
CCLE_EXPERIMENT_A_FIXED_SCORE_ORIGINAL5,CCLE-38-PD-0325901-HEM,FULL,LOGISTIC|EC50|TERTILES,1,1,1.0,0.3017325663293139,0.9998510993234849,0.9865079845410294,0.0030328526230688517,1.0,0.6582249005633793,0.6582249005633793,62,62,62,0,59,59
CCLE_EXPERIMENT_A_FIXED_SCORE_ORIGINAL5,CCLE-38-PD-0325901-HEM,FULL,LOGISTIC|EC50|JENKS,1,1,1.0,0.9600075885331593,0.9706303794472414,0.9917398371187038,0.0030328526230688517,1.0,0.7850821315444347,0.7850821315444347,62,62,62,0,31,31
CCLE_EXPERIMENT_A_FIXED_SCORE_ORIGINAL5,CCLE-38-PD-0325901-HEM,FULL,LOGISTIC|EC50|KMEANS,1,1,1.0,0.9600075885331593,0.9859750130470084,0.991869918699187,0.0030328526230688517,1.0,0.7881770745804847,0.7881770745804847,62,62,62,0,24,24
CCLE_EXPERIMENT_A_FIXED_SCORE_ORIGINAL5,CCLE-38-PD-0325901-HEM,FULL,LOGISTIC|EC50|WARD,1,1,1.0,0.9600075885331593,0.9706303794472414,0.9917398371187038,0.0030328526230688517,1.0,0.7850821315444347,0.7850821315444347,62,62,62,0,31,31
CCLE_EXPERIMENT_A_FIXED_SCORE_ORIGINAL5,CCLE-38-PD-0325901-HEM,FULL,LOGISTIC|EC50|TIED_GMM,1,1,1.0,0.9600075885331593,0.9706303794472414,0.9917398371187038,0.0030328526230688517,1.0,0.7850821315444347,0.7850821315444347,62,62,62,0,31,31
CCLE_EXPERIMENT_A_FIXED_SCORE_ORIGINAL5,CCLE-38-PD-0325901-HEM,FULL,LOGISTIC|EMAX|TERTILES,1,1,1.0,0.8796505176082451,0.9854258594080634,0.9783333551263779,0.0030328526230688517,1.0,0.769288516953151,0.769288516953151,62,62,62,0,55,55
CCLE_EXPERIMENT_A_FIXED_SCORE_ORIGINAL5,CCLE-38-PD-0325901-HEM,FULL,LOGISTIC|EMAX|JENKS,1,1,1.0,0.891061920674943,0.9907160251084481,0.9893924242685471,0.0030328526230688517,1.0,0.7748406445350015,0.7748406445350015,62,62,62,0,50,50
CCLE_EXPERIMENT_A_FIXED_SCORE_ORIGINAL5,CCLE-38-PD-0325901-HEM,FULL,LOGISTIC|EMAX|KMEANS,1,1,1.0,0.891061920674943,0.9907160251084481,0.9893924242685471,0.0030328526230688517,1.0,0.7748406445350015,0.7748406445350015,62,62,62,0,50,50
CCLE_EXPERIMENT_A_FIXED_SCORE_ORIGINAL5,CCLE-38-PD-0325901-HEM,FULL,LOGISTIC|EMAX|WARD,1,1,1.0,0.8753766507898687,0.9371151469313417,0.9464588214092629,0.0030328526230688517,1.0,0.7523966943507084,0.7523966943507084,62,62,62,0,56,56
CCLE_EXPERIMENT_A_FIXED_SCORE_ORIGINAL5,CCLE-38-PD-0325901-HEM,FULL,LOGISTIC|EMAX|TIED_GMM,1,1,1.0,0.8807409102097038,0.9782281307268377,0.9913321776236832,0.0030328526230688517,1.0,0.7706668142366587,0.7706668142366587,62,62,62,0,54,54
CCLE_EXPERIMENT_A_FIXED_SCORE_ORIGINAL5,CCLE-38-PD-0325901-HEM,FULL,LOGISTIC|AUC|TERTILES,1,1,1.0,0.8743038720759821,0.989604913119078,0.9865079845410294,0.0030328526230688517,1.0,0.7706899244718317,0.7706899244718317,62,62,62,0,53,53
CCLE_EXPERIMENT_A_FIXED_SCORE_ORIGINAL5,CCLE-38-PD-0325901-HEM,FULL,LOGISTIC|AUC|JENKS,1,1,1.0,0.9015062395557112,0.9985184802390613,1.0,0.0030328526230688517,1.0,0.7806115144835684,0.7806115144835684,62,62,62,0,43,43
CCLE_EXPERIMENT_A_FIXED_SCORE_ORIGINAL5,CCLE-38-PD-0325901-HEM,FULL,LOGISTIC|AUC|KMEANS,1,1,1.0,0.9015062395557112,0.9985184802390613,1.0,0.0030328526230688517,1.0,0.7806115144835684,0.7806115144835684,62,62,62,0,43,43
CCLE_EXPERIMENT_A_FIXED_SCORE_ORIGINAL5,CCLE-38-PD-0325901-HEM,FULL,LOGISTIC|AUC|WARD,1,1,1.0,0.8762935739983655,0.9498337016548907,0.9089549658166388,0.0030328526230688517,1.0,0.7476230188185927,0.7476230188185927,62,62,62,0,57,57
CCLE_EXPERIMENT_A_FIXED_SCORE_ORIGINAL5,CCLE-38-PD-0325901-HEM,FULL,LOGISTIC|AUC|TIED_GMM,1,1,1.0,0.9015062395557112,0.9985184802390613,1.0,0.0030328526230688517,1.0,0.7806115144835684,0.7806115144835684,62,62,62,0,43,43
CCLE_EXPERIMENT_A_FIXED_SCORE_ORIGINAL5,CCLE-38-PD-0325901-HEM,FULL,WEIBULL|IC50|TERTILES,1,0,0.0,,,,,,,0.0,62,0,0,0,,62
CCLE_EXPERIMENT_A_FIXED_SCORE_ORIGINAL5,CCLE-38-PD-0325901-HEM,FULL,WEIBULL|IC50|JENKS,1,0,0.0,,,,,,,0.0,62,0,0,0,,62
CCLE_EXPERIMENT_A_FIXED_SCORE_ORIGINAL5,CCLE-38-PD-0325901-HEM,FULL,WEIBULL|IC50|KMEANS,1,0,0.0,,,,,,,0.0,62,0,0,0,,62
CCLE_EXPERIMENT_A_FIXED_SCORE_ORIGINAL5,CCLE-38-PD-0325901-HEM,FULL,WEIBULL|IC50|WARD,1,0,0.0,,,,,,,0.0,62,0,0,0,,62
CCLE_EXPERIMENT_A_FIXED_SCORE_ORIGINAL5,CCLE-38-PD-0325901-HEM,FULL,WEIBULL|IC50|TIED_GMM,1,0,0.0,,,,,,,0.0,62,0,0,0,,62
CCLE_EXPERIMENT_A_FIXED_SCORE_ORIGINAL5,CCLE-38-PD-0325901-HEM,FULL,WEIBULL|EC50|TERTILES,1,1,1.0,0.1858802850844157,0.9997068534936318,0.9865079845410294,0.029826050013787415,1.0,0.6403842346265728,0.6403842346265728,62,62,62,0,60,60
CCLE_EXPERIMENT_A_FIXED_SCORE_ORIGINAL5,CCLE-38-PD-0325901-HEM,FULL,WEIBULL|EC50|JENKS,1,1,1.0,0.9845531859432043,0.9943313449607047,1.0,0.029826050013787415,1.0,0.8017421161835394,0.8017421161835394,62,62,62,0,16,16
CCLE_EXPERIMENT_A_FIXED_SCORE_ORIGINAL5,CCLE-38-PD-0325901-HEM,FULL,WEIBULL|EC50|KMEANS,1,1,1.0,0.9845531859432043,0.9943313449607047,1.0,0.029826050013787415,1.0,0.8017421161835394,0.8017421161835394,62,62,62,0,16,16
CCLE_EXPERIMENT_A_FIXED_SCORE_ORIGINAL5,CCLE-38-PD-0325901-HEM,FULL,WEIBULL|EC50|WARD,1,1,1.0,0.9845531859432043,0.9943313449607047,1.0,0.029826050013787415,1.0,0.8017421161835394,0.8017421161835394,62,62,62,0,16,16
CCLE_EXPERIMENT_A_FIXED_SCORE_ORIGINAL5,CCLE-38-PD-0325901-HEM,FULL,WEIBULL|EC50|TIED_GMM,1,1,1.0,0.9833093405054939,0.9642640064683531,0.9872963353318244,0.029826050013787415,1.0,0.7929391464638917,0.7929391464638917,62,62,62,0,23,23
CCLE_EXPERIMENT_A_FIXED_SCORE_ORIGINAL5,CCLE-38-PD-0325901-HEM,FULL,WEIBULL|EMAX|TERTILES,1,1,1.0,0.8856674740266786,0.9805595921340267,0.994550046523993,0.029826050013787415,1.0,0.7781206325396972,0.7781206325396972,62,62,62,0,47,47
CCLE_EXPERIMENT_A_FIXED_SCORE_ORIGINAL5,CCLE-38-PD-0325901-HEM,FULL,WEIBULL|EMAX|JENKS,1,1,1.0,0.895868030437135,0.9983300537706673,1.0,0.029826050013787415,1.0,0.784804826844318,0.784804826844318,62,62,62,0,36,36
CCLE_EXPERIMENT_A_FIXED_SCORE_ORIGINAL5,CCLE-38-PD-0325901-HEM,FULL,WEIBULL|EMAX|KMEANS,1,1,1.0,0.895868030437135,0.9983300537706673,1.0,0.029826050013787415,1.0,0.784804826844318,0.784804826844318,62,62,62,0,36,36
CCLE_EXPERIMENT_A_FIXED_SCORE_ORIGINAL5,CCLE-38-PD-0325901-HEM,FULL,WEIBULL|EMAX|WARD,1,1,1.0,0.8856674740266786,0.9985992613041478,1.0,0.029826050013787415,1.0,0.7828185570689228,0.7828185570689228,62,62,62,0,39,39
CCLE_EXPERIMENT_A_FIXED_SCORE_ORIGINAL5,CCLE-38-PD-0325901-HEM,FULL,WEIBULL|EMAX|TIED_GMM,1,1,1.0,0.8951237800101018,0.9896103633633023,0.989130903415509,0.029826050013787415,1.0,0.7807382193605401,0.7807382193605401,62,62,62,0,42,42
CCLE_EXPERIMENT_A_FIXED_SCORE_ORIGINAL5,CCLE-38-PD-0325901-HEM,FULL,WEIBULL|AUC|TERTILES,1,1,1.0,0.8721554255479779,0.9908986382767795,0.994550046523993,0.029826050013787415,1.0,0.7774860320725075,0.7774860320725075,62,62,62,0,49,49
CCLE_EXPERIMENT_A_FIXED_SCORE_ORIGINAL5,CCLE-38-PD-0325901-HEM,FULL,WEIBULL|AUC|JENKS,1,1,1.0,0.9062168951809363,0.9991893317182826,1.0,0.029826050013787415,1.0,0.7870464553826013,0.7870464553826013,62,62,62,0,28,28
CCLE_EXPERIMENT_A_FIXED_SCORE_ORIGINAL5,CCLE-38-PD-0325901-HEM,FULL,WEIBULL|AUC|KMEANS,1,1,1.0,0.9062168951809363,0.9991893317182826,1.0,0.029826050013787415,1.0,0.7870464553826013,0.7870464553826013,62,62,62,0,28,28
CCLE_EXPERIMENT_A_FIXED_SCORE_ORIGINAL5,CCLE-38-PD-0325901-HEM,FULL,WEIBULL|AUC|WARD,1,1,1.0,0.8856881251901345,0.9739048097460384,0.9724322642013948,0.029826050013787415,1.0,0.772370249830271,0.772370249830271,62,62,62,0,52,52
CCLE_EXPERIMENT_A_FIXED_SCORE_ORIGINAL5,CCLE-38-PD-0325901-HEM,FULL,WEIBULL|AUC|TIED_GMM,1,1,1.0,0.9062168951809363,0.9991893317182826,1.0,0.029826050013787415,1.0,0.7870464553826013,0.7870464553826013,62,62,62,0,28,28
CCLE_EXPERIMENT_A_FIXED_SCORE_ORIGINAL5,CCLE-10-AZD6244-HEM,FULL,TRIOS,1,1,1.0,0.8702270521266381,0.9927125088380093,0.9905675404571148,0.7329718974277976,1.0,0.9172957997699118,0.9172957997699118,62,62,62,0,1,1
CCLE_EXPERIMENT_A_FIXED_SCORE_ORIGINAL5,CCLE-10-AZD6244-HEM,FULL,EMAX|IC50|TERTILES,1,0,0.0,,,,,,,0.0,62,0,0,0,,62
CCLE_EXPERIMENT_A_FIXED_SCORE_ORIGINAL5,CCLE-10-AZD6244-HEM,FULL,EMAX|IC50|JENKS,1,0,0.0,,,,,,,0.0,62,0,0,0,,62
CCLE_EXPERIMENT_A_FIXED_SCORE_ORIGINAL5,CCLE-10-AZD6244-HEM,FULL,EMAX|IC50|KMEANS,1,0,0.0,,,,,,,0.0,62,0,0,0,,62
CCLE_EXPERIMENT_A_FIXED_SCORE_ORIGINAL5,CCLE-10-AZD6244-HEM,FULL,EMAX|IC50|WARD,1,0,0.0,,,,,,,0.0,62,0,0,0,,62
CCLE_EXPERIMENT_A_FIXED_SCORE_ORIGINAL5,CCLE-10-AZD6244-HEM,FULL,EMAX|IC50|TIED_GMM,1,0,0.0,,,,,,,0.0,62,0,0,0,,62
CCLE_EXPERIMENT_A_FIXED_SCORE_ORIGINAL5,CCLE-10-AZD6244-HEM,FULL,EMAX|EC50|TERTILES,1,1,1.0,0.7439137513213986,0.9981625128709402,0.9783333551263779,0.2078769424490189,1.0,0.7856573123535471,0.7856573123535471,62,62,62,0,25,25
CCLE_EXPERIMENT_A_FIXED_SCORE_ORIGINAL5,CCLE-10-AZD6244-HEM,FULL,EMAX|EC50|JENKS,1,1,1.0,0.961124123808552,0.9916482272518201,0.991869918699187,0.2078769424490189,1.0,0.8305038424417155,0.8305038424417155,62,62,62,0,2,2
CCLE_EXPERIMENT_A_FIXED_SCORE_ORIGINAL5,CCLE-10-AZD6244-HEM,FULL,EMAX|EC50|KMEANS,1,1,1.0,0.961124123808552,0.9916482272518201,0.991869918699187,0.2078769424490189,1.0,0.8305038424417155,0.8305038424417155,62,62,62,0,2,2
CCLE_EXPERIMENT_A_FIXED_SCORE_ORIGINAL5,CCLE-10-AZD6244-HEM,FULL,EMAX|EC50|WARD,1,1,1.0,0.961124123808552,0.9745903009365772,0.9916097208544237,0.2078769424490189,1.0,0.8270402176097142,0.8270402176097142,62,62,62,0,5,5
CCLE_EXPERIMENT_A_FIXED_SCORE_ORIGINAL5,CCLE-10-AZD6244-HEM,FULL,EMAX|EC50|TIED_GMM,1,1,1.0,0.9575805660059026,0.9782173212265154,0.9985436250496492,0.2078769424490189,1.0,0.8284436909462173,0.8284436909462173,62,62,62,0,4,4
CCLE_EXPERIMENT_A_FIXED_SCORE_ORIGINAL5,CCLE-10-AZD6244-HEM,FULL,EMAX|EMAX|TERTILES,1,1,1.0,0.8508381482406406,0.9957259600435987,0.9783333551263779,0.2078769424490189,1.0,0.8065548811719271,0.8065548811719271,62,62,62,0,12,12
CCLE_EXPERIMENT_A_FIXED_SCORE_ORIGINAL5,CCLE-10-AZD6244-HEM,FULL,EMAX|EMAX|JENKS,1,1,1.0,0.9073136499006262,0.9729244340493081,0.996417672814117,0.2078769424490189,1.0,0.8169065398426142,0.8169065398426142,62,62,62,0,7,7
CCLE_EXPERIMENT_A_FIXED_SCORE_ORIGINAL5,CCLE-10-AZD6244-HEM,FULL,EMAX|EMAX|KMEANS,1,1,1.0,0.9073136499006262,0.9729244340493081,0.996417672814117,0.2078769424490189,1.0,0.8169065398426142,0.8169065398426142,62,62,62,0,7,7
CCLE_EXPERIMENT_A_FIXED_SCORE_ORIGINAL5,CCLE-10-AZD6244-HEM,FULL,EMAX|EMAX|WARD,1,1,1.0,0.9049589729620219,0.9924091538659338,0.9830946577730746,0.2078769424490189,1.0,0.8176679454100098,0.8176679454100098,62,62,62,0,6,6
CCLE_EXPERIMENT_A_FIXED_SCORE_ORIGINAL5,CCLE-10-AZD6244-HEM,FULL,EMAX|EMAX|TIED_GMM,1,1,1.0,0.904958567636244,0.9890479696834775,0.9772976180606764,0.2078769424490189,1.0,0.8158362195658835,0.8158362195658835,62,62,62,0,11,11
CCLE_EXPERIMENT_A_FIXED_SCORE_ORIGINAL5,CCLE-10-AZD6244-HEM,FULL,EMAX|AUC|TERTILES,1,1,1.0,0.8386415705077671,0.9858171391183307,0.9865079845410294,0.2078769424490189,1.0,0.8037687273232292,0.8037687273232292,62,62,62,0,13,13
CCLE_EXPERIMENT_A_FIXED_SCORE_ORIGINAL5,CCLE-10-AZD6244-HEM,FULL,EMAX|AUC|JENKS,1,1,1.0,0.8969910881075388,0.9880729016890311,0.9904371114134648,0.2078769424490189,1.0,0.8166756087318106,0.8166756087318106,62,62,62,0,9,9
CCLE_EXPERIMENT_A_FIXED_SCORE_ORIGINAL5,CCLE-10-AZD6244-HEM,FULL,EMAX|AUC|KMEANS,1,1,1.0,0.8969910881075388,0.9867180125818837,0.9897844435731613,0.2078769424490189,1.0,0.8162740973423205,0.8162740973423205,62,62,62,0,10,10
CCLE_EXPERIMENT_A_FIXED_SCORE_ORIGINAL5,CCLE-10-AZD6244-HEM,FULL,EMAX|AUC|WARD,1,1,1.0,0.8541191374784901,0.9249563919291243,0.8760979401476875,0.2078769424490189,1.0,0.7726100824008642,0.7726100824008642,62,62,62,0,43,43
CCLE_EXPERIMENT_A_FIXED_SCORE_ORIGINAL5,CCLE-10-AZD6244-HEM,FULL,EMAX|AUC|TIED_GMM,1,1,1.0,0.8952783494901351,0.9428227393749545,0.9433449660060755,0.2078769424490189,1.0,0.7978645994640369,0.7978645994640369,62,62,62,0,17,17
CCLE_EXPERIMENT_A_FIXED_SCORE_ORIGINAL5,CCLE-10-AZD6244-HEM,FULL,HILL|IC50|TERTILES,1,0,0.0,,,,,,,0.0,62,0,0,0,,62
CCLE_EXPERIMENT_A_FIXED_SCORE_ORIGINAL5,CCLE-10-AZD6244-HEM,FULL,HILL|IC50|JENKS,1,0,0.0,,,,,,,0.0,62,0,0,0,,62
CCLE_EXPERIMENT_A_FIXED_SCORE_ORIGINAL5,CCLE-10-AZD6244-HEM,FULL,HILL|IC50|KMEANS,1,0,0.0,,,,,,,0.0,62,0,0,0,,62
CCLE_EXPERIMENT_A_FIXED_SCORE_ORIGINAL5,CCLE-10-AZD6244-HEM,FULL,HILL|IC50|WARD,1,0,0.0,,,,,,,0.0,62,0,0,0,,62
CCLE_EXPERIMENT_A_FIXED_SCORE_ORIGINAL5,CCLE-10-AZD6244-HEM,FULL,HILL|IC50|TIED_GMM,1,0,0.0,,,,,,,0.0,62,0,0,0,,62
CCLE_EXPERIMENT_A_FIXED_SCORE_ORIGINAL5,CCLE-10-AZD6244-HEM,FULL,HILL|EC50|TERTILES,1,1,1.0,0.43355901016627474,0.995862377335599,0.994550046523993,0.03926517387007366,1.0,0.6926473215791881,0.6926473215791881,62,62,62,0,61,61
CCLE_EXPERIMENT_A_FIXED_SCORE_ORIGINAL5,CCLE-10-AZD6244-HEM,FULL,HILL|EC50|JENKS,1,1,1.0,0.9589853917372824,0.9971252219898653,1.0,0.03926517387007366,1.0,0.7990751575194442,0.7990751575194442,62,62,62,0,14,14
CCLE_EXPERIMENT_A_FIXED_SCORE_ORIGINAL5,CCLE-10-AZD6244-HEM,FULL,HILL|EC50|KMEANS,1,1,1.0,0.9589853917372824,0.9971252219898653,1.0,0.03926517387007366,1.0,0.7990751575194442,0.7990751575194442,62,62,62,0,14,14
CCLE_EXPERIMENT_A_FIXED_SCORE_ORIGINAL5,CCLE-10-AZD6244-HEM,FULL,HILL|EC50|WARD,1,1,1.0,0.9531848903442529,0.9970733049739616,1.0,0.03926517387007366,1.0,0.7979046738376576,0.7979046738376576,62,62,62,0,16,16
CCLE_EXPERIMENT_A_FIXED_SCORE_ORIGINAL5,CCLE-10-AZD6244-HEM,FULL,HILL|EC50|TIED_GMM,1,1,1.0,0.9575202691030545,0.9955499981081053,0.9913493842189711,0.03926517387007366,1.0,0.7967369650600409,0.7967369650600409,62,62,62,0,18,18
CCLE_EXPERIMENT_A_FIXED_SCORE_ORIGINAL5,CCLE-10-AZD6244-HEM,FULL,HILL|EMAX|TERTILES,1,1,1.0,0.8430905992721609,0.9964229965232808,0.9865079845410294,0.03926517387007366,1.0,0.7730573508413089,0.7730573508413089,62,62,62,0,42,42
CCLE_EXPERIMENT_A_FIXED_SCORE_ORIGINAL5,CCLE-10-AZD6244-HEM,FULL,HILL|EMAX|JENKS,1,1,1.0,0.9158604109051328,0.99645616776017,0.991869918699187,0.03926517387007366,1.0,0.7886903342469127,0.7886903342469127,62,62,62,0,19,19
CCLE_EXPERIMENT_A_FIXED_SCORE_ORIGINAL5,CCLE-10-AZD6244-HEM,FULL,HILL|EMAX|KMEANS,1,1,1.0,0.9158604109051328,0.99645616776017,0.991869918699187,0.03926517387007366,1.0,0.7886903342469127,0.7886903342469127,62,62,62,0,19,19
CCLE_EXPERIMENT_A_FIXED_SCORE_ORIGINAL5,CCLE-10-AZD6244-HEM,FULL,HILL|EMAX|WARD,1,1,1.0,0.908694483430402,0.9937969639219804,0.9917398371187038,0.03926517387007366,1.0,0.786699291668232,0.786699291668232,62,62,62,0,22,22
CCLE_EXPERIMENT_A_FIXED_SCORE_ORIGINAL5,CCLE-10-AZD6244-HEM,FULL,HILL|EMAX|TIED_GMM,1,1,1.0,0.9137114031342888,0.9892427386947915,0.9655534523762248,0.03926517387007366,1.0,0.7815545536150758,0.7815545536150758,62,62,62,0,32,32
CCLE_EXPERIMENT_A_FIXED_SCORE_ORIGINAL5,CCLE-10-AZD6244-HEM,FULL,HILL|AUC|TERTILES,1,1,1.0,0.8407027960717071,0.9882042684955176,0.9865079845410294,0.03926517387007366,1.0,0.7709360445956654,0.7709360445956654,62,62,62,0,46,46
CCLE_EXPERIMENT_A_FIXED_SCORE_ORIGINAL5,CCLE-10-AZD6244-HEM,FULL,HILL|AUC|JENKS,1,1,1.0,0.893956469293185,0.9692947912839395,0.9354610834115705,0.03926517387007366,1.0,0.7675955035717538,0.7675955035717538,62,62,62,0,51,51
CCLE_EXPERIMENT_A_FIXED_SCORE_ORIGINAL5,CCLE-10-AZD6244-HEM,FULL,HILL|AUC|KMEANS,1,1,1.0,0.893956469293185,0.9693672120441802,0.9355886789185642,0.03926517387007366,1.0,0.7676355068252005,0.7676355068252005,62,62,62,0,50,50
CCLE_EXPERIMENT_A_FIXED_SCORE_ORIGINAL5,CCLE-10-AZD6244-HEM,FULL,HILL|AUC|WARD,1,1,1.0,0.8755494919281368,0.9369761810913286,0.9446817724568185,0.03926517387007366,1.0,0.7592945238692714,0.7592945238692714,62,62,62,0,57,57
CCLE_EXPERIMENT_A_FIXED_SCORE_ORIGINAL5,CCLE-10-AZD6244-HEM,FULL,HILL|AUC|TIED_GMM,1,1,1.0,0.892124675993818,0.9805940438082429,0.9878211991434689,0.03926517387007366,1.0,0.7799610185631207,0.7799610185631207,62,62,62,0,33,33
CCLE_EXPERIMENT_A_FIXED_SCORE_ORIGINAL5,CCLE-10-AZD6244-HEM,FULL,LOGISTIC|IC50|TERTILES,1,0,0.0,,,,,,,0.0,62,0,0,0,,62
CCLE_EXPERIMENT_A_FIXED_SCORE_ORIGINAL5,CCLE-10-AZD6244-HEM,FULL,LOGISTIC|IC50|JENKS,1,0,0.0,,,,,,,0.0,62,0,0,0,,62
CCLE_EXPERIMENT_A_FIXED_SCORE_ORIGINAL5,CCLE-10-AZD6244-HEM,FULL,LOGISTIC|IC50|KMEANS,1,0,0.0,,,,,,,0.0,62,0,0,0,,62
CCLE_EXPERIMENT_A_FIXED_SCORE_ORIGINAL5,CCLE-10-AZD6244-HEM,FULL,LOGISTIC|IC50|WARD,1,0,0.0,,,,,,,0.0,62,0,0,0,,62
CCLE_EXPERIMENT_A_FIXED_SCORE_ORIGINAL5,CCLE-10-AZD6244-HEM,FULL,LOGISTIC|IC50|TIED_GMM,1,0,0.0,,,,,,,0.0,62,0,0,0,,62
CCLE_EXPERIMENT_A_FIXED_SCORE_ORIGINAL5,CCLE-10-AZD6244-HEM,FULL,LOGISTIC|EC50|TERTILES,1,1,1.0,0.603349748993857,0.9921039680068966,0.9865079845410294,0.009185027560188033,1.0,0.7182293458203942,0.7182293458203942,62,62,62,0,59,59
CCLE_EXPERIMENT_A_FIXED_SCORE_ORIGINAL5,CCLE-10-AZD6244-HEM,FULL,LOGISTIC|EC50|JENKS,1,1,1.0,0.9308447469518197,0.9935842795237537,0.9994708994708995,0.009185027560188033,1.0,0.7866169907013323,0.7866169907013323,62,62,62,0,23,23
CCLE_EXPERIMENT_A_FIXED_SCORE_ORIGINAL5,CCLE-10-AZD6244-HEM,FULL,LOGISTIC|EC50|KMEANS,1,1,1.0,0.9308447469518197,0.9935842795237537,0.9994708994708995,0.009185027560188033,1.0,0.7866169907013323,0.7866169907013323,62,62,62,0,23,23
CCLE_EXPERIMENT_A_FIXED_SCORE_ORIGINAL5,CCLE-10-AZD6244-HEM,FULL,LOGISTIC|EC50|WARD,1,1,1.0,0.9073615476706653,0.9551750458901954,0.9412190400376313,0.009185027560188033,1.0,0.762588132231736,0.762588132231736,62,62,62,0,56,56
CCLE_EXPERIMENT_A_FIXED_SCORE_ORIGINAL5,CCLE-10-AZD6244-HEM,FULL,LOGISTIC|EC50|TIED_GMM,1,1,1.0,0.9308447469518197,0.9926362117704142,0.9904371114134648,0.009185027560188033,1.0,0.7846206195391774,0.7846206195391774,62,62,62,0,28,28
CCLE_EXPERIMENT_A_FIXED_SCORE_ORIGINAL5,CCLE-10-AZD6244-HEM,FULL,LOGISTIC|EMAX|TERTILES,1,1,1.0,0.8401893526016784,0.9965729507915726,0.994550046523993,0.009185027560188033,1.0,0.7680994754954864,0.7680994754954864,62,62,62,0,49,49
CCLE_EXPERIMENT_A_FIXED_SCORE_ORIGINAL5,CCLE-10-AZD6244-HEM,FULL,LOGISTIC|EMAX|JENKS,1,1,1.0,0.9064187785285919,0.9917392406222293,0.9656772781816899,0.009185027560188033,1.0,0.7746040649785398,0.7746040649785398,62,62,62,0,38,38
CCLE_EXPERIMENT_A_FIXED_SCORE_ORIGINAL5,CCLE-10-AZD6244-HEM,FULL,LOGISTIC|EMAX|KMEANS,1,1,1.0,0.9064187785285919,0.9917392406222293,0.9656772781816899,0.009185027560188033,1.0,0.7746040649785398,0.7746040649785398,62,62,62,0,38,38
CCLE_EXPERIMENT_A_FIXED_SCORE_ORIGINAL5,CCLE-10-AZD6244-HEM,FULL,LOGISTIC|EMAX|WARD,1,1,1.0,0.9017724121786793,0.9891721555139976,0.9912191638200294,0.009185027560188033,1.0,0.7782697518145789,0.7782697518145789,62,62,62,0,34,34
CCLE_EXPERIMENT_A_FIXED_SCORE_ORIGINAL5,CCLE-10-AZD6244-HEM,FULL,LOGISTIC|EMAX|TIED_GMM,1,1,1.0,0.9050134381860423,0.9915619876339291,0.9772976180606764,0.009185027560188033,1.0,0.7766116142881672,0.7766116142881672,62,62,62,0,35,35
CCLE_EXPERIMENT_A_FIXED_SCORE_ORIGINAL5,CCLE-10-AZD6244-HEM,FULL,LOGISTIC|AUC|TERTILES,1,1,1.0,0.8401789106412835,0.9905880411746987,0.9865079845410294,0.009185027560188033,1.0,0.76529199278344,0.76529199278344,62,62,62,0,55,55
CCLE_EXPERIMENT_A_FIXED_SCORE_ORIGINAL5,CCLE-10-AZD6244-HEM,FULL,LOGISTIC|AUC|JENKS,1,1,1.0,0.8934479988371462,0.9902813095226831,0.9729379241455753,0.009185027560188033,1.0,0.7731704520131186,0.7731704520131186,62,62,62,0,40,40
CCLE_EXPERIMENT_A_FIXED_SCORE_ORIGINAL5,CCLE-10-AZD6244-HEM,FULL,LOGISTIC|AUC|KMEANS,1,1,1.0,0.8934479988371462,0.9902813095226831,0.9729379241455753,0.009185027560188033,1.0,0.7731704520131186,0.7731704520131186,62,62,62,0,40,40
CCLE_EXPERIMENT_A_FIXED_SCORE_ORIGINAL5,CCLE-10-AZD6244-HEM,FULL,LOGISTIC|AUC|WARD,1,1,1.0,0.8755621089881362,0.9689326703240152,0.979753842939958,0.009185027560188033,1.0,0.7666867299624596,0.7666867299624596,62,62,62,0,53,53
CCLE_EXPERIMENT_A_FIXED_SCORE_ORIGINAL5,CCLE-10-AZD6244-HEM,FULL,LOGISTIC|AUC|TIED_GMM,1,1,1.0,0.8892207713339224,0.9738815447705739,0.9774272077621786,0.009185027560188033,1.0,0.7699429102853725,0.7699429102853725,62,62,62,0,48,48
CCLE_EXPERIMENT_A_FIXED_SCORE_ORIGINAL5,CCLE-10-AZD6244-HEM,FULL,WEIBULL|IC50|TERTILES,1,0,0.0,,,,,,,0.0,62,0,0,0,,62
CCLE_EXPERIMENT_A_FIXED_SCORE_ORIGINAL5,CCLE-10-AZD6244-HEM,FULL,WEIBULL|IC50|JENKS,1,0,0.0,,,,,,,0.0,62,0,0,0,,62
CCLE_EXPERIMENT_A_FIXED_SCORE_ORIGINAL5,CCLE-10-AZD6244-HEM,FULL,WEIBULL|IC50|KMEANS,1,0,0.0,,,,,,,0.0,62,0,0,0,,62
CCLE_EXPERIMENT_A_FIXED_SCORE_ORIGINAL5,CCLE-10-AZD6244-HEM,FULL,WEIBULL|IC50|WARD,1,0,0.0,,,,,,,0.0,62,0,0,0,,62
CCLE_EXPERIMENT_A_FIXED_SCORE_ORIGINAL5,CCLE-10-AZD6244-HEM,FULL,WEIBULL|IC50|TIED_GMM,1,0,0.0,,,,,,,0.0,62,0,0,0,,62
CCLE_EXPERIMENT_A_FIXED_SCORE_ORIGINAL5,CCLE-10-AZD6244-HEM,FULL,WEIBULL|EC50|TERTILES,1,1,1.0,0.49843740597946656,0.9951880346721528,0.994550046523993,0.010700958692921937,1.0,0.6997752891737068,0.6997752891737068,62,62,62,0,60,60
CCLE_EXPERIMENT_A_FIXED_SCORE_ORIGINAL5,CCLE-10-AZD6244-HEM,FULL,WEIBULL|EC50|JENKS,1,1,1.0,0.9388431417825585,0.9919811316826653,0.9827103716076968,0.010700958692921937,1.0,0.7848471207531685,0.7848471207531685,62,62,62,0,26,26
CCLE_EXPERIMENT_A_FIXED_SCORE_ORIGINAL5,CCLE-10-AZD6244-HEM,FULL,WEIBULL|EC50|KMEANS,1,1,1.0,0.9388431417825585,0.9919811316826653,0.9827103716076968,0.010700958692921937,1.0,0.7848471207531685,0.7848471207531685,62,62,62,0,26,26
CCLE_EXPERIMENT_A_FIXED_SCORE_ORIGINAL5,CCLE-10-AZD6244-HEM,FULL,WEIBULL|EC50|WARD,1,1,1.0,0.9236275586677744,0.9797018925743902,0.9968169761273209,0.010700958692921937,1.0,0.7821694772124814,0.7821694772124814,62,62,62,0,31,31
CCLE_EXPERIMENT_A_FIXED_SCORE_ORIGINAL5,CCLE-10-AZD6244-HEM,FULL,WEIBULL|EC50|TIED_GMM,1,1,1.0,0.9356437692914742,0.9919050957930681,0.9990737064972873,0.010700958692921937,1.0,0.7874647060549502,0.7874647060549502,62,62,62,0,21,21
CCLE_EXPERIMENT_A_FIXED_SCORE_ORIGINAL5,CCLE-10-AZD6244-HEM,FULL,WEIBULL|EMAX|TERTILES,1,1,1.0,0.840746315879968,0.9966463673146638,0.9865079845410294,0.010700958692921937,1.0,0.7669203252857166,0.7669203252857166,62,62,62,0,52,52
CCLE_EXPERIMENT_A_FIXED_SCORE_ORIGINAL5,CCLE-10-AZD6244-HEM,FULL,WEIBULL|EMAX|JENKS,1,1,1.0,0.9148658673010025,0.9967433517126977,0.991869918699187,0.010700958692921937,1.0,0.7828360192811619,0.7828360192811619,62,62,62,0,29,29
CCLE_EXPERIMENT_A_FIXED_SCORE_ORIGINAL5,CCLE-10-AZD6244-HEM,FULL,WEIBULL|EMAX|KMEANS,1,1,1.0,0.9148658673010025,0.9967433517126977,0.991869918699187,0.010700958692921937,1.0,0.7828360192811619,0.7828360192811619,62,62,62,0,29,29
CCLE_EXPERIMENT_A_FIXED_SCORE_ORIGINAL5,CCLE-10-AZD6244-HEM,FULL,WEIBULL|EMAX|WARD,1,1,1.0,0.9073448854474284,0.962713861208637,0.9706581172182085,0.010700958692921937,1.0,0.7702835645134392,0.7702835645134392,62,62,62,0,47,47
CCLE_EXPERIMENT_A_FIXED_SCORE_ORIGINAL5,CCLE-10-AZD6244-HEM,FULL,WEIBULL|EMAX|TIED_GMM,1,1,1.0,0.9116738541169137,0.9863598955777925,0.9714192934031359,0.010700958692921937,1.0,0.7760308003581529,0.7760308003581529,62,62,62,0,36,36
CCLE_EXPERIMENT_A_FIXED_SCORE_ORIGINAL5,CCLE-10-AZD6244-HEM,FULL,WEIBULL|AUC|TERTILES,1,1,1.0,0.8405828463607871,0.9890814325866948,0.9865079845410294,0.010700958692921937,1.0,0.7653746444362867,0.7653746444362867,62,62,62,0,54,54
CCLE_EXPERIMENT_A_FIXED_SCORE_ORIGINAL5,CCLE-10-AZD6244-HEM,FULL,WEIBULL|AUC|JENKS,1,1,1.0,0.8958662211151659,0.9837870646420906,0.9661930188429461,0.010700958692921937,1.0,0.7713094526586249,0.7713094526586249,62,62,62,0,44,44
CCLE_EXPERIMENT_A_FIXED_SCORE_ORIGINAL5,CCLE-10-AZD6244-HEM,FULL,WEIBULL|AUC|KMEANS,1,1,1.0,0.8958662211151659,0.9837870646420906,0.9661930188429461,0.010700958692921937,1.0,0.7713094526586249,0.7713094526586249,62,62,62,0,44,44
CCLE_EXPERIMENT_A_FIXED_SCORE_ORIGINAL5,CCLE-10-AZD6244-HEM,FULL,WEIBULL|AUC|WARD,1,1,1.0,0.8773778546124575,0.9365417698024416,0.9524879485446497,0.010700958692921937,1.0,0.7554217063304941,0.7554217063304941,62,62,62,0,58,58
CCLE_EXPERIMENT_A_FIXED_SCORE_ORIGINAL5,CCLE-10-AZD6244-HEM,FULL,WEIBULL|AUC|TIED_GMM,1,1,1.0,0.8936832743122131,0.9861908146358885,0.9895231322860776,0.010700958692921937,1.0,0.7760196359854202,0.7760196359854202,62,62,62,0,37,37
CCLE_EXPERIMENT_A_FIXED_SCORE_ORIGINAL5,CCLE-65-Topotecan-LUNG,FULL,TRIOS,1,1,1.0,0.8419991827993083,0.9960974087144687,0.9989965884005619,0.5401805028808534,1.0,0.8754547365590384,0.8754547365590384,87,87,87,0,1,1
CCLE_EXPERIMENT_A_FIXED_SCORE_ORIGINAL5,CCLE-65-Topotecan-LUNG,FULL,EMAX|IC50|TERTILES,1,0,0.0,,,,,,,0.0,87,0,0,0,,62
CCLE_EXPERIMENT_A_FIXED_SCORE_ORIGINAL5,CCLE-65-Topotecan-LUNG,FULL,EMAX|IC50|JENKS,1,0,0.0,,,,,,,0.0,87,0,0,0,,62
CCLE_EXPERIMENT_A_FIXED_SCORE_ORIGINAL5,CCLE-65-Topotecan-LUNG,FULL,EMAX|IC50|KMEANS,1,0,0.0,,,,,,,0.0,87,0,0,0,,62
CCLE_EXPERIMENT_A_FIXED_SCORE_ORIGINAL5,CCLE-65-Topotecan-LUNG,FULL,EMAX|IC50|WARD,1,0,0.0,,,,,,,0.0,87,0,0,0,,62
CCLE_EXPERIMENT_A_FIXED_SCORE_ORIGINAL5,CCLE-65-Topotecan-LUNG,FULL,EMAX|IC50|TIED_GMM,1,0,0.0,,,,,,,0.0,87,0,0,0,,62
CCLE_EXPERIMENT_A_FIXED_SCORE_ORIGINAL5,CCLE-65-Topotecan-LUNG,FULL,EMAX|EC50|TERTILES,1,1,1.0,0.7596836724619224,0.994269701909552,0.9941520467836257,0.3246915765979952,1.0,0.814559399550619,0.814559399550619,87,87,87,0,11,11
CCLE_EXPERIMENT_A_FIXED_SCORE_ORIGINAL5,CCLE-65-Topotecan-LUNG,FULL,EMAX|EC50|JENKS,1,1,1.0,0.8662136008790016,0.9593115869914908,0.9829231145525885,0.3246915765979952,1.0,0.8266279758042152,0.8266279758042152,87,87,87,0,4,4
CCLE_EXPERIMENT_A_FIXED_SCORE_ORIGINAL5,CCLE-65-Topotecan-LUNG,FULL,EMAX|EC50|KMEANS,1,1,1.0,0.8662136008790016,0.9593115869914908,0.9829231145525885,0.3246915765979952,1.0,0.8266279758042152,0.8266279758042152,87,87,87,0,4,4
CCLE_EXPERIMENT_A_FIXED_SCORE_ORIGINAL5,CCLE-65-Topotecan-LUNG,FULL,EMAX|EC50|WARD,1,1,1.0,0.8620386858629313,0.9937125536789134,0.9995988768551946,0.3246915765979952,1.0,0.8360083385990069,0.8360083385990069,87,87,87,0,3,3
CCLE_EXPERIMENT_A_FIXED_SCORE_ORIGINAL5,CCLE-65-Topotecan-LUNG,FULL,EMAX|EC50|TIED_GMM,1,1,1.0,0.8620386858629313,0.9967579864649284,0.9998663280310118,0.3246915765979952,1.0,0.8366709153913734,0.8366709153913734,87,87,87,0,2,2
CCLE_EXPERIMENT_A_FIXED_SCORE_ORIGINAL5,CCLE-65-Topotecan-LUNG,FULL,EMAX|EMAX|TERTILES,1,1,1.0,0.6411085481239865,0.9973254944135987,0.9884389155567576,0.3246915765979952,1.0,0.7903129069384676,0.7903129069384676,87,87,87,0,16,16
CCLE_EXPERIMENT_A_FIXED_SCORE_ORIGINAL5,CCLE-65-Topotecan-LUNG,FULL,EMAX|EMAX|JENKS,1,1,1.0,0.8203180605483535,0.9849340732696134,0.997252563157542,0.3246915765979952,1.0,0.8254392547147008,0.8254392547147008,87,87,87,0,6,6
CCLE_EXPERIMENT_A_FIXED_SCORE_ORIGINAL5,CCLE-65-Topotecan-LUNG,FULL,EMAX|EMAX|KMEANS,1,1,1.0,0.8203180605483535,0.9848921321692953,0.9970509383378017,0.3246915765979952,1.0,0.8253905415306892,0.8253905415306892,87,87,87,0,7,7
CCLE_EXPERIMENT_A_FIXED_SCORE_ORIGINAL5,CCLE-65-Topotecan-LUNG,FULL,EMAX|EMAX|WARD,1,1,1.0,0.813020538246175,0.9730800111952835,0.983121136549724,0.3246915765979952,1.0,0.8187826525178356,0.8187826525178356,87,87,87,0,10,10
CCLE_EXPERIMENT_A_FIXED_SCORE_ORIGINAL5,CCLE-65-Topotecan-LUNG,FULL,EMAX|EMAX|TIED_GMM,1,1,1.0,0.749940427153652,0.9755167414416127,0.9930291919988862,0.3246915765979952,1.0,0.8086355874384292,0.8086355874384292,87,87,87,0,14,14
CCLE_EXPERIMENT_A_FIXED_SCORE_ORIGINAL5,CCLE-65-Topotecan-LUNG,FULL,EMAX|AUC|TERTILES,1,1,1.0,0.7525605982543708,0.9913769854743802,0.9826589595375722,0.3246915765979952,1.0,0.8102576239728638,0.8102576239728638,87,87,87,0,13,13
CCLE_EXPERIMENT_A_FIXED_SCORE_ORIGINAL5,CCLE-65-Topotecan-LUNG,FULL,EMAX|AUC|JENKS,1,1,1.0,0.817883284032905,0.9858560354080925,0.9699077703810352,0.3246915765979952,1.0,0.8196677332840056,0.8196677332840056,87,87,87,0,8,8
CCLE_EXPERIMENT_A_FIXED_SCORE_ORIGINAL5,CCLE-65-Topotecan-LUNG,FULL,EMAX|AUC|KMEANS,1,1,1.0,0.817883284032905,0.9857311530193679,0.9698415451545226,0.3246915765979952,1.0,0.819629511760958,0.819629511760958,87,87,87,0,9,9
CCLE_EXPERIMENT_A_FIXED_SCORE_ORIGINAL5,CCLE-65-Topotecan-LUNG,FULL,EMAX|AUC|WARD,1,1,1.0,0.7988067030712265,0.9463173995165364,0.9582808316901521,0.3246915765979952,1.0,0.8056193021751821,0.8056193021751821,87,87,87,0,15,15
CCLE_EXPERIMENT_A_FIXED_SCORE_ORIGINAL5,CCLE-65-Topotecan-LUNG,FULL,EMAX|AUC|TIED_GMM,1,1,1.0,0.7694712088008113,0.9844401883412388,0.9874572796157071,0.3246915765979952,1.0,0.8132120506711505,0.8132120506711505,87,87,87,0,12,12
CCLE_EXPERIMENT_A_FIXED_SCORE_ORIGINAL5,CCLE-65-Topotecan-LUNG,FULL,HILL|IC50|TERTILES,1,0,0.0,,,,,,,0.0,87,0,0,0,,62
CCLE_EXPERIMENT_A_FIXED_SCORE_ORIGINAL5,CCLE-65-Topotecan-LUNG,FULL,HILL|IC50|JENKS,1,0,0.0,,,,,,,0.0,87,0,0,0,,62
CCLE_EXPERIMENT_A_FIXED_SCORE_ORIGINAL5,CCLE-65-Topotecan-LUNG,FULL,HILL|IC50|KMEANS,1,0,0.0,,,,,,,0.0,87,0,0,0,,62
CCLE_EXPERIMENT_A_FIXED_SCORE_ORIGINAL5,CCLE-65-Topotecan-LUNG,FULL,HILL|IC50|WARD,1,0,0.0,,,,,,,0.0,87,0,0,0,,62
CCLE_EXPERIMENT_A_FIXED_SCORE_ORIGINAL5,CCLE-65-Topotecan-LUNG,FULL,HILL|IC50|TIED_GMM,1,0,0.0,,,,,,,0.0,87,0,0,0,,62
CCLE_EXPERIMENT_A_FIXED_SCORE_ORIGINAL5,CCLE-65-Topotecan-LUNG,FULL,HILL|EC50|TERTILES,1,1,1.0,0.5190300196075983,0.9957914911562177,0.9884389155567576,0.06506765800611318,1.0,0.7136656168653374,0.7136656168653374,87,87,87,0,61,61
CCLE_EXPERIMENT_A_FIXED_SCORE_ORIGINAL5,CCLE-65-Topotecan-LUNG,FULL,HILL|EC50|JENKS,1,1,1.0,0.8888798589113744,0.9800831872741047,0.9940875219824883,0.06506765800611318,1.0,0.7856236452348162,0.7856236452348162,87,87,87,0,18,18
CCLE_EXPERIMENT_A_FIXED_SCORE_ORIGINAL5,CCLE-65-Topotecan-LUNG,FULL,HILL|EC50|KMEANS,1,1,1.0,0.8888798589113744,0.9800831872741047,0.9940875219824883,0.06506765800611318,1.0,0.7856236452348162,0.7856236452348162,87,87,87,0,18,18
CCLE_EXPERIMENT_A_FIXED_SCORE_ORIGINAL5,CCLE-65-Topotecan-LUNG,FULL,HILL|EC50|WARD,1,1,1.0,0.8727700918904384,0.9731898905704442,0.9784400342849608,0.06506765800611318,1.0,0.7778935349503914,0.7778935349503914,87,87,87,0,25,25
CCLE_EXPERIMENT_A_FIXED_SCORE_ORIGINAL5,CCLE-65-Topotecan-LUNG,FULL,HILL|EC50|TIED_GMM,1,1,1.0,0.8864916228267836,0.9875419318802144,0.9942196531791908,0.06506765800611318,1.0,0.7866641731784604,0.7866641731784604,87,87,87,0,17,17
CCLE_EXPERIMENT_A_FIXED_SCORE_ORIGINAL5,CCLE-65-Topotecan-LUNG,FULL,HILL|EMAX|TERTILES,1,1,1.0,0.643047460451903,0.997291942554934,0.9941520467836257,0.06506765800611318,1.0,0.7399118215593152,0.7399118215593152,87,87,87,0,53,53
CCLE_EXPERIMENT_A_FIXED_SCORE_ORIGINAL5,CCLE-65-Topotecan-LUNG,FULL,HILL|EMAX|JENKS,1,1,1.0,0.8224390872213424,0.9567798537013825,0.9762089108786242,0.06506765800611318,1.0,0.7640991019614924,0.7640991019614924,87,87,87,0,37,37
CCLE_EXPERIMENT_A_FIXED_SCORE_ORIGINAL5,CCLE-65-Topotecan-LUNG,FULL,HILL|EMAX|KMEANS,1,1,1.0,0.8224390872213424,0.9567345737833903,0.9699739864824735,0.06506765800611318,1.0,0.7628430610986638,0.7628430610986638,87,87,87,0,40,40
CCLE_EXPERIMENT_A_FIXED_SCORE_ORIGINAL5,CCLE-65-Topotecan-LUNG,FULL,HILL|EMAX|WARD,1,1,1.0,0.8033764009346194,0.9580487343019488,0.9632223777115951,0.06506765800611318,1.0,0.7579430341908553,0.7579430341908553,87,87,87,0,45,45
CCLE_EXPERIMENT_A_FIXED_SCORE_ORIGINAL5,CCLE-65-Topotecan-LUNG,FULL,HILL|EMAX|TIED_GMM,1,1,1.0,0.7848586233658819,0.987155092682887,0.9930954043871679,0.06506765800611318,1.0,0.7660353556884101,0.7660353556884101,87,87,87,0,31,31
CCLE_EXPERIMENT_A_FIXED_SCORE_ORIGINAL5,CCLE-65-Topotecan-LUNG,FULL,HILL|AUC|TERTILES,1,1,1.0,0.7281659392527526,0.9968927545882135,0.9941520467836257,0.06506765800611318,1.0,0.756855679726141,0.756855679726141,87,87,87,0,46,46
CCLE_EXPERIMENT_A_FIXED_SCORE_ORIGINAL5,CCLE-65-Topotecan-LUNG,FULL,HILL|AUC|JENKS,1,1,1.0,0.8147371345515935,0.9243382556941347,0.8202738080874121,0.06506765800611318,1.0,0.7248833712678506,0.7248833712678506,87,87,87,0,57,57
CCLE_EXPERIMENT_A_FIXED_SCORE_ORIGINAL5,CCLE-65-Topotecan-LUNG,FULL,HILL|AUC|KMEANS,1,1,1.0,0.8147371345515935,0.9242127549796568,0.8192752804726945,0.06506765800611318,1.0,0.7246585656020116,0.7246585656020116,87,87,87,0,58,58
CCLE_EXPERIMENT_A_FIXED_SCORE_ORIGINAL5,CCLE-65-Topotecan-LUNG,FULL,HILL|AUC|WARD,1,1,1.0,0.800688106847091,0.9509328979686679,0.973601874423118,0.06506765800611318,1.0,0.758058107448998,0.758058107448998,87,87,87,0,44,44
CCLE_EXPERIMENT_A_FIXED_SCORE_ORIGINAL5,CCLE-65-Topotecan-LUNG,FULL,HILL|AUC|TIED_GMM,1,1,1.0,0.7903115156890269,0.9910044788129401,0.987718831694963,0.06506765800611318,1.0,0.7668204968406086,0.7668204968406086,87,87,87,0,30,30
CCLE_EXPERIMENT_A_FIXED_SCORE_ORIGINAL5,CCLE-65-Topotecan-LUNG,FULL,LOGISTIC|IC50|TERTILES,1,0,0.0,,,,,,,0.0,87,0,0,0,,62
CCLE_EXPERIMENT_A_FIXED_SCORE_ORIGINAL5,CCLE-65-Topotecan-LUNG,FULL,LOGISTIC|IC50|JENKS,1,0,0.0,,,,,,,0.0,87,0,0,0,,62
CCLE_EXPERIMENT_A_FIXED_SCORE_ORIGINAL5,CCLE-65-Topotecan-LUNG,FULL,LOGISTIC|IC50|KMEANS,1,0,0.0,,,,,,,0.0,87,0,0,0,,62
CCLE_EXPERIMENT_A_FIXED_SCORE_ORIGINAL5,CCLE-65-Topotecan-LUNG,FULL,LOGISTIC|IC50|WARD,1,0,0.0,,,,,,,0.0,87,0,0,0,,62
CCLE_EXPERIMENT_A_FIXED_SCORE_ORIGINAL5,CCLE-65-Topotecan-LUNG,FULL,LOGISTIC|IC50|TIED_GMM,1,0,0.0,,,,,,,0.0,87,0,0,0,,62
CCLE_EXPERIMENT_A_FIXED_SCORE_ORIGINAL5,CCLE-65-Topotecan-LUNG,FULL,LOGISTIC|EC50|TERTILES,1,1,1.0,0.6298525754247333,0.9910283828676044,0.9884389155567576,0.029871177495206794,1.0,0.7278382102688604,0.7278382102688604,87,87,87,0,56,56
CCLE_EXPERIMENT_A_FIXED_SCORE_ORIGINAL5,CCLE-65-Topotecan-LUNG,FULL,LOGISTIC|EC50|JENKS,1,1,1.0,0.8966347469111179,0.9949671068907687,1.0,0.029871177495206794,1.0,0.7842946062594187,0.7842946062594187,87,87,87,0,20,20
CCLE_EXPERIMENT_A_FIXED_SCORE_ORIGINAL5,CCLE-65-Topotecan-LUNG,FULL,LOGISTIC|EC50|KMEANS,1,1,1.0,0.8966347469111179,0.9949671068907687,1.0,0.029871177495206794,1.0,0.7842946062594187,0.7842946062594187,87,87,87,0,20,20
CCLE_EXPERIMENT_A_FIXED_SCORE_ORIGINAL5,CCLE-65-Topotecan-LUNG,FULL,LOGISTIC|EC50|WARD,1,1,1.0,0.8786758899245567,0.9924525789757558,0.9991974317817015,0.029871177495206794,1.0,0.7800394156354441,0.7800394156354441,87,87,87,0,23,23
CCLE_EXPERIMENT_A_FIXED_SCORE_ORIGINAL5,CCLE-65-Topotecan-LUNG,FULL,LOGISTIC|EC50|TIED_GMM,1,1,1.0,0.8939111801451326,0.9945070789293103,0.9940214430599826,0.029871177495206794,1.0,0.7824621759259265,0.7824621759259265,87,87,87,0,22,22
CCLE_EXPERIMENT_A_FIXED_SCORE_ORIGINAL5,CCLE-65-Topotecan-LUNG,FULL,LOGISTIC|EMAX|TERTILES,1,1,1.0,0.6383247015341135,0.9995366526943589,0.9884389155567576,0.029871177495206794,1.0,0.7312342894560874,0.7312342894560874,87,87,87,0,55,55
CCLE_EXPERIMENT_A_FIXED_SCORE_ORIGINAL5,CCLE-65-Topotecan-LUNG,FULL,LOGISTIC|EMAX|JENKS,1,1,1.0,0.8222795180035365,0.9829753859683935,0.9928305013542902,0.029871177495206794,1.0,0.7655913165642854,0.7655913165642854,87,87,87,0,32,32
CCLE_EXPERIMENT_A_FIXED_SCORE_ORIGINAL5,CCLE-65-Topotecan-LUNG,FULL,LOGISTIC|EMAX|KMEANS,1,1,1.0,0.8222795180035365,0.982800528413724,0.9910386681237938,0.029871177495206794,1.0,0.7651979784072522,0.7651979784072522,87,87,87,0,35,35
CCLE_EXPERIMENT_A_FIXED_SCORE_ORIGINAL5,CCLE-65-Topotecan-LUNG,FULL,LOGISTIC|EMAX|WARD,1,1,1.0,0.8216444768322295,0.9825475534217344,0.9792118204188699,0.029871177495206794,1.0,0.7626550056336081,0.7626550056336081,87,87,87,0,41,41
CCLE_EXPERIMENT_A_FIXED_SCORE_ORIGINAL5,CCLE-65-Topotecan-LUNG,FULL,LOGISTIC|EMAX|TIED_GMM,1,1,1.0,0.7609174372223138,0.9852829803910472,0.9773328964149907,0.029871177495206794,1.0,0.7506808983047117,0.7506808983047117,87,87,87,0,48,48
CCLE_EXPERIMENT_A_FIXED_SCORE_ORIGINAL5,CCLE-65-Topotecan-LUNG,FULL,LOGISTIC|AUC|TERTILES,1,1,1.0,0.7218870905143245,0.9959121121551898,0.9826589595375722,0.029871177495206794,1.0,0.7460658679404586,0.7460658679404586,87,87,87,0,51,51
CCLE_EXPERIMENT_A_FIXED_SCORE_ORIGINAL5,CCLE-65-Topotecan-LUNG,FULL,LOGISTIC|AUC|JENKS,1,1,1.0,0.8235211466803994,0.9821830584884094,0.990639596553585,0.029871177495206794,1.0,0.7652429958435201,0.7652429958435201,87,87,87,0,33,33
CCLE_EXPERIMENT_A_FIXED_SCORE_ORIGINAL5,CCLE-65-Topotecan-LUNG,FULL,LOGISTIC|AUC|KMEANS,1,1,1.0,0.8235211466803994,0.9821830584884094,0.990639596553585,0.029871177495206794,1.0,0.7652429958435201,0.7652429958435201,87,87,87,0,33,33
CCLE_EXPERIMENT_A_FIXED_SCORE_ORIGINAL5,CCLE-65-Topotecan-LUNG,FULL,LOGISTIC|AUC|WARD,1,1,1.0,0.7988623211417131,0.9494463955903756,0.8338648196483646,0.029871177495206794,1.0,0.722408942775132,0.722408942775132,87,87,87,0,59,59
CCLE_EXPERIMENT_A_FIXED_SCORE_ORIGINAL5,CCLE-65-Topotecan-LUNG,FULL,LOGISTIC|AUC|TIED_GMM,1,1,1.0,0.8033665801031824,0.9806342576544084,0.9810349524229985,0.029871177495206794,1.0,0.7589813935351593,0.7589813935351593,87,87,87,0,42,42
CCLE_EXPERIMENT_A_FIXED_SCORE_ORIGINAL5,CCLE-65-Topotecan-LUNG,FULL,WEIBULL|IC50|TERTILES,1,0,0.0,,,,,,,0.0,87,0,0,0,,62
CCLE_EXPERIMENT_A_FIXED_SCORE_ORIGINAL5,CCLE-65-Topotecan-LUNG,FULL,WEIBULL|IC50|JENKS,1,0,0.0,,,,,,,0.0,87,0,0,0,,62
CCLE_EXPERIMENT_A_FIXED_SCORE_ORIGINAL5,CCLE-65-Topotecan-LUNG,FULL,WEIBULL|IC50|KMEANS,1,0,0.0,,,,,,,0.0,87,0,0,0,,62
CCLE_EXPERIMENT_A_FIXED_SCORE_ORIGINAL5,CCLE-65-Topotecan-LUNG,FULL,WEIBULL|IC50|WARD,1,0,0.0,,,,,,,0.0,87,0,0,0,,62
CCLE_EXPERIMENT_A_FIXED_SCORE_ORIGINAL5,CCLE-65-Topotecan-LUNG,FULL,WEIBULL|IC50|TIED_GMM,1,0,0.0,,,,,,,0.0,87,0,0,0,,62
CCLE_EXPERIMENT_A_FIXED_SCORE_ORIGINAL5,CCLE-65-Topotecan-LUNG,FULL,WEIBULL|EC50|TERTILES,1,1,1.0,0.576167384142048,0.9949969822053285,0.9941520467836257,0.040189085019831414,1.0,0.7211010996301667,0.7211010996301667,87,87,87,0,60,60
CCLE_EXPERIMENT_A_FIXED_SCORE_ORIGINAL5,CCLE-65-Topotecan-LUNG,FULL,WEIBULL|EC50|JENKS,1,1,1.0,0.8755328623430465,0.9816359340987171,0.9868027795419734,0.040189085019831414,1.0,0.7768321322007137,0.7768321322007137,87,87,87,0,26,26
CCLE_EXPERIMENT_A_FIXED_SCORE_ORIGINAL5,CCLE-65-Topotecan-LUNG,FULL,WEIBULL|EC50|KMEANS,1,1,1.0,0.8755328623430465,0.9815672646113034,0.9865407312599458,0.040189085019831414,1.0,0.7767659886468254,0.7767659886468254,87,87,87,0,27,27
CCLE_EXPERIMENT_A_FIXED_SCORE_ORIGINAL5,CCLE-65-Topotecan-LUNG,FULL,WEIBULL|EC50|WARD,1,1,1.0,0.8726881649427247,0.969411101025357,0.9769446717719042,0.040189085019831414,1.0,0.7718466045519634,0.7718466045519634,87,87,87,0,28,28
CCLE_EXPERIMENT_A_FIXED_SCORE_ORIGINAL5,CCLE-65-Topotecan-LUNG,FULL,WEIBULL|EC50|TIED_GMM,1,1,1.0,0.8654284437361007,0.9870678473156911,0.9994650976196844,0.040189085019831414,1.0,0.7784300947382615,0.7784300947382615,87,87,87,0,24,24
CCLE_EXPERIMENT_A_FIXED_SCORE_ORIGINAL5,CCLE-65-Topotecan-LUNG,FULL,WEIBULL|EMAX|TERTILES,1,1,1.0,0.6416249085235136,0.9977920281259121,0.9826589595375722,0.040189085019831414,1.0,0.7324529962413658,0.7324529962413658,87,87,87,0,54,54
CCLE_EXPERIMENT_A_FIXED_SCORE_ORIGINAL5,CCLE-65-Topotecan-LUNG,FULL,WEIBULL|EMAX|JENKS,1,1,1.0,0.8217723024121516,0.9846291795637924,0.9912380828395214,0.040189085019831414,1.0,0.7675657299670593,0.7675657299670593,87,87,87,0,29,29
CCLE_EXPERIMENT_A_FIXED_SCORE_ORIGINAL5,CCLE-65-Topotecan-LUNG,FULL,WEIBULL|EMAX|KMEANS,1,1,1.0,0.8217723024121516,0.9838836806161423,0.9767457220903846,0.040189085019831414,1.0,0.764518158027702,0.764518158027702,87,87,87,0,36,36
CCLE_EXPERIMENT_A_FIXED_SCORE_ORIGINAL5,CCLE-65-Topotecan-LUNG,FULL,WEIBULL|EMAX|WARD,1,1,1.0,0.7694073623383283,0.9468285504290005,0.9616466869060085,0.040189085019831414,1.0,0.7436143369386337,0.7436143369386337,87,87,87,0,52,52
CCLE_EXPERIMENT_A_FIXED_SCORE_ORIGINAL5,CCLE-65-Topotecan-LUNG,FULL,WEIBULL|EMAX|TIED_GMM,1,1,1.0,0.7785803910935845,0.9846497786315781,0.9711516945661447,0.040189085019831414,1.0,0.7549141898622278,0.7549141898622278,87,87,87,0,47,47
CCLE_EXPERIMENT_A_FIXED_SCORE_ORIGINAL5,CCLE-65-Topotecan-LUNG,FULL,WEIBULL|AUC|TERTILES,1,1,1.0,0.7274837845791639,0.9959190039514518,0.9884389155567576,0.040189085019831414,1.0,0.7504061578214409,0.7504061578214409,87,87,87,0,49,49
CCLE_EXPERIMENT_A_FIXED_SCORE_ORIGINAL5,CCLE-65-Topotecan-LUNG,FULL,WEIBULL|AUC|JENKS,1,1,1.0,0.820600847897857,0.9711027579203733,0.9874353564960887,0.040189085019831414,1.0,0.7638656094668301,0.7638656094668301,87,87,87,0,38,38
CCLE_EXPERIMENT_A_FIXED_SCORE_ORIGINAL5,CCLE-65-Topotecan-LUNG,FULL,WEIBULL|AUC|KMEANS,1,1,1.0,0.820600847897857,0.9711027579203733,0.9874353564960887,0.040189085019831414,1.0,0.7638656094668301,0.7638656094668301,87,87,87,0,38,38
CCLE_EXPERIMENT_A_FIXED_SCORE_ORIGINAL5,CCLE-65-Topotecan-LUNG,FULL,WEIBULL|AUC|WARD,1,1,1.0,0.8136588969310793,0.9631873005612288,0.927769784172662,0.040189085019831414,1.0,0.7489610133369603,0.7489610133369603,87,87,87,0,50,50
CCLE_EXPERIMENT_A_FIXED_SCORE_ORIGINAL5,CCLE-65-Topotecan-LUNG,FULL,WEIBULL|AUC|TIED_GMM,1,1,1.0,0.793397453939008,0.984347356596238,0.9740429469807683,0.040189085019831414,1.0,0.7583953685071692,0.7583953685071692,87,87,87,0,43,43
CCLE_EXPERIMENT_A_FIXED_SCORE_ORIGINAL5,CCLE-51-PLX4720-SKIN,FULL,TRIOS,1,1,1.0,0.8892761257355457,0.9964526335349044,1.0,0.5550887417587755,1.0,0.8881635002058452,0.8881635002058452,32,32,32,0,1,1
CCLE_EXPERIMENT_A_FIXED_SCORE_ORIGINAL5,CCLE-51-PLX4720-SKIN,FULL,EMAX|IC50|TERTILES,1,0,0.0,,,,,,,0.0,32,0,0,0,,62
CCLE_EXPERIMENT_A_FIXED_SCORE_ORIGINAL5,CCLE-51-PLX4720-SKIN,FULL,EMAX|IC50|JENKS,1,0,0.0,,,,,,,0.0,32,0,0,0,,62
CCLE_EXPERIMENT_A_FIXED_SCORE_ORIGINAL5,CCLE-51-PLX4720-SKIN,FULL,EMAX|IC50|KMEANS,1,0,0.0,,,,,,,0.0,32,0,0,0,,62
CCLE_EXPERIMENT_A_FIXED_SCORE_ORIGINAL5,CCLE-51-PLX4720-SKIN,FULL,EMAX|IC50|WARD,1,0,0.0,,,,,,,0.0,32,0,0,0,,62
CCLE_EXPERIMENT_A_FIXED_SCORE_ORIGINAL5,CCLE-51-PLX4720-SKIN,FULL,EMAX|IC50|TIED_GMM,1,0,0.0,,,,,,,0.0,32,0,0,0,,62
CCLE_EXPERIMENT_A_FIXED_SCORE_ORIGINAL5,CCLE-51-PLX4720-SKIN,FULL,EMAX|EC50|TERTILES,1,1,1.0,0.7824075229826898,0.9832925060720454,0.9893020886398369,0.30733737549115825,1.0,0.8124678986371461,0.8124678986371461,32,32,32,0,14,14
CCLE_EXPERIMENT_A_FIXED_SCORE_ORIGINAL5,CCLE-51-PLX4720-SKIN,FULL,EMAX|EC50|JENKS,1,1,1.0,0.9531401519964223,0.9883082354324457,0.9969666329625885,0.30733737549115825,1.0,0.849150479176523,0.849150479176523,32,32,32,0,3,3
CCLE_EXPERIMENT_A_FIXED_SCORE_ORIGINAL5,CCLE-51-PLX4720-SKIN,FULL,EMAX|EC50|KMEANS,1,1,1.0,0.9531401519964223,0.9883082354324457,0.9969666329625885,0.30733737549115825,1.0,0.849150479176523,0.849150479176523,32,32,32,0,3,3
CCLE_EXPERIMENT_A_FIXED_SCORE_ORIGINAL5,CCLE-51-PLX4720-SKIN,FULL,EMAX|EC50|WARD,1,1,1.0,0.9531401519964223,0.9912361676715933,1.0,0.30733737549115825,1.0,0.8503427390318347,0.8503427390318347,32,32,32,0,2,2
CCLE_EXPERIMENT_A_FIXED_SCORE_ORIGINAL5,CCLE-51-PLX4720-SKIN,FULL,EMAX|EC50|TIED_GMM,1,1,1.0,0.9497243780453306,0.9870719645804981,0.9489931107578166,0.30733737549115825,1.0,0.8386253657749606,0.8386253657749606,32,32,32,0,5,5
CCLE_EXPERIMENT_A_FIXED_SCORE_ORIGINAL5,CCLE-51-PLX4720-SKIN,FULL,EMAX|EMAX|TERTILES,1,1,1.0,0.7716949425700781,0.9913193553006727,0.9737642339544512,0.30733737549115825,1.0,0.808823181463272,0.808823181463272,32,32,32,0,15,15
CCLE_EXPERIMENT_A_FIXED_SCORE_ORIGINAL5,CCLE-51-PLX4720-SKIN,FULL,EMAX|EMAX|JENKS,1,1,1.0,0.8779694651733173,0.9709150445528292,0.9762519359834796,0.30733737549115825,1.0,0.826494764240157,0.826494764240157,32,32,32,0,11,11
CCLE_EXPERIMENT_A_FIXED_SCORE_ORIGINAL5,CCLE-51-PLX4720-SKIN,FULL,EMAX|EMAX|KMEANS,1,1,1.0,0.8779694651733173,0.9636433099035522,0.9752583979328167,0.30733737549115825,1.0,0.8248417097001688,0.8248417097001688,32,32,32,0,12,12
CCLE_EXPERIMENT_A_FIXED_SCORE_ORIGINAL5,CCLE-51-PLX4720-SKIN,FULL,EMAX|EMAX|WARD,1,1,1.0,0.8779494066786305,0.9917554322610763,0.9994957135653051,0.30733737549115825,1.0,0.835307585599234,0.835307585599234,32,32,32,0,9,9
CCLE_EXPERIMENT_A_FIXED_SCORE_ORIGINAL5,CCLE-51-PLX4720-SKIN,FULL,EMAX|EMAX|TIED_GMM,1,1,1.0,0.8779494066786305,0.98134267059941,0.993404363267377,0.30733737549115825,1.0,0.8320067632073151,0.8320067632073151,32,32,32,0,10,10
CCLE_EXPERIMENT_A_FIXED_SCORE_ORIGINAL5,CCLE-51-PLX4720-SKIN,FULL,EMAX|AUC|TERTILES,1,1,1.0,0.84486204928198,0.9923090843519872,0.9737642339544512,0.30733737549115825,1.0,0.8236545486159151,0.8236545486159151,32,32,32,0,13,13
CCLE_EXPERIMENT_A_FIXED_SCORE_ORIGINAL5,CCLE-51-PLX4720-SKIN,FULL,EMAX|AUC|JENKS,1,1,1.0,0.8807304399902318,0.9980273335644455,1.0,0.30733737549115825,1.0,0.8372190298091671,0.8372190298091671,32,32,32,0,6,6
CCLE_EXPERIMENT_A_FIXED_SCORE_ORIGINAL5,CCLE-51-PLX4720-SKIN,FULL,EMAX|AUC|KMEANS,1,1,1.0,0.8807304399902318,0.9980273335644455,1.0,0.30733737549115825,1.0,0.8372190298091671,0.8372190298091671,32,32,32,0,6,6
CCLE_EXPERIMENT_A_FIXED_SCORE_ORIGINAL5,CCLE-51-PLX4720-SKIN,FULL,EMAX|AUC|WARD,1,1,1.0,0.8807304399902318,0.9980273335644455,1.0,0.30733737549115825,1.0,0.8372190298091671,0.8372190298091671,32,32,32,0,6,6
CCLE_EXPERIMENT_A_FIXED_SCORE_ORIGINAL5,CCLE-51-PLX4720-SKIN,FULL,EMAX|AUC|TIED_GMM,1,1,1.0,0.8096585486080653,0.8396111895987451,0.7330756013745704,0.30733737549115825,1.0,0.7379365430145078,0.7379365430145078,32,32,32,0,58,58
CCLE_EXPERIMENT_A_FIXED_SCORE_ORIGINAL5,CCLE-51-PLX4720-SKIN,FULL,HILL|IC50|TERTILES,1,0,0.0,,,,,,,0.0,32,0,0,0,,62
CCLE_EXPERIMENT_A_FIXED_SCORE_ORIGINAL5,CCLE-51-PLX4720-SKIN,FULL,HILL|IC50|JENKS,1,0,0.0,,,,,,,0.0,32,0,0,0,,62
CCLE_EXPERIMENT_A_FIXED_SCORE_ORIGINAL5,CCLE-51-PLX4720-SKIN,FULL,HILL|IC50|KMEANS,1,0,0.0,,,,,,,0.0,32,0,0,0,,62
CCLE_EXPERIMENT_A_FIXED_SCORE_ORIGINAL5,CCLE-51-PLX4720-SKIN,FULL,HILL|IC50|WARD,1,0,0.0,,,,,,,0.0,32,0,0,0,,62
CCLE_EXPERIMENT_A_FIXED_SCORE_ORIGINAL5,CCLE-51-PLX4720-SKIN,FULL,HILL|IC50|TIED_GMM,1,0,0.0,,,,,,,0.0,32,0,0,0,,62
CCLE_EXPERIMENT_A_FIXED_SCORE_ORIGINAL5,CCLE-51-PLX4720-SKIN,FULL,HILL|EC50|TERTILES,1,1,1.0,0.5758187895859149,0.9866498388984076,0.9577196212519726,0.0643693575061285,1.0,0.7169115214484847,0.7169115214484847,32,32,32,0,60,60
CCLE_EXPERIMENT_A_FIXED_SCORE_ORIGINAL5,CCLE-51-PLX4720-SKIN,FULL,HILL|EC50|JENKS,1,1,1.0,0.9627354174311851,0.9881127791372144,1.0,0.0643693575061285,1.0,0.8030435108149057,0.8030435108149057,32,32,32,0,16,16
CCLE_EXPERIMENT_A_FIXED_SCORE_ORIGINAL5,CCLE-51-PLX4720-SKIN,FULL,HILL|EC50|KMEANS,1,1,1.0,0.9627354174311851,0.9881127791372144,1.0,0.0643693575061285,1.0,0.8030435108149057,0.8030435108149057,32,32,32,0,16,16
CCLE_EXPERIMENT_A_FIXED_SCORE_ORIGINAL5,CCLE-51-PLX4720-SKIN,FULL,HILL|EC50|WARD,1,1,1.0,0.9627354174311851,0.9881127791372144,1.0,0.0643693575061285,1.0,0.8030435108149057,0.8030435108149057,32,32,32,0,16,16
CCLE_EXPERIMENT_A_FIXED_SCORE_ORIGINAL5,CCLE-51-PLX4720-SKIN,FULL,HILL|EC50|TIED_GMM,1,1,1.0,0.9627354174311851,0.9881127791372144,1.0,0.0643693575061285,1.0,0.8030435108149057,0.8030435108149057,32,32,32,0,16,16
CCLE_EXPERIMENT_A_FIXED_SCORE_ORIGINAL5,CCLE-51-PLX4720-SKIN,FULL,HILL|EMAX|TERTILES,1,1,1.0,0.7723905641948684,0.9930762570717355,0.9893020886398369,0.0643693575061285,1.0,0.7638276534825139,0.7638276534825139,32,32,32,0,53,53
CCLE_EXPERIMENT_A_FIXED_SCORE_ORIGINAL5,CCLE-51-PLX4720-SKIN,FULL,HILL|EMAX|JENKS,1,1,1.0,0.8976611429525423,0.9891385977097796,0.966796875,0.0643693575061285,1.0,0.78359319463369,0.78359319463369,32,32,32,0,28,28
CCLE_EXPERIMENT_A_FIXED_SCORE_ORIGINAL5,CCLE-51-PLX4720-SKIN,FULL,HILL|EMAX|KMEANS,1,1,1.0,0.8976611429525423,0.9891385977097796,0.966796875,0.0643693575061285,1.0,0.78359319463369,0.78359319463369,32,32,32,0,28,28
CCLE_EXPERIMENT_A_FIXED_SCORE_ORIGINAL5,CCLE-51-PLX4720-SKIN,FULL,HILL|EMAX|WARD,1,1,1.0,0.8862353712862746,0.9749479433983814,0.9448548988285411,0.0643693575061285,1.0,0.7740815142038652,0.7740815142038652,32,32,32,0,39,39
CCLE_EXPERIMENT_A_FIXED_SCORE_ORIGINAL5,CCLE-51-PLX4720-SKIN,FULL,HILL|EMAX|TIED_GMM,1,1,1.0,0.8965653863366316,0.9720311851641312,0.9271397616468038,0.0643693575061285,1.0,0.772021138130739,0.772021138130739,32,32,32,0,42,42
CCLE_EXPERIMENT_A_FIXED_SCORE_ORIGINAL5,CCLE-51-PLX4720-SKIN,FULL,HILL|AUC|TERTILES,1,1,1.0,0.8415358521682632,0.9913788821523971,0.9737642339544512,0.0643693575061285,1.0,0.774209665156248,0.774209665156248,32,32,32,0,38,38
CCLE_EXPERIMENT_A_FIXED_SCORE_ORIGINAL5,CCLE-51-PLX4720-SKIN,FULL,HILL|AUC|JENKS,1,1,1.0,0.8632638027292091,0.9179007927566375,0.9242093784078517,0.0643693575061285,1.0,0.7539486662799654,0.7539486662799654,32,32,32,0,56,56
CCLE_EXPERIMENT_A_FIXED_SCORE_ORIGINAL5,CCLE-51-PLX4720-SKIN,FULL,HILL|AUC|KMEANS,1,1,1.0,0.8632638027292091,0.9179007927566375,0.9242093784078517,0.0643693575061285,1.0,0.7539486662799654,0.7539486662799654,32,32,32,0,56,56
CCLE_EXPERIMENT_A_FIXED_SCORE_ORIGINAL5,CCLE-51-PLX4720-SKIN,FULL,HILL|AUC|WARD,1,1,1.0,0.8559414118266583,0.9592486489076566,0.975755423553719,0.0643693575061285,1.0,0.7710629683588325,0.7710629683588325,32,32,32,0,44,44
CCLE_EXPERIMENT_A_FIXED_SCORE_ORIGINAL5,CCLE-51-PLX4720-SKIN,FULL,HILL|AUC|TIED_GMM,1,1,1.0,0.8561034165225077,0.980903168629909,0.9717647821576764,0.0643693575061285,1.0,0.7746281449632443,0.7746281449632443,32,32,32,0,37,37
CCLE_EXPERIMENT_A_FIXED_SCORE_ORIGINAL5,CCLE-51-PLX4720-SKIN,FULL,LOGISTIC|IC50|TERTILES,1,0,0.0,,,,,,,0.0,32,0,0,0,,62
CCLE_EXPERIMENT_A_FIXED_SCORE_ORIGINAL5,CCLE-51-PLX4720-SKIN,FULL,LOGISTIC|IC50|JENKS,1,0,0.0,,,,,,,0.0,32,0,0,0,,62
CCLE_EXPERIMENT_A_FIXED_SCORE_ORIGINAL5,CCLE-51-PLX4720-SKIN,FULL,LOGISTIC|IC50|KMEANS,1,0,0.0,,,,,,,0.0,32,0,0,0,,62
CCLE_EXPERIMENT_A_FIXED_SCORE_ORIGINAL5,CCLE-51-PLX4720-SKIN,FULL,LOGISTIC|IC50|WARD,1,0,0.0,,,,,,,0.0,32,0,0,0,,62
CCLE_EXPERIMENT_A_FIXED_SCORE_ORIGINAL5,CCLE-51-PLX4720-SKIN,FULL,LOGISTIC|IC50|TIED_GMM,1,0,0.0,,,,,,,0.0,32,0,0,0,,62
CCLE_EXPERIMENT_A_FIXED_SCORE_ORIGINAL5,CCLE-51-PLX4720-SKIN,FULL,LOGISTIC|EC50|TERTILES,1,1,1.0,0.5825352989823114,0.9922050747542115,0.9737642339544512,0.03333454693609807,1.0,0.7163678309254145,0.7163678309254145,32,32,32,0,61,61
CCLE_EXPERIMENT_A_FIXED_SCORE_ORIGINAL5,CCLE-51-PLX4720-SKIN,FULL,LOGISTIC|EC50|JENKS,1,1,1.0,0.9297195234467766,0.9629597397467162,0.9994957135653051,0.03333454693609807,1.0,0.7851019047389791,0.7851019047389791,32,32,32,0,25,25
CCLE_EXPERIMENT_A_FIXED_SCORE_ORIGINAL5,CCLE-51-PLX4720-SKIN,FULL,LOGISTIC|EC50|KMEANS,1,1,1.0,0.9297195234467766,0.9629597397467162,0.9994957135653051,0.03333454693609807,1.0,0.7851019047389791,0.7851019047389791,32,32,32,0,25,25
CCLE_EXPERIMENT_A_FIXED_SCORE_ORIGINAL5,CCLE-51-PLX4720-SKIN,FULL,LOGISTIC|EC50|WARD,1,1,1.0,0.9297195234467766,0.9629597397467162,0.9994957135653051,0.03333454693609807,1.0,0.7851019047389791,0.7851019047389791,32,32,32,0,25,25
CCLE_EXPERIMENT_A_FIXED_SCORE_ORIGINAL5,CCLE-51-PLX4720-SKIN,FULL,LOGISTIC|EC50|TIED_GMM,1,1,1.0,0.9297195234467766,0.9844280667472639,1.0,0.03333454693609807,1.0,0.7894964274260278,0.7894964274260278,32,32,32,0,24,24
CCLE_EXPERIMENT_A_FIXED_SCORE_ORIGINAL5,CCLE-51-PLX4720-SKIN,FULL,LOGISTIC|EMAX|TERTILES,1,1,1.0,0.7590452354073244,0.9935474914594139,0.9893020886398369,0.03333454693609807,1.0,0.7550458724885346,0.7550458724885346,32,32,32,0,55,55
CCLE_EXPERIMENT_A_FIXED_SCORE_ORIGINAL5,CCLE-51-PLX4720-SKIN,FULL,LOGISTIC|EMAX|JENKS,1,1,1.0,0.8929340959109434,0.9882606077557738,0.9653755868544601,0.03333454693609807,1.0,0.7759809674914551,0.7759809674914551,32,32,32,0,34,34
CCLE_EXPERIMENT_A_FIXED_SCORE_ORIGINAL5,CCLE-51-PLX4720-SKIN,FULL,LOGISTIC|EMAX|KMEANS,1,1,1.0,0.8929340959109434,0.9882606077557738,0.9653755868544601,0.03333454693609807,1.0,0.7759809674914551,0.7759809674914551,32,32,32,0,34,34
CCLE_EXPERIMENT_A_FIXED_SCORE_ORIGINAL5,CCLE-51-PLX4720-SKIN,FULL,LOGISTIC|EMAX|WARD,1,1,1.0,0.8774926253938312,0.9727832378507522,0.9816799281314168,0.03333454693609807,1.0,0.7730580676624197,0.7730580676624197,32,32,32,0,40,40
CCLE_EXPERIMENT_A_FIXED_SCORE_ORIGINAL5,CCLE-51-PLX4720-SKIN,FULL,LOGISTIC|EMAX|TIED_GMM,1,1,1.0,0.8905237766358105,0.9740246973310267,0.9653755868544601,0.03333454693609807,1.0,0.7726517215514791,0.7726517215514791,32,32,32,0,41,41
CCLE_EXPERIMENT_A_FIXED_SCORE_ORIGINAL5,CCLE-51-PLX4720-SKIN,FULL,LOGISTIC|AUC|TERTILES,1,1,1.0,0.8422595132942381,0.9920105565716291,0.9893020886398369,0.03333454693609807,1.0,0.7713813410883604,0.7713813410883604,32,32,32,0,43,43
CCLE_EXPERIMENT_A_FIXED_SCORE_ORIGINAL5,CCLE-51-PLX4720-SKIN,FULL,LOGISTIC|AUC|JENKS,1,1,1.0,0.8676071972367176,0.9497170427856172,0.984646878198567,0.03333454693609807,1.0,0.7670611330314,0.7670611330314,32,32,32,0,50,50
CCLE_EXPERIMENT_A_FIXED_SCORE_ORIGINAL5,CCLE-51-PLX4720-SKIN,FULL,LOGISTIC|AUC|KMEANS,1,1,1.0,0.8676071972367176,0.9497170427856172,0.984646878198567,0.03333454693609807,1.0,0.7670611330314,0.7670611330314,32,32,32,0,50,50
CCLE_EXPERIMENT_A_FIXED_SCORE_ORIGINAL5,CCLE-51-PLX4720-SKIN,FULL,LOGISTIC|AUC|WARD,1,1,1.0,0.8521948193850337,0.9971769360261915,1.0,0.03333454693609807,1.0,0.7765412604694647,0.7765412604694647,32,32,32,0,33,33
CCLE_EXPERIMENT_A_FIXED_SCORE_ORIGINAL5,CCLE-51-PLX4720-SKIN,FULL,LOGISTIC|AUC|TIED_GMM,1,1,1.0,0.8593411934910211,0.9836422803469765,0.9747608583247156,0.03333454693609807,1.0,0.7702157758197623,0.7702157758197623,32,32,32,0,45,45
CCLE_EXPERIMENT_A_FIXED_SCORE_ORIGINAL5,CCLE-51-PLX4720-SKIN,FULL,WEIBULL|IC50|TERTILES,1,0,0.0,,,,,,,0.0,32,0,0,0,,62
CCLE_EXPERIMENT_A_FIXED_SCORE_ORIGINAL5,CCLE-51-PLX4720-SKIN,FULL,WEIBULL|IC50|JENKS,1,0,0.0,,,,,,,0.0,32,0,0,0,,62
CCLE_EXPERIMENT_A_FIXED_SCORE_ORIGINAL5,CCLE-51-PLX4720-SKIN,FULL,WEIBULL|IC50|KMEANS,1,0,0.0,,,,,,,0.0,32,0,0,0,,62
CCLE_EXPERIMENT_A_FIXED_SCORE_ORIGINAL5,CCLE-51-PLX4720-SKIN,FULL,WEIBULL|IC50|WARD,1,0,0.0,,,,,,,0.0,32,0,0,0,,62
CCLE_EXPERIMENT_A_FIXED_SCORE_ORIGINAL5,CCLE-51-PLX4720-SKIN,FULL,WEIBULL|IC50|TIED_GMM,1,0,0.0,,,,,,,0.0,32,0,0,0,,62
CCLE_EXPERIMENT_A_FIXED_SCORE_ORIGINAL5,CCLE-51-PLX4720-SKIN,FULL,WEIBULL|EC50|TERTILES,1,1,1.0,0.591893686465172,0.9850501288873292,0.9737642339544512,0.039869978307839726,1.0,0.7181156055229584,0.7181156055229584,32,32,32,0,59,59
CCLE_EXPERIMENT_A_FIXED_SCORE_ORIGINAL5,CCLE-51-PLX4720-SKIN,FULL,WEIBULL|EC50|JENKS,1,1,1.0,0.9620073404250301,0.9797832566930443,0.9811890087313816,0.039869978307839726,1.0,0.7925699168314592,0.7925699168314592,32,32,32,0,23,23
CCLE_EXPERIMENT_A_FIXED_SCORE_ORIGINAL5,CCLE-51-PLX4720-SKIN,FULL,WEIBULL|EC50|KMEANS,1,1,1.0,0.9620073404250301,0.9797005351422152,0.9816799281314168,0.039869978307839726,1.0,0.7926515564013004,0.7926515564013004,32,32,32,0,22,22
CCLE_EXPERIMENT_A_FIXED_SCORE_ORIGINAL5,CCLE-51-PLX4720-SKIN,FULL,WEIBULL|EC50|WARD,1,1,1.0,0.9620073404250301,0.9845013784422533,0.9984856133266027,0.039869978307839726,1.0,0.7969728621003451,0.7969728621003451,32,32,32,0,21,21
CCLE_EXPERIMENT_A_FIXED_SCORE_ORIGINAL5,CCLE-51-PLX4720-SKIN,FULL,WEIBULL|EC50|TIED_GMM,1,1,1.0,0.9620073404250301,0.9974179538743992,1.0,0.039869978307839726,1.0,0.7998590545214539,0.7998590545214539,32,32,32,0,20,20
CCLE_EXPERIMENT_A_FIXED_SCORE_ORIGINAL5,CCLE-51-PLX4720-SKIN,FULL,WEIBULL|EMAX|TERTILES,1,1,1.0,0.7726429218626314,0.9908712869446648,0.9737642339544512,0.039869978307839726,1.0,0.7554296842139174,0.7554296842139174,32,32,32,0,54,54
CCLE_EXPERIMENT_A_FIXED_SCORE_ORIGINAL5,CCLE-51-PLX4720-SKIN,FULL,WEIBULL|EMAX|JENKS,1,1,1.0,0.9014506823361592,0.9914858364167173,0.9841269841269841,0.039869978307839726,1.0,0.78338669623754,0.78338669623754,32,32,32,0,30,30
CCLE_EXPERIMENT_A_FIXED_SCORE_ORIGINAL5,CCLE-51-PLX4720-SKIN,FULL,WEIBULL|EMAX|KMEANS,1,1,1.0,0.9014506823361592,0.9914858364167173,0.9841269841269841,0.039869978307839726,1.0,0.78338669623754,0.78338669623754,32,32,32,0,30,30
CCLE_EXPERIMENT_A_FIXED_SCORE_ORIGINAL5,CCLE-51-PLX4720-SKIN,FULL,WEIBULL|EMAX|WARD,1,1,1.0,0.8838985747410771,0.9715733699619555,0.9806975847893115,0.039869978307839726,1.0,0.7752079015600367,0.7752079015600367,32,32,32,0,36,36
CCLE_EXPERIMENT_A_FIXED_SCORE_ORIGINAL5,CCLE-51-PLX4720-SKIN,FULL,WEIBULL|EMAX|TIED_GMM,1,1,1.0,0.8995206881198126,0.9722044545110607,0.9266937669376695,0.039869978307839726,1.0,0.7676577775752765,0.7676577775752765,32,32,32,0,49,49
CCLE_EXPERIMENT_A_FIXED_SCORE_ORIGINAL5,CCLE-51-PLX4720-SKIN,FULL,WEIBULL|AUC|TERTILES,1,1,1.0,0.84250595018947,0.9913272024078045,0.9737642339544512,0.039869978307839726,1.0,0.7694934729719132,0.7694934729719132,32,32,32,0,46,46
CCLE_EXPERIMENT_A_FIXED_SCORE_ORIGINAL5,CCLE-51-PLX4720-SKIN,FULL,WEIBULL|AUC|JENKS,1,1,1.0,0.8654654015746672,0.9499049926948083,0.984646878198567,0.039869978307839726,1.0,0.7679774501551765,0.7679774501551765,32,32,32,0,47,47
CCLE_EXPERIMENT_A_FIXED_SCORE_ORIGINAL5,CCLE-51-PLX4720-SKIN,FULL,WEIBULL|AUC|KMEANS,1,1,1.0,0.8654654015746672,0.9499049926948083,0.984646878198567,0.039869978307839726,1.0,0.7679774501551765,0.7679774501551765,32,32,32,0,47,47
CCLE_EXPERIMENT_A_FIXED_SCORE_ORIGINAL5,CCLE-51-PLX4720-SKIN,FULL,WEIBULL|AUC|WARD,1,1,1.0,0.8498101036425721,0.9977104680844513,1.0,0.039869978307839726,1.0,0.7774781100069726,0.7774781100069726,32,32,32,0,32,32
CCLE_EXPERIMENT_A_FIXED_SCORE_ORIGINAL5,CCLE-51-PLX4720-SKIN,FULL,WEIBULL|AUC|TIED_GMM,1,1,1.0,0.8616646446021508,0.9849950100358495,0.9383382510729614,0.039869978307839726,1.0,0.7649735768037603,0.7649735768037603,32,32,32,0,52,52
CCLE_EXPERIMENT_A_FIXED_SCORE_ORIGINAL5,CCLE-58-TAE684-HEM,FULL,TRIOS,1,1,1.0,0.8483014267685374,0.9493608594896309,0.8953482280211275,0.5909360694684977,1.0,0.8567893167495587,0.8567893167495587,62,62,62,0,1,1
CCLE_EXPERIMENT_A_FIXED_SCORE_ORIGINAL5,CCLE-58-TAE684-HEM,FULL,EMAX|IC50|TERTILES,1,0,0.0,,,,,,,0.0,62,0,0,0,,62
CCLE_EXPERIMENT_A_FIXED_SCORE_ORIGINAL5,CCLE-58-TAE684-HEM,FULL,EMAX|IC50|JENKS,1,0,0.0,,,,,,,0.0,62,0,0,0,,62
CCLE_EXPERIMENT_A_FIXED_SCORE_ORIGINAL5,CCLE-58-TAE684-HEM,FULL,EMAX|IC50|KMEANS,1,0,0.0,,,,,,,0.0,62,0,0,0,,62
CCLE_EXPERIMENT_A_FIXED_SCORE_ORIGINAL5,CCLE-58-TAE684-HEM,FULL,EMAX|IC50|WARD,1,0,0.0,,,,,,,0.0,62,0,0,0,,62
CCLE_EXPERIMENT_A_FIXED_SCORE_ORIGINAL5,CCLE-58-TAE684-HEM,FULL,EMAX|IC50|TIED_GMM,1,0,0.0,,,,,,,0.0,62,0,0,0,,62
CCLE_EXPERIMENT_A_FIXED_SCORE_ORIGINAL5,CCLE-58-TAE684-HEM,FULL,EMAX|EC50|TERTILES,1,1,1.0,0.8840934058690981,0.9976338049026072,0.9783333551263779,0.25821820263789136,1.0,0.8236557537071949,0.8236557537071949,62,62,62,0,10,10
CCLE_EXPERIMENT_A_FIXED_SCORE_ORIGINAL5,CCLE-58-TAE684-HEM,FULL,EMAX|EC50|JENKS,1,1,1.0,0.9089920189265006,0.9958738697339228,0.9994708994708995,0.25821820263789136,1.0,0.8325109981538429,0.8325109981538429,62,62,62,0,6,6
CCLE_EXPERIMENT_A_FIXED_SCORE_ORIGINAL5,CCLE-58-TAE684-HEM,FULL,EMAX|EC50|KMEANS,1,1,1.0,0.9089920189265006,0.9958738697339228,0.9994708994708995,0.25821820263789136,1.0,0.8325109981538429,0.8325109981538429,62,62,62,0,6,6
CCLE_EXPERIMENT_A_FIXED_SCORE_ORIGINAL5,CCLE-58-TAE684-HEM,FULL,EMAX|EC50|WARD,1,1,1.0,0.8992347745296507,0.9510012028486508,0.950956085094936,0.25821820263789136,1.0,0.8118820530222258,0.8118820530222258,62,62,62,0,14,14
CCLE_EXPERIMENT_A_FIXED_SCORE_ORIGINAL5,CCLE-58-TAE684-HEM,FULL,EMAX|EC50|TIED_GMM,1,1,1.0,0.9067061010680231,0.9938496833773485,0.9982783737253345,0.25821820263789136,1.0,0.8314104721617195,0.8314104721617195,62,62,62,0,8,8
CCLE_EXPERIMENT_A_FIXED_SCORE_ORIGINAL5,CCLE-58-TAE684-HEM,FULL,EMAX|EMAX|TERTILES,1,1,1.0,0.7663464741266128,0.9893812623686483,0.9865079845410294,0.25821820263789136,1.0,0.8000907847348364,0.8000907847348364,62,62,62,0,15,15
CCLE_EXPERIMENT_A_FIXED_SCORE_ORIGINAL5,CCLE-58-TAE684-HEM,FULL,EMAX|EMAX|JENKS,1,1,1.0,0.9184463245008708,0.9984558704495029,1.0,0.25821820263789136,1.0,0.8350240795176529,0.8350240795176529,62,62,62,0,2,2
CCLE_EXPERIMENT_A_FIXED_SCORE_ORIGINAL5,CCLE-58-TAE684-HEM,FULL,EMAX|EMAX|KMEANS,1,1,1.0,0.9184463245008708,0.9984558704495029,1.0,0.25821820263789136,1.0,0.8350240795176529,0.8350240795176529,62,62,62,0,2,2
CCLE_EXPERIMENT_A_FIXED_SCORE_ORIGINAL5,CCLE-58-TAE684-HEM,FULL,EMAX|EMAX|WARD,1,1,1.0,0.9162056417361961,0.9926260095503983,0.999206139190262,0.25821820263789136,1.0,0.8332511986229495,0.8332511986229495,62,62,62,0,5,5
CCLE_EXPERIMENT_A_FIXED_SCORE_ORIGINAL5,CCLE-58-TAE684-HEM,FULL,EMAX|EMAX|TIED_GMM,1,1,1.0,0.9162056417361961,0.9987164845533504,1.0,0.25821820263789136,1.0,0.8346280657854876,0.8346280657854876,62,62,62,0,4,4
CCLE_EXPERIMENT_A_FIXED_SCORE_ORIGINAL5,CCLE-58-TAE684-HEM,FULL,EMAX|AUC|TERTILES,1,1,1.0,0.8255515924068402,0.992110841433215,0.9865079845410294,0.25821820263789136,1.0,0.812477724203795,0.812477724203795,62,62,62,0,13,13
CCLE_EXPERIMENT_A_FIXED_SCORE_ORIGINAL5,CCLE-58-TAE684-HEM,FULL,EMAX|AUC|JENKS,1,1,1.0,0.8752114584543182,0.9912405369311081,0.985981712644573,0.25821820263789136,1.0,0.822130382133578,0.822130382133578,62,62,62,0,11,11
CCLE_EXPERIMENT_A_FIXED_SCORE_ORIGINAL5,CCLE-58-TAE684-HEM,FULL,EMAX|AUC|KMEANS,1,1,1.0,0.8752114584543182,0.9912405369311081,0.985981712644573,0.25821820263789136,1.0,0.822130382133578,0.822130382133578,62,62,62,0,11,11
CCLE_EXPERIMENT_A_FIXED_SCORE_ORIGINAL5,CCLE-58-TAE684-HEM,FULL,EMAX|AUC|WARD,1,1,1.0,0.8396696386698187,0.9419902641397438,0.9420477488162385,0.25821820263789136,1.0,0.7963851708527385,0.7963851708527385,62,62,62,0,16,16
CCLE_EXPERIMENT_A_FIXED_SCORE_ORIGINAL5,CCLE-58-TAE684-HEM,FULL,EMAX|AUC|TIED_GMM,1,1,1.0,0.8752114584543182,0.9926758230508537,0.994015161590637,0.25821820263789136,1.0,0.8240241291467398,0.8240241291467398,62,62,62,0,9,9
CCLE_EXPERIMENT_A_FIXED_SCORE_ORIGINAL5,CCLE-58-TAE684-HEM,FULL,HILL|IC50|TERTILES,1,0,0.0,,,,,,,0.0,62,0,0,0,,62
CCLE_EXPERIMENT_A_FIXED_SCORE_ORIGINAL5,CCLE-58-TAE684-HEM,FULL,HILL|IC50|JENKS,1,0,0.0,,,,,,,0.0,62,0,0,0,,62
CCLE_EXPERIMENT_A_FIXED_SCORE_ORIGINAL5,CCLE-58-TAE684-HEM,FULL,HILL|IC50|KMEANS,1,0,0.0,,,,,,,0.0,62,0,0,0,,62
CCLE_EXPERIMENT_A_FIXED_SCORE_ORIGINAL5,CCLE-58-TAE684-HEM,FULL,HILL|IC50|WARD,1,0,0.0,,,,,,,0.0,62,0,0,0,,62
CCLE_EXPERIMENT_A_FIXED_SCORE_ORIGINAL5,CCLE-58-TAE684-HEM,FULL,HILL|IC50|TIED_GMM,1,0,0.0,,,,,,,0.0,62,0,0,0,,62
CCLE_EXPERIMENT_A_FIXED_SCORE_ORIGINAL5,CCLE-58-TAE684-HEM,FULL,HILL|EC50|TERTILES,1,1,1.0,0.8627788094680591,0.9879161932376997,0.994550046523993,0.06427668320951824,1.0,0.781904346487854,0.781904346487854,62,62,62,0,38,38
CCLE_EXPERIMENT_A_FIXED_SCORE_ORIGINAL5,CCLE-58-TAE684-HEM,FULL,HILL|EC50|JENKS,1,1,1.0,0.882116887907332,0.9681769383930063,0.9679841792780254,0.06427668320951824,1.0,0.7765109377575764,0.7765109377575764,62,62,62,0,42,42
CCLE_EXPERIMENT_A_FIXED_SCORE_ORIGINAL5,CCLE-58-TAE684-HEM,FULL,HILL|EC50|KMEANS,1,1,1.0,0.882116887907332,0.9681769383930063,0.9679841792780254,0.06427668320951824,1.0,0.7765109377575764,0.7765109377575764,62,62,62,0,42,42
CCLE_EXPERIMENT_A_FIXED_SCORE_ORIGINAL5,CCLE-58-TAE684-HEM,FULL,HILL|EC50|WARD,1,1,1.0,0.8633047827514055,0.9127358951880147,0.9012383651876004,0.06427668320951824,1.0,0.7483111452673078,0.7483111452673078,62,62,62,0,53,53
CCLE_EXPERIMENT_A_FIXED_SCORE_ORIGINAL5,CCLE-58-TAE684-HEM,FULL,HILL|EC50|TIED_GMM,1,1,1.0,0.8738662094944223,0.9729772055362366,0.954450542096105,0.06427668320951824,1.0,0.7731141280672564,0.7731141280672564,62,62,62,0,44,44
CCLE_EXPERIMENT_A_FIXED_SCORE_ORIGINAL5,CCLE-58-TAE684-HEM,FULL,HILL|EMAX|TERTILES,1,1,1.0,0.7541824661687365,0.9973544211435936,0.9783333551263779,0.06427668320951824,1.0,0.7588293851296453,0.7588293851296453,62,62,62,0,48,48
CCLE_EXPERIMENT_A_FIXED_SCORE_ORIGINAL5,CCLE-58-TAE684-HEM,FULL,HILL|EMAX|JENKS,1,1,1.0,0.9151357049482597,0.9826632570834352,0.985981712644573,0.06427668320951824,1.0,0.7896114715771573,0.7896114715771573,62,62,62,0,23,23
CCLE_EXPERIMENT_A_FIXED_SCORE_ORIGINAL5,CCLE-58-TAE684-HEM,FULL,HILL|EMAX|KMEANS,1,1,1.0,0.9151357049482597,0.9826632570834352,0.985981712644573,0.06427668320951824,1.0,0.7896114715771573,0.7896114715771573,62,62,62,0,23,23
CCLE_EXPERIMENT_A_FIXED_SCORE_ORIGINAL5,CCLE-58-TAE684-HEM,FULL,HILL|EMAX|WARD,1,1,1.0,0.8958141531767967,0.9977893586956795,1.0,0.06427668320951824,1.0,0.7915760390163988,0.7915760390163988,62,62,62,0,18,18
CCLE_EXPERIMENT_A_FIXED_SCORE_ORIGINAL5,CCLE-58-TAE684-HEM,FULL,HILL|EMAX|TIED_GMM,1,1,1.0,0.9151357049482597,0.992306021677124,0.9993385368434978,0.06427668320951824,1.0,0.7942113893356799,0.7942113893356799,62,62,62,0,17,17
CCLE_EXPERIMENT_A_FIXED_SCORE_ORIGINAL5,CCLE-58-TAE684-HEM,FULL,HILL|AUC|TERTILES,1,1,1.0,0.8091335240101494,0.9869791990792031,0.9783333551263779,0.06427668320951824,1.0,0.7677445522850497,0.7677445522850497,62,62,62,0,45,45
CCLE_EXPERIMENT_A_FIXED_SCORE_ORIGINAL5,CCLE-58-TAE684-HEM,FULL,HILL|AUC|JENKS,1,1,1.0,0.8843923718490206,0.9894622793176341,0.9803981263618453,0.06427668320951824,1.0,0.7837058921476037,0.7837058921476037,62,62,62,0,34,34
CCLE_EXPERIMENT_A_FIXED_SCORE_ORIGINAL5,CCLE-58-TAE684-HEM,FULL,HILL|AUC|KMEANS,1,1,1.0,0.8843923718490206,0.9894622793176341,0.9803981263618453,0.06427668320951824,1.0,0.7837058921476037,0.7837058921476037,62,62,62,0,34,34
CCLE_EXPERIMENT_A_FIXED_SCORE_ORIGINAL5,CCLE-58-TAE684-HEM,FULL,HILL|AUC|WARD,1,1,1.0,0.8825502664029031,0.9989737539469299,1.0,0.06427668320951824,1.0,0.7891601407118702,0.7891601407118702,62,62,62,0,25,25
CCLE_EXPERIMENT_A_FIXED_SCORE_ORIGINAL5,CCLE-58-TAE684-HEM,FULL,HILL|AUC|TIED_GMM,1,1,1.0,0.8836557244630987,0.9969531793961738,0.9989412387506617,0.06427668320951824,1.0,0.7887653651638905,0.7887653651638905,62,62,62,0,26,26
CCLE_EXPERIMENT_A_FIXED_SCORE_ORIGINAL5,CCLE-58-TAE684-HEM,FULL,LOGISTIC|IC50|TERTILES,1,0,0.0,,,,,,,0.0,62,0,0,0,,62
CCLE_EXPERIMENT_A_FIXED_SCORE_ORIGINAL5,CCLE-58-TAE684-HEM,FULL,LOGISTIC|IC50|JENKS,1,0,0.0,,,,,,,0.0,62,0,0,0,,62
CCLE_EXPERIMENT_A_FIXED_SCORE_ORIGINAL5,CCLE-58-TAE684-HEM,FULL,LOGISTIC|IC50|KMEANS,1,0,0.0,,,,,,,0.0,62,0,0,0,,62
CCLE_EXPERIMENT_A_FIXED_SCORE_ORIGINAL5,CCLE-58-TAE684-HEM,FULL,LOGISTIC|IC50|WARD,1,0,0.0,,,,,,,0.0,62,0,0,0,,62
CCLE_EXPERIMENT_A_FIXED_SCORE_ORIGINAL5,CCLE-58-TAE684-HEM,FULL,LOGISTIC|IC50|TIED_GMM,1,0,0.0,,,,,,,0.0,62,0,0,0,,62
CCLE_EXPERIMENT_A_FIXED_SCORE_ORIGINAL5,CCLE-58-TAE684-HEM,FULL,LOGISTIC|EC50|TERTILES,1,1,1.0,0.7338745329209513,0.9924740188783817,0.994550046523993,0.04132697298026108,1.0,0.7524451142607174,0.7524451142607174,62,62,62,0,52,52
CCLE_EXPERIMENT_A_FIXED_SCORE_ORIGINAL5,CCLE-58-TAE684-HEM,FULL,LOGISTIC|EC50|JENKS,1,1,1.0,0.853192496360248,0.953018930053354,0.9842674234710458,0.04132697298026108,0.0,0.5663611645729818,0.5663611645729818,62,62,62,0,58,58
CCLE_EXPERIMENT_A_FIXED_SCORE_ORIGINAL5,CCLE-58-TAE684-HEM,FULL,LOGISTIC|EC50|KMEANS,1,1,1.0,0.853192496360248,0.9529136210997269,0.9837387447923667,0.04132697298026108,0.0,0.5662343670465205,0.5662343670465205,62,62,62,0,59,59
CCLE_EXPERIMENT_A_FIXED_SCORE_ORIGINAL5,CCLE-58-TAE684-HEM,FULL,LOGISTIC|EC50|WARD,1,1,1.0,0.8472433586528896,0.9519729325501547,0.9309552207431374,0.04132697298026108,0.0,0.5542996969852886,0.5542996969852886,62,62,62,0,61,61
CCLE_EXPERIMENT_A_FIXED_SCORE_ORIGINAL5,CCLE-58-TAE684-HEM,FULL,LOGISTIC|EC50|TIED_GMM,1,1,1.0,0.853026194848446,0.9708199264083659,0.9993385368434978,0.04132697298026108,0.0,0.5729023262161141,0.5729023262161141,62,62,62,0,55,55
CCLE_EXPERIMENT_A_FIXED_SCORE_ORIGINAL5,CCLE-58-TAE684-HEM,FULL,LOGISTIC|EMAX|TERTILES,1,1,1.0,0.7616989172713303,0.9891285646965494,0.994550046523993,0.04132697298026108,1.0,0.7573409002944268,0.7573409002944268,62,62,62,0,49,49
CCLE_EXPERIMENT_A_FIXED_SCORE_ORIGINAL5,CCLE-58-TAE684-HEM,FULL,LOGISTIC|EMAX|JENKS,1,1,1.0,0.9200685380761388,0.9954014835890341,0.9917398371187038,0.04132697298026108,1.0,0.7897073663528276,0.7897073663528276,62,62,62,0,21,21
CCLE_EXPERIMENT_A_FIXED_SCORE_ORIGINAL5,CCLE-58-TAE684-HEM,FULL,LOGISTIC|EMAX|KMEANS,1,1,1.0,0.9200685380761388,0.9954014835890341,0.9917398371187038,0.04132697298026108,1.0,0.7897073663528276,0.7897073663528276,62,62,62,0,21,21
CCLE_EXPERIMENT_A_FIXED_SCORE_ORIGINAL5,CCLE-58-TAE684-HEM,FULL,LOGISTIC|EMAX|WARD,1,1,1.0,0.9148215353707768,0.9699431111420537,0.9631943092739723,0.04132697298026108,1.0,0.7778571857534128,0.7778571857534128,62,62,62,0,41,41
CCLE_EXPERIMENT_A_FIXED_SCORE_ORIGINAL5,CCLE-58-TAE684-HEM,FULL,LOGISTIC|EMAX|TIED_GMM,1,1,1.0,0.9187255370274332,0.9977375932204797,1.0,0.04132697298026108,1.0,0.7915580206456349,0.7915580206456349,62,62,62,0,19,19
CCLE_EXPERIMENT_A_FIXED_SCORE_ORIGINAL5,CCLE-58-TAE684-HEM,FULL,LOGISTIC|AUC|TERTILES,1,1,1.0,0.8067096606523537,0.989616039205453,0.9865079845410294,0.04132697298026108,1.0,0.7648321314758195,0.7648321314758195,62,62,62,0,47,47
CCLE_EXPERIMENT_A_FIXED_SCORE_ORIGINAL5,CCLE-58-TAE684-HEM,FULL,LOGISTIC|AUC|JENKS,1,1,1.0,0.8854465811074305,0.989416831823817,0.9914795698924731,0.04132697298026108,1.0,0.7815339911607964,0.7815339911607964,62,62,62,0,39,39
CCLE_EXPERIMENT_A_FIXED_SCORE_ORIGINAL5,CCLE-58-TAE684-HEM,FULL,LOGISTIC|AUC|KMEANS,1,1,1.0,0.8854465811074305,0.989416831823817,0.9914795698924731,0.04132697298026108,1.0,0.7815339911607964,0.7815339911607964,62,62,62,0,39,39
CCLE_EXPERIMENT_A_FIXED_SCORE_ORIGINAL5,CCLE-58-TAE684-HEM,FULL,LOGISTIC|AUC|WARD,1,1,1.0,0.883821837778018,0.9989971588177499,1.0,0.04132697298026108,1.0,0.7848291939152058,0.7848291939152058,62,62,62,0,31,31
CCLE_EXPERIMENT_A_FIXED_SCORE_ORIGINAL5,CCLE-58-TAE684-HEM,FULL,LOGISTIC|AUC|TIED_GMM,1,1,1.0,0.8845771164290465,0.9937009309583303,0.99079386257505,0.04132697298026108,1.0,0.7820797765885376,0.7820797765885376,62,62,62,0,36,36
CCLE_EXPERIMENT_A_FIXED_SCORE_ORIGINAL5,CCLE-58-TAE684-HEM,FULL,WEIBULL|IC50|TERTILES,1,0,0.0,,,,,,,0.0,62,0,0,0,,62
CCLE_EXPERIMENT_A_FIXED_SCORE_ORIGINAL5,CCLE-58-TAE684-HEM,FULL,WEIBULL|IC50|JENKS,1,0,0.0,,,,,,,0.0,62,0,0,0,,62
CCLE_EXPERIMENT_A_FIXED_SCORE_ORIGINAL5,CCLE-58-TAE684-HEM,FULL,WEIBULL|IC50|KMEANS,1,0,0.0,,,,,,,0.0,62,0,0,0,,62
CCLE_EXPERIMENT_A_FIXED_SCORE_ORIGINAL5,CCLE-58-TAE684-HEM,FULL,WEIBULL|IC50|WARD,1,0,0.0,,,,,,,0.0,62,0,0,0,,62
CCLE_EXPERIMENT_A_FIXED_SCORE_ORIGINAL5,CCLE-58-TAE684-HEM,FULL,WEIBULL|IC50|TIED_GMM,1,0,0.0,,,,,,,0.0,62,0,0,0,,62
CCLE_EXPERIMENT_A_FIXED_SCORE_ORIGINAL5,CCLE-58-TAE684-HEM,FULL,WEIBULL|EC50|TERTILES,1,1,1.0,0.7603142101706996,0.9937593759456814,0.9865079845410294,0.0452420717038316,1.0,0.7571647284722485,0.7571647284722485,62,62,62,0,50,50
CCLE_EXPERIMENT_A_FIXED_SCORE_ORIGINAL5,CCLE-58-TAE684-HEM,FULL,WEIBULL|EC50|JENKS,1,1,1.0,0.8689974660507018,0.9538348876085508,0.986639464368303,0.0452420717038316,0.0,0.5709427779462775,0.5709427779462775,62,62,62,0,56,56
CCLE_EXPERIMENT_A_FIXED_SCORE_ORIGINAL5,CCLE-58-TAE684-HEM,FULL,WEIBULL|EC50|KMEANS,1,1,1.0,0.8689974660507018,0.9538348876085508,0.986639464368303,0.0452420717038316,0.0,0.5709427779462775,0.5709427779462775,62,62,62,0,56,56
CCLE_EXPERIMENT_A_FIXED_SCORE_ORIGINAL5,CCLE-58-TAE684-HEM,FULL,WEIBULL|EC50|WARD,1,1,1.0,0.866016932879301,0.9469043830254774,0.9719540875425603,0.0452420717038316,0.0,0.5660234950302341,0.5660234950302341,62,62,62,0,60,60
CCLE_EXPERIMENT_A_FIXED_SCORE_ORIGINAL5,CCLE-58-TAE684-HEM,FULL,WEIBULL|EC50|TIED_GMM,1,1,1.0,0.8689974660507018,0.9705690325786016,0.9913493842189711,0.0452420717038316,0.0,0.5752315909104213,0.5752315909104213,62,62,62,0,54,54
CCLE_EXPERIMENT_A_FIXED_SCORE_ORIGINAL5,CCLE-58-TAE684-HEM,FULL,WEIBULL|EMAX|TERTILES,1,1,1.0,0.7512624471002651,0.9960801197224561,0.9783333551263779,0.0452420717038316,1.0,0.7541835987305862,0.7541835987305862,62,62,62,0,51,51
CCLE_EXPERIMENT_A_FIXED_SCORE_ORIGINAL5,CCLE-58-TAE684-HEM,FULL,WEIBULL|EMAX|JENKS,1,1,1.0,0.9172004014088055,0.9861029373263763,0.9806555965720101,0.0452420717038316,1.0,0.7858402014022048,0.7858402014022048,62,62,62,0,28,28
CCLE_EXPERIMENT_A_FIXED_SCORE_ORIGINAL5,CCLE-58-TAE684-HEM,FULL,WEIBULL|EMAX|KMEANS,1,1,1.0,0.9172004014088055,0.9861029373263763,0.9806555965720101,0.0452420717038316,1.0,0.7858402014022048,0.7858402014022048,62,62,62,0,28,28
CCLE_EXPERIMENT_A_FIXED_SCORE_ORIGINAL5,CCLE-58-TAE684-HEM,FULL,WEIBULL|EMAX|WARD,1,1,1.0,0.8984913934136629,0.9977654265755402,1.0,0.0452420717038316,1.0,0.788299778338607,0.788299778338607,62,62,62,0,27,27
CCLE_EXPERIMENT_A_FIXED_SCORE_ORIGINAL5,CCLE-58-TAE684-HEM,FULL,WEIBULL|EMAX|TIED_GMM,1,1,1.0,0.9172004014088055,0.9926023171372843,0.9993385368434978,0.0452420717038316,1.0,0.7908766654186838,0.7908766654186838,62,62,62,0,20,20
CCLE_EXPERIMENT_A_FIXED_SCORE_ORIGINAL5,CCLE-58-TAE684-HEM,FULL,WEIBULL|AUC|TERTILES,1,1,1.0,0.80669845873174,0.9880846965690651,0.9865079845410294,0.0452420717038316,1.0,0.7653066423091331,0.7653066423091331,62,62,62,0,46,46
CCLE_EXPERIMENT_A_FIXED_SCORE_ORIGINAL5,CCLE-58-TAE684-HEM,FULL,WEIBULL|AUC|JENKS,1,1,1.0,0.8866461456168213,0.998299537547603,0.991869918699187,0.0452420717038316,1.0,0.7844115347134886,0.7844115347134886,62,62,62,0,32,32
CCLE_EXPERIMENT_A_FIXED_SCORE_ORIGINAL5,CCLE-58-TAE684-HEM,FULL,WEIBULL|AUC|KMEANS,1,1,1.0,0.8866461456168213,0.998299537547603,0.991869918699187,0.0452420717038316,1.0,0.7844115347134886,0.7844115347134886,62,62,62,0,32,32
CCLE_EXPERIMENT_A_FIXED_SCORE_ORIGINAL5,CCLE-58-TAE684-HEM,FULL,WEIBULL|AUC|WARD,1,1,1.0,0.8848554339555588,0.9986179727733456,1.0,0.0452420717038316,1.0,0.7857430956865472,0.7857430956865472,62,62,62,0,30,30
CCLE_EXPERIMENT_A_FIXED_SCORE_ORIGINAL5,CCLE-58-TAE684-HEM,FULL,WEIBULL|AUC|TIED_GMM,1,1,1.0,0.8845087649286477,0.9934908452459594,0.9863764694691969,0.0452420717038316,1.0,0.7819236302695272,0.7819236302695272,62,62,62,0,37,37
