contract_id,dataset_id,scope,method_id,intended_tasks,valid_tasks,A_valid,S_BW,S_tau,S_match,P_fit,I_SF,C_conditional,C_operational,nominal_fold_slots,attempted_fold_slots,successful_folds,failed_folds,rank_conditional,rank_operational
CCLE_EXPERIMENT_A_FIXED_SCORE_ORIGINAL5,CCLE-34-Paclitaxel-SKIN,B100,TRIOS,100,100,1.0,0.8518859334634397,0.9505318327922672,0.9452515146595531,0.5992083519831337,1.0,0.8693755265796789,0.8693755265796788,1800,1800,1800,0,1,1
CCLE_EXPERIMENT_A_FIXED_SCORE_ORIGINAL5,CCLE-34-Paclitaxel-SKIN,B100,EMAX|IC50|TERTILES,100,16,0.16,0.5391397326981522,0.9785490223836497,0.9354730768942208,0.2700274182010389,1.0,0.7446378500354124,0.11914205600566598,1800,288,288,0,38,62
CCLE_EXPERIMENT_A_FIXED_SCORE_ORIGINAL5,CCLE-34-Paclitaxel-SKIN,B100,EMAX|IC50|JENKS,100,16,0.16,0.9352752137859404,0.9354080138577798,0.949388328200117,0.2700274182010389,0.5,0.7180197948089753,0.11488316716943604,1800,288,288,0,57,72
CCLE_EXPERIMENT_A_FIXED_SCORE_ORIGINAL5,CCLE-34-Paclitaxel-SKIN,B100,EMAX|IC50|KMEANS,100,16,0.16,0.9352752137859404,0.9347807428148222,0.9503577378773801,0.2700274182010389,0.5,0.7180882225358363,0.1148941156057338,1800,288,288,0,56,71
CCLE_EXPERIMENT_A_FIXED_SCORE_ORIGINAL5,CCLE-34-Paclitaxel-SKIN,B100,EMAX|IC50|WARD,100,16,0.16,0.9316257311628019,0.9271789346000581,0.9541345739056553,0.2700274182010389,0.4375,0.704093331573911,0.11265493305182574,1800,288,288,0,69,77
CCLE_EXPERIMENT_A_FIXED_SCORE_ORIGINAL5,CCLE-34-Paclitaxel-SKIN,B100,EMAX|IC50|TIED_GMM,100,16,0.16,0.9272776105494726,0.9361611481074872,0.9589814792187179,0.2700274182010389,0.375,0.6934895312153433,0.11095832499445493,1800,288,288,0,72,80
CCLE_EXPERIMENT_A_FIXED_SCORE_ORIGINAL5,CCLE-34-Paclitaxel-SKIN,B100,EMAX|EC50|TERTILES,100,100,1.0,0.7776917176782436,0.959725378078613,0.9426520515879266,0.2546050679445264,1.0,0.786934843057862,0.786934843057862,1800,1800,1800,0,10,10
CCLE_EXPERIMENT_A_FIXED_SCORE_ORIGINAL5,CCLE-34-Paclitaxel-SKIN,B100,EMAX|EC50|JENKS,100,100,1.0,0.9022491549783836,0.9491588030880943,0.9558576184156508,0.2546050679445264,0.74,0.7603741288853313,0.760374128885331,1800,1800,1800,0,31,31
CCLE_EXPERIMENT_A_FIXED_SCORE_ORIGINAL5,CCLE-34-Paclitaxel-SKIN,B100,EMAX|EC50|KMEANS,100,100,1.0,0.9022186964214545,0.9490050227701772,0.955990600810936,0.2546050679445264,0.74,0.7603638775894188,0.7603638775894187,1800,1800,1800,0,32,32
CCLE_EXPERIMENT_A_FIXED_SCORE_ORIGINAL5,CCLE-34-Paclitaxel-SKIN,B100,EMAX|EC50|WARD,100,100,1.0,0.8942015699244331,0.93055341739832,0.9401011153233392,0.2546050679445264,0.69,0.7418922341181238,0.7418922341181238,1800,1800,1800,0,40,39
CCLE_EXPERIMENT_A_FIXED_SCORE_ORIGINAL5,CCLE-34-Paclitaxel-SKIN,B100,EMAX|EC50|TIED_GMM,100,100,1.0,0.894279852549807,0.9451118747487716,0.9512437070290677,0.2546050679445264,0.62,0.7330481004544346,0.7330481004544345,1800,1800,1800,0,44,43
CCLE_EXPERIMENT_A_FIXED_SCORE_ORIGINAL5,CCLE-34-Paclitaxel-SKIN,B100,EMAX|EMAX|TERTILES,100,100,1.0,0.8320962554534855,0.9627667485193797,0.9462782716994156,0.2546050679445264,1.0,0.7991492687233616,0.7991492687233616,1800,1800,1800,0,8,8
CCLE_EXPERIMENT_A_FIXED_SCORE_ORIGINAL5,CCLE-34-Paclitaxel-SKIN,B100,EMAX|EMAX|JENKS,100,100,1.0,0.8835071126399788,0.9693802436854085,0.9714150103667614,0.2546050679445264,0.98,0.811781486927335,0.811781486927335,1800,1800,1800,0,4,4
CCLE_EXPERIMENT_A_FIXED_SCORE_ORIGINAL5,CCLE-34-Paclitaxel-SKIN,B100,EMAX|EMAX|KMEANS,100,100,1.0,0.8835071126399788,0.9693802436854085,0.9714150103667614,0.2546050679445264,0.98,0.811781486927335,0.811781486927335,1800,1800,1800,0,4,4
CCLE_EXPERIMENT_A_FIXED_SCORE_ORIGINAL5,CCLE-34-Paclitaxel-SKIN,B100,EMAX|EMAX|WARD,100,100,1.0,0.8789887888143179,0.9590765961241801,0.9595518187920546,0.2546050679445264,0.94,0.7984444543350158,0.7984444543350158,1800,1800,1800,0,9,9
CCLE_EXPERIMENT_A_FIXED_SCORE_ORIGINAL5,CCLE-34-Paclitaxel-SKIN,B100,EMAX|EMAX|TIED_GMM,100,100,1.0,0.853202886590834,0.9521837028517725,0.9596282285946224,0.2546050679445264,0.56,0.715923977196351,0.715923977196351,1800,1800,1800,0,63,50
CCLE_EXPERIMENT_A_FIXED_SCORE_ORIGINAL5,CCLE-34-Paclitaxel-SKIN,B100,EMAX|AUC|TERTILES,100,100,1.0,0.8318621239678906,0.9624491358962092,0.9473864968076406,0.2546050679445264,1.0,0.7992605649232536,0.7992605649232535,1800,1800,1800,0,7,7
CCLE_EXPERIMENT_A_FIXED_SCORE_ORIGINAL5,CCLE-34-Paclitaxel-SKIN,B100,EMAX|AUC|JENKS,100,100,1.0,0.8838060034281071,0.9733770321191174,0.978725624409001,0.2546050679445264,0.98,0.8141027455801502,0.8141027455801503,1800,1800,1800,0,2,2
CCLE_EXPERIMENT_A_FIXED_SCORE_ORIGINAL5,CCLE-34-Paclitaxel-SKIN,B100,EMAX|AUC|KMEANS,100,100,1.0,0.8838060034281071,0.9733770321191174,0.978725624409001,0.2546050679445264,0.98,0.8141027455801502,0.8141027455801503,1800,1800,1800,0,2,2
CCLE_EXPERIMENT_A_FIXED_SCORE_ORIGINAL5,CCLE-34-Paclitaxel-SKIN,B100,EMAX|AUC|WARD,100,100,1.0,0.8797328846495625,0.9634227859548525,0.9624069993473122,0.2546050679445264,0.97,0.8060335475792506,0.8060335475792507,1800,1800,1800,0,6,6
CCLE_EXPERIMENT_A_FIXED_SCORE_ORIGINAL5,CCLE-34-Paclitaxel-SKIN,B100,EMAX|AUC|TIED_GMM,100,100,1.0,0.851437110263418,0.9530571988485615,0.9616470246854376,0.2546050679445264,0.56,0.7161492803483889,0.7161492803483887,1800,1800,1800,0,61,49
CCLE_EXPERIMENT_A_FIXED_SCORE_ORIGINAL5,CCLE-34-Paclitaxel-SKIN,B100,HILL|IC50|TERTILES,100,16,0.16,0.6452284844703147,0.9725937339850095,0.9336904574339582,0.0771274747393051,1.0,0.7257280301257174,0.1161164848201148,1800,288,288,0,48,65
CCLE_EXPERIMENT_A_FIXED_SCORE_ORIGINAL5,CCLE-34-Paclitaxel-SKIN,B100,HILL|IC50|JENKS,100,16,0.16,0.9165508201895836,0.9459805971403299,0.9498445192676722,0.0771274747393051,0.75,0.7279006822673781,0.11646410916278051,1800,288,288,0,46,64
CCLE_EXPERIMENT_A_FIXED_SCORE_ORIGINAL5,CCLE-34-Paclitaxel-SKIN,B100,HILL|IC50|KMEANS,100,16,0.16,0.9165508201895836,0.9458974062639505,0.9513970682571574,0.0771274747393051,0.75,0.7281945538899993,0.11651112862239989,1800,288,288,0,45,63
CCLE_EXPERIMENT_A_FIXED_SCORE_ORIGINAL5,CCLE-34-Paclitaxel-SKIN,B100,HILL|IC50|WARD,100,16,0.16,0.9072458238745267,0.927917553269873,0.9320743467297965,0.0771274747393051,0.6875,0.7063730397227002,0.11301968635563205,1800,288,288,0,67,76
CCLE_EXPERIMENT_A_FIXED_SCORE_ORIGINAL5,CCLE-34-Paclitaxel-SKIN,B100,HILL|IC50|TIED_GMM,100,16,0.16,0.90700446206474,0.9575319989272406,0.9797854270747004,0.0771274747393051,0.5625,0.6967898725611972,0.11148637960979155,1800,288,288,0,71,79
CCLE_EXPERIMENT_A_FIXED_SCORE_ORIGINAL5,CCLE-34-Paclitaxel-SKIN,B100,HILL|EC50|TERTILES,100,100,1.0,0.7332361686901322,0.9696649147595094,0.9423831581474563,0.08064557648105301,1.0,0.7451859636156302,0.7451859636156302,1800,1800,1800,0,37,37
CCLE_EXPERIMENT_A_FIXED_SCORE_ORIGINAL5,CCLE-34-Paclitaxel-SKIN,B100,HILL|EC50|JENKS,100,100,1.0,0.90300178577959,0.9540302931310258,0.9649463569398772,0.08064557648105301,0.71,0.7225248024663092,0.7225248024663092,1800,1800,1800,0,50,45
CCLE_EXPERIMENT_A_FIXED_SCORE_ORIGINAL5,CCLE-34-Paclitaxel-SKIN,B100,HILL|EC50|KMEANS,100,100,1.0,0.90300178577959,0.9540176279084234,0.9649173026380755,0.08064557648105301,0.71,0.7225164585614284,0.7225164585614284,1800,1800,1800,0,51,46
CCLE_EXPERIMENT_A_FIXED_SCORE_ORIGINAL5,CCLE-34-Paclitaxel-SKIN,B100,HILL|EC50|WARD,100,100,1.0,0.8983699852033691,0.9425564985240682,0.9548755825109845,0.08064557648105301,0.69,0.7132895285438949,0.7132895285438949,1800,1800,1800,0,64,51
CCLE_EXPERIMENT_A_FIXED_SCORE_ORIGINAL5,CCLE-34-Paclitaxel-SKIN,B100,HILL|EC50|TIED_GMM,100,100,1.0,0.8933645984384898,0.948847088533403,0.9572955013354636,0.08064557648105301,0.57,0.6900305529576818,0.6900305529576819,1800,1800,1800,0,73,54
CCLE_EXPERIMENT_A_FIXED_SCORE_ORIGINAL5,CCLE-34-Paclitaxel-SKIN,B100,HILL|EMAX|TERTILES,100,100,1.0,0.8338397564553606,0.9617006396297666,0.9446322597102491,0.08064557648105301,1.0,0.7641636464552858,0.7641636464552859,1800,1800,1800,0,22,22
CCLE_EXPERIMENT_A_FIXED_SCORE_ORIGINAL5,CCLE-34-Paclitaxel-SKIN,B100,HILL|EMAX|JENKS,100,100,1.0,0.884073071705116,0.9744542456584117,0.9785663170817361,0.08064557648105301,0.97,0.7775478421852634,0.7775478421852633,1800,1800,1800,0,11,11
CCLE_EXPERIMENT_A_FIXED_SCORE_ORIGINAL5,CCLE-34-Paclitaxel-SKIN,B100,HILL|EMAX|KMEANS,100,100,1.0,0.884073071705116,0.9744542456584117,0.9785663170817361,0.08064557648105301,0.97,0.7775478421852634,0.7775478421852633,1800,1800,1800,0,11,11
CCLE_EXPERIMENT_A_FIXED_SCORE_ORIGINAL5,CCLE-34-Paclitaxel-SKIN,B100,HILL|EMAX|WARD,100,100,1.0,0.8813774340087435,0.9671987822728471,0.9735216125157539,0.08064557648105301,0.95,0.7705486810556795,0.7705486810556795,1800,1800,1800,0,16,16
CCLE_EXPERIMENT_A_FIXED_SCORE_ORIGINAL5,CCLE-34-Paclitaxel-SKIN,B100,HILL|EMAX|TIED_GMM,100,100,1.0,0.8505938962036828,0.9481379969069283,0.9540366135281063,0.08064557648105301,0.5,0.6666828166239543,0.6666828166239541,1800,1800,1800,0,76,56
CCLE_EXPERIMENT_A_FIXED_SCORE_ORIGINAL5,CCLE-34-Paclitaxel-SKIN,B100,HILL|AUC|TERTILES,100,100,1.0,0.8333794770286095,0.9615046719063486,0.9457404848184745,0.08064557648105301,1.0,0.7642540420468972,0.7642540420468972,1800,1800,1800,0,21,21
CCLE_EXPERIMENT_A_FIXED_SCORE_ORIGINAL5,CCLE-34-Paclitaxel-SKIN,B100,HILL|AUC|JENKS,100,100,1.0,0.8835248669655514,0.974681920975586,0.9777313192184546,0.08064557648105301,0.97,0.7773167367281287,0.7773167367281291,1800,1800,1800,0,13,13
CCLE_EXPERIMENT_A_FIXED_SCORE_ORIGINAL5,CCLE-34-Paclitaxel-SKIN,B100,HILL|AUC|KMEANS,100,100,1.0,0.8835248669655514,0.974681920975586,0.9777313192184546,0.08064557648105301,0.97,0.7773167367281287,0.7773167367281291,1800,1800,1800,0,13,13
CCLE_EXPERIMENT_A_FIXED_SCORE_ORIGINAL5,CCLE-34-Paclitaxel-SKIN,B100,HILL|AUC|WARD,100,100,1.0,0.881860647916095,0.9683066861410758,0.973423043307519,0.08064557648105301,0.96,0.7728471907691487,0.7728471907691485,1800,1800,1800,0,15,15
CCLE_EXPERIMENT_A_FIXED_SCORE_ORIGINAL5,CCLE-34-Paclitaxel-SKIN,B100,HILL|AUC|TIED_GMM,100,100,1.0,0.8491330397620547,0.9477824402588249,0.9543320532117258,0.08064557648105301,0.49,0.6643786219427318,0.6643786219427317,1800,1800,1800,0,77,57
CCLE_EXPERIMENT_A_FIXED_SCORE_ORIGINAL5,CCLE-34-Paclitaxel-SKIN,B100,LOGISTIC|IC50|TERTILES,100,16,0.16,0.676032387331865,0.9679875918701811,0.9388342449001027,0.028279650935890386,1.0,0.7222267750076079,0.11555628400121726,1800,288,288,0,52,67
CCLE_EXPERIMENT_A_FIXED_SCORE_ORIGINAL5,CCLE-34-Paclitaxel-SKIN,B100,LOGISTIC|IC50|JENKS,100,16,0.16,0.9166941106532801,0.9438338236558979,0.9499778984236597,0.028279650935890386,0.75,0.7177570967337455,0.11484113547739928,1800,288,288,0,60,73
CCLE_EXPERIMENT_A_FIXED_SCORE_ORIGINAL5,CCLE-34-Paclitaxel-SKIN,B100,LOGISTIC|IC50|KMEANS,100,16,0.16,0.9166941106532801,0.9466782700564236,0.9519550778792175,0.028279650935890386,0.75,0.7187214219049622,0.11499542750479395,1800,288,288,0,55,70
CCLE_EXPERIMENT_A_FIXED_SCORE_ORIGINAL5,CCLE-34-Paclitaxel-SKIN,B100,LOGISTIC|IC50|WARD,100,16,0.16,0.9109941615132502,0.9281265785207844,0.9422757640857576,0.028279650935890386,0.8125,0.7244352310111366,0.11590963696178185,1800,288,288,0,49,66
CCLE_EXPERIMENT_A_FIXED_SCORE_ORIGINAL5,CCLE-34-Paclitaxel-SKIN,B100,LOGISTIC|IC50|TIED_GMM,100,16,0.16,0.9085937275238668,0.955616657588493,0.9699871844279881,0.028279650935890386,0.625,0.6974954440952477,0.11159927105523963,1800,288,288,0,70,78
CCLE_EXPERIMENT_A_FIXED_SCORE_ORIGINAL5,CCLE-34-Paclitaxel-SKIN,B100,LOGISTIC|EC50|TERTILES,100,100,1.0,0.7585369675448531,0.9633272632238925,0.938488044595497,0.026147840996617086,1.0,0.7373000232721719,0.7373000232721719,1800,1800,1800,0,43,42
CCLE_EXPERIMENT_A_FIXED_SCORE_ORIGINAL5,CCLE-34-Paclitaxel-SKIN,B100,LOGISTIC|EC50|JENKS,100,100,1.0,0.9002213203254569,0.9511645651698493,0.951490740950858,0.026147840996617086,0.76,0.7178048934885561,0.7178048934885563,1800,1800,1800,0,58,47
CCLE_EXPERIMENT_A_FIXED_SCORE_ORIGINAL5,CCLE-34-Paclitaxel-SKIN,B100,LOGISTIC|EC50|KMEANS,100,100,1.0,0.9002213203254569,0.9510953924788973,0.9514266099961576,0.026147840996617086,0.76,0.7177782327594256,0.7177782327594258,1800,1800,1800,0,59,48
CCLE_EXPERIMENT_A_FIXED_SCORE_ORIGINAL5,CCLE-34-Paclitaxel-SKIN,B100,LOGISTIC|EC50|WARD,100,100,1.0,0.891158956138161,0.9356618162233045,0.9410490313068242,0.026147840996617086,0.74,0.7068035289329813,0.7068035289329814,1800,1800,1800,0,66,52
CCLE_EXPERIMENT_A_FIXED_SCORE_ORIGINAL5,CCLE-34-Paclitaxel-SKIN,B100,LOGISTIC|EC50|TIED_GMM,100,100,1.0,0.8867808957413261,0.9443200265737413,0.9476316559786411,0.026147840996617086,0.64,0.6889760838580651,0.6889760838580651,1800,1800,1799,1,74,55
CCLE_EXPERIMENT_A_FIXED_SCORE_ORIGINAL5,CCLE-34-Paclitaxel-SKIN,B100,LOGISTIC|EMAX|TERTILES,100,100,1.0,0.8338510500840836,0.961093620480647,0.9440618214829652,0.026147840996617086,1.0,0.7530308666088623,0.7530308666088625,1800,1800,1800,0,36,36
CCLE_EXPERIMENT_A_FIXED_SCORE_ORIGINAL5,CCLE-34-Paclitaxel-SKIN,B100,LOGISTIC|EMAX|JENKS,100,100,1.0,0.8814858346390925,0.9712757883817362,0.9703770662051546,0.026147840996617086,0.97,0.76385730604452,0.7638573060445201,1800,1800,1800,0,25,25
CCLE_EXPERIMENT_A_FIXED_SCORE_ORIGINAL5,CCLE-34-Paclitaxel-SKIN,B100,LOGISTIC|EMAX|KMEANS,100,100,1.0,0.8814858346390925,0.9712729535012466,0.9703618915501758,0.026147840996617086,0.97,0.7638537041374264,0.7638537041374264,1800,1800,1800,0,26,26
CCLE_EXPERIMENT_A_FIXED_SCORE_ORIGINAL5,CCLE-34-Paclitaxel-SKIN,B100,LOGISTIC|EMAX|WARD,100,100,1.0,0.8797884936359044,0.9657159059178143,0.9701764580944229,0.026147840996617086,0.97,0.7623657397289517,0.7623657397289517,1800,1800,1800,0,27,27
CCLE_EXPERIMENT_A_FIXED_SCORE_ORIGINAL5,CCLE-34-Paclitaxel-SKIN,B100,LOGISTIC|EMAX|TIED_GMM,100,100,1.0,0.8486294989982954,0.948748120762877,0.953368279145231,0.026147840996617086,0.49,0.653378747980604,0.6533787479806041,1800,1800,1800,0,80,60
CCLE_EXPERIMENT_A_FIXED_SCORE_ORIGINAL5,CCLE-34-Paclitaxel-SKIN,B100,LOGISTIC|AUC|TERTILES,100,100,1.0,0.8339313879278287,0.9610912899071238,0.9457078334721316,0.026147840996617086,1.0,0.7533756704607402,0.7533756704607403,1800,1800,1800,0,35,35
CCLE_EXPERIMENT_A_FIXED_SCORE_ORIGINAL5,CCLE-34-Paclitaxel-SKIN,B100,LOGISTIC|AUC|JENKS,100,100,1.0,0.8814583213630166,0.9721233568858801,0.9703220957367563,0.026147840996617086,0.97,0.7640103229964538,0.7640103229964539,1800,1800,1800,0,23,23
CCLE_EXPERIMENT_A_FIXED_SCORE_ORIGINAL5,CCLE-34-Paclitaxel-SKIN,B100,LOGISTIC|AUC|KMEANS,100,100,1.0,0.8814583213630166,0.9721233568858801,0.9703220957367563,0.026147840996617086,0.97,0.7640103229964538,0.7640103229964539,1800,1800,1800,0,23,23
CCLE_EXPERIMENT_A_FIXED_SCORE_ORIGINAL5,CCLE-34-Paclitaxel-SKIN,B100,LOGISTIC|AUC|WARD,100,100,1.0,0.8791216483288485,0.9654657801007356,0.9681122434301099,0.026147840996617086,0.97,0.7617695025712621,0.7617695025712622,1800,1800,1800,0,28,28
CCLE_EXPERIMENT_A_FIXED_SCORE_ORIGINAL5,CCLE-34-Paclitaxel-SKIN,B100,LOGISTIC|AUC|TIED_GMM,100,100,1.0,0.8463547809615979,0.9480242728036744,0.952814087063789,0.026147840996617086,0.47,0.6486681963651357,0.6486681963651357,1800,1800,1800,0,81,61
CCLE_EXPERIMENT_A_FIXED_SCORE_ORIGINAL5,CCLE-34-Paclitaxel-SKIN,B100,WEIBULL|IC50|TERTILES,100,16,0.16,0.611809120001118,0.9787486531628836,0.9459647227411525,0.04328524697923509,1.0,0.7159615485768778,0.11455384777230046,1800,288,288,0,62,74
CCLE_EXPERIMENT_A_FIXED_SCORE_ORIGINAL5,CCLE-34-Paclitaxel-SKIN,B100,WEIBULL|IC50|JENKS,100,16,0.16,0.9257255123997314,0.9354868364106066,0.9431634897455538,0.04328524697923509,0.75,0.7195322171070253,0.11512515473712406,1800,288,288,0,53,68
CCLE_EXPERIMENT_A_FIXED_SCORE_ORIGINAL5,CCLE-34-Paclitaxel-SKIN,B100,WEIBULL|IC50|KMEANS,100,16,0.16,0.9257255123997314,0.934955610324601,0.9427864306870998,0.04328524697923509,0.75,0.7193505600781334,0.11509608961250135,1800,288,288,0,54,69
CCLE_EXPERIMENT_A_FIXED_SCORE_ORIGINAL5,CCLE-34-Paclitaxel-SKIN,B100,WEIBULL|IC50|WARD,100,16,0.16,0.922854036887029,0.9326306352447564,0.9497321424948594,0.04328524697923509,0.6875,0.707200412321176,0.11315206597138816,1800,288,288,0,65,75
CCLE_EXPERIMENT_A_FIXED_SCORE_ORIGINAL5,CCLE-34-Paclitaxel-SKIN,B100,WEIBULL|IC50|TIED_GMM,100,16,0.16,0.91922567994175,0.9497401029862846,0.9599105531300227,0.04328524697923509,0.5,0.6744323166074585,0.10790917065719335,1800,288,288,0,75,81
CCLE_EXPERIMENT_A_FIXED_SCORE_ORIGINAL5,CCLE-34-Paclitaxel-SKIN,B100,WEIBULL|EC50|TERTILES,100,100,1.0,0.7618013707652364,0.969838387757579,0.9414948494601874,0.03939316259466977,1.0,0.7425055541155345,0.7425055541155345,1800,1800,1800,0,39,38
CCLE_EXPERIMENT_A_FIXED_SCORE_ORIGINAL5,CCLE-34-Paclitaxel-SKIN,B100,WEIBULL|EC50|JENKS,100,100,1.0,0.918620208232917,0.9614801210507331,0.9740427978602968,0.03939316259466977,0.81,0.7407072579477234,0.7407072579477233,1800,1800,1800,0,42,41
CCLE_EXPERIMENT_A_FIXED_SCORE_ORIGINAL5,CCLE-34-Paclitaxel-SKIN,B100,WEIBULL|EC50|KMEANS,100,100,1.0,0.918620208232917,0.9614965898238103,0.9740437255269108,0.03939316259466977,0.81,0.7407107372356617,0.7407107372356616,1800,1800,1800,0,41,40
CCLE_EXPERIMENT_A_FIXED_SCORE_ORIGINAL5,CCLE-34-Paclitaxel-SKIN,B100,WEIBULL|EC50|WARD,100,100,1.0,0.9132600084843874,0.9516257534370064,0.9707888058925477,0.03939316259466977,0.76,0.7270135460817221,0.7270135460817222,1800,1800,1800,0,47,44
CCLE_EXPERIMENT_A_FIXED_SCORE_ORIGINAL5,CCLE-34-Paclitaxel-SKIN,B100,WEIBULL|EC50|TIED_GMM,100,100,1.0,0.9124223716697092,0.9469593350658434,0.9577399276303757,0.03939316259466977,0.67,0.7053029593921194,0.7053029593921195,1800,1800,1800,0,68,53
CCLE_EXPERIMENT_A_FIXED_SCORE_ORIGINAL5,CCLE-34-Paclitaxel-SKIN,B100,WEIBULL|EMAX|TERTILES,100,100,1.0,0.8337361936961599,0.9617498373517389,0.9471012776939987,0.03939316259466977,1.0,0.7563960942673136,0.7563960942673136,1800,1800,1800,0,34,34
CCLE_EXPERIMENT_A_FIXED_SCORE_ORIGINAL5,CCLE-34-Paclitaxel-SKIN,B100,WEIBULL|EMAX|JENKS,100,100,1.0,0.8828360347184878,0.9730437897922418,0.9747865049389223,0.03939316259466977,0.96,0.7660118984088642,0.7660118984088643,1800,1800,1800,0,19,19
CCLE_EXPERIMENT_A_FIXED_SCORE_ORIGINAL5,CCLE-34-Paclitaxel-SKIN,B100,WEIBULL|EMAX|KMEANS,100,100,1.0,0.8828360347184878,0.9730437897922418,0.9747865049389223,0.03939316259466977,0.96,0.7660118984088642,0.7660118984088643,1800,1800,1800,0,19,19
CCLE_EXPERIMENT_A_FIXED_SCORE_ORIGINAL5,CCLE-34-Paclitaxel-SKIN,B100,WEIBULL|EMAX|WARD,100,100,1.0,0.8807477431996287,0.9660251144357167,0.9703763264410331,0.03939316259466977,0.95,0.7613084693342097,0.7613084693342097,1800,1800,1800,0,29,29
CCLE_EXPERIMENT_A_FIXED_SCORE_ORIGINAL5,CCLE-34-Paclitaxel-SKIN,B100,WEIBULL|EMAX|TIED_GMM,100,100,1.0,0.8501763282471216,0.9474574605012962,0.9541327410455929,0.03939316259466977,0.5,0.6582319384777361,0.6582319384777361,1800,1800,1800,0,78,58
CCLE_EXPERIMENT_A_FIXED_SCORE_ORIGINAL5,CCLE-34-Paclitaxel-SKIN,B100,WEIBULL|AUC|TERTILES,100,100,1.0,0.8337253955772386,0.9616677602221637,0.9473864968076406,0.03939316259466977,1.0,0.7564345630403423,0.7564345630403424,1800,1800,1800,0,33,33
CCLE_EXPERIMENT_A_FIXED_SCORE_ORIGINAL5,CCLE-34-Paclitaxel-SKIN,B100,WEIBULL|AUC|JENKS,100,100,1.0,0.8825264882443317,0.973096863582139,0.972994707879882,0.03939316259466977,0.97,0.7676022444602044,0.7676022444602044,1800,1800,1800,0,17,17
CCLE_EXPERIMENT_A_FIXED_SCORE_ORIGINAL5,CCLE-34-Paclitaxel-SKIN,B100,WEIBULL|AUC|KMEANS,100,100,1.0,0.8825264882443317,0.973096863582139,0.972994707879882,0.03939316259466977,0.97,0.7676022444602044,0.7676022444602044,1800,1800,1800,0,17,17
CCLE_EXPERIMENT_A_FIXED_SCORE_ORIGINAL5,CCLE-34-Paclitaxel-SKIN,B100,WEIBULL|AUC|WARD,100,100,1.0,0.8803863804161662,0.965037680784179,0.9679990045335412,0.03939316259466977,0.95,0.7605632456657111,0.7605632456657112,1800,1800,1800,0,30,30
CCLE_EXPERIMENT_A_FIXED_SCORE_ORIGINAL5,CCLE-34-Paclitaxel-SKIN,B100,WEIBULL|AUC|TIED_GMM,100,100,1.0,0.8489295035715927,0.9476647108592745,0.9545907534250544,0.03939316259466977,0.49,0.6561156260901184,0.6561156260901183,1800,1800,1800,0,79,59
CCLE_EXPERIMENT_A_FIXED_SCORE_ORIGINAL5,CCLE-11-AZD6244-LUNG,B100,TRIOS,100,100,1.0,0.8783008068526296,0.9683119468711365,0.9578669470360576,0.771035298319569,1.0,0.9151029998158786,0.9151029998158785,1800,1800,1800,0,1,1
CCLE_EXPERIMENT_A_FIXED_SCORE_ORIGINAL5,CCLE-11-AZD6244-LUNG,B100,EMAX|IC50|TERTILES,100,0,0.0,,,,,,,0.0,1800,0,0,0,,62
CCLE_EXPERIMENT_A_FIXED_SCORE_ORIGINAL5,CCLE-11-AZD6244-LUNG,B100,EMAX|IC50|JENKS,100,0,0.0,,,,,,,0.0,1800,0,0,0,,62
CCLE_EXPERIMENT_A_FIXED_SCORE_ORIGINAL5,CCLE-11-AZD6244-LUNG,B100,EMAX|IC50|KMEANS,100,0,0.0,,,,,,,0.0,1800,0,0,0,,62
CCLE_EXPERIMENT_A_FIXED_SCORE_ORIGINAL5,CCLE-11-AZD6244-LUNG,B100,EMAX|IC50|WARD,100,0,0.0,,,,,,,0.0,1800,0,0,0,,62
CCLE_EXPERIMENT_A_FIXED_SCORE_ORIGINAL5,CCLE-11-AZD6244-LUNG,B100,EMAX|IC50|TIED_GMM,100,0,0.0,,,,,,,0.0,1800,0,0,0,,62
CCLE_EXPERIMENT_A_FIXED_SCORE_ORIGINAL5,CCLE-11-AZD6244-LUNG,B100,EMAX|EC50|TERTILES,100,100,1.0,0.7942741882182246,0.9456055933049231,0.9429209450283972,0.1881938421884292,1.0,0.7741989137479947,0.7741989137479948,1800,1800,1800,0,10,10
CCLE_EXPERIMENT_A_FIXED_SCORE_ORIGINAL5,CCLE-11-AZD6244-LUNG,B100,EMAX|EC50|JENKS,100,100,1.0,0.9441628262389249,0.9640670791277102,0.9739527849441226,0.1881938421884292,0.91,0.7960753064998375,0.7960753064998373,1800,1800,1800,0,2,2
CCLE_EXPERIMENT_A_FIXED_SCORE_ORIGINAL5,CCLE-11-AZD6244-LUNG,B100,EMAX|EC50|KMEANS,100,100,1.0,0.9441628262389249,0.9640670791277102,0.9739527849441226,0.1881938421884292,0.91,0.7960753064998375,0.7960753064998373,1800,1800,1800,0,2,2
CCLE_EXPERIMENT_A_FIXED_SCORE_ORIGINAL5,CCLE-11-AZD6244-LUNG,B100,EMAX|EC50|WARD,100,100,1.0,0.9412954508894984,0.9593640438640416,0.9734671817090504,0.1881938421884292,0.88,0.788464103730204,0.7884641037302039,1800,1800,1800,0,4,4
CCLE_EXPERIMENT_A_FIXED_SCORE_ORIGINAL5,CCLE-11-AZD6244-LUNG,B100,EMAX|EC50|TIED_GMM,100,100,1.0,0.9417200873956915,0.9709661080039621,0.979025212994812,0.1881938421884292,0.86,0.7879810501165789,0.7879810501165789,1800,1800,1800,0,5,5
CCLE_EXPERIMENT_A_FIXED_SCORE_ORIGINAL5,CCLE-11-AZD6244-LUNG,B100,EMAX|EMAX|TERTILES,100,100,1.0,0.8244186266804605,0.961587263559455,0.9431245357761822,0.1881938421884292,1.0,0.7834648536409056,0.7834648536409055,1800,1800,1800,0,6,6
CCLE_EXPERIMENT_A_FIXED_SCORE_ORIGINAL5,CCLE-11-AZD6244-LUNG,B100,EMAX|EMAX|JENKS,100,100,1.0,0.8878919144463824,0.9547924338386179,0.9514773606347008,0.1881938421884292,0.85,0.7664711102216261,0.7664711102216261,1800,1800,1800,0,11,11
CCLE_EXPERIMENT_A_FIXED_SCORE_ORIGINAL5,CCLE-11-AZD6244-LUNG,B100,EMAX|EMAX|KMEANS,100,100,1.0,0.8878919144463824,0.9547924338386179,0.9514773606347008,0.1881938421884292,0.85,0.7664711102216261,0.7664711102216261,1800,1800,1800,0,11,11
CCLE_EXPERIMENT_A_FIXED_SCORE_ORIGINAL5,CCLE-11-AZD6244-LUNG,B100,EMAX|EMAX|WARD,100,100,1.0,0.8770174587618578,0.9312009645001846,0.9249719767496929,0.1881938421884292,0.79,0.7422768484400329,0.7422768484400329,1800,1800,1800,0,21,21
CCLE_EXPERIMENT_A_FIXED_SCORE_ORIGINAL5,CCLE-11-AZD6244-LUNG,B100,EMAX|EMAX|TIED_GMM,100,100,1.0,0.8801304562434108,0.9530842076220563,0.9579386362543565,0.1881938421884292,0.73,0.7418694284616504,0.7418694284616505,1800,1800,1800,0,22,22
CCLE_EXPERIMENT_A_FIXED_SCORE_ORIGINAL5,CCLE-11-AZD6244-LUNG,B100,EMAX|AUC|TERTILES,100,100,1.0,0.8116806944194103,0.9637549598994659,0.9429372707015687,0.1881938421884292,1.0,0.7813133534417749,0.7813133534417749,1800,1800,1800,0,7,7
CCLE_EXPERIMENT_A_FIXED_SCORE_ORIGINAL5,CCLE-11-AZD6244-LUNG,B100,EMAX|AUC|JENKS,100,100,1.0,0.8868016123593379,0.9651008644162248,0.9608433094065814,0.1881938421884292,0.9,0.7801879256741144,0.7801879256741145,1800,1800,1800,0,8,8
CCLE_EXPERIMENT_A_FIXED_SCORE_ORIGINAL5,CCLE-11-AZD6244-LUNG,B100,EMAX|AUC|KMEANS,100,100,1.0,0.8868016123593379,0.9651008644162248,0.9608433094065814,0.1881938421884292,0.9,0.7801879256741144,0.7801879256741145,1800,1800,1800,0,8,8
CCLE_EXPERIMENT_A_FIXED_SCORE_ORIGINAL5,CCLE-11-AZD6244-LUNG,B100,EMAX|AUC|WARD,100,100,1.0,0.878688449216404,0.9415165140195085,0.9371123264567197,0.1881938421884292,0.88,0.7651022263762123,0.7651022263762124,1800,1800,1800,0,13,13
CCLE_EXPERIMENT_A_FIXED_SCORE_ORIGINAL5,CCLE-11-AZD6244-LUNG,B100,EMAX|AUC|TIED_GMM,100,100,1.0,0.8758909157994769,0.9528986296330718,0.9462340768219031,0.1881938421884292,0.78,0.7486434928885761,0.7486434928885762,1800,1800,1800,0,14,14
CCLE_EXPERIMENT_A_FIXED_SCORE_ORIGINAL5,CCLE-11-AZD6244-LUNG,B100,HILL|IC50|TERTILES,100,0,0.0,,,,,,,0.0,1800,0,0,0,,62
CCLE_EXPERIMENT_A_FIXED_SCORE_ORIGINAL5,CCLE-11-AZD6244-LUNG,B100,HILL|IC50|JENKS,100,0,0.0,,,,,,,0.0,1800,0,0,0,,62
CCLE_EXPERIMENT_A_FIXED_SCORE_ORIGINAL5,CCLE-11-AZD6244-LUNG,B100,HILL|IC50|KMEANS,100,0,0.0,,,,,,,0.0,1800,0,0,0,,62
CCLE_EXPERIMENT_A_FIXED_SCORE_ORIGINAL5,CCLE-11-AZD6244-LUNG,B100,HILL|IC50|WARD,100,0,0.0,,,,,,,0.0,1800,0,0,0,,62
CCLE_EXPERIMENT_A_FIXED_SCORE_ORIGINAL5,CCLE-11-AZD6244-LUNG,B100,HILL|IC50|TIED_GMM,100,0,0.0,,,,,,,0.0,1800,0,0,0,,62
CCLE_EXPERIMENT_A_FIXED_SCORE_ORIGINAL5,CCLE-11-AZD6244-LUNG,B100,HILL|EC50|TERTILES,100,100,1.0,0.6413033739740495,0.965508457746735,0.9370946003736299,0.017070782129161636,1.0,0.7121954428447153,0.7121954428447153,1800,1800,1800,0,43,43
CCLE_EXPERIMENT_A_FIXED_SCORE_ORIGINAL5,CCLE-11-AZD6244-LUNG,B100,HILL|EC50|JENKS,100,100,1.0,0.9400058981144445,0.9426818654514423,0.9724074596455129,0.017070782129161636,0.5,0.6744332010681121,0.6744332010681123,1800,1800,1800,0,52,52
CCLE_EXPERIMENT_A_FIXED_SCORE_ORIGINAL5,CCLE-11-AZD6244-LUNG,B100,HILL|EC50|KMEANS,100,100,1.0,0.9400058981144445,0.9425436816818354,0.9724438387812137,0.017070782129161636,0.5,0.6744128401413311,0.6744128401413311,1800,1800,1800,0,53,53
CCLE_EXPERIMENT_A_FIXED_SCORE_ORIGINAL5,CCLE-11-AZD6244-LUNG,B100,HILL|EC50|WARD,100,100,1.0,0.9374010166487193,0.9398056268958177,0.9717598374757783,0.017070782129161636,0.46,0.6652074526298953,0.6652074526298953,1800,1800,1800,0,57,57
CCLE_EXPERIMENT_A_FIXED_SCORE_ORIGINAL5,CCLE-11-AZD6244-LUNG,B100,HILL|EC50|TIED_GMM,100,100,1.0,0.9341773017484054,0.942428826405326,0.97468955636926,0.017070782129161636,0.43,0.6596732933304306,0.6596732933304306,1800,1800,1799,1,59,59
CCLE_EXPERIMENT_A_FIXED_SCORE_ORIGINAL5,CCLE-11-AZD6244-LUNG,B100,HILL|EMAX|TERTILES,100,100,1.0,0.8119123939386667,0.9642100044081912,0.9445669570175635,0.017070782129161636,1.0,0.7475520274987165,0.7475520274987165,1800,1800,1800,0,15,15
CCLE_EXPERIMENT_A_FIXED_SCORE_ORIGINAL5,CCLE-11-AZD6244-LUNG,B100,HILL|EMAX|JENKS,100,100,1.0,0.8860471429169775,0.9499501751034671,0.9480644124483721,0.017070782129161636,0.81,0.7222265025195956,0.7222265025195956,1800,1800,1800,0,36,36
CCLE_EXPERIMENT_A_FIXED_SCORE_ORIGINAL5,CCLE-11-AZD6244-LUNG,B100,HILL|EMAX|KMEANS,100,100,1.0,0.8860471429169775,0.9499712091066042,0.9481520763247332,0.017070782129161636,0.81,0.7222482420954954,0.7222482420954952,1800,1800,1800,0,35,35
CCLE_EXPERIMENT_A_FIXED_SCORE_ORIGINAL5,CCLE-11-AZD6244-LUNG,B100,HILL|EMAX|WARD,100,100,1.0,0.8778877444436552,0.9370470167439946,0.9369251635762165,0.017070782129161636,0.83,0.7197861413786054,0.7197861413786056,1800,1800,1800,0,39,39
CCLE_EXPERIMENT_A_FIXED_SCORE_ORIGINAL5,CCLE-11-AZD6244-LUNG,B100,HILL|EMAX|TIED_GMM,100,100,1.0,0.878006700064981,0.9524820814421381,0.9564980964129104,0.017070782129161636,0.7,0.7008115320098383,0.7008115320098383,1800,1800,1800,0,47,47
CCLE_EXPERIMENT_A_FIXED_SCORE_ORIGINAL5,CCLE-11-AZD6244-LUNG,B100,HILL|AUC|TERTILES,100,100,1.0,0.8082199084516752,0.9635179673290638,0.9399304658368783,0.017070782129161636,1.0,0.7457478247493559,0.7457478247493559,1800,1800,1800,0,18,18
CCLE_EXPERIMENT_A_FIXED_SCORE_ORIGINAL5,CCLE-11-AZD6244-LUNG,B100,HILL|AUC|JENKS,100,100,1.0,0.8844871679165703,0.9577229916973711,0.9541989693493746,0.017070782129161636,0.88,0.7386959822184954,0.7386959822184955,1800,1800,1800,0,23,23
CCLE_EXPERIMENT_A_FIXED_SCORE_ORIGINAL5,CCLE-11-AZD6244-LUNG,B100,HILL|AUC|KMEANS,100,100,1.0,0.8844871679165703,0.9575998524758846,0.9541657163994728,0.017070782129161636,0.88,0.7386647037842178,0.7386647037842178,1800,1800,1800,0,24,24
CCLE_EXPERIMENT_A_FIXED_SCORE_ORIGINAL5,CCLE-11-AZD6244-LUNG,B100,HILL|AUC|WARD,100,100,1.0,0.8782295976477932,0.942789354818664,0.9388065558961638,0.017070782129161636,0.84,0.7233792580983563,0.7233792580983566,1800,1800,1800,0,32,32
CCLE_EXPERIMENT_A_FIXED_SCORE_ORIGINAL5,CCLE-11-AZD6244-LUNG,B100,HILL|AUC|TIED_GMM,100,100,1.0,0.8738654359285052,0.9543270899251247,0.950983168588955,0.017070782129161636,0.75,0.7092492953143492,0.7092492953143494,1800,1800,1800,0,44,44
CCLE_EXPERIMENT_A_FIXED_SCORE_ORIGINAL5,CCLE-11-AZD6244-LUNG,B100,LOGISTIC|IC50|TERTILES,100,0,0.0,,,,,,,0.0,1800,0,0,0,,62
CCLE_EXPERIMENT_A_FIXED_SCORE_ORIGINAL5,CCLE-11-AZD6244-LUNG,B100,LOGISTIC|IC50|JENKS,100,0,0.0,,,,,,,0.0,1800,0,0,0,,62
CCLE_EXPERIMENT_A_FIXED_SCORE_ORIGINAL5,CCLE-11-AZD6244-LUNG,B100,LOGISTIC|IC50|KMEANS,100,0,0.0,,,,,,,0.0,1800,0,0,0,,62
CCLE_EXPERIMENT_A_FIXED_SCORE_ORIGINAL5,CCLE-11-AZD6244-LUNG,B100,LOGISTIC|IC50|WARD,100,0,0.0,,,,,,,0.0,1800,0,0,0,,62
CCLE_EXPERIMENT_A_FIXED_SCORE_ORIGINAL5,CCLE-11-AZD6244-LUNG,B100,LOGISTIC|IC50|TIED_GMM,100,0,0.0,,,,,,,0.0,1800,0,0,0,,62
CCLE_EXPERIMENT_A_FIXED_SCORE_ORIGINAL5,CCLE-11-AZD6244-LUNG,B100,LOGISTIC|EC50|TERTILES,100,100,1.0,0.6537022393209162,0.9691415266824417,0.9412586073660597,0.006540429093622342,1.0,0.7141285604926079,0.714128560492608,1800,1800,1800,0,42,42
CCLE_EXPERIMENT_A_FIXED_SCORE_ORIGINAL5,CCLE-11-AZD6244-LUNG,B100,LOGISTIC|EC50|JENKS,100,100,1.0,0.929758635708853,0.9481941337308659,0.9715423363893169,0.006540429093622342,0.57,0.6852071069845316,0.6852071069845316,1800,1800,1800,0,50,50
CCLE_EXPERIMENT_A_FIXED_SCORE_ORIGINAL5,CCLE-11-AZD6244-LUNG,B100,LOGISTIC|EC50|KMEANS,100,100,1.0,0.9297416027767973,0.9479551279090573,0.9711461384433651,0.006540429093622342,0.57,0.6850766596445684,0.6850766596445683,1800,1800,1800,0,51,51
CCLE_EXPERIMENT_A_FIXED_SCORE_ORIGINAL5,CCLE-11-AZD6244-LUNG,B100,LOGISTIC|EC50|WARD,100,100,1.0,0.9253424504609417,0.9387218054797468,0.9592306768271378,0.006540429093622342,0.51,0.6679670723722896,0.6679670723722897,1800,1800,1800,0,56,56
CCLE_EXPERIMENT_A_FIXED_SCORE_ORIGINAL5,CCLE-11-AZD6244-LUNG,B100,LOGISTIC|EC50|TIED_GMM,100,100,1.0,0.9255322914462546,0.9524059061041729,0.9763749892434436,0.006540429093622342,0.46,0.6641707231774987,0.6641707231774987,1800,1800,1800,0,58,58
CCLE_EXPERIMENT_A_FIXED_SCORE_ORIGINAL5,CCLE-11-AZD6244-LUNG,B100,LOGISTIC|EMAX|TERTILES,100,100,1.0,0.8225752590183342,0.9614726628124468,0.942334181127942,0.006540429093622342,1.0,0.746584506410469,0.746584506410469,1800,1800,1800,0,16,16
CCLE_EXPERIMENT_A_FIXED_SCORE_ORIGINAL5,CCLE-11-AZD6244-LUNG,B100,LOGISTIC|EMAX|JENKS,100,100,1.0,0.8870513871049424,0.950509012559237,0.9481450847572424,0.006540429093622342,0.83,0.7244491827030088,0.7244491827030088,1800,1800,1800,0,30,30
CCLE_EXPERIMENT_A_FIXED_SCORE_ORIGINAL5,CCLE-11-AZD6244-LUNG,B100,LOGISTIC|EMAX|KMEANS,100,100,1.0,0.8870513871049424,0.9505178791589342,0.9481786921007651,0.006540429093622342,0.83,0.724457677491653,0.7244576774916528,1800,1800,1800,0,29,29
CCLE_EXPERIMENT_A_FIXED_SCORE_ORIGINAL5,CCLE-11-AZD6244-LUNG,B100,LOGISTIC|EMAX|WARD,100,100,1.0,0.879271429279093,0.9399215103785674,0.940967245989857,0.006540429093622342,0.84,0.7213401229482282,0.7213401229482279,1800,1800,1800,0,38,38
CCLE_EXPERIMENT_A_FIXED_SCORE_ORIGINAL5,CCLE-11-AZD6244-LUNG,B100,LOGISTIC|EMAX|TIED_GMM,100,100,1.0,0.8776108214542055,0.9481644500834965,0.9451248052731117,0.006540429093622342,0.71,0.6974881011808871,0.6974881011808872,1800,1800,1800,0,49,49
CCLE_EXPERIMENT_A_FIXED_SCORE_ORIGINAL5,CCLE-11-AZD6244-LUNG,B100,LOGISTIC|AUC|TERTILES,100,100,1.0,0.8117370200965852,0.9614086114456333,0.9427173542806123,0.006540429093622342,1.0,0.7444806829832905,0.7444806829832906,1800,1800,1800,0,20,20
CCLE_EXPERIMENT_A_FIXED_SCORE_ORIGINAL5,CCLE-11-AZD6244-LUNG,B100,LOGISTIC|AUC|JENKS,100,100,1.0,0.888646942236698,0.9613636383450835,0.9597790958946333,0.006540429093622342,0.87,0.7372660211140074,0.7372660211140074,1800,1800,1800,0,25,25
CCLE_EXPERIMENT_A_FIXED_SCORE_ORIGINAL5,CCLE-11-AZD6244-LUNG,B100,LOGISTIC|AUC|KMEANS,100,100,1.0,0.888646942236698,0.9613032797678575,0.9597635377794247,0.006540429093622342,0.87,0.7372508377755203,0.7372508377755205,1800,1800,1800,0,26,26
CCLE_EXPERIMENT_A_FIXED_SCORE_ORIGINAL5,CCLE-11-AZD6244-LUNG,B100,LOGISTIC|AUC|WARD,100,100,1.0,0.8820099458797337,0.9422334782885343,0.9385197426275167,0.006540429093622342,0.84,0.7218607191778813,0.7218607191778814,1800,1800,1800,0,37,37
CCLE_EXPERIMENT_A_FIXED_SCORE_ORIGINAL5,CCLE-11-AZD6244-LUNG,B100,LOGISTIC|AUC|TIED_GMM,100,100,1.0,0.8769775363618012,0.9541220776102758,0.9543136237446991,0.006540429093622342,0.74,0.7063907333620797,0.7063907333620797,1800,1800,1800,0,46,46
CCLE_EXPERIMENT_A_FIXED_SCORE_ORIGINAL5,CCLE-11-AZD6244-LUNG,B100,WEIBULL|IC50|TERTILES,100,0,0.0,,,,,,,0.0,1800,0,0,0,,62
CCLE_EXPERIMENT_A_FIXED_SCORE_ORIGINAL5,CCLE-11-AZD6244-LUNG,B100,WEIBULL|IC50|JENKS,100,0,0.0,,,,,,,0.0,1800,0,0,0,,62
CCLE_EXPERIMENT_A_FIXED_SCORE_ORIGINAL5,CCLE-11-AZD6244-LUNG,B100,WEIBULL|IC50|KMEANS,100,0,0.0,,,,,,,0.0,1800,0,0,0,,62
CCLE_EXPERIMENT_A_FIXED_SCORE_ORIGINAL5,CCLE-11-AZD6244-LUNG,B100,WEIBULL|IC50|WARD,100,0,0.0,,,,,,,0.0,1800,0,0,0,,62
CCLE_EXPERIMENT_A_FIXED_SCORE_ORIGINAL5,CCLE-11-AZD6244-LUNG,B100,WEIBULL|IC50|TIED_GMM,100,0,0.0,,,,,,,0.0,1800,0,0,0,,62
CCLE_EXPERIMENT_A_FIXED_SCORE_ORIGINAL5,CCLE-11-AZD6244-LUNG,B100,WEIBULL|EC50|TERTILES,100,100,1.0,0.6780216198181982,0.9594707827221339,0.9391074598422953,0.017159648269217915,1.0,0.7187519021303688,0.718751902130369,1800,1800,1800,0,40,40
CCLE_EXPERIMENT_A_FIXED_SCORE_ORIGINAL5,CCLE-11-AZD6244-LUNG,B100,WEIBULL|EC50|JENKS,100,100,1.0,0.9320692817516452,0.9426755330274293,0.9676444591453928,0.017159648269217915,0.49,0.669909784438737,0.669909784438737,1800,1800,1800,0,54,54
CCLE_EXPERIMENT_A_FIXED_SCORE_ORIGINAL5,CCLE-11-AZD6244-LUNG,B100,WEIBULL|EC50|KMEANS,100,100,1.0,0.9320213782281196,0.9425911301320647,0.9670817851039487,0.017159648269217915,0.49,0.6697707883466703,0.6697707883466701,1800,1800,1800,0,55,55
CCLE_EXPERIMENT_A_FIXED_SCORE_ORIGINAL5,CCLE-11-AZD6244-LUNG,B100,WEIBULL|EC50|WARD,100,100,1.0,0.9284443748290246,0.9338503356464262,0.962543879638592,0.017159648269217915,0.45,0.6583996476766523,0.658399647676652,1800,1800,1800,0,60,60
CCLE_EXPERIMENT_A_FIXED_SCORE_ORIGINAL5,CCLE-11-AZD6244-LUNG,B100,WEIBULL|EC50|TIED_GMM,100,100,1.0,0.9285648187931008,0.9358747169226638,0.9613538030980464,0.017159648269217915,0.4,0.6485905974166057,0.6485905974166059,1800,1800,1800,0,61,61
CCLE_EXPERIMENT_A_FIXED_SCORE_ORIGINAL5,CCLE-11-AZD6244-LUNG,B100,WEIBULL|EMAX|TERTILES,100,100,1.0,0.8142454968648327,0.9564499367922379,0.9382033206539272,0.017159648269217915,1.0,0.7452116805160433,0.7452116805160433,1800,1800,1788,12,19,19
CCLE_EXPERIMENT_A_FIXED_SCORE_ORIGINAL5,CCLE-11-AZD6244-LUNG,B100,WEIBULL|EMAX|JENKS,100,100,1.0,0.8866378909510302,0.9509628897444133,0.9506902692875546,0.017159648269217915,0.81,0.7230901396504431,0.7230901396504433,1800,1800,1800,0,33,33
CCLE_EXPERIMENT_A_FIXED_SCORE_ORIGINAL5,CCLE-11-AZD6244-LUNG,B100,WEIBULL|EMAX|KMEANS,100,100,1.0,0.8866378909510302,0.9509479961940411,0.950701472566744,0.017159648269217915,0.81,0.7230894015962066,0.7230894015962066,1800,1800,1800,0,34,34
CCLE_EXPERIMENT_A_FIXED_SCORE_ORIGINAL5,CCLE-11-AZD6244-LUNG,B100,WEIBULL|EMAX|WARD,100,100,1.0,0.87950588467978,0.9364526825054423,0.9381780134477252,0.017159648269217915,0.82,0.718259245780433,0.7182592457804331,1800,1800,1800,0,41,41
CCLE_EXPERIMENT_A_FIXED_SCORE_ORIGINAL5,CCLE-11-AZD6244-LUNG,B100,WEIBULL|EMAX|TIED_GMM,100,100,1.0,0.8785465040934339,0.9542484737382092,0.9568102988020298,0.017159648269217915,0.69,0.6993529849805782,0.6993529849805782,1800,1800,1800,0,48,48
CCLE_EXPERIMENT_A_FIXED_SCORE_ORIGINAL5,CCLE-11-AZD6244-LUNG,B100,WEIBULL|AUC|TERTILES,100,100,1.0,0.8090240339867094,0.9636626155044629,0.9418616969396865,0.017159648269217915,1.0,0.7463415989400155,0.7463415989400153,1800,1800,1800,0,17,17
CCLE_EXPERIMENT_A_FIXED_SCORE_ORIGINAL5,CCLE-11-AZD6244-LUNG,B100,WEIBULL|AUC|JENKS,100,100,1.0,0.8852820183793263,0.9589779863446095,0.9528098225711262,0.017159648269217915,0.87,0.736845895112856,0.736845895112856,1800,1800,1800,0,27,27
CCLE_EXPERIMENT_A_FIXED_SCORE_ORIGINAL5,CCLE-11-AZD6244-LUNG,B100,WEIBULL|AUC|KMEANS,100,100,1.0,0.8852820183793263,0.9589727366221702,0.9527940140293062,0.017159648269217915,0.87,0.7368416834600042,0.7368416834600042,1800,1800,1800,0,28,28
CCLE_EXPERIMENT_A_FIXED_SCORE_ORIGINAL5,CCLE-11-AZD6244-LUNG,B100,WEIBULL|AUC|WARD,100,100,1.0,0.8795228270003966,0.9446703680951453,0.9481565735694265,0.017159648269217915,0.83,0.7239018833868373,0.7239018833868373,1800,1800,1800,0,31,31
CCLE_EXPERIMENT_A_FIXED_SCORE_ORIGINAL5,CCLE-11-AZD6244-LUNG,B100,WEIBULL|AUC|TIED_GMM,100,100,1.0,0.8758013855120726,0.9532388667424715,0.9459525585402373,0.017159648269217915,0.74,0.7064304918127998,0.7064304918127998,1800,1800,1800,0,45,45
CCLE_EXPERIMENT_A_FIXED_SCORE_ORIGINAL5,CCLE-38-PD-0325901-HEM,B100,TRIOS,100,100,1.0,0.8793004789711246,0.9621739625844172,0.9621976823884552,0.601606866615969,1.0,0.8810557981119933,0.8810557981119932,1800,1800,1800,0,1,1
CCLE_EXPERIMENT_A_FIXED_SCORE_ORIGINAL5,CCLE-38-PD-0325901-HEM,B100,EMAX|IC50|TERTILES,100,0,0.0,,,,,,,0.0,1800,0,0,0,,62
CCLE_EXPERIMENT_A_FIXED_SCORE_ORIGINAL5,CCLE-38-PD-0325901-HEM,B100,EMAX|IC50|JENKS,100,0,0.0,,,,,,,0.0,1800,0,0,0,,62
CCLE_EXPERIMENT_A_FIXED_SCORE_ORIGINAL5,CCLE-38-PD-0325901-HEM,B100,EMAX|IC50|KMEANS,100,0,0.0,,,,,,,0.0,1800,0,0,0,,62
CCLE_EXPERIMENT_A_FIXED_SCORE_ORIGINAL5,CCLE-38-PD-0325901-HEM,B100,EMAX|IC50|WARD,100,0,0.0,,,,,,,0.0,1800,0,0,0,,62
CCLE_EXPERIMENT_A_FIXED_SCORE_ORIGINAL5,CCLE-38-PD-0325901-HEM,B100,EMAX|IC50|TIED_GMM,100,0,0.0,,,,,,,0.0,1800,0,0,0,,62
CCLE_EXPERIMENT_A_FIXED_SCORE_ORIGINAL5,CCLE-38-PD-0325901-HEM,B100,EMAX|EC50|TERTILES,100,100,1.0,0.367692192634238,0.9866751857891538,0.9388222407286533,0.33802185791440337,1.0,0.7262422954132894,0.7262422954132896,1800,1800,1800,0,42,42
CCLE_EXPERIMENT_A_FIXED_SCORE_ORIGINAL5,CCLE-38-PD-0325901-HEM,B100,EMAX|EC50|JENKS,100,100,1.0,0.9837737131821263,0.9349832495949105,0.979159829130749,0.33802185791440337,0.25,0.6971877299644378,0.6971877299644378,1800,1800,1800,0,44,44
CCLE_EXPERIMENT_A_FIXED_SCORE_ORIGINAL5,CCLE-38-PD-0325901-HEM,B100,EMAX|EC50|KMEANS,100,100,1.0,0.9837494816104063,0.934414715047512,0.9774841675605337,0.33802185791440337,0.26,0.698734044426571,0.698734044426571,1800,1800,1800,0,43,43
CCLE_EXPERIMENT_A_FIXED_SCORE_ORIGINAL5,CCLE-38-PD-0325901-HEM,B100,EMAX|EC50|WARD,100,100,1.0,0.9829991837494556,0.9334454192087701,0.9774675097433634,0.33802185791440337,0.25,0.6963867941231985,0.6963867941231985,1800,1800,1800,0,45,45
CCLE_EXPERIMENT_A_FIXED_SCORE_ORIGINAL5,CCLE-38-PD-0325901-HEM,B100,EMAX|EC50|TIED_GMM,100,100,1.0,0.9829408919106889,0.9305336693457875,0.979923821289092,0.33802185791440337,0.18,0.6822840480919942,0.6822840480919943,1800,1800,1798,2,46,46
CCLE_EXPERIMENT_A_FIXED_SCORE_ORIGINAL5,CCLE-38-PD-0325901-HEM,B100,EMAX|EMAX|TERTILES,100,100,1.0,0.8581985409999503,0.9553014421541737,0.9421305903801571,0.33802185791440337,1.0,0.8187304862897369,0.8187304862897369,1800,1800,1800,0,11,11
CCLE_EXPERIMENT_A_FIXED_SCORE_ORIGINAL5,CCLE-38-PD-0325901-HEM,B100,EMAX|EMAX|JENKS,100,100,1.0,0.9151747123410304,0.957873784557256,0.9444779604801162,0.33802185791440337,1.0,0.8311096630585614,0.8311096630585613,1800,1800,1800,0,4,4
CCLE_EXPERIMENT_A_FIXED_SCORE_ORIGINAL5,CCLE-38-PD-0325901-HEM,B100,EMAX|EMAX|KMEANS,100,100,1.0,0.9151747123410304,0.957873784557256,0.9444779604801162,0.33802185791440337,1.0,0.8311096630585614,0.8311096630585613,1800,1800,1800,0,4,4
CCLE_EXPERIMENT_A_FIXED_SCORE_ORIGINAL5,CCLE-38-PD-0325901-HEM,B100,EMAX|EMAX|WARD,100,100,1.0,0.9083573011063146,0.949078019376362,0.954590102580023,0.33802185791440337,1.0,0.8300094561954207,0.8300094561954205,1800,1800,1800,0,7,7
CCLE_EXPERIMENT_A_FIXED_SCORE_ORIGINAL5,CCLE-38-PD-0325901-HEM,B100,EMAX|EMAX|TIED_GMM,100,100,1.0,0.9082501910402663,0.9567055973220107,0.9426937186983466,0.33802185791440337,0.95,0.8191342729950054,0.8191342729950054,1800,1800,1800,0,10,10
CCLE_EXPERIMENT_A_FIXED_SCORE_ORIGINAL5,CCLE-38-PD-0325901-HEM,B100,EMAX|AUC|TERTILES,100,100,1.0,0.8560582162001278,0.959682594501907,0.9432551411615536,0.33802185791440337,1.0,0.8194035619555983,0.8194035619555983,1800,1800,1800,0,9,9
CCLE_EXPERIMENT_A_FIXED_SCORE_ORIGINAL5,CCLE-38-PD-0325901-HEM,B100,EMAX|AUC|JENKS,100,100,1.0,0.9203787499008891,0.9648696031084145,0.9601777475050501,0.33802185791440337,1.0,0.8366895916857514,0.8366895916857514,1800,1800,1800,0,2,2
CCLE_EXPERIMENT_A_FIXED_SCORE_ORIGINAL5,CCLE-38-PD-0325901-HEM,B100,EMAX|AUC|KMEANS,100,100,1.0,0.9203787499008891,0.9648696031084145,0.9601777475050501,0.33802185791440337,1.0,0.8366895916857514,0.8366895916857514,1800,1800,1800,0,2,2
CCLE_EXPERIMENT_A_FIXED_SCORE_ORIGINAL5,CCLE-38-PD-0325901-HEM,B100,EMAX|AUC|WARD,100,100,1.0,0.9134004057817076,0.9480072617579408,0.9507238011397496,0.33802185791440337,1.0,0.8300306653187605,0.8300306653187604,1800,1800,1800,0,6,6
CCLE_EXPERIMENT_A_FIXED_SCORE_ORIGINAL5,CCLE-38-PD-0325901-HEM,B100,EMAX|AUC|TIED_GMM,100,100,1.0,0.915333867956662,0.9606168200583285,0.9573256972614863,0.33802185791440337,0.93,0.8202596486381759,0.820259648638176,1800,1800,1800,0,8,8
CCLE_EXPERIMENT_A_FIXED_SCORE_ORIGINAL5,CCLE-38-PD-0325901-HEM,B100,HILL|IC50|TERTILES,100,0,0.0,,,,,,,0.0,1800,0,0,0,,62
CCLE_EXPERIMENT_A_FIXED_SCORE_ORIGINAL5,CCLE-38-PD-0325901-HEM,B100,HILL|IC50|JENKS,100,0,0.0,,,,,,,0.0,1800,0,0,0,,62
CCLE_EXPERIMENT_A_FIXED_SCORE_ORIGINAL5,CCLE-38-PD-0325901-HEM,B100,HILL|IC50|KMEANS,100,0,0.0,,,,,,,0.0,1800,0,0,0,,62
CCLE_EXPERIMENT_A_FIXED_SCORE_ORIGINAL5,CCLE-38-PD-0325901-HEM,B100,HILL|IC50|WARD,100,0,0.0,,,,,,,0.0,1800,0,0,0,,62
CCLE_EXPERIMENT_A_FIXED_SCORE_ORIGINAL5,CCLE-38-PD-0325901-HEM,B100,HILL|IC50|TIED_GMM,100,0,0.0,,,,,,,0.0,1800,0,0,0,,62
CCLE_EXPERIMENT_A_FIXED_SCORE_ORIGINAL5,CCLE-38-PD-0325901-HEM,B100,HILL|EC50|TERTILES,100,100,1.0,0.32888241980875565,0.991572394471505,0.9365078364731744,0.030492732912152473,1.0,0.6574910767331176,0.6574910767331176,1800,1800,1800,0,49,49
CCLE_EXPERIMENT_A_FIXED_SCORE_ORIGINAL5,CCLE-38-PD-0325901-HEM,B100,HILL|EC50|JENKS,100,100,1.0,0.9820657774784353,0.931019526064124,0.9803888846170075,0.030492732912152473,0.11,0.6067933842143439,0.6067933842143439,1800,1800,1800,0,58,57
CCLE_EXPERIMENT_A_FIXED_SCORE_ORIGINAL5,CCLE-38-PD-0325901-HEM,B100,HILL|EC50|KMEANS,100,100,1.0,0.9818082299449649,0.925373394750521,0.9762848858700037,0.030492732912152473,0.12,0.6067918486955285,0.6067918486955284,1800,1800,1800,0,59,58
CCLE_EXPERIMENT_A_FIXED_SCORE_ORIGINAL5,CCLE-38-PD-0325901-HEM,B100,HILL|EC50|WARD,100,100,1.0,0.9815240920642826,0.9285658613229163,0.9764940496230509,0.030492732912152473,0.1,0.6034153471844804,0.6034153471844804,1800,1800,1800,0,60,59
CCLE_EXPERIMENT_A_FIXED_SCORE_ORIGINAL5,CCLE-38-PD-0325901-HEM,B100,HILL|EC50|TIED_GMM,100,98,0.98,0.9815195962497213,0.9234368335775655,0.9697013503942224,0.030267815439342795,0.09183673469387756,0.5993524660709458,0.587365416749527,1800,1764,1748,16,61,61
CCLE_EXPERIMENT_A_FIXED_SCORE_ORIGINAL5,CCLE-38-PD-0325901-HEM,B100,HILL|EMAX|TERTILES,100,100,1.0,0.8607991847774891,0.9575422511015161,0.9432551411615536,0.030492732912152473,1.0,0.7584178619905424,0.7584178619905423,1800,1800,1800,0,35,35
CCLE_EXPERIMENT_A_FIXED_SCORE_ORIGINAL5,CCLE-38-PD-0325901-HEM,B100,HILL|EMAX|JENKS,100,100,1.0,0.9170984028664406,0.9602529183476928,0.9558421917323858,0.030492732912152473,1.0,0.7727372491717344,0.7727372491717344,1800,1800,1800,0,16,16
CCLE_EXPERIMENT_A_FIXED_SCORE_ORIGINAL5,CCLE-38-PD-0325901-HEM,B100,HILL|EMAX|KMEANS,100,100,1.0,0.9170984028664406,0.9602529183476928,0.9558421917323858,0.030492732912152473,1.0,0.7727372491717344,0.7727372491717344,1800,1800,1800,0,16,16
CCLE_EXPERIMENT_A_FIXED_SCORE_ORIGINAL5,CCLE-38-PD-0325901-HEM,B100,HILL|EMAX|WARD,100,100,1.0,0.9088978134958353,0.9439118346173707,0.9485478701688259,0.030492732912152473,1.0,0.7663700502388368,0.7663700502388369,1800,1800,1800,0,24,24
CCLE_EXPERIMENT_A_FIXED_SCORE_ORIGINAL5,CCLE-38-PD-0325901-HEM,B100,HILL|EMAX|TIED_GMM,100,100,1.0,0.9118988655527613,0.9599931129502525,0.9511743835033105,0.030492732912152473,0.96,0.7627118189836954,0.7627118189836954,1800,1800,1800,0,28,28
CCLE_EXPERIMENT_A_FIXED_SCORE_ORIGINAL5,CCLE-38-PD-0325901-HEM,B100,HILL|AUC|TERTILES,100,100,1.0,0.856273062810899,0.9607685299770122,0.9473864968076405,0.030492732912152473,1.0,0.7589841645015406,0.7589841645015408,1800,1800,1800,0,34,34
CCLE_EXPERIMENT_A_FIXED_SCORE_ORIGINAL5,CCLE-38-PD-0325901-HEM,B100,HILL|AUC|JENKS,100,100,1.0,0.9220071451502109,0.9655605674622091,0.9551235159242148,0.030492732912152473,1.0,0.7746367922897573,0.7746367922897575,1800,1800,1800,0,12,12
CCLE_EXPERIMENT_A_FIXED_SCORE_ORIGINAL5,CCLE-38-PD-0325901-HEM,B100,HILL|AUC|KMEANS,100,100,1.0,0.9220071451502109,0.9654624906257974,0.9551070956510802,0.030492732912152473,1.0,0.7746138928678481,0.7746138928678482,1800,1800,1800,0,13,13
CCLE_EXPERIMENT_A_FIXED_SCORE_ORIGINAL5,CCLE-38-PD-0325901-HEM,B100,HILL|AUC|WARD,100,100,1.0,0.9158345469443945,0.9478295015584406,0.9464826959984554,0.030492732912152473,1.0,0.7681278954826886,0.7681278954826886,1800,1800,1800,0,20,20
CCLE_EXPERIMENT_A_FIXED_SCORE_ORIGINAL5,CCLE-38-PD-0325901-HEM,B100,HILL|AUC|TIED_GMM,100,100,1.0,0.9163557466141274,0.962143403432152,0.951991513176822,0.030492732912152473,0.95,0.7621966792270507,0.7621966792270507,1800,1800,1800,0,29,29
CCLE_EXPERIMENT_A_FIXED_SCORE_ORIGINAL5,CCLE-38-PD-0325901-HEM,B100,LOGISTIC|IC50|TERTILES,100,0,0.0,,,,,,,0.0,1800,0,0,0,,62
CCLE_EXPERIMENT_A_FIXED_SCORE_ORIGINAL5,CCLE-38-PD-0325901-HEM,B100,LOGISTIC|IC50|JENKS,100,0,0.0,,,,,,,0.0,1800,0,0,0,,62
CCLE_EXPERIMENT_A_FIXED_SCORE_ORIGINAL5,CCLE-38-PD-0325901-HEM,B100,LOGISTIC|IC50|KMEANS,100,0,0.0,,,,,,,0.0,1800,0,0,0,,62
CCLE_EXPERIMENT_A_FIXED_SCORE_ORIGINAL5,CCLE-38-PD-0325901-HEM,B100,LOGISTIC|IC50|WARD,100,0,0.0,,,,,,,0.0,1800,0,0,0,,62
CCLE_EXPERIMENT_A_FIXED_SCORE_ORIGINAL5,CCLE-38-PD-0325901-HEM,B100,LOGISTIC|IC50|TIED_GMM,100,0,0.0,,,,,,,0.0,1800,0,0,0,,62
CCLE_EXPERIMENT_A_FIXED_SCORE_ORIGINAL5,CCLE-38-PD-0325901-HEM,B100,LOGISTIC|EC50|TERTILES,100,100,1.0,0.37401357920768696,0.9868934257719632,0.9359863752654047,0.002938982927362644,1.0,0.6599664726344834,0.6599664726344835,1800,1800,1800,0,47,47
CCLE_EXPERIMENT_A_FIXED_SCORE_ORIGINAL5,CCLE-38-PD-0325901-HEM,B100,LOGISTIC|EC50|JENKS,100,100,1.0,0.9808285889965254,0.9329806177857027,0.9759722642263491,0.002938982927362644,0.19,0.6165440907871881,0.616544090787188,1800,1800,1800,0,54,54
CCLE_EXPERIMENT_A_FIXED_SCORE_ORIGINAL5,CCLE-38-PD-0325901-HEM,B100,LOGISTIC|EC50|KMEANS,100,100,1.0,0.9794955086657998,0.9246807311176533,0.9687194482506136,0.002938982927362644,0.21,0.6171669341922859,0.6171669341922859,1800,1800,1800,0,53,53
CCLE_EXPERIMENT_A_FIXED_SCORE_ORIGINAL5,CCLE-38-PD-0325901-HEM,B100,LOGISTIC|EC50|WARD,100,100,1.0,0.9800545229789454,0.9322874444516636,0.9724375459410872,0.002938982927362644,0.17,0.6115436992598118,0.6115436992598118,1800,1800,1800,0,55,55
CCLE_EXPERIMENT_A_FIXED_SCORE_ORIGINAL5,CCLE-38-PD-0325901-HEM,B100,LOGISTIC|EC50|TIED_GMM,100,98,0.98,0.9796626264022593,0.9257866808510735,0.9722782737947043,0.002943232993042033,0.16326530612244897,0.6087872240327057,0.5966114795520516,1800,1764,1755,9,57,60
CCLE_EXPERIMENT_A_FIXED_SCORE_ORIGINAL5,CCLE-38-PD-0325901-HEM,B100,LOGISTIC|EMAX|TERTILES,100,100,1.0,0.8563059435621574,0.9570716034158788,0.9460257039321165,0.002938982927362644,1.0,0.752468446767503,0.752468446767503,1800,1800,1800,0,40,40
CCLE_EXPERIMENT_A_FIXED_SCORE_ORIGINAL5,CCLE-38-PD-0325901-HEM,B100,LOGISTIC|EMAX|JENKS,100,100,1.0,0.9115975756861114,0.9588308573145422,0.9514593316176296,0.002938982927362644,1.0,0.7649653495091292,0.7649653495091292,1800,1800,1800,0,25,25
CCLE_EXPERIMENT_A_FIXED_SCORE_ORIGINAL5,CCLE-38-PD-0325901-HEM,B100,LOGISTIC|EMAX|KMEANS,100,100,1.0,0.9115975756861114,0.9588308573145422,0.9514593316176296,0.002938982927362644,1.0,0.7649653495091292,0.7649653495091292,1800,1800,1800,0,25,25
CCLE_EXPERIMENT_A_FIXED_SCORE_ORIGINAL5,CCLE-38-PD-0325901-HEM,B100,LOGISTIC|EMAX|WARD,100,100,1.0,0.9039417033412414,0.9437272441989325,0.9444115788942702,0.002938982927362644,1.0,0.7590039018723612,0.7590039018723612,1800,1800,1800,0,33,33
CCLE_EXPERIMENT_A_FIXED_SCORE_ORIGINAL5,CCLE-38-PD-0325901-HEM,B100,LOGISTIC|EMAX|TIED_GMM,100,100,1.0,0.9037340625459869,0.9553884468319399,0.9448676117173105,0.002938982927362644,0.93,0.7473858208045199,0.7473858208045201,1800,1800,1800,0,41,41
CCLE_EXPERIMENT_A_FIXED_SCORE_ORIGINAL5,CCLE-38-PD-0325901-HEM,B100,LOGISTIC|AUC|TERTILES,100,100,1.0,0.856457743459653,0.9596543076584396,0.9449338044970625,0.002938982927362644,1.0,0.7527969677085037,0.7527969677085037,1800,1800,1800,0,39,39
CCLE_EXPERIMENT_A_FIXED_SCORE_ORIGINAL5,CCLE-38-PD-0325901-HEM,B100,LOGISTIC|AUC|JENKS,100,100,1.0,0.9195192319013941,0.9617848208270022,0.9538263716438555,0.002938982927362644,1.0,0.7676138814599227,0.7676138814599228,1800,1800,1800,0,21,21
CCLE_EXPERIMENT_A_FIXED_SCORE_ORIGINAL5,CCLE-38-PD-0325901-HEM,B100,LOGISTIC|AUC|KMEANS,100,100,1.0,0.9195192319013941,0.9617493698491403,0.9538249376555512,0.002938982927362644,1.0,0.7676065044666897,0.7676065044666897,1800,1800,1800,0,22,22
CCLE_EXPERIMENT_A_FIXED_SCORE_ORIGINAL5,CCLE-38-PD-0325901-HEM,B100,LOGISTIC|AUC|WARD,100,100,1.0,0.913117761748146,0.9465466983326383,0.9442694086156116,0.002938982927362644,1.0,0.7613745703247515,0.7613745703247516,1800,1800,1800,0,32,32
CCLE_EXPERIMENT_A_FIXED_SCORE_ORIGINAL5,CCLE-38-PD-0325901-HEM,B100,LOGISTIC|AUC|TIED_GMM,100,100,1.0,0.9147634492408944,0.9592165008895621,0.954359884811428,0.002938982927362644,0.94,0.7542557635738493,0.7542557635738494,1800,1800,1800,0,38,38
CCLE_EXPERIMENT_A_FIXED_SCORE_ORIGINAL5,CCLE-38-PD-0325901-HEM,B100,WEIBULL|IC50|TERTILES,100,0,0.0,,,,,,,0.0,1800,0,0,0,,62
CCLE_EXPERIMENT_A_FIXED_SCORE_ORIGINAL5,CCLE-38-PD-0325901-HEM,B100,WEIBULL|IC50|JENKS,100,0,0.0,,,,,,,0.0,1800,0,0,0,,62
CCLE_EXPERIMENT_A_FIXED_SCORE_ORIGINAL5,CCLE-38-PD-0325901-HEM,B100,WEIBULL|IC50|KMEANS,100,0,0.0,,,,,,,0.0,1800,0,0,0,,62
CCLE_EXPERIMENT_A_FIXED_SCORE_ORIGINAL5,CCLE-38-PD-0325901-HEM,B100,WEIBULL|IC50|WARD,100,0,0.0,,,,,,,0.0,1800,0,0,0,,62
CCLE_EXPERIMENT_A_FIXED_SCORE_ORIGINAL5,CCLE-38-PD-0325901-HEM,B100,WEIBULL|IC50|TIED_GMM,100,0,0.0,,,,,,,0.0,1800,0,0,0,,62
CCLE_EXPERIMENT_A_FIXED_SCORE_ORIGINAL5,CCLE-38-PD-0325901-HEM,B100,WEIBULL|EC50|TERTILES,100,100,1.0,0.3427083576267949,0.9887612169185307,0.9365894648390315,0.02693955963011254,1.0,0.658999719802894,0.658999719802894,1800,1800,1800,0,48,48
CCLE_EXPERIMENT_A_FIXED_SCORE_ORIGINAL5,CCLE-38-PD-0325901-HEM,B100,WEIBULL|EC50|JENKS,100,100,1.0,0.9815457772280379,0.9320091762798315,0.9789241473901664,0.02693955963011254,0.21,0.6258837321056296,0.6258837321056296,1800,1800,1800,0,50,50
CCLE_EXPERIMENT_A_FIXED_SCORE_ORIGINAL5,CCLE-38-PD-0325901-HEM,B100,WEIBULL|EC50|KMEANS,100,100,1.0,0.9815457772280379,0.9293419477121574,0.9777069262548364,0.02693955963011254,0.21,0.6251068421650288,0.6251068421650288,1800,1800,1800,0,51,51
CCLE_EXPERIMENT_A_FIXED_SCORE_ORIGINAL5,CCLE-38-PD-0325901-HEM,B100,WEIBULL|EC50|WARD,100,100,1.0,0.981020109843392,0.9309194413141368,0.9780060837761454,0.02693955963011254,0.2,0.6233770389127574,0.6233770389127574,1800,1800,1800,0,52,52
CCLE_EXPERIMENT_A_FIXED_SCORE_ORIGINAL5,CCLE-38-PD-0325901-HEM,B100,WEIBULL|EC50|TIED_GMM,100,100,1.0,0.979732949532614,0.9279168150495505,0.9768674369211494,0.02693955963011254,0.14,0.6102913522266853,0.6102913522266853,1800,1800,1794,6,56,56
CCLE_EXPERIMENT_A_FIXED_SCORE_ORIGINAL5,CCLE-38-PD-0325901-HEM,B100,WEIBULL|EMAX|TERTILES,100,100,1.0,0.860553867980177,0.9576214512563124,0.9435240346020243,0.02693955963011254,1.0,0.7577277826937254,0.7577277826937252,1800,1800,1800,0,37,37
CCLE_EXPERIMENT_A_FIXED_SCORE_ORIGINAL5,CCLE-38-PD-0325901-HEM,B100,WEIBULL|EMAX|JENKS,100,100,1.0,0.916895403763624,0.9604126327546707,0.9555431269897698,0.02693955963011254,1.0,0.7719581446276353,0.7719581446276353,1800,1800,1800,0,18,18
CCLE_EXPERIMENT_A_FIXED_SCORE_ORIGINAL5,CCLE-38-PD-0325901-HEM,B100,WEIBULL|EMAX|KMEANS,100,100,1.0,0.916895403763624,0.960377673073799,0.9555274566431642,0.02693955963011254,1.0,0.7719480186221399,0.7719480186221399,1800,1800,1800,0,19,19
CCLE_EXPERIMENT_A_FIXED_SCORE_ORIGINAL5,CCLE-38-PD-0325901-HEM,B100,WEIBULL|EMAX|WARD,100,100,1.0,0.9068483336346831,0.9410934025757843,0.9465679905462333,0.02693955963011254,1.0,0.7642898572773626,0.7642898572773628,1800,1800,1800,0,27,27
CCLE_EXPERIMENT_A_FIXED_SCORE_ORIGINAL5,CCLE-38-PD-0325901-HEM,B100,WEIBULL|EMAX|TIED_GMM,100,100,1.0,0.9112481014447781,0.959774612164314,0.9492424651207597,0.02693955963011254,0.96,0.7614409476719929,0.7614409476719929,1800,1800,1800,0,31,31
CCLE_EXPERIMENT_A_FIXED_SCORE_ORIGINAL5,CCLE-38-PD-0325901-HEM,B100,WEIBULL|AUC|TERTILES,100,100,1.0,0.8563097985604629,0.9607064737810134,0.9459930525857735,0.02693955963011254,1.0,0.7579897769114726,0.7579897769114724,1800,1800,1800,0,36,36
CCLE_EXPERIMENT_A_FIXED_SCORE_ORIGINAL5,CCLE-38-PD-0325901-HEM,B100,WEIBULL|AUC|JENKS,100,100,1.0,0.921738833315025,0.9654827885717637,0.9570521518794567,0.02693955963011254,1.0,0.7742426666792716,0.7742426666792716,1800,1800,1800,0,14,14
CCLE_EXPERIMENT_A_FIXED_SCORE_ORIGINAL5,CCLE-38-PD-0325901-HEM,B100,WEIBULL|AUC|KMEANS,100,100,1.0,0.921738833315025,0.9654695714345749,0.9570390462969192,0.02693955963011254,1.0,0.7742374021353262,0.7742374021353262,1800,1800,1800,0,15,15
CCLE_EXPERIMENT_A_FIXED_SCORE_ORIGINAL5,CCLE-38-PD-0325901-HEM,B100,WEIBULL|AUC|WARD,100,100,1.0,0.9156032207850165,0.9466368598150087,0.9462455106199786,0.02693955963011254,1.0,0.7670850301700234,0.7670850301700233,1800,1800,1800,0,23,23
CCLE_EXPERIMENT_A_FIXED_SCORE_ORIGINAL5,CCLE-38-PD-0325901-HEM,B100,WEIBULL|AUC|TIED_GMM,100,100,1.0,0.9162293896919413,0.9627979303668307,0.9521617625029012,0.02693955963011254,0.95,0.7616257284383569,0.7616257284383572,1800,1800,1800,0,30,30
CCLE_EXPERIMENT_A_FIXED_SCORE_ORIGINAL5,CCLE-10-AZD6244-HEM,B100,TRIOS,100,100,1.0,0.8813794493263907,0.9638925277901798,0.9570726549735502,0.7368488150070097,1.0,0.907838689419426,0.9078386894194261,1800,1800,1800,0,1,1
CCLE_EXPERIMENT_A_FIXED_SCORE_ORIGINAL5,CCLE-10-AZD6244-HEM,B100,EMAX|IC50|TERTILES,100,0,0.0,,,,,,,0.0,1800,0,0,0,,62
CCLE_EXPERIMENT_A_FIXED_SCORE_ORIGINAL5,CCLE-10-AZD6244-HEM,B100,EMAX|IC50|JENKS,100,0,0.0,,,,,,,0.0,1800,0,0,0,,62
CCLE_EXPERIMENT_A_FIXED_SCORE_ORIGINAL5,CCLE-10-AZD6244-HEM,B100,EMAX|IC50|KMEANS,100,0,0.0,,,,,,,0.0,1800,0,0,0,,62
CCLE_EXPERIMENT_A_FIXED_SCORE_ORIGINAL5,CCLE-10-AZD6244-HEM,B100,EMAX|IC50|WARD,100,0,0.0,,,,,,,0.0,1800,0,0,0,,62
CCLE_EXPERIMENT_A_FIXED_SCORE_ORIGINAL5,CCLE-10-AZD6244-HEM,B100,EMAX|IC50|TIED_GMM,100,0,0.0,,,,,,,0.0,1800,0,0,0,,62
CCLE_EXPERIMENT_A_FIXED_SCORE_ORIGINAL5,CCLE-10-AZD6244-HEM,B100,EMAX|EC50|TERTILES,100,100,1.0,0.7101590774408207,0.944078871262244,0.9395636183573791,0.20964070899732223,1.0,0.7606884552115531,0.7606884552115533,1800,1800,1800,0,25,25
CCLE_EXPERIMENT_A_FIXED_SCORE_ORIGINAL5,CCLE-10-AZD6244-HEM,B100,EMAX|EC50|JENKS,100,100,1.0,0.969774678899801,0.9683715640317102,0.9800278765148879,0.20964070899732223,0.9,0.8055629656887443,0.8055629656887443,1800,1800,1800,0,4,4
CCLE_EXPERIMENT_A_FIXED_SCORE_ORIGINAL5,CCLE-10-AZD6244-HEM,B100,EMAX|EC50|KMEANS,100,100,1.0,0.969774678899801,0.967755029872125,0.9797840530240626,0.20964070899732223,0.9,0.805390894158662,0.8053908941586622,1800,1800,1800,0,5,5
CCLE_EXPERIMENT_A_FIXED_SCORE_ORIGINAL5,CCLE-10-AZD6244-HEM,B100,EMAX|EC50|WARD,100,100,1.0,0.9689240267801164,0.968068740251206,0.9841166232573044,0.20964070899732223,0.89,0.8041500198571897,0.8041500198571899,1800,1800,1800,0,6,6
CCLE_EXPERIMENT_A_FIXED_SCORE_ORIGINAL5,CCLE-10-AZD6244-HEM,B100,EMAX|EC50|TIED_GMM,100,100,1.0,0.9677150557835303,0.9653226428201438,0.9804492959409542,0.20964070899732223,0.82,0.7886255407083901,0.7886255407083901,1800,1800,1798,2,11,11
CCLE_EXPERIMENT_A_FIXED_SCORE_ORIGINAL5,CCLE-10-AZD6244-HEM,B100,EMAX|EMAX|TERTILES,100,100,1.0,0.8495424282054025,0.9614147356247927,0.9447705477653485,0.20964070899732223,1.0,0.7930736841185729,0.7930736841185732,1800,1800,1800,0,9,9
CCLE_EXPERIMENT_A_FIXED_SCORE_ORIGINAL5,CCLE-10-AZD6244-HEM,B100,EMAX|EMAX|JENKS,100,100,1.0,0.9198012570941414,0.9667288524346195,0.95769961592031,0.20964070899732223,0.98,0.8067740868892787,0.8067740868892787,1800,1800,1800,0,2,2
CCLE_EXPERIMENT_A_FIXED_SCORE_ORIGINAL5,CCLE-10-AZD6244-HEM,B100,EMAX|EMAX|KMEANS,100,100,1.0,0.9198012570941414,0.9666328430567457,0.9576101883618929,0.20964070899732223,0.98,0.8067369995020205,0.8067369995020204,1800,1800,1800,0,3,3
CCLE_EXPERIMENT_A_FIXED_SCORE_ORIGINAL5,CCLE-10-AZD6244-HEM,B100,EMAX|EMAX|WARD,100,100,1.0,0.912888707503007,0.9470803006603203,0.9499546660904896,0.20964070899732223,0.98,0.7999128766502277,0.7999128766502278,1800,1800,1800,0,7,7
CCLE_EXPERIMENT_A_FIXED_SCORE_ORIGINAL5,CCLE-10-AZD6244-HEM,B100,EMAX|EMAX|TIED_GMM,100,100,1.0,0.9153968766693455,0.9565405203928521,0.946428533735721,0.20964070899732223,0.94,0.7936013279590484,0.7936013279590481,1800,1800,1800,0,8,8
CCLE_EXPERIMENT_A_FIXED_SCORE_ORIGINAL5,CCLE-10-AZD6244-HEM,B100,EMAX|AUC|TERTILES,100,100,1.0,0.8368041531417054,0.9637670455765762,0.9399794428563928,0.20964070899732223,1.0,0.7900382701143994,0.7900382701143992,1800,1800,1800,0,10,10
CCLE_EXPERIMENT_A_FIXED_SCORE_ORIGINAL5,CCLE-10-AZD6244-HEM,B100,EMAX|AUC|JENKS,100,100,1.0,0.9170513231443188,0.9529820806360604,0.9513847354350475,0.20964070899732223,0.89,0.7842117696425497,0.7842117696425498,1800,1800,1800,0,13,13
CCLE_EXPERIMENT_A_FIXED_SCORE_ORIGINAL5,CCLE-10-AZD6244-HEM,B100,EMAX|AUC|KMEANS,100,100,1.0,0.9170059710856596,0.9530840303382536,0.9513569488432216,0.20964070899732223,0.89,0.7842175318528913,0.7842175318528914,1800,1800,1800,0,12,12
CCLE_EXPERIMENT_A_FIXED_SCORE_ORIGINAL5,CCLE-10-AZD6244-HEM,B100,EMAX|AUC|WARD,100,100,1.0,0.9138791736705876,0.9448129167764193,0.9464066041168688,0.20964070899732223,0.86,0.7749478807122396,0.7749478807122396,1800,1800,1800,0,16,16
CCLE_EXPERIMENT_A_FIXED_SCORE_ORIGINAL5,CCLE-10-AZD6244-HEM,B100,EMAX|AUC|TIED_GMM,100,100,1.0,0.9116935201193812,0.9569223593908243,0.9634931174758553,0.20964070899732223,0.71,0.7503499411966765,0.7503499411966765,1800,1800,1800,0,37,37
CCLE_EXPERIMENT_A_FIXED_SCORE_ORIGINAL5,CCLE-10-AZD6244-HEM,B100,HILL|IC50|TERTILES,100,0,0.0,,,,,,,0.0,1800,0,0,0,,62
CCLE_EXPERIMENT_A_FIXED_SCORE_ORIGINAL5,CCLE-10-AZD6244-HEM,B100,HILL|IC50|JENKS,100,0,0.0,,,,,,,0.0,1800,0,0,0,,62
CCLE_EXPERIMENT_A_FIXED_SCORE_ORIGINAL5,CCLE-10-AZD6244-HEM,B100,HILL|IC50|KMEANS,100,0,0.0,,,,,,,0.0,1800,0,0,0,,62
CCLE_EXPERIMENT_A_FIXED_SCORE_ORIGINAL5,CCLE-10-AZD6244-HEM,B100,HILL|IC50|WARD,100,0,0.0,,,,,,,0.0,1800,0,0,0,,62
CCLE_EXPERIMENT_A_FIXED_SCORE_ORIGINAL5,CCLE-10-AZD6244-HEM,B100,HILL|IC50|TIED_GMM,100,0,0.0,,,,,,,0.0,1800,0,0,0,,62
CCLE_EXPERIMENT_A_FIXED_SCORE_ORIGINAL5,CCLE-10-AZD6244-HEM,B100,HILL|EC50|TERTILES,100,100,1.0,0.5307801440855756,0.9674745897141951,0.941022365271932,0.03475770193615824,1.0,0.6948069602015723,0.6948069602015723,1800,1800,1800,0,49,49
CCLE_EXPERIMENT_A_FIXED_SCORE_ORIGINAL5,CCLE-10-AZD6244-HEM,B100,HILL|EC50|JENKS,100,100,1.0,0.975934075726409,0.9582046585521412,0.9835706579847561,0.03475770193615824,0.47,0.6844934188398928,0.6844934188398929,1800,1800,1800,0,50,50
CCLE_EXPERIMENT_A_FIXED_SCORE_ORIGINAL5,CCLE-10-AZD6244-HEM,B100,HILL|EC50|KMEANS,100,100,1.0,0.975934075726409,0.957707410373363,0.983246436379811,0.03475770193615824,0.47,0.6843291248831482,0.6843291248831482,1800,1800,1800,0,51,51
CCLE_EXPERIMENT_A_FIXED_SCORE_ORIGINAL5,CCLE-10-AZD6244-HEM,B100,HILL|EC50|WARD,100,100,1.0,0.9747583272533569,0.9571369792259098,0.9868779870175857,0.03475770193615824,0.46,0.6827061990866021,0.6827061990866021,1800,1800,1800,0,52,52
CCLE_EXPERIMENT_A_FIXED_SCORE_ORIGINAL5,CCLE-10-AZD6244-HEM,B100,HILL|EC50|TIED_GMM,100,100,1.0,0.9754731448848708,0.9575090481297045,0.9842154038435234,0.03475770193615824,0.45,0.6803910597588514,0.6803910597588514,1800,1800,1800,0,53,53
CCLE_EXPERIMENT_A_FIXED_SCORE_ORIGINAL5,CCLE-10-AZD6244-HEM,B100,HILL|EMAX|TERTILES,100,100,1.0,0.844512746769939,0.9646761151804202,0.9420816133606428,0.03475770193615824,1.0,0.7572056354494322,0.7572056354494321,1800,1800,1800,0,26,26
CCLE_EXPERIMENT_A_FIXED_SCORE_ORIGINAL5,CCLE-10-AZD6244-HEM,B100,HILL|EMAX|JENKS,100,100,1.0,0.9251015075395804,0.9703983236172085,0.9687652418593974,0.03475770193615824,0.98,0.7758045549904687,0.775804554990469,1800,1800,1800,0,14,14
CCLE_EXPERIMENT_A_FIXED_SCORE_ORIGINAL5,CCLE-10-AZD6244-HEM,B100,HILL|EMAX|KMEANS,100,100,1.0,0.9251015075395804,0.9703983236172085,0.9687652418593974,0.03475770193615824,0.98,0.7758045549904687,0.775804554990469,1800,1800,1800,0,14,14
CCLE_EXPERIMENT_A_FIXED_SCORE_ORIGINAL5,CCLE-10-AZD6244-HEM,B100,HILL|EMAX|WARD,100,100,1.0,0.9206383237685387,0.9631151239821234,0.9660815450048608,0.03475770193615824,0.97,0.7709185389383361,0.7709185389383362,1800,1800,1800,0,17,17
CCLE_EXPERIMENT_A_FIXED_SCORE_ORIGINAL5,CCLE-10-AZD6244-HEM,B100,HILL|EMAX|TIED_GMM,100,100,1.0,0.9215798217731589,0.9624927543847889,0.9557780746404961,0.03475770193615824,0.93,0.7609216705469203,0.7609216705469204,1800,1800,1800,0,23,23
CCLE_EXPERIMENT_A_FIXED_SCORE_ORIGINAL5,CCLE-10-AZD6244-HEM,B100,HILL|AUC|TERTILES,100,100,1.0,0.839533574412005,0.9643515531568554,0.9416417805187303,0.03475770193615824,1.0,0.7560569220047497,0.7560569220047497,1800,1800,1800,0,30,30
CCLE_EXPERIMENT_A_FIXED_SCORE_ORIGINAL5,CCLE-10-AZD6244-HEM,B100,HILL|AUC|JENKS,100,100,1.0,0.9149557816826522,0.9597428229789015,0.956024805779126,0.03475770193615824,0.92,0.7570962224753676,0.7570962224753677,1800,1800,1800,0,27,27
CCLE_EXPERIMENT_A_FIXED_SCORE_ORIGINAL5,CCLE-10-AZD6244-HEM,B100,HILL|AUC|KMEANS,100,100,1.0,0.9149557816826522,0.9597428229789015,0.956024805779126,0.03475770193615824,0.92,0.7570962224753676,0.7570962224753677,1800,1800,1800,0,27,27
CCLE_EXPERIMENT_A_FIXED_SCORE_ORIGINAL5,CCLE-10-AZD6244-HEM,B100,HILL|AUC|WARD,100,100,1.0,0.9094850661558113,0.9376354747868652,0.9387548577665221,0.03475770193615824,0.88,0.7401266201290716,0.7401266201290714,1800,1800,1800,0,42,42
CCLE_EXPERIMENT_A_FIXED_SCORE_ORIGINAL5,CCLE-10-AZD6244-HEM,B100,HILL|AUC|TIED_GMM,100,100,1.0,0.9064004899155385,0.9544559501783254,0.9605495354338413,0.03475770193615824,0.7,0.7112327354927725,0.7112327354927725,1800,1800,1800,0,45,45
CCLE_EXPERIMENT_A_FIXED_SCORE_ORIGINAL5,CCLE-10-AZD6244-HEM,B100,LOGISTIC|IC50|TERTILES,100,0,0.0,,,,,,,0.0,1800,0,0,0,,62
CCLE_EXPERIMENT_A_FIXED_SCORE_ORIGINAL5,CCLE-10-AZD6244-HEM,B100,LOGISTIC|IC50|JENKS,100,0,0.0,,,,,,,0.0,1800,0,0,0,,62
CCLE_EXPERIMENT_A_FIXED_SCORE_ORIGINAL5,CCLE-10-AZD6244-HEM,B100,LOGISTIC|IC50|KMEANS,100,0,0.0,,,,,,,0.0,1800,0,0,0,,62
CCLE_EXPERIMENT_A_FIXED_SCORE_ORIGINAL5,CCLE-10-AZD6244-HEM,B100,LOGISTIC|IC50|WARD,100,0,0.0,,,,,,,0.0,1800,0,0,0,,62
CCLE_EXPERIMENT_A_FIXED_SCORE_ORIGINAL5,CCLE-10-AZD6244-HEM,B100,LOGISTIC|IC50|TIED_GMM,100,0,0.0,,,,,,,0.0,1800,0,0,0,,62
CCLE_EXPERIMENT_A_FIXED_SCORE_ORIGINAL5,CCLE-10-AZD6244-HEM,B100,LOGISTIC|EC50|TERTILES,100,100,1.0,0.6265737681107022,0.9595676996373201,0.9401830336041773,0.008692957896790124,1.0,0.7070034918497982,0.707003491849798,1800,1800,1800,0,47,47
CCLE_EXPERIMENT_A_FIXED_SCORE_ORIGINAL5,CCLE-10-AZD6244-HEM,B100,LOGISTIC|EC50|JENKS,100,100,1.0,0.951536931693932,0.9487137698094315,0.9704044636064164,0.008692957896790124,0.48,0.6718696246013142,0.6718696246013139,1800,1800,1800,0,56,56
CCLE_EXPERIMENT_A_FIXED_SCORE_ORIGINAL5,CCLE-10-AZD6244-HEM,B100,LOGISTIC|EC50|KMEANS,100,100,1.0,0.9514688322049255,0.9483432777868621,0.9710327215457591,0.008692957896790124,0.48,0.6719075578868674,0.6719075578868673,1800,1800,1800,0,55,55
CCLE_EXPERIMENT_A_FIXED_SCORE_ORIGINAL5,CCLE-10-AZD6244-HEM,B100,LOGISTIC|EC50|WARD,100,100,1.0,0.9470498024845801,0.9426110131435301,0.9667972152012279,0.008692957896790124,0.51,0.6750301977452254,0.6750301977452255,1800,1800,1800,0,54,54
CCLE_EXPERIMENT_A_FIXED_SCORE_ORIGINAL5,CCLE-10-AZD6244-HEM,B100,LOGISTIC|EC50|TIED_GMM,100,99,0.99,0.9473782432534149,0.9476855564603474,0.9724797080190396,0.008748094831406804,0.3939393939393939,0.6540461993007206,0.6475057373077133,1800,1782,1782,0,61,61
CCLE_EXPERIMENT_A_FIXED_SCORE_ORIGINAL5,CCLE-10-AZD6244-HEM,B100,LOGISTIC|EMAX|TERTILES,100,100,1.0,0.8429662259077074,0.9644469595912458,0.9421469160533285,0.008692957896790124,1.0,0.7516506118898144,0.7516506118898144,1800,1800,1800,0,34,34
CCLE_EXPERIMENT_A_FIXED_SCORE_ORIGINAL5,CCLE-10-AZD6244-HEM,B100,LOGISTIC|EMAX|JENKS,100,100,1.0,0.9175591354856982,0.965100317208723,0.9588069649673605,0.008692957896790124,0.98,0.7660318751117144,0.7660318751117144,1800,1800,1800,0,20,20
CCLE_EXPERIMENT_A_FIXED_SCORE_ORIGINAL5,CCLE-10-AZD6244-HEM,B100,LOGISTIC|EMAX|KMEANS,100,100,1.0,0.9175591354856982,0.965100317208723,0.9588069649673605,0.008692957896790124,0.98,0.7660318751117144,0.7660318751117144,1800,1800,1800,0,20,20
CCLE_EXPERIMENT_A_FIXED_SCORE_ORIGINAL5,CCLE-10-AZD6244-HEM,B100,LOGISTIC|EMAX|WARD,100,100,1.0,0.9111513398659319,0.9528003245638531,0.9511810221412145,0.008692957896790124,0.98,0.760765128893558,0.760765128893558,1800,1800,1800,0,24,24
CCLE_EXPERIMENT_A_FIXED_SCORE_ORIGINAL5,CCLE-10-AZD6244-HEM,B100,LOGISTIC|EMAX|TIED_GMM,100,100,1.0,0.9121385868107601,0.9587724705844911,0.9511888750551253,0.008692957896790124,0.92,0.7501585780694334,0.7501585780694333,1800,1800,1800,0,38,38
CCLE_EXPERIMENT_A_FIXED_SCORE_ORIGINAL5,CCLE-10-AZD6244-HEM,B100,LOGISTIC|AUC|TERTILES,100,100,1.0,0.8417792075031643,0.9639189719672252,0.9430025733942545,0.008692957896790124,1.0,0.7514787421522868,0.7514787421522868,1800,1800,1800,0,35,35
CCLE_EXPERIMENT_A_FIXED_SCORE_ORIGINAL5,CCLE-10-AZD6244-HEM,B100,LOGISTIC|AUC|JENKS,100,100,1.0,0.9135633411727407,0.9577424667061717,0.9547237458316339,0.008692957896790124,0.91,0.7489445023214674,0.7489445023214674,1800,1800,1800,0,39,39
CCLE_EXPERIMENT_A_FIXED_SCORE_ORIGINAL5,CCLE-10-AZD6244-HEM,B100,LOGISTIC|AUC|KMEANS,100,100,1.0,0.9135633411727407,0.9577424667061717,0.9547237458316339,0.008692957896790124,0.91,0.7489445023214674,0.7489445023214674,1800,1800,1800,0,39,39
CCLE_EXPERIMENT_A_FIXED_SCORE_ORIGINAL5,CCLE-10-AZD6244-HEM,B100,LOGISTIC|AUC|WARD,100,100,1.0,0.9082931243426785,0.9425979806609891,0.9443405008414024,0.008692957896790124,0.9,0.7407849127483719,0.7407849127483721,1800,1800,1800,0,41,41
CCLE_EXPERIMENT_A_FIXED_SCORE_ORIGINAL5,CCLE-10-AZD6244-HEM,B100,LOGISTIC|AUC|TIED_GMM,100,100,1.0,0.9045023885653157,0.9527446228380994,0.9542450704098766,0.008692957896790124,0.73,0.7100370079420163,0.7100370079420163,1800,1800,1800,0,46,46
CCLE_EXPERIMENT_A_FIXED_SCORE_ORIGINAL5,CCLE-10-AZD6244-HEM,B100,WEIBULL|IC50|TERTILES,100,0,0.0,,,,,,,0.0,1800,0,0,0,,62
CCLE_EXPERIMENT_A_FIXED_SCORE_ORIGINAL5,CCLE-10-AZD6244-HEM,B100,WEIBULL|IC50|JENKS,100,0,0.0,,,,,,,0.0,1800,0,0,0,,62
CCLE_EXPERIMENT_A_FIXED_SCORE_ORIGINAL5,CCLE-10-AZD6244-HEM,B100,WEIBULL|IC50|KMEANS,100,0,0.0,,,,,,,0.0,1800,0,0,0,,62
CCLE_EXPERIMENT_A_FIXED_SCORE_ORIGINAL5,CCLE-10-AZD6244-HEM,B100,WEIBULL|IC50|WARD,100,0,0.0,,,,,,,0.0,1800,0,0,0,,62
CCLE_EXPERIMENT_A_FIXED_SCORE_ORIGINAL5,CCLE-10-AZD6244-HEM,B100,WEIBULL|IC50|TIED_GMM,100,0,0.0,,,,,,,0.0,1800,0,0,0,,62
CCLE_EXPERIMENT_A_FIXED_SCORE_ORIGINAL5,CCLE-10-AZD6244-HEM,B100,WEIBULL|EC50|TERTILES,100,100,1.0,0.5823073496509955,0.9606461033758125,0.9407371461582901,0.010059816162719646,1.0,0.6987500830695637,0.6987500830695634,1800,1800,1800,0,48,48
CCLE_EXPERIMENT_A_FIXED_SCORE_ORIGINAL5,CCLE-10-AZD6244-HEM,B100,WEIBULL|EC50|JENKS,100,100,1.0,0.9656566585799395,0.9462577605560331,0.9781828675586466,0.010059816162719646,0.42,0.6640314205714678,0.6640314205714677,1800,1800,1800,0,57,57
CCLE_EXPERIMENT_A_FIXED_SCORE_ORIGINAL5,CCLE-10-AZD6244-HEM,B100,WEIBULL|EC50|KMEANS,100,100,1.0,0.9656566585799395,0.9461107794788165,0.9781066266010857,0.010059816162719646,0.42,0.6639867761645122,0.6639867761645122,1800,1800,1800,0,58,58
CCLE_EXPERIMENT_A_FIXED_SCORE_ORIGINAL5,CCLE-10-AZD6244-HEM,B100,WEIBULL|EC50|WARD,100,100,1.0,0.963433816639079,0.9437331238791847,0.9788955234975992,0.010059816162719646,0.4,0.6592244560357166,0.6592244560357164,1800,1800,1800,0,59,59
CCLE_EXPERIMENT_A_FIXED_SCORE_ORIGINAL5,CCLE-10-AZD6244-HEM,B100,WEIBULL|EC50|TIED_GMM,100,100,1.0,0.9651477572637627,0.9478154646084493,0.9795284299460825,0.010059816162719646,0.38,0.6565102935962028,0.6565102935962028,1800,1800,1800,0,60,60
CCLE_EXPERIMENT_A_FIXED_SCORE_ORIGINAL5,CCLE-10-AZD6244-HEM,B100,WEIBULL|EMAX|TERTILES,100,100,1.0,0.8430482126160522,0.9649017265431032,0.9415601521528729,0.010059816162719646,1.0,0.7519139814949496,0.7519139814949496,1800,1800,1800,0,33,33
CCLE_EXPERIMENT_A_FIXED_SCORE_ORIGINAL5,CCLE-10-AZD6244-HEM,B100,WEIBULL|EMAX|JENKS,100,100,1.0,0.924789386905944,0.971064532076969,0.9689390105318663,0.010059816162719646,0.97,0.7689705491354997,0.7689705491354998,1800,1800,1800,0,18,18
CCLE_EXPERIMENT_A_FIXED_SCORE_ORIGINAL5,CCLE-10-AZD6244-HEM,B100,WEIBULL|EMAX|KMEANS,100,100,1.0,0.924789386905944,0.971064532076969,0.9689390105318663,0.010059816162719646,0.97,0.7689705491354997,0.7689705491354998,1800,1800,1800,0,18,18
CCLE_EXPERIMENT_A_FIXED_SCORE_ORIGINAL5,CCLE-10-AZD6244-HEM,B100,WEIBULL|EMAX|WARD,100,100,1.0,0.9201653834831114,0.961057311129417,0.9659764757276903,0.010059816162719646,0.97,0.7654517973005877,0.7654517973005877,1800,1800,1800,0,22,22
CCLE_EXPERIMENT_A_FIXED_SCORE_ORIGINAL5,CCLE-10-AZD6244-HEM,B100,WEIBULL|EMAX|TIED_GMM,100,100,1.0,0.9209190316734428,0.963035892055216,0.9578063597183732,0.010059816162719646,0.93,0.7563642199219504,0.7563642199219502,1800,1800,1800,0,29,29
CCLE_EXPERIMENT_A_FIXED_SCORE_ORIGINAL5,CCLE-10-AZD6244-HEM,B100,WEIBULL|AUC|TERTILES,100,100,1.0,0.8394402594582832,0.9641729880267867,0.9430025733942545,0.010059816162719646,1.0,0.7513351274084087,0.7513351274084087,1800,1800,1800,0,36,36
CCLE_EXPERIMENT_A_FIXED_SCORE_ORIGINAL5,CCLE-10-AZD6244-HEM,B100,WEIBULL|AUC|JENKS,100,100,1.0,0.9160522341944397,0.95931271667391,0.9563751732438651,0.010059816162719646,0.92,0.7523599880549869,0.7523599880549869,1800,1800,1800,0,31,31
CCLE_EXPERIMENT_A_FIXED_SCORE_ORIGINAL5,CCLE-10-AZD6244-HEM,B100,WEIBULL|AUC|KMEANS,100,100,1.0,0.9160522341944397,0.9590998887371436,0.9562739960703526,0.010059816162719646,0.92,0.7522971870329311,0.7522971870329311,1800,1800,1800,0,32,32
CCLE_EXPERIMENT_A_FIXED_SCORE_ORIGINAL5,CCLE-10-AZD6244-HEM,B100,WEIBULL|AUC|WARD,100,100,1.0,0.9116031738330089,0.9404994193030047,0.9403323157406684,0.010059816162719646,0.88,0.7364989450078803,0.7364989450078804,1800,1800,1800,0,43,43
CCLE_EXPERIMENT_A_FIXED_SCORE_ORIGINAL5,CCLE-10-AZD6244-HEM,B100,WEIBULL|AUC|TIED_GMM,100,100,1.0,0.9088128410547331,0.9555928239026373,0.9597806999219135,0.010059816162719646,0.74,0.7148492362084007,0.7148492362084007,1800,1800,1800,0,44,44
CCLE_EXPERIMENT_A_FIXED_SCORE_ORIGINAL5,CCLE-65-Topotecan-LUNG,B100,TRIOS,100,100,1.0,0.8675653114135601,0.9609825962550907,0.9431353902188155,0.5478717465736355,1.0,0.8639110088922205,0.8639110088922205,1800,1800,1800,0,1,1
CCLE_EXPERIMENT_A_FIXED_SCORE_ORIGINAL5,CCLE-65-Topotecan-LUNG,B100,EMAX|IC50|TERTILES,100,80,0.8,0.5165598249238312,0.9772182541181224,0.9371332538056973,0.3331127455352082,1.0,0.7528048156765719,0.6022438525412575,1800,1440,1440,0,14,62
CCLE_EXPERIMENT_A_FIXED_SCORE_ORIGINAL5,CCLE-65-Topotecan-LUNG,B100,EMAX|IC50|JENKS,100,80,0.8,0.9443152529208854,0.9341606983807924,0.950111408053156,0.3331127455352082,0.35,0.7023400209780084,0.5618720167824067,1800,1440,1440,0,45,63
CCLE_EXPERIMENT_A_FIXED_SCORE_ORIGINAL5,CCLE-65-Topotecan-LUNG,B100,EMAX|IC50|KMEANS,100,80,0.8,0.94408142891305,0.9324099259953957,0.9457286481620107,0.3331127455352082,0.35,0.7010665497211329,0.5608532397769064,1800,1440,1440,0,47,64
CCLE_EXPERIMENT_A_FIXED_SCORE_ORIGINAL5,CCLE-65-Topotecan-LUNG,B100,EMAX|IC50|WARD,100,80,0.8,0.9411363088691296,0.9276036497428587,0.9524603230361859,0.3331127455352082,0.325,0.6958626054366764,0.5566900843493411,1800,1440,1440,0,49,65
CCLE_EXPERIMENT_A_FIXED_SCORE_ORIGINAL5,CCLE-65-Topotecan-LUNG,B100,EMAX|IC50|TIED_GMM,100,80,0.8,0.938834877680101,0.9351474902861134,0.9717418820382744,0.3331127455352082,0.2125,0.6782673991079394,0.5426139192863516,1800,1440,1436,4,57,66
CCLE_EXPERIMENT_A_FIXED_SCORE_ORIGINAL5,CCLE-65-Topotecan-LUNG,B100,EMAX|EC50|TERTILES,100,100,1.0,0.772284382551129,0.9571556765812942,0.9412749330392313,0.33144958834021915,1.0,0.8004329161023747,0.8004329161023748,1800,1800,1800,0,3,3
CCLE_EXPERIMENT_A_FIXED_SCORE_ORIGINAL5,CCLE-65-Topotecan-LUNG,B100,EMAX|EC50|JENKS,100,100,1.0,0.9116383035677984,0.944663353693073,0.9454463884416658,0.33144958834021915,0.77,0.7806395268085514,0.7806395268085512,1800,1800,1800,0,8,8
CCLE_EXPERIMENT_A_FIXED_SCORE_ORIGINAL5,CCLE-65-Topotecan-LUNG,B100,EMAX|EC50|KMEANS,100,100,1.0,0.9116383035677984,0.9447102898682976,0.9454881291955815,0.33144958834021915,0.77,0.7806572621943793,0.7806572621943794,1800,1800,1800,0,7,7
CCLE_EXPERIMENT_A_FIXED_SCORE_ORIGINAL5,CCLE-65-Topotecan-LUNG,B100,EMAX|EC50|WARD,100,100,1.0,0.9051983337710648,0.9316802002927793,0.9435309617171019,0.33144958834021915,0.73,0.7683718168242331,0.7683718168242331,1800,1800,1800,0,12,12
CCLE_EXPERIMENT_A_FIXED_SCORE_ORIGINAL5,CCLE-65-Topotecan-LUNG,B100,EMAX|EC50|TIED_GMM,100,100,1.0,0.9044535283376777,0.9515221076933266,0.9656290910151135,0.33144958834021915,0.57,0.7446108630772673,0.7446108630772673,1800,1800,1800,0,16,15
CCLE_EXPERIMENT_A_FIXED_SCORE_ORIGINAL5,CCLE-65-Topotecan-LUNG,B100,EMAX|EMAX|TERTILES,100,100,1.0,0.7158612427373909,0.9707998555089664,0.9393273762632515,0.33144958834021915,1.0,0.7914876125699657,0.7914876125699657,1800,1800,1800,0,4,4
CCLE_EXPERIMENT_A_FIXED_SCORE_ORIGINAL5,CCLE-65-Topotecan-LUNG,B100,EMAX|EMAX|JENKS,100,100,1.0,0.896163212562741,0.9499809074992115,0.9545695630206645,0.33144958834021915,0.73,0.7724326542845672,0.7724326542845672,1800,1800,1800,0,9,9
CCLE_EXPERIMENT_A_FIXED_SCORE_ORIGINAL5,CCLE-65-Topotecan-LUNG,B100,EMAX|EMAX|KMEANS,100,100,1.0,0.896163212562741,0.9498973895294618,0.9538683227700038,0.33144958834021915,0.73,0.7722757026404853,0.7722757026404851,1800,1800,1800,0,10,10
CCLE_EXPERIMENT_A_FIXED_SCORE_ORIGINAL5,CCLE-65-Topotecan-LUNG,B100,EMAX|EMAX|WARD,100,100,1.0,0.8891865165674305,0.935137641811403,0.9377306856010494,0.33144958834021915,0.64,0.7467008864640203,0.7467008864640203,1800,1800,1800,0,15,14
CCLE_EXPERIMENT_A_FIXED_SCORE_ORIGINAL5,CCLE-65-Topotecan-LUNG,B100,EMAX|EMAX|TIED_GMM,100,100,1.0,0.8809151205725754,0.939472875939857,0.9526793239020525,0.33144958834021915,0.46,0.7129033817509409,0.7129033817509408,1800,1800,1799,1,37,34
CCLE_EXPERIMENT_A_FIXED_SCORE_ORIGINAL5,CCLE-65-Topotecan-LUNG,B100,EMAX|AUC|TERTILES,100,100,1.0,0.7737844447471026,0.9643113303732891,0.9423994838206278,0.33144958834021915,1.0,0.8023889694562477,0.8023889694562477,1800,1800,1800,0,2,2
CCLE_EXPERIMENT_A_FIXED_SCORE_ORIGINAL5,CCLE-65-Topotecan-LUNG,B100,EMAX|AUC|JENKS,100,100,1.0,0.8877714980888486,0.9554924248661913,0.9459377971162533,0.33144958834021915,0.81,0.7861302616823025,0.7861302616823024,1800,1800,1800,0,5,5
CCLE_EXPERIMENT_A_FIXED_SCORE_ORIGINAL5,CCLE-65-Topotecan-LUNG,B100,EMAX|AUC|KMEANS,100,100,1.0,0.8877714980888486,0.9554629291551693,0.9459381002601621,0.33144958834021915,0.81,0.7861244231688798,0.7861244231688798,1800,1800,1800,0,6,6
CCLE_EXPERIMENT_A_FIXED_SCORE_ORIGINAL5,CCLE-65-Topotecan-LUNG,B100,EMAX|AUC|WARD,100,100,1.0,0.8776717350541138,0.9320675544221361,0.9132658725278597,0.33144958834021915,0.79,0.7688909500688657,0.7688909500688658,1800,1800,1800,0,11,11
CCLE_EXPERIMENT_A_FIXED_SCORE_ORIGINAL5,CCLE-65-Topotecan-LUNG,B100,EMAX|AUC|TIED_GMM,100,100,1.0,0.8759938905219222,0.9421488114685378,0.9288146949431406,0.33144958834021915,0.71,0.7576813970547641,0.757681397054764,1800,1800,1800,0,13,13
CCLE_EXPERIMENT_A_FIXED_SCORE_ORIGINAL5,CCLE-65-Topotecan-LUNG,B100,HILL|IC50|TERTILES,100,35,0.35,0.6370126912474886,0.9615422644502948,0.9391748203929436,0.05119733263592056,1.0,0.7177854217453297,0.25122489761086536,1800,630,630,0,32,72
CCLE_EXPERIMENT_A_FIXED_SCORE_ORIGINAL5,CCLE-65-Topotecan-LUNG,B100,HILL|IC50|JENKS,100,35,0.35,0.9332763450513684,0.9419754896288796,0.9691382941138319,0.05119733263592056,0.4,0.6591174922860001,0.2306911223001,1800,630,630,0,69,76
CCLE_EXPERIMENT_A_FIXED_SCORE_ORIGINAL5,CCLE-65-Topotecan-LUNG,B100,HILL|IC50|KMEANS,100,35,0.35,0.9332763450513684,0.9410614511063244,0.9693986581910605,0.05119733263592056,0.4,0.6589867573969347,0.2306453650889272,1800,630,630,0,70,77
CCLE_EXPERIMENT_A_FIXED_SCORE_ORIGINAL5,CCLE-65-Topotecan-LUNG,B100,HILL|IC50|WARD,100,35,0.35,0.9288909346369388,0.9322794614710688,0.9525560120182807,0.05119733263592056,0.42857142857142855,0.6586990338667276,0.2305446618533546,1800,630,630,0,71,78
CCLE_EXPERIMENT_A_FIXED_SCORE_ORIGINAL5,CCLE-65-Topotecan-LUNG,B100,HILL|IC50|TIED_GMM,100,35,0.35,0.9278995058883709,0.9407292141569065,0.9677690059760456,0.05119733263592056,0.34285714285714286,0.6460904403028773,0.22613165410600705,1800,630,629,1,76,80
CCLE_EXPERIMENT_A_FIXED_SCORE_ORIGINAL5,CCLE-65-Topotecan-LUNG,B100,HILL|EC50|TERTILES,100,100,1.0,0.6381709543182433,0.9670584306705102,0.9363205713985611,0.060576971085247976,1.0,0.7204253854945125,0.7204253854945125,1800,1800,1800,0,29,28
CCLE_EXPERIMENT_A_FIXED_SCORE_ORIGINAL5,CCLE-65-Topotecan-LUNG,B100,HILL|EC50|JENKS,100,100,1.0,0.9327883772160905,0.9459184236820338,0.9671382649490411,0.060576971085247976,0.51,0.6832844073864827,0.6832844073864827,1800,1800,1800,0,52,45
CCLE_EXPERIMENT_A_FIXED_SCORE_ORIGINAL5,CCLE-65-Topotecan-LUNG,B100,HILL|EC50|KMEANS,100,100,1.0,0.9327883772160905,0.9458245767995404,0.9667051164099288,0.060576971085247976,0.51,0.6831790083021616,0.6831790083021616,1800,1800,1800,0,53,46
CCLE_EXPERIMENT_A_FIXED_SCORE_ORIGINAL5,CCLE-65-Topotecan-LUNG,B100,HILL|EC50|WARD,100,100,1.0,0.9266342079823702,0.9353723876433296,0.9554640249976987,0.060576971085247976,0.5,0.6756095183417291,0.6756095183417292,1800,1800,1800,0,60,52
CCLE_EXPERIMENT_A_FIXED_SCORE_ORIGINAL5,CCLE-65-Topotecan-LUNG,B100,HILL|EC50|TIED_GMM,100,100,1.0,0.92570364978245,0.9389839368806386,0.9653511912661545,0.060576971085247976,0.37,0.6521231498028982,0.6521231498028982,1800,1800,1799,1,73,57
CCLE_EXPERIMENT_A_FIXED_SCORE_ORIGINAL5,CCLE-65-Topotecan-LUNG,B100,HILL|EMAX|TERTILES,100,100,1.0,0.714861749106804,0.9693994165898409,0.9398488374710209,0.060576971085247976,1.0,0.7369373948505828,0.7369373948505828,1800,1800,1800,0,19,18
CCLE_EXPERIMENT_A_FIXED_SCORE_ORIGINAL5,CCLE-65-Topotecan-LUNG,B100,HILL|EMAX|JENKS,100,100,1.0,0.8905498636227926,0.9514020812153808,0.9512728882356555,0.060576971085247976,0.71,0.7127603608318155,0.7127603608318155,1800,1800,1800,0,38,35
CCLE_EXPERIMENT_A_FIXED_SCORE_ORIGINAL5,CCLE-65-Topotecan-LUNG,B100,HILL|EMAX|KMEANS,100,100,1.0,0.8905300220034451,0.9514356517022297,0.9502430319329938,0.060576971085247976,0.71,0.7125571353447835,0.7125571353447833,1800,1800,1800,0,39,36
CCLE_EXPERIMENT_A_FIXED_SCORE_ORIGINAL5,CCLE-65-Topotecan-LUNG,B100,HILL|EMAX|WARD,100,100,1.0,0.8856689240588007,0.9376951730846708,0.9362495612128418,0.060576971085247976,0.67,0.6980381258883124,0.6980381258883124,1800,1800,1800,0,48,42
CCLE_EXPERIMENT_A_FIXED_SCORE_ORIGINAL5,CCLE-65-Topotecan-LUNG,B100,HILL|EMAX|TIED_GMM,100,100,1.0,0.8691217722363825,0.9328069700029628,0.9350149286863926,0.060576971085247976,0.46,0.651504128402197,0.6515041284021972,1800,1800,1800,0,74,58
CCLE_EXPERIMENT_A_FIXED_SCORE_ORIGINAL5,CCLE-65-Topotecan-LUNG,B100,HILL|AUC|TERTILES,100,100,1.0,0.7571752057297636,0.9628948872129807,0.9420326363411285,0.060576971085247976,1.0,0.7445359400738241,0.7445359400738242,1800,1800,1800,0,17,16
CCLE_EXPERIMENT_A_FIXED_SCORE_ORIGINAL5,CCLE-65-Topotecan-LUNG,B100,HILL|AUC|JENKS,100,100,1.0,0.8927586404436196,0.9523195672385774,0.9488426220776368,0.060576971085247976,0.78,0.7268995601690165,0.7268995601690164,1800,1800,1800,0,23,21
CCLE_EXPERIMENT_A_FIXED_SCORE_ORIGINAL5,CCLE-65-Topotecan-LUNG,B100,HILL|AUC|KMEANS,100,100,1.0,0.8927586404436196,0.9522390463475269,0.9487586937620175,0.060576971085247976,0.78,0.7268666703276824,0.7268666703276824,1800,1800,1800,0,24,22
CCLE_EXPERIMENT_A_FIXED_SCORE_ORIGINAL5,CCLE-65-Topotecan-LUNG,B100,HILL|AUC|WARD,100,100,1.0,0.8874942537818526,0.9420264087970306,0.9471775448592852,0.060576971085247976,0.75,0.7174550357046833,0.7174550357046832,1800,1800,1800,0,33,31
CCLE_EXPERIMENT_A_FIXED_SCORE_ORIGINAL5,CCLE-65-Topotecan-LUNG,B100,HILL|AUC|TIED_GMM,100,100,1.0,0.8787653533409154,0.9402268590329398,0.9453412480181929,0.060576971085247976,0.6,0.6849820862954591,0.6849820862954591,1800,1800,1800,0,51,44
CCLE_EXPERIMENT_A_FIXED_SCORE_ORIGINAL5,CCLE-65-Topotecan-LUNG,B100,LOGISTIC|IC50|TERTILES,100,35,0.35,0.6014482824249717,0.9684191520353177,0.9416195556527321,0.026622151924661643,1.0,0.7076218284075365,0.24766763994263782,1800,630,630,0,43,73
CCLE_EXPERIMENT_A_FIXED_SCORE_ORIGINAL5,CCLE-65-Topotecan-LUNG,B100,LOGISTIC|IC50|JENKS,100,35,0.35,0.9375945307208089,0.9452031464156319,0.9759409364091486,0.026622151924661643,0.42857142857142855,0.6627864388083361,0.2319752535829176,1800,630,630,0,64,74
CCLE_EXPERIMENT_A_FIXED_SCORE_ORIGINAL5,CCLE-65-Topotecan-LUNG,B100,LOGISTIC|IC50|KMEANS,100,35,0.35,0.9375945307208089,0.9449227360015217,0.9749560296554098,0.026622151924661643,0.42857142857142855,0.6625333753747663,0.23188668138116814,1800,630,630,0,65,75
CCLE_EXPERIMENT_A_FIXED_SCORE_ORIGINAL5,CCLE-65-Topotecan-LUNG,B100,LOGISTIC|IC50|WARD,100,35,0.35,0.9347912106736996,0.9352381555766004,0.9602127180613731,0.026622151924661643,0.4,0.651372847247267,0.22798049653654343,1800,630,630,0,75,79
CCLE_EXPERIMENT_A_FIXED_SCORE_ORIGINAL5,CCLE-65-Topotecan-LUNG,B100,LOGISTIC|IC50|TIED_GMM,100,35,0.35,0.9255152633452889,0.937685531496346,0.9702123945291167,0.026622151924661643,0.2571428571428571,0.6234356396876543,0.21820247389067896,1800,630,630,0,81,81
CCLE_EXPERIMENT_A_FIXED_SCORE_ORIGINAL5,CCLE-65-Topotecan-LUNG,B100,LOGISTIC|EC50|TERTILES,100,100,1.0,0.6907606481248568,0.9629234157855037,0.9404682527178195,0.02541277409327698,1.0,0.7239130181442914,0.7239130181442913,1800,1800,1800,0,25,23
CCLE_EXPERIMENT_A_FIXED_SCORE_ORIGINAL5,CCLE-65-Topotecan-LUNG,B100,LOGISTIC|EC50|JENKS,100,100,1.0,0.9316217970774164,0.9504052115533195,0.9728007602007037,0.02541277409327698,0.52,0.6800481085849432,0.6800481085849434,1800,1800,1800,0,56,49
CCLE_EXPERIMENT_A_FIXED_SCORE_ORIGINAL5,CCLE-65-Topotecan-LUNG,B100,LOGISTIC|EC50|KMEANS,100,100,1.0,0.9316217970774164,0.9504160432542734,0.9728153620010198,0.02541277409327698,0.52,0.6800531952851973,0.6800531952851974,1800,1800,1800,0,55,48
CCLE_EXPERIMENT_A_FIXED_SCORE_ORIGINAL5,CCLE-65-Topotecan-LUNG,B100,LOGISTIC|EC50|WARD,100,100,1.0,0.9259435240500519,0.939032571717523,0.9569723543522207,0.02541277409327698,0.52,0.6734722448426146,0.6734722448426145,1800,1800,1800,0,62,54
CCLE_EXPERIMENT_A_FIXED_SCORE_ORIGINAL5,CCLE-65-Topotecan-LUNG,B100,LOGISTIC|EC50|TIED_GMM,100,100,1.0,0.9245679201042069,0.9467354109898087,0.9720254531879604,0.02541277409327698,0.43,0.6597483116750505,0.6597483116750505,1800,1800,1800,0,68,56
CCLE_EXPERIMENT_A_FIXED_SCORE_ORIGINAL5,CCLE-65-Topotecan-LUNG,B100,LOGISTIC|EMAX|TERTILES,100,100,1.0,0.714995320126478,0.9711305180326449,0.9373961451604432,0.02541277409327698,1.0,0.7297869514825686,0.7297869514825686,1800,1800,1800,0,22,20
CCLE_EXPERIMENT_A_FIXED_SCORE_ORIGINAL5,CCLE-65-Topotecan-LUNG,B100,LOGISTIC|EMAX|JENKS,100,100,1.0,0.8896410482879601,0.9501124646175417,0.9495358867500933,0.02541277409327698,0.73,0.7089404347497744,0.7089404347497744,1800,1800,1800,0,41,38
CCLE_EXPERIMENT_A_FIXED_SCORE_ORIGINAL5,CCLE-65-Topotecan-LUNG,B100,LOGISTIC|EMAX|KMEANS,100,100,1.0,0.8896410482879601,0.9501808797705152,0.9499102254799733,0.02541277409327698,0.73,0.7090289855263451,0.7090289855263451,1800,1800,1800,0,40,37
CCLE_EXPERIMENT_A_FIXED_SCORE_ORIGINAL5,CCLE-65-Topotecan-LUNG,B100,LOGISTIC|EMAX|WARD,100,100,1.0,0.8836262970191648,0.9359867542185002,0.933309168027777,0.02541277409327698,0.67,0.689666998671744,0.6896669986717439,1800,1800,1800,0,50,43
CCLE_EXPERIMENT_A_FIXED_SCORE_ORIGINAL5,CCLE-65-Topotecan-LUNG,B100,LOGISTIC|EMAX|TIED_GMM,100,100,1.0,0.8695074212124431,0.9274104684382999,0.9293594699661757,0.02541277409327698,0.44,0.6383380267420391,0.6383380267420392,1800,1800,1800,0,79,61
CCLE_EXPERIMENT_A_FIXED_SCORE_ORIGINAL5,CCLE-65-Topotecan-LUNG,B100,LOGISTIC|AUC|TERTILES,100,100,1.0,0.7508830472614568,0.9639497806822255,0.9423994838206275,0.02541277409327698,1.0,0.7365290171715173,0.7365290171715173,1800,1800,1800,0,20,19
CCLE_EXPERIMENT_A_FIXED_SCORE_ORIGINAL5,CCLE-65-Topotecan-LUNG,B100,LOGISTIC|AUC|JENKS,100,100,1.0,0.891296060356356,0.9521008815481402,0.9453929321268649,0.02541277409327698,0.79,0.7208405296249275,0.7208405296249276,1800,1800,1800,0,26,25
CCLE_EXPERIMENT_A_FIXED_SCORE_ORIGINAL5,CCLE-65-Topotecan-LUNG,B100,LOGISTIC|AUC|KMEANS,100,100,1.0,0.891296060356356,0.9520734783970471,0.9453608873271274,0.02541277409327698,0.79,0.7208286400347613,0.7208286400347614,1800,1800,1800,0,27,26
CCLE_EXPERIMENT_A_FIXED_SCORE_ORIGINAL5,CCLE-65-Topotecan-LUNG,B100,LOGISTIC|AUC|WARD,100,100,1.0,0.8862062064379203,0.9403269029654865,0.9373090924109074,0.02541277409327698,0.75,0.7078509951815181,0.7078509951815181,1800,1800,1800,0,42,39
CCLE_EXPERIMENT_A_FIXED_SCORE_ORIGINAL5,CCLE-65-Topotecan-LUNG,B100,LOGISTIC|AUC|TIED_GMM,100,100,1.0,0.8758276475529199,0.9411369227655372,0.9514366165112282,0.02541277409327698,0.54,0.6667627921845924,0.6667627921845924,1800,1800,1800,0,63,55
CCLE_EXPERIMENT_A_FIXED_SCORE_ORIGINAL5,CCLE-65-Topotecan-LUNG,B100,WEIBULL|IC50|TERTILES,100,40,0.4,0.627416749124386,0.9639748445094701,0.939710549415922,0.035834893396702844,1.0,0.7133874072892962,0.28535496291571844,1800,720,720,0,36,67
CCLE_EXPERIMENT_A_FIXED_SCORE_ORIGINAL5,CCLE-65-Topotecan-LUNG,B100,WEIBULL|IC50|JENKS,100,40,0.4,0.9320241589902819,0.944665287939031,0.9680003087811635,0.035834893396702844,0.425,0.6611049298214359,0.2644419719285743,1800,720,720,0,66,68
CCLE_EXPERIMENT_A_FIXED_SCORE_ORIGINAL5,CCLE-65-Topotecan-LUNG,B100,WEIBULL|IC50|KMEANS,100,40,0.4,0.9320241589902819,0.9439620955612066,0.9674787095276212,0.035834893396702844,0.425,0.6608599714951625,0.264343988598065,1800,720,720,0,67,69
CCLE_EXPERIMENT_A_FIXED_SCORE_ORIGINAL5,CCLE-65-Topotecan-LUNG,B100,WEIBULL|IC50|WARD,100,40,0.4,0.9276268863369108,0.9351849499874,0.9507041995206491,0.035834893396702844,0.425,0.6548701858483325,0.261948074339333,1800,720,720,0,72,70
CCLE_EXPERIMENT_A_FIXED_SCORE_ORIGINAL5,CCLE-65-Topotecan-LUNG,B100,WEIBULL|IC50|TIED_GMM,100,40,0.4,0.9252899848385276,0.9427522305801294,0.966741545603347,0.035834893396702844,0.3,0.6341237308837414,0.25364949235349654,1800,720,720,0,80,71
CCLE_EXPERIMENT_A_FIXED_SCORE_ORIGINAL5,CCLE-65-Topotecan-LUNG,B100,WEIBULL|EC50|TERTILES,100,100,1.0,0.6680812696438049,0.9650356396068658,0.9349271271766938,0.034688919907620346,1.0,0.720546591266997,0.7205465912669969,1800,1800,1800,0,28,27
CCLE_EXPERIMENT_A_FIXED_SCORE_ORIGINAL5,CCLE-65-Topotecan-LUNG,B100,WEIBULL|EC50|JENKS,100,100,1.0,0.9289610991795542,0.9476717171964115,0.9671600829568707,0.034688919907620346,0.51,0.6776963638480912,0.6776963638480913,1800,1800,1800,0,58,50
CCLE_EXPERIMENT_A_FIXED_SCORE_ORIGINAL5,CCLE-65-Topotecan-LUNG,B100,WEIBULL|EC50|KMEANS,100,100,1.0,0.9289610991795542,0.9475606326853581,0.967094424240281,0.034688919907620346,0.51,0.6776610152025626,0.6776610152025627,1800,1800,1800,0,59,51
CCLE_EXPERIMENT_A_FIXED_SCORE_ORIGINAL5,CCLE-65-Topotecan-LUNG,B100,WEIBULL|EC50|WARD,100,100,1.0,0.9231991239920402,0.9384228264305225,0.9582168583387078,0.034688919907620346,0.52,0.6749055457337783,0.6749055457337783,1800,1800,1800,0,61,53
CCLE_EXPERIMENT_A_FIXED_SCORE_ORIGINAL5,CCLE-65-Topotecan-LUNG,B100,WEIBULL|EC50|TIED_GMM,100,100,1.0,0.9202069947887236,0.9372458972978354,0.9609245389262727,0.034688919907620346,0.35,0.6406132701840906,0.6406132701840904,1800,1800,1794,6,77,59
CCLE_EXPERIMENT_A_FIXED_SCORE_ORIGINAL5,CCLE-65-Topotecan-LUNG,B100,WEIBULL|EMAX|TERTILES,100,99,0.99,0.7113926060616388,0.9671600528392201,0.9363897287640787,0.034719399409738796,1.0,0.7299323574149352,0.7226330338407859,1800,1782,1776,6,21,24
CCLE_EXPERIMENT_A_FIXED_SCORE_ORIGINAL5,CCLE-65-Topotecan-LUNG,B100,WEIBULL|EMAX|JENKS,100,100,1.0,0.8865118787346706,0.9490454051999432,0.9497477428905515,0.034688919907620346,0.75,0.7139987893465571,0.713998789346557,1800,1800,1800,0,34,32
CCLE_EXPERIMENT_A_FIXED_SCORE_ORIGINAL5,CCLE-65-Topotecan-LUNG,B100,WEIBULL|EMAX|KMEANS,100,100,1.0,0.8864974175882806,0.9490148298324101,0.9492470078407489,0.034688919907620346,0.75,0.7138896350338119,0.7138896350338119,1800,1800,1800,0,35,33
CCLE_EXPERIMENT_A_FIXED_SCORE_ORIGINAL5,CCLE-65-Topotecan-LUNG,B100,WEIBULL|EMAX|WARD,100,100,1.0,0.881703683457743,0.941696400176125,0.9431660876079703,0.034688919907620346,0.72,0.7042510182298918,0.7042510182298918,1800,1800,1800,0,44,40
CCLE_EXPERIMENT_A_FIXED_SCORE_ORIGINAL5,CCLE-65-Topotecan-LUNG,B100,WEIBULL|EMAX|TIED_GMM,100,100,1.0,0.8603959151295411,0.9262790365363274,0.9310072461541743,0.034688919907620346,0.45,0.6404742235455327,0.6404742235455326,1800,1800,1797,3,78,60
CCLE_EXPERIMENT_A_FIXED_SCORE_ORIGINAL5,CCLE-65-Topotecan-LUNG,B100,WEIBULL|AUC|TERTILES,100,100,1.0,0.7547856643905645,0.9635993282865196,0.9420816133606427,0.034688919907620346,1.0,0.7390311051890696,0.7390311051890694,1800,1800,1800,0,18,17
CCLE_EXPERIMENT_A_FIXED_SCORE_ORIGINAL5,CCLE-65-Topotecan-LUNG,B100,WEIBULL|AUC|JENKS,100,100,1.0,0.8921892634983771,0.9530053630029148,0.9486711309549798,0.034688919907620346,0.77,0.7197109354727783,0.7197109354727784,1800,1800,1800,0,30,29
CCLE_EXPERIMENT_A_FIXED_SCORE_ORIGINAL5,CCLE-65-Topotecan-LUNG,B100,WEIBULL|AUC|KMEANS,100,100,1.0,0.8921892634983771,0.9529572617674036,0.948582431370995,0.034688919907620346,0.77,0.7196835753088792,0.7196835753088793,1800,1800,1800,0,31,30
CCLE_EXPERIMENT_A_FIXED_SCORE_ORIGINAL5,CCLE-65-Topotecan-LUNG,B100,WEIBULL|AUC|WARD,100,100,1.0,0.8853377473665612,0.9385041618136017,0.9381591978238843,0.034688919907620346,0.71,0.7013380053823335,0.7013380053823336,1800,1800,1800,0,46,41
CCLE_EXPERIMENT_A_FIXED_SCORE_ORIGINAL5,CCLE-65-Topotecan-LUNG,B100,WEIBULL|AUC|TIED_GMM,100,100,1.0,0.8782796818498091,0.9366500439200298,0.9371546223695942,0.034688919907620346,0.62,0.6813546536094107,0.6813546536094107,1800,1800,1800,0,54,47
CCLE_EXPERIMENT_A_FIXED_SCORE_ORIGINAL5,CCLE-51-PLX4720-SKIN,B100,TRIOS,100,100,1.0,0.8969858899050628,0.9664179126891714,0.9661641616857973,0.5587474723388852,1.0,0.8776630873237832,0.8776630873237834,1800,1800,1800,0,1,1
CCLE_EXPERIMENT_A_FIXED_SCORE_ORIGINAL5,CCLE-51-PLX4720-SKIN,B100,EMAX|IC50|TERTILES,100,0,0.0,,,,,,,0.0,1800,0,0,0,,62
CCLE_EXPERIMENT_A_FIXED_SCORE_ORIGINAL5,CCLE-51-PLX4720-SKIN,B100,EMAX|IC50|JENKS,100,0,0.0,,,,,,,0.0,1800,0,0,0,,62
CCLE_EXPERIMENT_A_FIXED_SCORE_ORIGINAL5,CCLE-51-PLX4720-SKIN,B100,EMAX|IC50|KMEANS,100,0,0.0,,,,,,,0.0,1800,0,0,0,,62
CCLE_EXPERIMENT_A_FIXED_SCORE_ORIGINAL5,CCLE-51-PLX4720-SKIN,B100,EMAX|IC50|WARD,100,0,0.0,,,,,,,0.0,1800,0,0,0,,62
CCLE_EXPERIMENT_A_FIXED_SCORE_ORIGINAL5,CCLE-51-PLX4720-SKIN,B100,EMAX|IC50|TIED_GMM,100,0,0.0,,,,,,,0.0,1800,0,0,0,,62
CCLE_EXPERIMENT_A_FIXED_SCORE_ORIGINAL5,CCLE-51-PLX4720-SKIN,B100,EMAX|EC50|TERTILES,100,100,1.0,0.772004426126544,0.9360125410756892,0.9443143892502646,0.29934743282853377,1.0,0.7903357578562065,0.7903357578562062,1800,1800,1800,0,13,13
CCLE_EXPERIMENT_A_FIXED_SCORE_ORIGINAL5,CCLE-51-PLX4720-SKIN,B100,EMAX|EC50|JENKS,100,100,1.0,0.9584654810679198,0.969332924700321,0.9642356901035501,0.29934743282853377,0.95,0.8282763057400649,0.8282763057400649,1800,1800,1800,0,3,3
CCLE_EXPERIMENT_A_FIXED_SCORE_ORIGINAL5,CCLE-51-PLX4720-SKIN,B100,EMAX|EC50|KMEANS,100,100,1.0,0.9584654810679198,0.9695308235390935,0.9646227013831284,0.29934743282853377,0.95,0.8283932877637351,0.8283932877637351,1800,1800,1800,0,2,2
CCLE_EXPERIMENT_A_FIXED_SCORE_ORIGINAL5,CCLE-51-PLX4720-SKIN,B100,EMAX|EC50|WARD,100,100,1.0,0.9568685079330238,0.9627599643115821,0.956234489294285,0.29934743282853377,0.95,0.8250420788734849,0.8250420788734849,1800,1800,1800,0,4,4
CCLE_EXPERIMENT_A_FIXED_SCORE_ORIGINAL5,CCLE-51-PLX4720-SKIN,B100,EMAX|EC50|TIED_GMM,100,100,1.0,0.9490958792173675,0.9455160376437032,0.9598961031311412,0.29934743282853377,0.63,0.7567710905641492,0.756771090564149,1800,1800,1795,5,33,33
CCLE_EXPERIMENT_A_FIXED_SCORE_ORIGINAL5,CCLE-51-PLX4720-SKIN,B100,EMAX|EMAX|TERTILES,100,100,1.0,0.7724700747599029,0.9720194150166424,0.944664911056592,0.29934743282853377,1.0,0.7977003667323342,0.7977003667323342,1800,1800,1800,0,11,11
CCLE_EXPERIMENT_A_FIXED_SCORE_ORIGINAL5,CCLE-51-PLX4720-SKIN,B100,EMAX|EMAX|JENKS,100,100,1.0,0.8934513298009046,0.9653732323213694,0.9544652408607034,0.29934743282853377,0.92,0.8065274471623023,0.8065274471623023,1800,1800,1800,0,9,9
CCLE_EXPERIMENT_A_FIXED_SCORE_ORIGINAL5,CCLE-51-PLX4720-SKIN,B100,EMAX|EMAX|KMEANS,100,100,1.0,0.8934513298009046,0.9653367484108341,0.9544506913603077,0.29934743282853377,0.92,0.806517240480116,0.806517240480116,1800,1800,1800,0,10,10
CCLE_EXPERIMENT_A_FIXED_SCORE_ORIGINAL5,CCLE-51-PLX4720-SKIN,B100,EMAX|EMAX|WARD,100,100,1.0,0.8869335989802013,0.949508492939126,0.9407171672012598,0.29934743282853377,0.9,0.7953013383898242,0.7953013383898242,1800,1800,1800,0,12,12
CCLE_EXPERIMENT_A_FIXED_SCORE_ORIGINAL5,CCLE-51-PLX4720-SKIN,B100,EMAX|EMAX|TIED_GMM,100,100,1.0,0.8853490653465437,0.9610111599626658,0.9493645006000284,0.29934743282853377,0.84,0.7870144317475543,0.7870144317475543,1800,1800,1800,0,14,14
CCLE_EXPERIMENT_A_FIXED_SCORE_ORIGINAL5,CCLE-51-PLX4720-SKIN,B100,EMAX|AUC|TERTILES,100,100,1.0,0.8526316437811806,0.9649482076635583,0.943678648330295,0.29934743282853377,1.0,0.8121211865207136,0.8121211865207135,1800,1800,1800,0,8,8
CCLE_EXPERIMENT_A_FIXED_SCORE_ORIGINAL5,CCLE-51-PLX4720-SKIN,B100,EMAX|AUC|JENKS,100,100,1.0,0.8944419001614947,0.9481990043171103,0.9441998483084559,0.29934743282853377,1.0,0.8172376371231188,0.8172376371231189,1800,1800,1800,0,6,6
CCLE_EXPERIMENT_A_FIXED_SCORE_ORIGINAL5,CCLE-51-PLX4720-SKIN,B100,EMAX|AUC|KMEANS,100,100,1.0,0.8944419001614947,0.9481990043171103,0.9441998483084559,0.29934743282853377,1.0,0.8172376371231188,0.8172376371231189,1800,1800,1800,0,6,6
CCLE_EXPERIMENT_A_FIXED_SCORE_ORIGINAL5,CCLE-51-PLX4720-SKIN,B100,EMAX|AUC|WARD,100,100,1.0,0.8920810709168154,0.9495387680992734,0.9539638963453534,0.29934743282853377,1.0,0.8189862336379952,0.8189862336379952,1800,1800,1800,0,5,5
CCLE_EXPERIMENT_A_FIXED_SCORE_ORIGINAL5,CCLE-51-PLX4720-SKIN,B100,EMAX|AUC|TIED_GMM,100,100,1.0,0.8856053068523119,0.9397887883208353,0.9344668491934995,0.29934743282853377,0.87,0.785841675439036,0.785841675439036,1800,1800,1800,0,15,15
CCLE_EXPERIMENT_A_FIXED_SCORE_ORIGINAL5,CCLE-51-PLX4720-SKIN,B100,HILL|IC50|TERTILES,100,0,0.0,,,,,,,0.0,1800,0,0,0,,62
CCLE_EXPERIMENT_A_FIXED_SCORE_ORIGINAL5,CCLE-51-PLX4720-SKIN,B100,HILL|IC50|JENKS,100,0,0.0,,,,,,,0.0,1800,0,0,0,,62
CCLE_EXPERIMENT_A_FIXED_SCORE_ORIGINAL5,CCLE-51-PLX4720-SKIN,B100,HILL|IC50|KMEANS,100,0,0.0,,,,,,,0.0,1800,0,0,0,,62
CCLE_EXPERIMENT_A_FIXED_SCORE_ORIGINAL5,CCLE-51-PLX4720-SKIN,B100,HILL|IC50|WARD,100,0,0.0,,,,,,,0.0,1800,0,0,0,,62
CCLE_EXPERIMENT_A_FIXED_SCORE_ORIGINAL5,CCLE-51-PLX4720-SKIN,B100,HILL|IC50|TIED_GMM,100,0,0.0,,,,,,,0.0,1800,0,0,0,,62
CCLE_EXPERIMENT_A_FIXED_SCORE_ORIGINAL5,CCLE-51-PLX4720-SKIN,B100,HILL|EC50|TERTILES,100,100,1.0,0.578790403184462,0.9631264957542327,0.938569672961354,0.06583689824800847,1.0,0.7092646940296115,0.7092646940296115,1800,1800,1800,0,55,55
CCLE_EXPERIMENT_A_FIXED_SCORE_ORIGINAL5,CCLE-51-PLX4720-SKIN,B100,HILL|EC50|JENKS,100,100,1.0,0.9672713410457261,0.9619182614717183,0.9869260680678258,0.06583689824800847,0.68,0.7323905137666555,0.7323905137666558,1800,1800,1800,0,47,47
CCLE_EXPERIMENT_A_FIXED_SCORE_ORIGINAL5,CCLE-51-PLX4720-SKIN,B100,HILL|EC50|KMEANS,100,100,1.0,0.9672713410457261,0.9618802380008534,0.9871933561653836,0.06583689824800847,0.68,0.7324363666919943,0.7324363666919943,1800,1800,1800,0,46,46
CCLE_EXPERIMENT_A_FIXED_SCORE_ORIGINAL5,CCLE-51-PLX4720-SKIN,B100,HILL|EC50|WARD,100,100,1.0,0.9670071821909495,0.9611608617118407,0.9857624861568413,0.06583689824800847,0.66,0.7279534856615278,0.727953485661528,1800,1800,1800,0,49,49
CCLE_EXPERIMENT_A_FIXED_SCORE_ORIGINAL5,CCLE-51-PLX4720-SKIN,B100,HILL|EC50|TIED_GMM,100,100,1.0,0.9665114058940383,0.9664818173980702,0.9949651010296566,0.06583689824800847,0.62,0.7227590445139547,0.7227590445139548,1800,1800,1800,0,53,53
CCLE_EXPERIMENT_A_FIXED_SCORE_ORIGINAL5,CCLE-51-PLX4720-SKIN,B100,HILL|EMAX|TERTILES,100,100,1.0,0.7699703123023496,0.9704565214990346,0.9432224898152107,0.06583689824800847,1.0,0.7498972443729205,0.7498972443729207,1800,1800,1800,0,38,38
CCLE_EXPERIMENT_A_FIXED_SCORE_ORIGINAL5,CCLE-51-PLX4720-SKIN,B100,HILL|EMAX|JENKS,100,100,1.0,0.905472650065979,0.9653050862006503,0.9534732190874222,0.06583689824800847,0.96,0.7700175707204121,0.770017570720412,1800,1800,1800,0,16,16
CCLE_EXPERIMENT_A_FIXED_SCORE_ORIGINAL5,CCLE-51-PLX4720-SKIN,B100,HILL|EMAX|KMEANS,100,100,1.0,0.905472650065979,0.9652245718072169,0.953445949796529,0.06583689824800847,0.96,0.7699960139835469,0.7699960139835466,1800,1800,1800,0,17,17
CCLE_EXPERIMENT_A_FIXED_SCORE_ORIGINAL5,CCLE-51-PLX4720-SKIN,B100,HILL|EMAX|WARD,100,100,1.0,0.8969361131962232,0.9490196200399175,0.9425503131163143,0.06583689824800847,0.91,0.7528685889200927,0.7528685889200928,1800,1800,1800,0,35,35
CCLE_EXPERIMENT_A_FIXED_SCORE_ORIGINAL5,CCLE-51-PLX4720-SKIN,B100,HILL|EMAX|TIED_GMM,100,100,1.0,0.90120418436037,0.9622473241689642,0.9618840673226984,0.06583689824800847,0.85,0.7482344948200084,0.7482344948200083,1800,1800,1800,0,42,42
CCLE_EXPERIMENT_A_FIXED_SCORE_ORIGINAL5,CCLE-51-PLX4720-SKIN,B100,HILL|AUC|TERTILES,100,100,1.0,0.8439881260583575,0.9664263030926092,0.9398651631441928,0.06583689824800847,1.0,0.7632232981086335,0.7632232981086335,1800,1800,1800,0,22,22
CCLE_EXPERIMENT_A_FIXED_SCORE_ORIGINAL5,CCLE-51-PLX4720-SKIN,B100,HILL|AUC|JENKS,100,100,1.0,0.8872843354957145,0.9491554398105546,0.9377848631829976,0.06583689824800847,1.0,0.7680123073474551,0.7680123073474551,1800,1800,1800,0,18,18
CCLE_EXPERIMENT_A_FIXED_SCORE_ORIGINAL5,CCLE-51-PLX4720-SKIN,B100,HILL|AUC|KMEANS,100,100,1.0,0.8872843354957145,0.9491229991248927,0.9374061428976651,0.06583689824800847,1.0,0.7679300751532562,0.7679300751532562,1800,1800,1800,0,19,19
CCLE_EXPERIMENT_A_FIXED_SCORE_ORIGINAL5,CCLE-51-PLX4720-SKIN,B100,HILL|AUC|WARD,100,100,1.0,0.8785667652223872,0.9296297628203983,0.9186717656618762,0.06583689824800847,1.0,0.7585410383905341,0.758541038390534,1800,1800,1800,0,30,30
CCLE_EXPERIMENT_A_FIXED_SCORE_ORIGINAL5,CCLE-51-PLX4720-SKIN,B100,HILL|AUC|TIED_GMM,100,100,1.0,0.880325917065109,0.9508908294126583,0.9318215782620775,0.06583689824800847,0.97,0.7597750445975706,0.7597750445975707,1800,1800,1800,0,27,27
CCLE_EXPERIMENT_A_FIXED_SCORE_ORIGINAL5,CCLE-51-PLX4720-SKIN,B100,LOGISTIC|IC50|TERTILES,100,0,0.0,,,,,,,0.0,1800,0,0,0,,62
CCLE_EXPERIMENT_A_FIXED_SCORE_ORIGINAL5,CCLE-51-PLX4720-SKIN,B100,LOGISTIC|IC50|JENKS,100,0,0.0,,,,,,,0.0,1800,0,0,0,,62
CCLE_EXPERIMENT_A_FIXED_SCORE_ORIGINAL5,CCLE-51-PLX4720-SKIN,B100,LOGISTIC|IC50|KMEANS,100,0,0.0,,,,,,,0.0,1800,0,0,0,,62
CCLE_EXPERIMENT_A_FIXED_SCORE_ORIGINAL5,CCLE-51-PLX4720-SKIN,B100,LOGISTIC|IC50|WARD,100,0,0.0,,,,,,,0.0,1800,0,0,0,,62
CCLE_EXPERIMENT_A_FIXED_SCORE_ORIGINAL5,CCLE-51-PLX4720-SKIN,B100,LOGISTIC|IC50|TIED_GMM,100,0,0.0,,,,,,,0.0,1800,0,0,0,,62
CCLE_EXPERIMENT_A_FIXED_SCORE_ORIGINAL5,CCLE-51-PLX4720-SKIN,B100,LOGISTIC|EC50|TERTILES,100,100,1.0,0.5870824858120571,0.9655904633690308,0.9432388154883821,0.03451693010684298,1.0,0.7060857389552625,0.7060857389552626,1800,1800,1800,0,57,57
CCLE_EXPERIMENT_A_FIXED_SCORE_ORIGINAL5,CCLE-51-PLX4720-SKIN,B100,LOGISTIC|EC50|JENKS,100,100,1.0,0.944005982915561,0.9468489145280339,0.9761539749599923,0.03451693010684298,0.48,0.6763051605020861,0.676305160502086,1800,1800,1800,0,59,59
CCLE_EXPERIMENT_A_FIXED_SCORE_ORIGINAL5,CCLE-51-PLX4720-SKIN,B100,LOGISTIC|EC50|KMEANS,100,100,1.0,0.9439994783617375,0.946316693931567,0.9760529317195668,0.03451693010684298,0.48,0.6761772068239429,0.6761772068239428,1800,1800,1800,0,60,60
CCLE_EXPERIMENT_A_FIXED_SCORE_ORIGINAL5,CCLE-51-PLX4720-SKIN,B100,LOGISTIC|EC50|WARD,100,100,1.0,0.9424592855672946,0.9400396736890277,0.96902870915128,0.03451693010684298,0.5,0.677208919702889,0.677208919702889,1800,1800,1800,0,58,58
CCLE_EXPERIMENT_A_FIXED_SCORE_ORIGINAL5,CCLE-51-PLX4720-SKIN,B100,LOGISTIC|EC50|TIED_GMM,100,100,1.0,0.9409156891147669,0.9510812152185916,0.9870767257272282,0.03451693010684298,0.4,0.6627181120334857,0.6627181120334857,1800,1800,1800,0,61,61
CCLE_EXPERIMENT_A_FIXED_SCORE_ORIGINAL5,CCLE-51-PLX4720-SKIN,B100,LOGISTIC|EMAX|TERTILES,100,100,1.0,0.756687008111942,0.9715864927257205,0.9432551411615535,0.03451693010684298,1.0,0.741209114421212,0.7412091144212118,1800,1800,1800,0,45,45
CCLE_EXPERIMENT_A_FIXED_SCORE_ORIGINAL5,CCLE-51-PLX4720-SKIN,B100,LOGISTIC|EMAX|JENKS,100,100,1.0,0.9029678073859744,0.963343865071877,0.9550469761250597,0.03451693010684298,0.96,0.7631751157379507,0.7631751157379507,1800,1800,1800,0,23,23
CCLE_EXPERIMENT_A_FIXED_SCORE_ORIGINAL5,CCLE-51-PLX4720-SKIN,B100,LOGISTIC|EMAX|KMEANS,100,100,1.0,0.9029678073859744,0.9633404239448522,0.9550469761250597,0.03451693010684298,0.96,0.7631744275125457,0.7631744275125459,1800,1800,1800,0,24,24
CCLE_EXPERIMENT_A_FIXED_SCORE_ORIGINAL5,CCLE-51-PLX4720-SKIN,B100,LOGISTIC|EMAX|WARD,100,100,1.0,0.89657167570832,0.9501645122153286,0.9367798982260181,0.03451693010684298,0.93,0.7496066032513019,0.7496066032513019,1800,1800,1800,0,39,39
CCLE_EXPERIMENT_A_FIXED_SCORE_ORIGINAL5,CCLE-51-PLX4720-SKIN,B100,LOGISTIC|EMAX|TIED_GMM,100,100,1.0,0.8950648964547143,0.9566949655719351,0.9544945805424043,0.03451693010684298,0.82,0.7321542745351793,0.7321542745351793,1800,1800,1800,0,48,48
CCLE_EXPERIMENT_A_FIXED_SCORE_ORIGINAL5,CCLE-51-PLX4720-SKIN,B100,LOGISTIC|AUC|TERTILES,100,100,1.0,0.8432168036297101,0.9652665330979034,0.943491383255681,0.03451693010684298,1.0,0.7572983300180279,0.7572983300180276,1800,1800,1800,0,32,32
CCLE_EXPERIMENT_A_FIXED_SCORE_ORIGINAL5,CCLE-51-PLX4720-SKIN,B100,LOGISTIC|AUC|JENKS,100,100,1.0,0.8885258649002319,0.9533497426661295,0.9415791339297026,0.03451693010684298,0.98,0.7595943343205812,0.7595943343205813,1800,1800,1800,0,28,28
CCLE_EXPERIMENT_A_FIXED_SCORE_ORIGINAL5,CCLE-51-PLX4720-SKIN,B100,LOGISTIC|AUC|KMEANS,100,100,1.0,0.8885258649002319,0.9533497426661295,0.9415791339297026,0.03451693010684298,0.98,0.7595943343205812,0.7595943343205813,1800,1800,1800,0,28,28
CCLE_EXPERIMENT_A_FIXED_SCORE_ORIGINAL5,CCLE-51-PLX4720-SKIN,B100,LOGISTIC|AUC|WARD,100,100,1.0,0.879781369077065,0.9332310905518123,0.9291573162795602,0.03451693010684298,0.98,0.7513373412030561,0.7513373412030561,1800,1800,1800,0,37,37
CCLE_EXPERIMENT_A_FIXED_SCORE_ORIGINAL5,CCLE-51-PLX4720-SKIN,B100,LOGISTIC|AUC|TIED_GMM,100,100,1.0,0.8809314247962412,0.9495964076932952,0.9289132194600894,0.03451693010684298,0.95,0.7487915964112937,0.7487915964112938,1800,1800,1800,0,41,41
CCLE_EXPERIMENT_A_FIXED_SCORE_ORIGINAL5,CCLE-51-PLX4720-SKIN,B100,WEIBULL|IC50|TERTILES,100,0,0.0,,,,,,,0.0,1800,0,0,0,,62
CCLE_EXPERIMENT_A_FIXED_SCORE_ORIGINAL5,CCLE-51-PLX4720-SKIN,B100,WEIBULL|IC50|JENKS,100,0,0.0,,,,,,,0.0,1800,0,0,0,,62
CCLE_EXPERIMENT_A_FIXED_SCORE_ORIGINAL5,CCLE-51-PLX4720-SKIN,B100,WEIBULL|IC50|KMEANS,100,0,0.0,,,,,,,0.0,1800,0,0,0,,62
CCLE_EXPERIMENT_A_FIXED_SCORE_ORIGINAL5,CCLE-51-PLX4720-SKIN,B100,WEIBULL|IC50|WARD,100,0,0.0,,,,,,,0.0,1800,0,0,0,,62
CCLE_EXPERIMENT_A_FIXED_SCORE_ORIGINAL5,CCLE-51-PLX4720-SKIN,B100,WEIBULL|IC50|TIED_GMM,100,0,0.0,,,,,,,0.0,1800,0,0,0,,62
CCLE_EXPERIMENT_A_FIXED_SCORE_ORIGINAL5,CCLE-51-PLX4720-SKIN,B100,WEIBULL|EC50|TERTILES,100,100,1.0,0.5995335759124106,0.9616808204745098,0.9383007795208834,0.0415512664777295,1.0,0.7082132884771067,0.7082132884771066,1800,1800,1800,0,56,56
CCLE_EXPERIMENT_A_FIXED_SCORE_ORIGINAL5,CCLE-51-PLX4720-SKIN,B100,WEIBULL|EC50|JENKS,100,100,1.0,0.96575937841943,0.9635147670573132,0.9772233286921816,0.0415512664777295,0.69,0.7276097481293307,0.7276097481293309,1800,1800,1800,0,50,50
CCLE_EXPERIMENT_A_FIXED_SCORE_ORIGINAL5,CCLE-51-PLX4720-SKIN,B100,WEIBULL|EC50|KMEANS,100,100,1.0,0.96575937841943,0.9634852319143864,0.9769108031762663,0.0415512664777295,0.69,0.7275413359975623,0.7275413359975624,1800,1800,1800,0,51,51
CCLE_EXPERIMENT_A_FIXED_SCORE_ORIGINAL5,CCLE-51-PLX4720-SKIN,B100,WEIBULL|EC50|WARD,100,100,1.0,0.9653948212937264,0.9625480714534738,0.9793721059827308,0.0415512664777295,0.67,0.7237732530415321,0.7237732530415321,1800,1800,1800,0,52,52
CCLE_EXPERIMENT_A_FIXED_SCORE_ORIGINAL5,CCLE-51-PLX4720-SKIN,B100,WEIBULL|EC50|TIED_GMM,100,100,1.0,0.9635731503262971,0.9660381396672143,0.9898970316236237,0.0415512664777295,0.63,0.718211917618973,0.718211917618973,1800,1800,1800,0,54,54
CCLE_EXPERIMENT_A_FIXED_SCORE_ORIGINAL5,CCLE-51-PLX4720-SKIN,B100,WEIBULL|EMAX|TERTILES,100,100,1.0,0.7679494137737106,0.9701259200494864,0.9412586073660597,0.0415512664777295,1.0,0.7441770415333974,0.7441770415333973,1800,1800,1800,0,43,43
CCLE_EXPERIMENT_A_FIXED_SCORE_ORIGINAL5,CCLE-51-PLX4720-SKIN,B100,WEIBULL|EMAX|JENKS,100,100,1.0,0.9084599197997703,0.9650291974580558,0.9574417011272093,0.0415512664777295,0.95,0.764496416972553,0.764496416972553,1800,1800,1800,0,20,20
CCLE_EXPERIMENT_A_FIXED_SCORE_ORIGINAL5,CCLE-51-PLX4720-SKIN,B100,WEIBULL|EMAX|KMEANS,100,100,1.0,0.9084599197997703,0.9650288989532804,0.9574300994707657,0.0415512664777295,0.95,0.7644940369403092,0.7644940369403092,1800,1800,1800,0,21,21
CCLE_EXPERIMENT_A_FIXED_SCORE_ORIGINAL5,CCLE-51-PLX4720-SKIN,B100,WEIBULL|EMAX|WARD,100,100,1.0,0.9003807784893418,0.9506776665019144,0.9444029542042434,0.0415512664777295,0.91,0.7494025331346461,0.7494025331346458,1800,1800,1800,0,40,40
CCLE_EXPERIMENT_A_FIXED_SCORE_ORIGINAL5,CCLE-51-PLX4720-SKIN,B100,WEIBULL|EMAX|TIED_GMM,100,100,1.0,0.9034806791313192,0.9629577218500366,0.9650542089670977,0.0415512664777295,0.84,0.7426087752852368,0.7426087752852366,1800,1800,1800,0,44,44
CCLE_EXPERIMENT_A_FIXED_SCORE_ORIGINAL5,CCLE-51-PLX4720-SKIN,B100,WEIBULL|AUC|TERTILES,100,100,1.0,0.8432699798969943,0.9660359719192861,0.9415438264797017,0.0415512664777295,1.0,0.7584802089547422,0.7584802089547423,1800,1800,1800,0,31,31
CCLE_EXPERIMENT_A_FIXED_SCORE_ORIGINAL5,CCLE-51-PLX4720-SKIN,B100,WEIBULL|AUC|JENKS,100,100,1.0,0.8870585786153655,0.9494668807795291,0.9325999799171947,0.0415512664777295,1.0,0.7621353411579638,0.7621353411579638,1800,1800,1800,0,26,26
CCLE_EXPERIMENT_A_FIXED_SCORE_ORIGINAL5,CCLE-51-PLX4720-SKIN,B100,WEIBULL|AUC|KMEANS,100,100,1.0,0.8870585786153655,0.9494964873375534,0.9328883322353707,0.0415512664777295,1.0,0.7621989329332038,0.7621989329332038,1800,1800,1800,0,25,25
CCLE_EXPERIMENT_A_FIXED_SCORE_ORIGINAL5,CCLE-51-PLX4720-SKIN,B100,WEIBULL|AUC|WARD,100,100,1.0,0.8773066411493023,0.9307889056065564,0.9232376731193819,0.0415512664777295,1.0,0.7545768972705941,0.7545768972705941,1800,1800,1800,0,34,34
CCLE_EXPERIMENT_A_FIXED_SCORE_ORIGINAL5,CCLE-51-PLX4720-SKIN,B100,WEIBULL|AUC|TIED_GMM,100,100,1.0,0.8807600204726675,0.9500422643224268,0.9280421771313092,0.0415512664777295,0.96,0.7520791456808266,0.7520791456808266,1800,1800,1800,0,36,36
CCLE_EXPERIMENT_A_FIXED_SCORE_ORIGINAL5,CCLE-58-TAE684-HEM,B100,TRIOS,100,100,1.0,0.8750141246145894,0.9672129157025233,0.9600539468034457,0.5902675359046846,1.0,0.8785097046050487,0.8785097046050487,1800,1800,1800,0,1,1
CCLE_EXPERIMENT_A_FIXED_SCORE_ORIGINAL5,CCLE-58-TAE684-HEM,B100,EMAX|IC50|TERTILES,100,14,0.14,0.43934517174974325,0.9808119360869958,0.9323880048316788,0.2824754011423839,1.0,0.7270041027621603,0.10178057438670246,1800,252,252,0,50,62
CCLE_EXPERIMENT_A_FIXED_SCORE_ORIGINAL5,CCLE-58-TAE684-HEM,B100,EMAX|IC50|JENKS,100,14,0.14,0.9591949448618159,0.9242236841748538,0.953090469709549,0.2824754011423839,0.35714285714285715,0.6952254714062921,0.09733156599688086,1800,252,252,0,58,63
CCLE_EXPERIMENT_A_FIXED_SCORE_ORIGINAL5,CCLE-58-TAE684-HEM,B100,EMAX|IC50|KMEANS,100,14,0.14,0.9591949448618159,0.9189130109439908,0.9493452637363295,0.2824754011423839,0.35714285714285715,0.6934142955654756,0.09707800137916657,1800,252,252,0,59,64
CCLE_EXPERIMENT_A_FIXED_SCORE_ORIGINAL5,CCLE-58-TAE684-HEM,B100,EMAX|IC50|WARD,100,14,0.14,0.9583905540536443,0.9258778749344483,0.9426965728814631,0.2824754011423839,0.35714285714285715,0.6933166520309594,0.09706433128433431,1800,252,252,0,60,65
CCLE_EXPERIMENT_A_FIXED_SCORE_ORIGINAL5,CCLE-58-TAE684-HEM,B100,EMAX|IC50|TIED_GMM,100,13,0.13,0.9568228012855763,0.9212465747867611,0.9512870105335047,0.2840945292684374,0.23076923076923078,0.6688440293287019,0.08694972381273126,1800,234,232,2,66,66
CCLE_EXPERIMENT_A_FIXED_SCORE_ORIGINAL5,CCLE-58-TAE684-HEM,B100,EMAX|EC50|TERTILES,100,100,1.0,0.86128359716357,0.9441332187472612,0.942130590380157,0.25641484168989603,1.0,0.8007924495961768,0.8007924495961768,1800,1800,1800,0,6,6
CCLE_EXPERIMENT_A_FIXED_SCORE_ORIGINAL5,CCLE-58-TAE684-HEM,B100,EMAX|EC50|JENKS,100,100,1.0,0.9226213406733343,0.9596951628265341,0.9506694255407947,0.25641484168989603,0.99,0.8158801541461119,0.8158801541461119,1800,1800,1800,0,2,2
CCLE_EXPERIMENT_A_FIXED_SCORE_ORIGINAL5,CCLE-58-TAE684-HEM,B100,EMAX|EC50|KMEANS,100,100,1.0,0.9226213406733343,0.9596908961151172,0.95065472342419,0.25641484168989603,0.99,0.8158763603805076,0.8158763603805075,1800,1800,1800,0,3,3
CCLE_EXPERIMENT_A_FIXED_SCORE_ORIGINAL5,CCLE-58-TAE684-HEM,B100,EMAX|EC50|WARD,100,100,1.0,0.9174316330172338,0.9423167884767857,0.9420696441909786,0.25641484168989603,0.99,0.8096465814749788,0.8096465814749788,1800,1800,1800,0,4,4
CCLE_EXPERIMENT_A_FIXED_SCORE_ORIGINAL5,CCLE-58-TAE684-HEM,B100,EMAX|EC50|TIED_GMM,100,100,1.0,0.9186160873979918,0.9590229959753164,0.9538315224047135,0.25641484168989603,0.96,0.8095770894935836,0.8095770894935836,1800,1800,1800,0,5,5
CCLE_EXPERIMENT_A_FIXED_SCORE_ORIGINAL5,CCLE-58-TAE684-HEM,B100,EMAX|EMAX|TERTILES,100,100,1.0,0.7322280558683374,0.9577517853505291,0.9399957685295641,0.25641484168989603,1.0,0.7772780902876653,0.7772780902876653,1800,1800,1800,0,14,14
CCLE_EXPERIMENT_A_FIXED_SCORE_ORIGINAL5,CCLE-58-TAE684-HEM,B100,EMAX|EMAX|JENKS,100,100,1.0,0.9267480507209513,0.9578551769994852,0.9612805118288094,0.25641484168989603,0.82,0.7844597162478284,0.7844597162478284,1800,1800,1800,0,11,11
CCLE_EXPERIMENT_A_FIXED_SCORE_ORIGINAL5,CCLE-58-TAE684-HEM,B100,EMAX|EMAX|KMEANS,100,100,1.0,0.9267480507209513,0.9578551769994852,0.9612805118288094,0.25641484168989603,0.82,0.7844597162478284,0.7844597162478284,1800,1800,1800,0,11,11
CCLE_EXPERIMENT_A_FIXED_SCORE_ORIGINAL5,CCLE-58-TAE684-HEM,B100,EMAX|EMAX|WARD,100,100,1.0,0.9224089873520022,0.9482337042194673,0.9546913069011843,0.25641484168989603,0.81,0.7783497680325101,0.7783497680325101,1800,1800,1800,0,13,13
CCLE_EXPERIMENT_A_FIXED_SCORE_ORIGINAL5,CCLE-58-TAE684-HEM,B100,EMAX|EMAX|TIED_GMM,100,100,1.0,0.9214306304573735,0.9596977894287284,0.9712052667825639,0.25641484168989603,0.68,0.7577497056717125,0.7577497056717124,1800,1800,1800,0,17,17
CCLE_EXPERIMENT_A_FIXED_SCORE_ORIGINAL5,CCLE-58-TAE684-HEM,B100,EMAX|AUC|TERTILES,100,100,1.0,0.8166245097426574,0.9622128823604197,0.9429862477210831,0.25641484168989603,1.0,0.7956476963028112,0.7956476963028112,1800,1800,1800,0,7,7
CCLE_EXPERIMENT_A_FIXED_SCORE_ORIGINAL5,CCLE-58-TAE684-HEM,B100,EMAX|AUC|JENKS,100,100,1.0,0.8931233460372028,0.9607630670726196,0.9523013092900928,0.25641484168989603,0.91,0.7945205128179622,0.7945205128179622,1800,1800,1800,0,8,8
CCLE_EXPERIMENT_A_FIXED_SCORE_ORIGINAL5,CCLE-58-TAE684-HEM,B100,EMAX|AUC|KMEANS,100,100,1.0,0.8931233460372028,0.9607710095309607,0.9522889284933547,0.25641484168989603,0.91,0.7945196251502828,0.7945196251502828,1800,1800,1800,0,9,9
CCLE_EXPERIMENT_A_FIXED_SCORE_ORIGINAL5,CCLE-58-TAE684-HEM,B100,EMAX|AUC|WARD,100,100,1.0,0.8831971389091763,0.9400540769007635,0.933772842482537,0.25641484168989603,0.91,0.7846877799964745,0.7846877799964745,1800,1800,1800,0,10,10
CCLE_EXPERIMENT_A_FIXED_SCORE_ORIGINAL5,CCLE-58-TAE684-HEM,B100,EMAX|AUC|TIED_GMM,100,100,1.0,0.8852076077167034,0.9618191402783709,0.9536440931433965,0.25641484168989603,0.78,0.7674171365656735,0.7674171365656732,1800,1800,1800,0,15,15
CCLE_EXPERIMENT_A_FIXED_SCORE_ORIGINAL5,CCLE-58-TAE684-HEM,B100,HILL|IC50|TERTILES,100,0,0.0,,,,,,,0.0,1800,0,0,0,,67
CCLE_EXPERIMENT_A_FIXED_SCORE_ORIGINAL5,CCLE-58-TAE684-HEM,B100,HILL|IC50|JENKS,100,0,0.0,,,,,,,0.0,1800,0,0,0,,67
CCLE_EXPERIMENT_A_FIXED_SCORE_ORIGINAL5,CCLE-58-TAE684-HEM,B100,HILL|IC50|KMEANS,100,0,0.0,,,,,,,0.0,1800,0,0,0,,67
CCLE_EXPERIMENT_A_FIXED_SCORE_ORIGINAL5,CCLE-58-TAE684-HEM,B100,HILL|IC50|WARD,100,0,0.0,,,,,,,0.0,1800,0,0,0,,67
CCLE_EXPERIMENT_A_FIXED_SCORE_ORIGINAL5,CCLE-58-TAE684-HEM,B100,HILL|IC50|TIED_GMM,100,0,0.0,,,,,,,0.0,1800,0,0,0,,67
CCLE_EXPERIMENT_A_FIXED_SCORE_ORIGINAL5,CCLE-58-TAE684-HEM,B100,HILL|EC50|TERTILES,100,100,1.0,0.8411285881690374,0.9520898312869182,0.9437766023693235,0.06866893132699446,1.0,0.7611327906304548,0.7611327906304547,1800,1800,1800,0,16,16
CCLE_EXPERIMENT_A_FIXED_SCORE_ORIGINAL5,CCLE-58-TAE684-HEM,B100,HILL|EC50|JENKS,100,100,1.0,0.9186963581091606,0.9436009587039368,0.9470308513638781,0.06866893132699446,0.86,0.7475994199007943,0.7475994199007939,1800,1800,1800,0,26,26
CCLE_EXPERIMENT_A_FIXED_SCORE_ORIGINAL5,CCLE-58-TAE684-HEM,B100,HILL|EC50|KMEANS,100,100,1.0,0.9186963581091606,0.9435819539719378,0.9470161952817765,0.06866893132699446,0.86,0.747592687737974,0.7475926877379738,1800,1800,1800,0,27,27
CCLE_EXPERIMENT_A_FIXED_SCORE_ORIGINAL5,CCLE-58-TAE684-HEM,B100,HILL|EC50|WARD,100,100,1.0,0.9150931578322834,0.9332113517638505,0.947164071215919,0.06866893132699446,0.82,0.7368275024278096,0.7368275024278096,1800,1800,1800,0,39,39
CCLE_EXPERIMENT_A_FIXED_SCORE_ORIGINAL5,CCLE-58-TAE684-HEM,B100,HILL|EC50|TIED_GMM,100,100,1.0,0.9107577526145902,0.9377887457210113,0.9516825207938523,0.06866893132699446,0.62,0.6977795900912896,0.6977795900912896,1800,1800,1800,0,57,56
CCLE_EXPERIMENT_A_FIXED_SCORE_ORIGINAL5,CCLE-58-TAE684-HEM,B100,HILL|EMAX|TERTILES,100,100,1.0,0.7150655568519214,0.9560663627337188,0.9405009040641624,0.06866893132699446,1.0,0.7360603509953593,0.7360603509953593,1800,1800,1800,0,43,43
CCLE_EXPERIMENT_A_FIXED_SCORE_ORIGINAL5,CCLE-58-TAE684-HEM,B100,HILL|EMAX|JENKS,100,100,1.0,0.9287886408276631,0.9544981119591136,0.9575891951402634,0.06866893132699446,0.8,0.741908975850807,0.7419089758508071,1800,1800,1800,0,32,32
CCLE_EXPERIMENT_A_FIXED_SCORE_ORIGINAL5,CCLE-58-TAE684-HEM,B100,HILL|EMAX|KMEANS,100,100,1.0,0.9287679571479164,0.954573560789206,0.9573108658948066,0.06866893132699446,0.8,0.7418642630317848,0.7418642630317848,1800,1800,1800,0,33,33
CCLE_EXPERIMENT_A_FIXED_SCORE_ORIGINAL5,CCLE-58-TAE684-HEM,B100,HILL|EMAX|WARD,100,100,1.0,0.9231631503425152,0.9417466400306345,0.9459141038264224,0.06866893132699446,0.79,0.7338985651053133,0.7338985651053133,1800,1800,1800,0,44,44
CCLE_EXPERIMENT_A_FIXED_SCORE_ORIGINAL5,CCLE-58-TAE684-HEM,B100,HILL|EMAX|TIED_GMM,100,100,1.0,0.9207038285330791,0.954948287558176,0.9747818013710312,0.06866893132699446,0.61,0.705820569757856,0.7058205697578562,1800,1800,1800,0,54,53
CCLE_EXPERIMENT_A_FIXED_SCORE_ORIGINAL5,CCLE-58-TAE684-HEM,B100,HILL|AUC|TERTILES,100,100,1.0,0.7925857589428068,0.9621473585514986,0.942986247721083,0.06866893132699446,1.0,0.7532776593084763,0.7532776593084765,1800,1800,1800,0,20,20
CCLE_EXPERIMENT_A_FIXED_SCORE_ORIGINAL5,CCLE-58-TAE684-HEM,B100,HILL|AUC|JENKS,100,100,1.0,0.9032185832913739,0.9625272882256521,0.9609651556050897,0.06866893132699446,0.88,0.7550759916898221,0.7550759916898221,1800,1800,1800,0,18,18
CCLE_EXPERIMENT_A_FIXED_SCORE_ORIGINAL5,CCLE-58-TAE684-HEM,B100,HILL|AUC|KMEANS,100,100,1.0,0.9032185832913739,0.9625040840824234,0.9606524182867657,0.06866893132699446,0.88,0.7550088033975116,0.7550088033975115,1800,1800,1800,0,19,19
CCLE_EXPERIMENT_A_FIXED_SCORE_ORIGINAL5,CCLE-58-TAE684-HEM,B100,HILL|AUC|WARD,100,100,1.0,0.8965067343450318,0.9521235610902916,0.9568179171277861,0.06866893132699446,0.84,0.7428234287780208,0.7428234287780208,1800,1800,1800,0,31,31
CCLE_EXPERIMENT_A_FIXED_SCORE_ORIGINAL5,CCLE-58-TAE684-HEM,B100,HILL|AUC|TIED_GMM,100,100,1.0,0.8984289331293706,0.9632775819786507,0.9643869687198054,0.06866893132699446,0.81,0.7409524830309643,0.7409524830309642,1800,1800,1800,0,34,34
CCLE_EXPERIMENT_A_FIXED_SCORE_ORIGINAL5,CCLE-58-TAE684-HEM,B100,LOGISTIC|IC50|TERTILES,100,0,0.0,,,,,,,0.0,1800,0,0,0,,67
CCLE_EXPERIMENT_A_FIXED_SCORE_ORIGINAL5,CCLE-58-TAE684-HEM,B100,LOGISTIC|IC50|JENKS,100,0,0.0,,,,,,,0.0,1800,0,0,0,,67
CCLE_EXPERIMENT_A_FIXED_SCORE_ORIGINAL5,CCLE-58-TAE684-HEM,B100,LOGISTIC|IC50|KMEANS,100,0,0.0,,,,,,,0.0,1800,0,0,0,,67
CCLE_EXPERIMENT_A_FIXED_SCORE_ORIGINAL5,CCLE-58-TAE684-HEM,B100,LOGISTIC|IC50|WARD,100,0,0.0,,,,,,,0.0,1800,0,0,0,,67
CCLE_EXPERIMENT_A_FIXED_SCORE_ORIGINAL5,CCLE-58-TAE684-HEM,B100,LOGISTIC|IC50|TIED_GMM,100,0,0.0,,,,,,,0.0,1800,0,0,0,,67
CCLE_EXPERIMENT_A_FIXED_SCORE_ORIGINAL5,CCLE-58-TAE684-HEM,B100,LOGISTIC|EC50|TERTILES,100,100,1.0,0.7915487721020608,0.9612760837578677,0.9438092537156662,0.04082673408509226,1.0,0.7474921687321375,0.7474921687321374,1800,1800,1800,0,28,28
CCLE_EXPERIMENT_A_FIXED_SCORE_ORIGINAL5,CCLE-58-TAE684-HEM,B100,LOGISTIC|EC50|JENKS,100,100,1.0,0.9158399922515863,0.9448023258133093,0.9572665580550251,0.04082673408509226,0.59,0.6897471220410025,0.6897471220410025,1800,1800,1800,0,61,57
CCLE_EXPERIMENT_A_FIXED_SCORE_ORIGINAL5,CCLE-58-TAE684-HEM,B100,LOGISTIC|EC50|KMEANS,100,100,1.0,0.9158399922515863,0.9447514175442048,0.9571614297670257,0.04082673408509226,0.59,0.6897159147295818,0.6897159147295818,1800,1800,1800,0,62,58
CCLE_EXPERIMENT_A_FIXED_SCORE_ORIGINAL5,CCLE-58-TAE684-HEM,B100,LOGISTIC|EC50|WARD,100,100,1.0,0.9111228851305091,0.9374647983353285,0.9487405440778076,0.04082673408509226,0.6,0.6876309923257474,0.6876309923257474,1800,1800,1800,0,63,59
CCLE_EXPERIMENT_A_FIXED_SCORE_ORIGINAL5,CCLE-58-TAE684-HEM,B100,LOGISTIC|EC50|TIED_GMM,100,100,1.0,0.9120504883646354,0.9437123729153291,0.9601481283506466,0.04082673408509226,0.49,0.6693475447431407,0.6693475447431406,1800,1800,1800,0,65,61
CCLE_EXPERIMENT_A_FIXED_SCORE_ORIGINAL5,CCLE-58-TAE684-HEM,B100,LOGISTIC|EMAX|TERTILES,100,100,1.0,0.7251681395111739,0.9539837737387544,0.9421632417264998,0.04082673408509226,1.0,0.7324283778123042,0.7324283778123041,1800,1800,1800,0,46,46
CCLE_EXPERIMENT_A_FIXED_SCORE_ORIGINAL5,CCLE-58-TAE684-HEM,B100,LOGISTIC|EMAX|JENKS,100,100,1.0,0.9334106662579732,0.9572397306174595,0.9646239321458924,0.04082673408509226,0.8,0.7392202126212833,0.7392202126212833,1800,1800,1800,0,36,36
CCLE_EXPERIMENT_A_FIXED_SCORE_ORIGINAL5,CCLE-58-TAE684-HEM,B100,LOGISTIC|EMAX|KMEANS,100,100,1.0,0.9334106662579732,0.9572166216260497,0.9645906019894529,0.04082673408509226,0.8,0.7392089247917135,0.7392089247917135,1800,1800,1800,0,37,37
CCLE_EXPERIMENT_A_FIXED_SCORE_ORIGINAL5,CCLE-58-TAE684-HEM,B100,LOGISTIC|EMAX|WARD,100,100,1.0,0.9309400942782132,0.9507237563911346,0.9591377392965914,0.04082673408509226,0.8,0.7363256648102062,0.7363256648102062,1800,1800,1800,0,41,41
CCLE_EXPERIMENT_A_FIXED_SCORE_ORIGINAL5,CCLE-58-TAE684-HEM,B100,LOGISTIC|EMAX|TIED_GMM,100,99,0.99,0.9284775315130482,0.9576199720850749,0.9753236722037667,0.04075155230012313,0.6666666666666666,0.713767878953736,0.7066302001641985,1800,1782,1780,2,51,52
CCLE_EXPERIMENT_A_FIXED_SCORE_ORIGINAL5,CCLE-58-TAE684-HEM,B100,LOGISTIC|AUC|TERTILES,100,100,1.0,0.7869695292529406,0.9616737395948571,0.9416091291723874,0.04082673408509226,1.0,0.7462158264210557,0.7462158264210556,1800,1800,1800,0,30,30
CCLE_EXPERIMENT_A_FIXED_SCORE_ORIGINAL5,CCLE-58-TAE684-HEM,B100,LOGISTIC|AUC|JENKS,100,100,1.0,0.9046587596388967,0.9651187633897063,0.9680349432081692,0.04082673408509226,0.88,0.7517278400643727,0.751727840064373,1800,1800,1800,0,21,21
CCLE_EXPERIMENT_A_FIXED_SCORE_ORIGINAL5,CCLE-58-TAE684-HEM,B100,LOGISTIC|AUC|KMEANS,100,100,1.0,0.9046587596388967,0.965115768760871,0.9680349432081692,0.04082673408509226,0.88,0.7517272411386057,0.7517272411386058,1800,1800,1800,0,22,22
CCLE_EXPERIMENT_A_FIXED_SCORE_ORIGINAL5,CCLE-58-TAE684-HEM,B100,LOGISTIC|AUC|WARD,100,100,1.0,0.8991577866358628,0.9530848211646061,0.9556283484098586,0.04082673408509226,0.84,0.7377395380590841,0.7377395380590839,1800,1800,1800,0,38,38
CCLE_EXPERIMENT_A_FIXED_SCORE_ORIGINAL5,CCLE-58-TAE684-HEM,B100,LOGISTIC|AUC|TIED_GMM,100,100,1.0,0.8990345425164205,0.9621272296762907,0.9620264777684986,0.04082673408509226,0.8,0.7328029968092602,0.7328029968092603,1800,1800,1800,0,45,45
CCLE_EXPERIMENT_A_FIXED_SCORE_ORIGINAL5,CCLE-58-TAE684-HEM,B100,WEIBULL|IC50|TERTILES,100,0,0.0,,,,,,,0.0,1800,0,0,0,,67
CCLE_EXPERIMENT_A_FIXED_SCORE_ORIGINAL5,CCLE-58-TAE684-HEM,B100,WEIBULL|IC50|JENKS,100,0,0.0,,,,,,,0.0,1800,0,0,0,,67
CCLE_EXPERIMENT_A_FIXED_SCORE_ORIGINAL5,CCLE-58-TAE684-HEM,B100,WEIBULL|IC50|KMEANS,100,0,0.0,,,,,,,0.0,1800,0,0,0,,67
CCLE_EXPERIMENT_A_FIXED_SCORE_ORIGINAL5,CCLE-58-TAE684-HEM,B100,WEIBULL|IC50|WARD,100,0,0.0,,,,,,,0.0,1800,0,0,0,,67
CCLE_EXPERIMENT_A_FIXED_SCORE_ORIGINAL5,CCLE-58-TAE684-HEM,B100,WEIBULL|IC50|TIED_GMM,100,0,0.0,,,,,,,0.0,1800,0,0,0,,67
CCLE_EXPERIMENT_A_FIXED_SCORE_ORIGINAL5,CCLE-58-TAE684-HEM,B100,WEIBULL|EC50|TERTILES,100,100,1.0,0.8024569291071466,0.9573324208244708,0.9429209450283976,0.043821956993332585,1.0,0.7493064503906695,0.7493064503906695,1800,1800,1800,0,25,25
CCLE_EXPERIMENT_A_FIXED_SCORE_ORIGINAL5,CCLE-58-TAE684-HEM,B100,WEIBULL|EC50|JENKS,100,100,1.0,0.9240478366380802,0.9427646110555088,0.9622973296349009,0.043821956993332585,0.67,0.7085863468643643,0.7085863468643645,1800,1800,1800,0,52,50
CCLE_EXPERIMENT_A_FIXED_SCORE_ORIGINAL5,CCLE-58-TAE684-HEM,B100,WEIBULL|EC50|KMEANS,100,100,1.0,0.9240478366380802,0.9427504096766087,0.9622640384274596,0.043821956993332585,0.67,0.708576848347096,0.7085768483470961,1800,1800,1800,0,53,51
CCLE_EXPERIMENT_A_FIXED_SCORE_ORIGINAL5,CCLE-58-TAE684-HEM,B100,WEIBULL|EC50|WARD,100,100,1.0,0.9190062914526083,0.9266268262886739,0.9421844629347335,0.043821956993332585,0.68,0.7023279075338695,0.7023279075338695,1800,1800,1800,0,56,55
CCLE_EXPERIMENT_A_FIXED_SCORE_ORIGINAL5,CCLE-58-TAE684-HEM,B100,WEIBULL|EC50|TIED_GMM,100,100,1.0,0.9194946018411295,0.939477133017974,0.9628385950928944,0.043821956993332585,0.55,0.6831264573890661,0.6831264573890661,1800,1800,1800,0,64,60
CCLE_EXPERIMENT_A_FIXED_SCORE_ORIGINAL5,CCLE-58-TAE684-HEM,B100,WEIBULL|EMAX|TERTILES,100,100,1.0,0.711383316164176,0.9557658437107112,0.940989713925589,0.043821956993332585,1.0,0.7303921661587619,0.7303921661587617,1800,1800,1800,0,47,47
CCLE_EXPERIMENT_A_FIXED_SCORE_ORIGINAL5,CCLE-58-TAE684-HEM,B100,WEIBULL|EMAX|JENKS,100,100,1.0,0.930226070244887,0.9531401728861408,0.964511576124806,0.043821956993332585,0.79,0.7363399552498333,0.7363399552498333,1800,1800,1800,0,40,40
CCLE_EXPERIMENT_A_FIXED_SCORE_ORIGINAL5,CCLE-58-TAE684-HEM,B100,WEIBULL|EMAX|KMEANS,100,100,1.0,0.930226070244887,0.9528955662886053,0.963759176549005,0.043821956993332585,0.79,0.736140554015166,0.736140554015166,1800,1800,1800,0,42,42
CCLE_EXPERIMENT_A_FIXED_SCORE_ORIGINAL5,CCLE-58-TAE684-HEM,B100,WEIBULL|EMAX|WARD,100,100,1.0,0.9250328652393714,0.9422235686243384,0.9546816587881349,0.043821956993332585,0.77,0.7271520099290355,0.7271520099290355,1800,1800,1800,0,49,49
CCLE_EXPERIMENT_A_FIXED_SCORE_ORIGINAL5,CCLE-58-TAE684-HEM,B100,WEIBULL|EMAX|TIED_GMM,100,100,1.0,0.9230980432638773,0.954298820459222,0.974964808038756,0.043821956993332585,0.62,0.7032367257510375,0.7032367257510376,1800,1800,1800,0,55,54
CCLE_EXPERIMENT_A_FIXED_SCORE_ORIGINAL5,CCLE-58-TAE684-HEM,B100,WEIBULL|AUC|TERTILES,100,100,1.0,0.7876854058801365,0.962460477036352,0.9399467915100498,0.043821956993332585,1.0,0.7467829262839741,0.7467829262839741,1800,1800,1800,0,29,29
CCLE_EXPERIMENT_A_FIXED_SCORE_ORIGINAL5,CCLE-58-TAE684-HEM,B100,WEIBULL|AUC|JENKS,100,100,1.0,0.903670841016108,0.9622303836736289,0.9643712488295746,0.043821956993332585,0.88,0.750818886102529,0.7508188861025289,1800,1800,1800,0,23,23
CCLE_EXPERIMENT_A_FIXED_SCORE_ORIGINAL5,CCLE-58-TAE684-HEM,B100,WEIBULL|AUC|KMEANS,100,100,1.0,0.903670841016108,0.9621722425708218,0.9643385418264684,0.043821956993332585,0.88,0.7508007164813464,0.7508007164813462,1800,1800,1800,0,24,24
CCLE_EXPERIMENT_A_FIXED_SCORE_ORIGINAL5,CCLE-58-TAE684-HEM,B100,WEIBULL|AUC|WARD,100,100,1.0,0.8987525529480552,0.9560356889131484,0.9627796631983087,0.043821956993332585,0.84,0.7402779724105689,0.740277972410569,1800,1800,1800,0,35,35
CCLE_EXPERIMENT_A_FIXED_SCORE_ORIGINAL5,CCLE-58-TAE684-HEM,B100,WEIBULL|AUC|TIED_GMM,100,100,1.0,0.8983824590825527,0.9635935530956327,0.9629845636489537,0.043821956993332585,0.78,0.7297565065640943,0.7297565065640943,1800,1800,1800,0,48,48
