regimen,sample_id,model,parameter,unconstrained_value,natural_scale_value,selected_start_id
5FU,5FU-P001,EMAX,E0,0.02652475620039533,0.02652475620039533,0.0
5FU,5FU-P001,EMAX,log_A,-0.17273889499192907,0.8413572687634572,0.0
5FU,5FU-P001,EMAX,log_K,0.748339014102997,2.1134866280932663,0.0
5FU,5FU-P001,HILL,E0,0.003279104493860066,0.003279104493860066,42.0
5FU,5FU-P001,HILL,log_A,22.64229060091365,6814309667.4160795,42.0
5FU,5FU-P001,HILL,log_K,165.93496273449443,1.1604826996163674e+72,42.0
5FU,5FU-P001,HILL,log_h,-1.958002280523447,0.14114009779396475,42.0
5FU,5FU-P001,LOGISTIC,L,-1142.8190780454538,-1142.8190780454538,5.0
5FU,5FU-P001,LOGISTIC,log_A,7.041945121910183,1143.6099052908708,5.0
5FU,5FU-P001,LOGISTIC,C,-16.483203407444613,-16.483203407444613,5.0
5FU,5FU-P001,LOGISTIC,log_S,0.8138100866896822,2.2564890478889272,5.0
5FU,5FU-P001,WEIBULL,E0,0.00327910285220598,0.00327910285220598,62.0
5FU,5FU-P001,WEIBULL,log_A,30.840769565961924,24772853830187.098,62.0
5FU,5FU-P001,WEIBULL,log_lambda,224.02248975555378,1.9576323045524223e+97,62.0
5FU,5FU-P001,WEIBULL,log_p,-1.9580022895996203,0.14114009651295276,62.0
5FU,5FU-P001,MONOTONE_SPLINE,coefficient_0,0.0,0.0,
5FU,5FU-P001,MONOTONE_SPLINE,coefficient_1,0.41190838482842745,0.41190838482842745,
5FU,5FU-P001,MONOTONE_SPLINE,coefficient_2,0.7933580725996523,0.7933580725996523,
5FU,5FU-P001,MONOTONE_SPLINE,coefficient_3,0.9929371541841052,0.9929371541841052,
5FU,5FU-P001,MONOTONE_SPLINE,coefficient_4,0.9929371541841052,0.9929371541841052,
5FU,5FU-P001,MONOTONE_SPLINE,coefficient_5,0.9929371541841052,0.9929371541841052,
5FU,5FU-P001,MONOTONE_SPLINE,coefficient_6,1.0428318303565565,1.0428318303565565,
5FU,5FU-P001,MONOTONE_SPLINE,coefficient_7,1.151645142525724,1.151645142525724,
5FU,5FU-P001,MONOTONE_SPLINE,coefficient_8,1.287647306129256,1.287647306129256,
5FU,5FU-P001,MONOTONE_SPLINE,coefficient_9,1.3886784012332776,1.3886784012332776,
5FU,5FU-P001,MONOTONE_SPLINE,coefficient_10,1.3989887593430175,1.3989887593430175,
5FU,5FU-P001,MONOTONE_SPLINE,coefficient_11,1.398988759348377,1.398988759348377,
5FU,5FU-P001,MONOTONE_SPLINE,coefficient_12,-0.4007388625741199,-0.4007388625741199,
5FU,5FU-P002,EMAX,E0,-0.021707290104955927,-0.021707290104955927,0.0
5FU,5FU-P002,EMAX,log_A,0.09722316430185234,1.102106296961663,0.0
5FU,5FU-P002,EMAX,log_K,1.98557986166134,7.283269449951679,0.0
5FU,5FU-P002,HILL,E0,0.018457547450972892,0.018457547450972892,0.0
5FU,5FU-P002,HILL,log_A,0.004617960945853935,1.0046286401599058,0.0
5FU,5FU-P002,HILL,log_K,1.9690330707518506,7.163746302560629,0.0
5FU,5FU-P002,HILL,log_h,0.33484850739689287,1.3977286236350832,0.0
5FU,5FU-P002,LOGISTIC,L,-1470.5977566727622,-1470.5977566727622,63.0
5FU,5FU-P002,LOGISTIC,log_A,7.294097302080337,1471.5879018049745,63.0
5FU,5FU-P002,LOGISTIC,C,-75.28668531059746,-75.28668531059746,63.0
5FU,5FU-P002,LOGISTIC,log_S,2.3316562383233004,10.29497835832207,63.0
5FU,5FU-P002,WEIBULL,E0,0.004316821601388667,0.004316821601388667,0.0
5FU,5FU-P002,WEIBULL,log_A,-0.011930653993843455,0.9881402340648222,0.0
5FU,5FU-P002,WEIBULL,log_lambda,2.3366658378875074,10.346681475246662,0.0
5FU,5FU-P002,WEIBULL,log_p,-0.03576725694771006,0.9648648329383757,0.0
5FU,5FU-P002,MONOTONE_SPLINE,coefficient_0,0.0,0.0,
5FU,5FU-P002,MONOTONE_SPLINE,coefficient_1,0.1032507460190184,0.1032507460190184,
5FU,5FU-P002,MONOTONE_SPLINE,coefficient_2,0.21078779641597903,0.21078779641597903,
5FU,5FU-P002,MONOTONE_SPLINE,coefficient_3,0.3440288864497726,0.3440288864497726,
5FU,5FU-P002,MONOTONE_SPLINE,coefficient_4,0.5261031996559846,0.5261031996559846,
5FU,5FU-P002,MONOTONE_SPLINE,coefficient_5,0.7516913161163908,0.7516913161163908,
5FU,5FU-P002,MONOTONE_SPLINE,coefficient_6,0.950924111656883,0.950924111656883,
5FU,5FU-P002,MONOTONE_SPLINE,coefficient_7,1.0692459732009914,1.0692459732009914,
5FU,5FU-P002,MONOTONE_SPLINE,coefficient_8,1.1114803978043988,1.1114803978043988,
5FU,5FU-P002,MONOTONE_SPLINE,coefficient_9,1.11690277540151,1.11690277540151,
5FU,5FU-P002,MONOTONE_SPLINE,coefficient_10,1.1169027754015115,1.1169027754015115,
5FU,5FU-P002,MONOTONE_SPLINE,coefficient_11,1.1169027754015117,1.1169027754015117,
5FU,5FU-P002,MONOTONE_SPLINE,coefficient_12,-0.11253840550456012,-0.11253840550456012,
5FU,5FU-P003,EMAX,E0,0.06253693717620326,0.06253693717620326,1.0
5FU,5FU-P003,EMAX,log_A,-0.26837651860392836,0.7646198333052424,1.0
5FU,5FU-P003,EMAX,log_K,1.6939486258851872,5.440922511904971,1.0
5FU,5FU-P003,HILL,E0,0.0032270902555321707,0.0032270902555321707,11.0
5FU,5FU-P003,HILL,log_A,23.440561340029287,15139322576.969635,11.0
5FU,5FU-P003,HILL,log_K,122.1337793641989,1.1016063530360396e+53,11.0
5FU,5FU-P003,HILL,log_h,-1.6019429316799965,0.201504627685093,11.0
5FU,5FU-P003,LOGISTIC,L,-834.4611170738198,-834.4611170738198,42.0
5FU,5FU-P003,LOGISTIC,log_A,6.72787400473529,835.369385383344,42.0
5FU,5FU-P003,LOGISTIC,C,-250.1065843357555,-250.1065843357555,42.0
5FU,5FU-P003,LOGISTIC,log_S,3.564297986399529,35.31465333336872,42.0
5FU,5FU-P003,WEIBULL,E0,0.00322709772876848,0.00322709772876848,9.0
5FU,5FU-P003,WEIBULL,log_A,22.24934848065224,4600121166.56536,9.0
5FU,5FU-P003,WEIBULL,log_lambda,116.22218429283112,2.983000410449554e+50,9.0
5FU,5FU-P003,WEIBULL,log_p,-1.6019428913833755,0.20150463580504877,9.0
5FU,5FU-P003,MONOTONE_SPLINE,coefficient_0,0.0,0.0,
5FU,5FU-P003,MONOTONE_SPLINE,coefficient_1,0.279755042632333,0.279755042632333,
5FU,5FU-P003,MONOTONE_SPLINE,coefficient_2,0.5430611560863039,0.5430611560863039,
5FU,5FU-P003,MONOTONE_SPLINE,coefficient_3,0.707846546855674,0.707846546855674,
5FU,5FU-P003,MONOTONE_SPLINE,coefficient_4,0.707846546855674,0.707846546855674,
5FU,5FU-P003,MONOTONE_SPLINE,coefficient_5,0.707846546855674,0.707846546855674,
5FU,5FU-P003,MONOTONE_SPLINE,coefficient_6,0.707846546855674,0.707846546855674,
5FU,5FU-P003,MONOTONE_SPLINE,coefficient_7,0.8997133629425786,0.8997133629425786,
5FU,5FU-P003,MONOTONE_SPLINE,coefficient_8,1.1174137162275515,1.1174137162275515,
5FU,5FU-P003,MONOTONE_SPLINE,coefficient_9,1.190407514622996,1.190407514622996,
5FU,5FU-P003,MONOTONE_SPLINE,coefficient_10,1.1905466015867863,1.1905466015867863,
5FU,5FU-P003,MONOTONE_SPLINE,coefficient_11,1.1905466015867863,1.1905466015867863,
5FU,5FU-P003,MONOTONE_SPLINE,coefficient_12,-0.2738474352669336,-0.2738474352669336,
5FU,5FU-P004,EMAX,E0,0.0055372272352505235,0.0055372272352505235,0.0
5FU,5FU-P004,EMAX,log_A,-0.40454758143007896,0.66727863182297,0.0
5FU,5FU-P004,EMAX,log_K,0.45805075417261415,1.5809892428260826,0.0
5FU,5FU-P004,HILL,E0,3.3803839745866994e-05,3.3803839745866994e-05,0.0
5FU,5FU-P004,HILL,log_A,-0.05399239217171399,0.9474393144299955,0.0
5FU,5FU-P004,HILL,log_K,1.4780499174092672,4.384387421392944,0.0
5FU,5FU-P004,HILL,log_h,-1.2185166603587927,0.29566841849149733,0.0
5FU,5FU-P004,LOGISTIC,L,-1079.117200476986,-1079.117200476986,54.0
5FU,5FU-P004,LOGISTIC,log_A,6.984489050395,1079.7545765885852,54.0
5FU,5FU-P004,LOGISTIC,C,-17.822724673239627,-17.822724673239627,54.0
5FU,5FU-P004,LOGISTIC,log_S,0.8715708604116258,2.390663303806326,54.0
5FU,5FU-P004,WEIBULL,E0,5.563927448315174e-05,5.563927448315174e-05,0.0
5FU,5FU-P004,WEIBULL,log_A,-0.20624617955615684,0.8136327518763141,0.0
5FU,5FU-P004,WEIBULL,log_lambda,2.0752024685669084,7.966159192600825,0.0
5FU,5FU-P004,WEIBULL,log_p,-1.4575540532546356,0.2328050075516426,0.0
5FU,5FU-P004,MONOTONE_SPLINE,coefficient_0,0.0,0.0,
5FU,5FU-P004,MONOTONE_SPLINE,coefficient_1,0.1496332662996911,0.1496332662996911,
5FU,5FU-P004,MONOTONE_SPLINE,coefficient_2,0.2964866534424092,0.2964866534424092,
5FU,5FU-P004,MONOTONE_SPLINE,coefficient_3,0.42668574250336605,0.42668574250336605,
5FU,5FU-P004,MONOTONE_SPLINE,coefficient_4,0.5282245352423126,0.5282245352423126,
5FU,5FU-P004,MONOTONE_SPLINE,coefficient_5,0.6022107196197184,0.6022107196197184,
5FU,5FU-P004,MONOTONE_SPLINE,coefficient_6,0.6583803957878226,0.6583803957878226,
5FU,5FU-P004,MONOTONE_SPLINE,coefficient_7,0.7016734293387004,0.7016734293387004,
5FU,5FU-P004,MONOTONE_SPLINE,coefficient_8,0.737075048757253,0.737075048757253,
5FU,5FU-P004,MONOTONE_SPLINE,coefficient_9,0.7685432922077138,0.7685432922077138,
5FU,5FU-P004,MONOTONE_SPLINE,coefficient_10,0.7982416519995322,0.7982416519995322,
5FU,5FU-P004,MONOTONE_SPLINE,coefficient_11,0.8276478159813445,0.8276478159813445,
5FU,5FU-P004,MONOTONE_SPLINE,coefficient_12,-0.06577357839767353,-0.06577357839767353,
5FU,5FU-P005,EMAX,E0,0.05251762683579843,0.05251762683579843,0.0
5FU,5FU-P005,EMAX,log_A,-0.2074085624850006,0.8126875485057408,0.0
5FU,5FU-P005,EMAX,log_K,1.098387484606806,2.999325663615708,0.0
5FU,5FU-P005,HILL,E0,0.0006525350757406154,0.0006525350757406154,0.0
5FU,5FU-P005,HILL,log_A,2.2755475501780658,9.73324699488314,0.0
5FU,5FU-P005,HILL,log_K,19.199665829064376,217925937.99534017,0.0
5FU,5FU-P005,HILL,log_h,-1.8311476116839591,0.16022958088347447,0.0
5FU,5FU-P005,LOGISTIC,L,-1571.6933191662508,-1571.6933191662508,12.0
5FU,5FU-P005,LOGISTIC,log_A,7.360437410199572,1572.5242506922677,12.0
5FU,5FU-P005,LOGISTIC,C,-52.53490550841748,-52.53490550841748,12.0
5FU,5FU-P005,LOGISTIC,log_S,1.9115449293523,6.7635299069455135,12.0
5FU,5FU-P005,WEIBULL,E0,0.000728713268697101,0.000728713268697101,0.0
5FU,5FU-P005,WEIBULL,log_A,1.540506204359504,4.666952104653415,0.0
5FU,5FU-P005,WEIBULL,log_lambda,14.479321011066377,1942178.833872101,0.0
5FU,5FU-P005,WEIBULL,log_p,-1.822561407568285,0.16161126800564823,0.0
5FU,5FU-P005,MONOTONE_SPLINE,coefficient_0,0.0,0.0,
5FU,5FU-P005,MONOTONE_SPLINE,coefficient_1,0.27667599468284704,0.27667599468284704,
5FU,5FU-P005,MONOTONE_SPLINE,coefficient_2,0.5401765495854123,0.5401765495854123,
5FU,5FU-P005,MONOTONE_SPLINE,coefficient_3,0.7248780396708296,0.7248780396708296,
5FU,5FU-P005,MONOTONE_SPLINE,coefficient_4,0.7991604246942717,0.7991604246942717,
5FU,5FU-P005,MONOTONE_SPLINE,coefficient_5,0.8362285110480518,0.8362285110480518,
5FU,5FU-P005,MONOTONE_SPLINE,coefficient_6,0.9032938430830197,0.9032938430830197,
5FU,5FU-P005,MONOTONE_SPLINE,coefficient_7,0.9868985219395042,0.9868985219395042,
5FU,5FU-P005,MONOTONE_SPLINE,coefficient_8,1.0710035717056363,1.0710035717056363,
5FU,5FU-P005,MONOTONE_SPLINE,coefficient_9,1.1437511846140525,1.1437511846140525,
5FU,5FU-P005,MONOTONE_SPLINE,coefficient_10,1.203678399767286,1.203678399767286,
5FU,5FU-P005,MONOTONE_SPLINE,coefficient_11,1.261356092894984,1.261356092894984,
5FU,5FU-P005,MONOTONE_SPLINE,coefficient_12,-0.2349537687119578,-0.2349537687119578,
5FU,5FU-P006,EMAX,E0,-0.012235615958897734,-0.012235615958897734,0.0
5FU,5FU-P006,EMAX,log_A,-0.09638103653306264,0.9081179240306537,0.0
5FU,5FU-P006,EMAX,log_K,1.9678324962681357,7.155150852313531,0.0
5FU,5FU-P006,HILL,E0,-0.005602930896366182,-0.005602930896366182,0.0
5FU,5FU-P006,HILL,log_A,-0.13514770669652096,0.8735868675275992,0.0
5FU,5FU-P006,HILL,log_K,1.910555914402075,6.75684398153633,0.0
5FU,5FU-P006,HILL,log_h,0.14349449761615776,1.154300459385437,0.0
5FU,5FU-P006,LOGISTIC,L,-1411.8991754950366,-1411.8991754950366,27.0
5FU,5FU-P006,LOGISTIC,log_A,7.253264982468762,1412.709799299787,27.0
5FU,5FU-P006,LOGISTIC,C,-68.23144108980385,-68.23144108980385,27.0
5FU,5FU-P006,LOGISTIC,log_S,2.212900222399731,9.142192372469202,27.0
5FU,5FU-P006,WEIBULL,E0,-0.011364028750524158,-0.011364028750524158,1.0
5FU,5FU-P006,WEIBULL,log_A,-0.16890060304869361,0.8445928491682902,1.0
5FU,5FU-P006,WEIBULL,log_lambda,2.35170510853657,10.503464010690402,1.0
5FU,5FU-P006,WEIBULL,log_p,-0.254538262384418,0.7752743886765688,1.0
5FU,5FU-P006,MONOTONE_SPLINE,coefficient_0,0.0,0.0,
5FU,5FU-P006,MONOTONE_SPLINE,coefficient_1,0.12845300305580976,0.12845300305580976,
5FU,5FU-P006,MONOTONE_SPLINE,coefficient_2,0.2575965368055838,0.2575965368055838,
5FU,5FU-P006,MONOTONE_SPLINE,coefficient_3,0.39086204384942247,0.39086204384942247,
5FU,5FU-P006,MONOTONE_SPLINE,coefficient_4,0.5284245392794489,0.5284245392794489,
5FU,5FU-P006,MONOTONE_SPLINE,coefficient_5,0.6604296485478192,0.6604296485478192,
5FU,5FU-P006,MONOTONE_SPLINE,coefficient_6,0.7743421571934058,0.7743421571934058,
5FU,5FU-P006,MONOTONE_SPLINE,coefficient_7,0.866596972164946,0.866596972164946,
5FU,5FU-P006,MONOTONE_SPLINE,coefficient_8,0.9411646154549461,0.9411646154549461,
5FU,5FU-P006,MONOTONE_SPLINE,coefficient_9,1.005290919588366,1.005290919588366,
5FU,5FU-P006,MONOTONE_SPLINE,coefficient_10,1.064868472336421,1.064868472336421,
5FU,5FU-P006,MONOTONE_SPLINE,coefficient_11,1.1236984195501452,1.1236984195501452,
5FU,5FU-P006,MONOTONE_SPLINE,coefficient_12,-0.14237870538408726,-0.14237870538408726,
5FU,5FU-P007,EMAX,E0,0.054751034322962334,0.054751034322962334,2.0
5FU,5FU-P007,EMAX,log_A,-0.2652947733847563,0.766979831409681,2.0
5FU,5FU-P007,EMAX,log_K,1.4848143391266009,4.414145802531146,2.0
5FU,5FU-P007,HILL,E0,0.003938715757061309,0.003938715757061309,35.0
5FU,5FU-P007,HILL,log_A,34.569441068121435,1031139677150071.4,35.0
5FU,5FU-P007,HILL,log_K,201.6677065661649,3.8297651228403916e+87,35.0
5FU,5FU-P007,HILL,log_h,-1.7343992698357382,0.17650620104337214,35.0
5FU,5FU-P007,LOGISTIC,L,-1638.6790564699409,-1638.6790564699409,43.0
5FU,5FU-P007,LOGISTIC,log_A,7.402121326702921,1639.4585710441168,43.0
5FU,5FU-P007,LOGISTIC,C,-71.72789485812348,-71.72789485812348,43.0
5FU,5FU-P007,LOGISTIC,log_S,2.2136571613189506,9.149115073383257,43.0
5FU,5FU-P007,WEIBULL,E0,0.003938713870043859,0.003938713870043859,27.0
5FU,5FU-P007,WEIBULL,log_A,23.31153605455775,13306733929.856825,27.0
5FU,5FU-P007,WEIBULL,log_lambda,137.88578477174002,7.63898151770709e+59,27.0
5FU,5FU-P007,WEIBULL,log_p,-1.7343992827234715,0.17650619876860732,27.0
5FU,5FU-P007,MONOTONE_SPLINE,coefficient_0,0.0,0.0,
5FU,5FU-P007,MONOTONE_SPLINE,coefficient_1,0.26154331938438763,0.26154331938438763,
5FU,5FU-P007,MONOTONE_SPLINE,coefficient_2,0.5092132910504963,0.5092132910504963,
5FU,5FU-P007,MONOTONE_SPLINE,coefficient_3,0.6739407072397243,0.6739407072397243,
5FU,5FU-P007,MONOTONE_SPLINE,coefficient_4,0.7281345835014552,0.7281345835014552,
5FU,5FU-P007,MONOTONE_SPLINE,coefficient_5,0.7534085220197738,0.7534085220197738,
5FU,5FU-P007,MONOTONE_SPLINE,coefficient_6,0.8048858285493747,0.8048858285493747,
5FU,5FU-P007,MONOTONE_SPLINE,coefficient_7,0.9020601068638463,0.9020601068638463,
5FU,5FU-P007,MONOTONE_SPLINE,coefficient_8,1.0258882032047996,1.0258882032047996,
5FU,5FU-P007,MONOTONE_SPLINE,coefficient_9,1.1259956521207943,1.1259956521207943,
5FU,5FU-P007,MONOTONE_SPLINE,coefficient_10,1.1892436999697238,1.1892436999697238,
5FU,5FU-P007,MONOTONE_SPLINE,coefficient_11,1.2459540213002516,1.2459540213002516,
5FU,5FU-P007,MONOTONE_SPLINE,coefficient_12,-0.23177439932811736,-0.23177439932811736,
5FU,5FU-P008,EMAX,E0,0.0022737436892993376,0.0022737436892993376,0.0
5FU,5FU-P008,EMAX,log_A,-0.17304269626297603,0.8411017021784946,0.0
5FU,5FU-P008,EMAX,log_K,0.4069025026834493,1.5021576421830194,0.0
5FU,5FU-P008,HILL,E0,-0.0035334795424700857,-0.0035334795424700857,40.0
5FU,5FU-P008,HILL,log_A,21.221190298241776,1645302834.664964,40.0
5FU,5FU-P008,HILL,log_K,188.40084566577,6.628994497886129e+81,40.0
5FU,5FU-P008,HILL,log_h,-2.152726727983756,0.11616696980001899,40.0
5FU,5FU-P008,LOGISTIC,L,-1179.0036184509297,-1179.0036184509297,13.0
5FU,5FU-P008,LOGISTIC,log_A,7.073092970064807,1179.7914565043168,13.0
5FU,5FU-P008,LOGISTIC,C,-16.287808205818358,-16.287808205818358,13.0
5FU,5FU-P008,LOGISTIC,log_S,0.7994372124327445,2.2242887741090027,13.0
5FU,5FU-P008,WEIBULL,E0,-0.00353348551531374,-0.00353348551531374,47.0
5FU,5FU-P008,WEIBULL,log_A,20.734505656001925,1011303223.1492263,47.0
5FU,5FU-P008,WEIBULL,log_lambda,184.21132867782885,1.0045314745240778e+80,47.0
5FU,5FU-P008,WEIBULL,log_p,-2.152726783087534,0.11616696339878026,47.0
5FU,5FU-P008,MONOTONE_SPLINE,coefficient_0,0.0,0.0,
5FU,5FU-P008,MONOTONE_SPLINE,coefficient_1,0.4085488855081562,0.4085488855081562,
5FU,5FU-P008,MONOTONE_SPLINE,coefficient_2,0.7900331414104854,0.7900331414104854,
5FU,5FU-P008,MONOTONE_SPLINE,coefficient_3,1.0099586622168142,1.0099586622168142,
5FU,5FU-P008,MONOTONE_SPLINE,coefficient_4,1.0609395479624997,1.0609395479624997,
5FU,5FU-P008,MONOTONE_SPLINE,coefficient_5,1.1019886214871648,1.1019886214871648,
5FU,5FU-P008,MONOTONE_SPLINE,coefficient_6,1.1019886214871648,1.1019886214871648,
5FU,5FU-P008,MONOTONE_SPLINE,coefficient_7,1.1019886215155925,1.1019886215155925,
5FU,5FU-P008,MONOTONE_SPLINE,coefficient_8,1.2764233563097398,1.2764233563097398,
5FU,5FU-P008,MONOTONE_SPLINE,coefficient_9,1.3923324365988519,1.3923324365988519,
5FU,5FU-P008,MONOTONE_SPLINE,coefficient_10,1.3923324365988528,1.3923324365988528,
5FU,5FU-P008,MONOTONE_SPLINE,coefficient_11,1.3923324365988528,1.3923324365988528,
5FU,5FU-P008,MONOTONE_SPLINE,coefficient_12,-0.4070073964355202,-0.4070073964355202,
5FU,5FU-P009,EMAX,E0,0.02669107405916582,0.02669107405916582,0.0
5FU,5FU-P009,EMAX,log_A,-0.01114405288010352,0.9889178120552321,0.0
5FU,5FU-P009,EMAX,log_K,1.3337054174613205,3.7950797209364255,0.0
5FU,5FU-P009,HILL,E0,0.005489727113682437,0.005489727113682437,0.0
5FU,5FU-P009,HILL,log_A,0.08718281807199925,1.0910961335773437,0.0
5FU,5FU-P009,HILL,log_K,1.4117285817151481,4.103041720562784,0.0
5FU,5FU-P009,HILL,log_h,-0.3475862322155677,0.7063910976337212,0.0
5FU,5FU-P009,LOGISTIC,L,-1919.003421885863,-1919.003421885863,29.0
5FU,5FU-P009,LOGISTIC,log_A,7.5600604831215446,1919.96163513476,29.0
5FU,5FU-P009,LOGISTIC,C,-52.04376195301425,-52.04376195301425,29.0
5FU,5FU-P009,LOGISTIC,log_S,1.9107557640225117,6.758194469184117,29.0
5FU,5FU-P009,WEIBULL,E0,0.006168028677380014,0.006168028677380014,0.0
5FU,5FU-P009,WEIBULL,log_A,0.011837999176129859,1.0119083456012958,0.0
5FU,5FU-P009,WEIBULL,log_lambda,1.9594195364723026,7.095207360508934,0.0
5FU,5FU-P009,WEIBULL,log_p,-0.6581291601647073,0.5178191856221219,0.0
5FU,5FU-P009,MONOTONE_SPLINE,coefficient_0,0.0,0.0,
5FU,5FU-P009,MONOTONE_SPLINE,coefficient_1,0.32681855706877405,0.32681855706877405,
5FU,5FU-P009,MONOTONE_SPLINE,coefficient_2,0.6327598735744239,0.6327598735744239,
5FU,5FU-P009,MONOTONE_SPLINE,coefficient_3,0.8141040599985372,0.8141040599985372,
5FU,5FU-P009,MONOTONE_SPLINE,coefficient_4,0.8701931230931135,0.8701931230931135,
5FU,5FU-P009,MONOTONE_SPLINE,coefficient_5,0.9997140021083923,0.9997140021083923,
5FU,5FU-P009,MONOTONE_SPLINE,coefficient_6,1.1871854011598826,1.1871854011598826,
5FU,5FU-P009,MONOTONE_SPLINE,coefficient_7,1.2920727648814831,1.2920727648814831,
5FU,5FU-P009,MONOTONE_SPLINE,coefficient_8,1.3115126352561646,1.3115126352561646,
5FU,5FU-P009,MONOTONE_SPLINE,coefficient_9,1.3115126352614797,1.3115126352614797,
5FU,5FU-P009,MONOTONE_SPLINE,coefficient_10,1.3115126352971203,1.3115126352971203,
5FU,5FU-P009,MONOTONE_SPLINE,coefficient_11,1.3115126354956643,1.3115126354956643,
5FU,5FU-P009,MONOTONE_SPLINE,coefficient_12,-0.31904790219562845,-0.31904790219562845,
5FU,5FU-P010,EMAX,E0,-0.04307209963210745,-0.04307209963210745,0.0
5FU,5FU-P010,EMAX,log_A,0.15839218860171567,1.171625602821373,0.0
5FU,5FU-P010,EMAX,log_K,3.371353121626884,29.11790047413998,0.0
5FU,5FU-P010,HILL,E0,0.006610047434805057,0.006610047434805057,0.0
5FU,5FU-P010,HILL,log_A,-0.02349463760483518,0.9767792125309265,0.0
5FU,5FU-P010,HILL,log_K,3.1711540104108473,23.834974300021837,0.0
5FU,5FU-P010,HILL,log_h,0.6064183593849068,1.8338514255182834,0.0
5FU,5FU-P010,LOGISTIC,L,-0.41694220397737164,-0.41694220397737164,0.0
5FU,5FU-P010,LOGISTIC,log_A,0.3271545728424326,1.3870158555946333,0.0
5FU,5FU-P010,LOGISTIC,C,15.720618367787528,15.720618367787528,0.0
5FU,5FU-P010,LOGISTIC,log_S,2.910278360683681,18.36190908926847,0.0
5FU,5FU-P010,WEIBULL,E0,0.0012473588069235905,0.0012473588069235905,0.0
5FU,5FU-P010,WEIBULL,log_A,-0.03156115749660143,0.9689316972047057,0.0
5FU,5FU-P010,WEIBULL,log_lambda,3.53680749967932,34.357058997946716,0.0
5FU,5FU-P010,WEIBULL,log_p,0.2886537019399022,1.3346294688972928,0.0
5FU,5FU-P010,MONOTONE_SPLINE,coefficient_0,0.0,0.0,
5FU,5FU-P010,MONOTONE_SPLINE,coefficient_1,0.005978176165799903,0.005978176165799903,
5FU,5FU-P010,MONOTONE_SPLINE,coefficient_2,0.012825441326242748,0.012825441326242748,
5FU,5FU-P010,MONOTONE_SPLINE,coefficient_3,0.02498107501129479,0.02498107501129479,
5FU,5FU-P010,MONOTONE_SPLINE,coefficient_4,0.06521153983314593,0.06521153983314593,
5FU,5FU-P010,MONOTONE_SPLINE,coefficient_5,0.19407669449895254,0.19407669449895254,
5FU,5FU-P010,MONOTONE_SPLINE,coefficient_6,0.43786680965214225,0.43786680965214225,
5FU,5FU-P010,MONOTONE_SPLINE,coefficient_7,0.7043674016617439,0.7043674016617439,
5FU,5FU-P010,MONOTONE_SPLINE,coefficient_8,0.884976531672591,0.884976531672591,
5FU,5FU-P010,MONOTONE_SPLINE,coefficient_9,0.961031984369944,0.961031984369944,
5FU,5FU-P010,MONOTONE_SPLINE,coefficient_10,0.9838872584282791,0.9838872584282791,
5FU,5FU-P010,MONOTONE_SPLINE,coefficient_11,0.9978758360467779,0.9978758360467779,
5FU,5FU-P010,MONOTONE_SPLINE,coefficient_12,-0.006672017807397218,-0.006672017807397218,
5FU,5FU-P011,EMAX,E0,0.22772444047614387,0.22772444047614387,0.0
5FU,5FU-P011,EMAX,log_A,-0.07261801792399947,0.9299559887085048,0.0
5FU,5FU-P011,EMAX,log_K,4.652666510794581,104.86423471506541,0.0
5FU,5FU-P011,HILL,E0,0.03953215439062816,0.03953215439062816,47.0
5FU,5FU-P011,HILL,log_A,24.396120100624728,39364101190.86513,47.0
5FU,5FU-P011,HILL,log_K,104.33751470017872,2.0568702172182822e+45,47.0
5FU,5FU-P011,HILL,log_h,-1.3894068611537942,0.24922308469319077,47.0
5FU,5FU-P011,LOGISTIC,L,-707.6069460437307,-707.6069460437307,15.0
5FU,5FU-P011,LOGISTIC,log_A,6.563227509885869,708.5548759850782,15.0
5FU,5FU-P011,LOGISTIC,C,-684.1043867468695,-684.1043867468695,15.0
5FU,5FU-P011,LOGISTIC,log_S,4.5963633055218756,99.12317865104852,15.0
5FU,5FU-P011,WEIBULL,E0,0.039532157642895936,0.039532157642895936,1.0
5FU,5FU-P011,WEIBULL,log_A,23.107619555785835,10852046924.613249,1.0
5FU,5FU-P011,WEIBULL,log_lambda,99.16744430446239,1.1691597234648323e+43,1.0
5FU,5FU-P011,WEIBULL,log_p,-1.389406846218057,0.24922308841552127,1.0
5FU,5FU-P011,MONOTONE_SPLINE,coefficient_0,0.0,0.0,
5FU,5FU-P011,MONOTONE_SPLINE,coefficient_1,0.07756722129446603,0.07756722129446603,
5FU,5FU-P011,MONOTONE_SPLINE,coefficient_2,0.15513308562401343,0.15513308562401343,
5FU,5FU-P011,MONOTONE_SPLINE,coefficient_3,0.23269082954042816,0.23269082954042816,
5FU,5FU-P011,MONOTONE_SPLINE,coefficient_4,0.310236309745618,0.310236309745618,
5FU,5FU-P011,MONOTONE_SPLINE,coefficient_5,0.3877739991682114,0.3877739991682114,
5FU,5FU-P011,MONOTONE_SPLINE,coefficient_6,0.46531077688996964,0.46531077688996964,
5FU,5FU-P011,MONOTONE_SPLINE,coefficient_7,0.5428573882015347,0.5428573882015347,
5FU,5FU-P011,MONOTONE_SPLINE,coefficient_8,0.6204245493492858,0.6204245493492858,
5FU,5FU-P011,MONOTONE_SPLINE,coefficient_9,0.6980114640058196,0.6980114640058196,
5FU,5FU-P011,MONOTONE_SPLINE,coefficient_10,0.775608373607231,0.775608373607231,
5FU,5FU-P011,MONOTONE_SPLINE,coefficient_11,0.8532069490327889,0.8532069490327889,
5FU,5FU-P011,MONOTONE_SPLINE,coefficient_12,0.021527899977947094,0.021527899977947094,
5FU,5FU-P012,EMAX,E0,-0.00962998604201433,-0.00962998604201433,0.0
5FU,5FU-P012,EMAX,log_A,-1.6523009493647034,0.19160851950726165,0.0
5FU,5FU-P012,EMAX,log_K,0.5903612527283556,1.8046402288624488,0.0
5FU,5FU-P012,HILL,E0,-9.20852848622668e-18,-9.20852848622668e-18,0.0
5FU,5FU-P012,HILL,log_A,-1.6848237199024894,0.18547712500000071,0.0
5FU,5FU-P012,HILL,log_K,0.8391828936652314,2.314475031716129,0.0
5FU,5FU-P012,HILL,log_h,3.0840777247040556,21.847308314906623,0.0
5FU,5FU-P012,LOGISTIC,L,-8.737339991143445e-08,-8.737339991143445e-08,0.0
5FU,5FU-P012,LOGISTIC,log_A,-1.684823248814488,0.1854772123760694,0.0
5FU,5FU-P012,LOGISTIC,C,2.5609526330997436,2.5609526330997436,0.0
5FU,5FU-P012,LOGISTIC,log_S,-1.7382920828794244,0.17582043105484976,0.0
5FU,5FU-P012,WEIBULL,E0,-1.5442400248665837e-10,-1.5442400248665837e-10,0.0
5FU,5FU-P012,WEIBULL,log_A,-1.684823719042751,0.1854771251594625,0.0
5FU,5FU-P012,WEIBULL,log_lambda,1.4879756632840848,4.4281224289745875,0.0
5FU,5FU-P012,WEIBULL,log_p,1.3961321599039078,4.039545396019873,0.0
5FU,5FU-P012,MONOTONE_SPLINE,coefficient_0,0.0,0.0,
5FU,5FU-P012,MONOTONE_SPLINE,coefficient_1,2.0372187440159353e-18,2.0372187440159353e-18,
5FU,5FU-P012,MONOTONE_SPLINE,coefficient_2,3.0049529435588808e-18,3.0049529435588808e-18,
5FU,5FU-P012,MONOTONE_SPLINE,coefficient_3,5.50479203854157e-16,5.50479203854157e-16,
5FU,5FU-P012,MONOTONE_SPLINE,coefficient_4,0.18668042230610993,0.18668042230610993,
5FU,5FU-P012,MONOTONE_SPLINE,coefficient_5,0.18668042230610993,0.18668042230610993,
5FU,5FU-P012,MONOTONE_SPLINE,coefficient_6,0.18668042230610993,0.18668042230610993,
5FU,5FU-P012,MONOTONE_SPLINE,coefficient_7,0.18668042230610993,0.18668042230610993,
5FU,5FU-P012,MONOTONE_SPLINE,coefficient_8,0.18668042230610993,0.18668042230610993,
5FU,5FU-P012,MONOTONE_SPLINE,coefficient_9,0.18668042230610993,0.18668042230610993,
5FU,5FU-P012,MONOTONE_SPLINE,coefficient_10,0.18849125939022024,0.18849125939022024,
5FU,5FU-P012,MONOTONE_SPLINE,coefficient_11,0.19060390265501517,0.19060390265501517,
5FU,5FU-P012,MONOTONE_SPLINE,coefficient_12,-0.0022481146057549317,-0.0022481146057549317,
5FU,5FU-P013,EMAX,E0,-0.011024139947544233,-0.011024139947544233,0.0
5FU,5FU-P013,EMAX,log_A,-0.15037943247837063,0.8603814578142097,0.0
5FU,5FU-P013,EMAX,log_K,3.420277345936642,30.57789449991197,0.0
5FU,5FU-P013,HILL,E0,-0.022750138854281197,-0.022750138854281197,0.0
5FU,5FU-P013,HILL,log_A,-0.05257775242783168,0.9487805481967272,0.0
5FU,5FU-P013,HILL,log_K,3.6289237211442327,37.67224894504517,0.0
5FU,5FU-P013,HILL,log_h,-0.18242071368920146,0.833250706683863,0.0
5FU,5FU-P013,LOGISTIC,L,-1393.6691591249225,-1393.6691591249225,26.0
5FU,5FU-P013,LOGISTIC,log_A,7.240243417993826,1394.4333597290515,26.0
5FU,5FU-P013,LOGISTIC,C,-335.8861667543893,-335.8861667543893,26.0
5FU,5FU-P013,LOGISTIC,log_S,3.7987628233538553,44.64591542763895,26.0
5FU,5FU-P013,WEIBULL,E0,-0.023785942928195664,-0.023785942928195664,0.0
5FU,5FU-P013,WEIBULL,log_A,-0.18837018799956098,0.8283080207811276,0.0
5FU,5FU-P013,WEIBULL,log_lambda,3.9026629272825293,49.53417955153265,0.0
5FU,5FU-P013,WEIBULL,log_p,-0.35981328314989014,0.6978066061593966,0.0
5FU,5FU-P013,MONOTONE_SPLINE,coefficient_0,0.0,0.0,
5FU,5FU-P013,MONOTONE_SPLINE,coefficient_1,8.360803438892561e-17,8.360803438892561e-17,
5FU,5FU-P013,MONOTONE_SPLINE,coefficient_2,1.516841652107775e-16,1.516841652107775e-16,
5FU,5FU-P013,MONOTONE_SPLINE,coefficient_3,1.1118957244237634e-14,1.1118957244237634e-14,
5FU,5FU-P013,MONOTONE_SPLINE,coefficient_4,0.13935336422777708,0.13935336422777708,
5FU,5FU-P013,MONOTONE_SPLINE,coefficient_5,0.3108179254123097,0.3108179254123097,
5FU,5FU-P013,MONOTONE_SPLINE,coefficient_6,0.4047256191801951,0.4047256191801951,
5FU,5FU-P013,MONOTONE_SPLINE,coefficient_7,0.4579941871190847,0.4579941871190847,
5FU,5FU-P013,MONOTONE_SPLINE,coefficient_8,0.5321716896731774,0.5321716896731774,
5FU,5FU-P013,MONOTONE_SPLINE,coefficient_9,0.6439008857853096,0.6439008857853096,
5FU,5FU-P013,MONOTONE_SPLINE,coefficient_10,0.7748669358783961,0.7748669358783961,
5FU,5FU-P013,MONOTONE_SPLINE,coefficient_11,0.9090391283016416,0.9090391283016416,
5FU,5FU-P013,MONOTONE_SPLINE,coefficient_12,-0.0048797338454087315,-0.0048797338454087315,
5FU,5FU-P014,EMAX,E0,-0.00572099814588624,-0.00572099814588624,2.0
5FU,5FU-P014,EMAX,log_A,0.16132384371219613,1.1750654447588793,2.0
5FU,5FU-P014,EMAX,log_K,3.7678506002053305,43.28692386784808,2.0
5FU,5FU-P014,HILL,E0,0.05095266558953548,0.05095266558953548,0.0
5FU,5FU-P014,HILL,log_A,-0.07798291829728123,0.9249802266458449,0.0
5FU,5FU-P014,HILL,log_K,3.643077401074075,38.209241142234966,0.0
5FU,5FU-P014,HILL,log_h,1.287364906737241,3.623226425823589,0.0
5FU,5FU-P014,LOGISTIC,L,0.031190271628454606,0.031190271628454606,0.0
5FU,5FU-P014,LOGISTIC,log_A,-0.057864055955607584,0.943778239747234,0.0
5FU,5FU-P014,LOGISTIC,C,40.33770992978637,40.33770992978637,0.0
5FU,5FU-P014,LOGISTIC,log_S,2.2619563878508995,9.60185575736356,0.0
5FU,5FU-P014,WEIBULL,E0,0.0507103835149315,0.0507103835149315,0.0
5FU,5FU-P014,WEIBULL,log_A,-0.07882746404643409,0.9241993683090879,0.0
5FU,5FU-P014,WEIBULL,log_lambda,3.8282998343519212,45.98429082467248,0.0
5FU,5FU-P014,WEIBULL,log_p,1.13584289886713,3.1137970530814356,0.0
5FU,5FU-P014,MONOTONE_SPLINE,coefficient_0,0.0,0.0,
5FU,5FU-P014,MONOTONE_SPLINE,coefficient_1,0.11096464659075272,0.11096464659075272,
5FU,5FU-P014,MONOTONE_SPLINE,coefficient_2,0.22197218329092763,0.22197218329092763,
5FU,5FU-P014,MONOTONE_SPLINE,coefficient_3,0.3332371066015388,0.3332371066015388,
5FU,5FU-P014,MONOTONE_SPLINE,coefficient_4,0.44502535294222667,0.44502535294222667,
5FU,5FU-P014,MONOTONE_SPLINE,coefficient_5,0.5576212980292959,0.5576212980292959,
5FU,5FU-P014,MONOTONE_SPLINE,coefficient_6,0.6711842138231461,0.6711842138231461,
5FU,5FU-P014,MONOTONE_SPLINE,coefficient_7,0.7854880043346759,0.7854880043346759,
5FU,5FU-P014,MONOTONE_SPLINE,coefficient_8,0.9002402212962419,0.9002402212962419,
5FU,5FU-P014,MONOTONE_SPLINE,coefficient_9,1.0152421182936964,1.0152421182936964,
5FU,5FU-P014,MONOTONE_SPLINE,coefficient_10,1.1303678933463015,1.1303678933463015,
5FU,5FU-P014,MONOTONE_SPLINE,coefficient_11,1.2455143147414316,1.2455143147414316,
5FU,5FU-P014,MONOTONE_SPLINE,coefficient_12,-0.1967573527868392,-0.1967573527868392,
5FU,5FU-P015,EMAX,E0,0.002250996504073625,0.002250996504073625,0.0
5FU,5FU-P015,EMAX,log_A,-0.008603756633904492,0.9914331497598151,0.0
5FU,5FU-P015,EMAX,log_K,2.167109355006646,8.733003506955615,0.0
5FU,5FU-P015,HILL,E0,8.097376895399995e-18,8.097376895399995e-18,0.0
5FU,5FU-P015,HILL,log_A,0.1957565881054045,1.216230824251753,0.0
5FU,5FU-P015,HILL,log_K,2.6614934681078353,14.317656102004387,0.0
5FU,5FU-P015,HILL,log_h,-0.6573532062005335,0.5182211454029049,0.0
5FU,5FU-P015,LOGISTIC,L,-1488.7901501054184,-1488.7901501054184,34.0
5FU,5FU-P015,LOGISTIC,log_A,7.30632617320952,1489.6942450377883,34.0
5FU,5FU-P015,LOGISTIC,C,-82.00323356717776,-82.00323356717776,34.0
5FU,5FU-P015,LOGISTIC,log_S,2.4039780490650573,11.067114453097744,34.0
5FU,5FU-P015,WEIBULL,E0,4.3200545602250624e-18,4.3200545602250624e-18,0.0
5FU,5FU-P015,WEIBULL,log_A,0.06999948709847921,1.0725076311632804,0.0
5FU,5FU-P015,WEIBULL,log_lambda,3.125233521203689,22.765210632246145,0.0
5FU,5FU-P015,WEIBULL,log_p,-0.9282552682815173,0.39524270162239683,0.0
5FU,5FU-P015,MONOTONE_SPLINE,coefficient_0,0.0,0.0,
5FU,5FU-P015,MONOTONE_SPLINE,coefficient_1,0.14121526874847257,0.14121526874847257,
5FU,5FU-P015,MONOTONE_SPLINE,coefficient_2,0.2819112865460852,0.2819112865460852,
5FU,5FU-P015,MONOTONE_SPLINE,coefficient_3,0.41949179863853725,0.41949179863853725,
5FU,5FU-P015,MONOTONE_SPLINE,coefficient_4,0.5508412993206683,0.5508412993206683,
5FU,5FU-P015,MONOTONE_SPLINE,coefficient_5,0.672844911995721,0.672844911995721,
5FU,5FU-P015,MONOTONE_SPLINE,coefficient_6,0.7833698802354345,0.7833698802354345,
5FU,5FU-P015,MONOTONE_SPLINE,coefficient_7,0.8832512948610631,0.8832512948610631,
5FU,5FU-P015,MONOTONE_SPLINE,coefficient_8,0.9739514881860267,0.9739514881860267,
5FU,5FU-P015,MONOTONE_SPLINE,coefficient_9,1.0579801426910072,1.0579801426910072,
5FU,5FU-P015,MONOTONE_SPLINE,coefficient_10,1.1386622754704807,1.1386622754704807,
5FU,5FU-P015,MONOTONE_SPLINE,coefficient_11,1.2187866546290367,1.2187866546290367,
5FU,5FU-P015,MONOTONE_SPLINE,coefficient_12,-0.13074370790612735,-0.13074370790612735,
5FU,5FU-P016,EMAX,E0,0.7540391418975193,0.7540391418975193,0.0
5FU,5FU-P016,EMAX,log_A,-1.249926412529437,0.28652588079924257,0.0
5FU,5FU-P016,EMAX,log_K,3.487028342115888,32.68866370521777,0.0
5FU,5FU-P016,HILL,E0,0.7863946666613427,0.7863946666613427,8.0
5FU,5FU-P016,HILL,log_A,-1.562638617511901,0.20958233335587376,8.0
5FU,5FU-P016,HILL,log_K,3.814402889801468,45.349669546652585,8.0
5FU,5FU-P016,HILL,log_h,2.730760235915286,15.344548063315123,8.0
5FU,5FU-P016,LOGISTIC,L,0.7863946666661953,0.7863946666661953,13.0
5FU,5FU-P016,LOGISTIC,log_A,-1.5626386176172007,0.2095823333338048,13.0
5FU,5FU-P016,LOGISTIC,C,47.83431817245044,47.83431817245044,13.0
5FU,5FU-P016,LOGISTIC,log_S,0.3686467198325013,1.4457767491905542,13.0
5FU,5FU-P016,WEIBULL,E0,0.786394666666426,0.786394666666426,0.0
5FU,5FU-P016,WEIBULL,log_A,-1.5626386175773268,0.20958233334216164,0.0
5FU,5FU-P016,WEIBULL,log_lambda,3.8773562425105275,48.29636227044687,0.0
5FU,5FU-P016,WEIBULL,log_p,2.7279766983145484,15.301895327101807,0.0
5FU,5FU-P016,MONOTONE_SPLINE,coefficient_0,0.0,0.0,
5FU,5FU-P016,MONOTONE_SPLINE,coefficient_1,4.47309982419377e-06,4.47309982419377e-06,
5FU,5FU-P016,MONOTONE_SPLINE,coefficient_2,4.47309984486386e-06,4.47309984486386e-06,
5FU,5FU-P016,MONOTONE_SPLINE,coefficient_3,4.473099844863862e-06,4.473099844863862e-06,
5FU,5FU-P016,MONOTONE_SPLINE,coefficient_4,4.473099844863863e-06,4.473099844863863e-06,
5FU,5FU-P016,MONOTONE_SPLINE,coefficient_5,4.473099844863863e-06,4.473099844863863e-06,
5FU,5FU-P016,MONOTONE_SPLINE,coefficient_6,4.473099844863863e-06,4.473099844863863e-06,
5FU,5FU-P016,MONOTONE_SPLINE,coefficient_7,0.15058090056885487,0.15058090056885487,
5FU,5FU-P016,MONOTONE_SPLINE,coefficient_8,0.20971485262966622,0.20971485262966622,
5FU,5FU-P016,MONOTONE_SPLINE,coefficient_9,0.20971485262966688,0.20971485262966688,
5FU,5FU-P016,MONOTONE_SPLINE,coefficient_10,0.20971485262966694,0.20971485262966694,
5FU,5FU-P016,MONOTONE_SPLINE,coefficient_11,0.20971485262966705,0.20971485262966705,
5FU,5FU-P016,MONOTONE_SPLINE,coefficient_12,0.7865272493593783,0.7865272493593783,
5FU,5FU-P017,EMAX,E0,-0.17947472348514795,-0.17947472348514795,0.0
5FU,5FU-P017,EMAX,log_A,0.20089355997947203,1.2224946425431207,0.0
5FU,5FU-P017,EMAX,log_K,1.2492167857538266,3.487610341385134,0.0
5FU,5FU-P017,HILL,E0,-0.1751393449921145,-0.1751393449921145,0.0
5FU,5FU-P017,HILL,log_A,0.15823814667019984,1.1714451372504902,0.0
5FU,5FU-P017,HILL,log_K,1.338660137162291,3.8139299374027464,0.0
5FU,5FU-P017,HILL,log_h,0.5892184950167488,1.802579140211013,0.0
5FU,5FU-P017,LOGISTIC,L,-2468.75820472482,-2468.75820472482,48.0
5FU,5FU-P017,LOGISTIC,log_A,7.8118703273781875,2469.7453505854155,48.0
5FU,5FU-P017,LOGISTIC,C,-41.62759217954638,-41.62759217954638,48.0
5FU,5FU-P017,LOGISTIC,log_S,1.6924823840198957,5.432950649299759,48.0
5FU,5FU-P017,WEIBULL,E0,-0.17514330671140513,-0.17514330671140513,0.0
5FU,5FU-P017,WEIBULL,log_A,0.15691410580996648,1.169895122391195,0.0
5FU,5FU-P017,WEIBULL,log_lambda,1.7297321862999377,5.639143466301909,0.0
5FU,5FU-P017,WEIBULL,log_p,-0.12485188960282659,0.8826276192313498,0.0
5FU,5FU-P017,MONOTONE_SPLINE,coefficient_0,0.0,0.0,
5FU,5FU-P017,MONOTONE_SPLINE,coefficient_1,0.25031836136092983,0.25031836136092983,
5FU,5FU-P017,MONOTONE_SPLINE,coefficient_2,0.5031609948089952,0.5031609948089952,
5FU,5FU-P017,MONOTONE_SPLINE,coefficient_3,0.7711492607798747,0.7711492607798747,
5FU,5FU-P017,MONOTONE_SPLINE,coefficient_4,1.0630850315708067,1.0630850315708067,
5FU,5FU-P017,MONOTONE_SPLINE,coefficient_5,1.314898422058962,1.314898422058962,
5FU,5FU-P017,MONOTONE_SPLINE,coefficient_6,1.4246659471905379,1.4246659471905379,
5FU,5FU-P017,MONOTONE_SPLINE,coefficient_7,1.4246659471967225,1.4246659471967225,
5FU,5FU-P017,MONOTONE_SPLINE,coefficient_8,1.4246659471967225,1.4246659471967225,
5FU,5FU-P017,MONOTONE_SPLINE,coefficient_9,1.4246659471967233,1.4246659471967233,
5FU,5FU-P017,MONOTONE_SPLINE,coefficient_10,1.4246659471967242,1.4246659471967242,
5FU,5FU-P017,MONOTONE_SPLINE,coefficient_11,1.4246659471967253,1.4246659471967253,
5FU,5FU-P017,MONOTONE_SPLINE,coefficient_12,-0.4263872611262129,-0.4263872611262129,
5FU,5FU-P018,EMAX,E0,-0.010129685591241883,-0.010129685591241883,0.0
5FU,5FU-P018,EMAX,log_A,0.06455514593882578,1.0666843999354105,0.0
5FU,5FU-P018,EMAX,log_K,1.501710962103674,4.489363634069512,0.0
5FU,5FU-P018,HILL,E0,0.001284677946246821,0.001284677946246821,0.0
5FU,5FU-P018,HILL,log_A,-0.0070024496596551924,0.9930220103643002,0.0
5FU,5FU-P018,HILL,log_K,1.5413880364228272,4.6710693877666145,0.0
5FU,5FU-P018,HILL,log_h,0.7798579729111509,2.181162459343881,0.0
5FU,5FU-P018,LOGISTIC,L,-2.0421671630432745,-2.0421671630432745,0.0
5FU,5FU-P018,LOGISTIC,log_A,1.110444140955879,3.035706376598344,0.0
5FU,5FU-P018,LOGISTIC,C,-3.996781857270148,-3.996781857270148,0.0
5FU,5FU-P018,LOGISTIC,log_S,1.7106428616987936,5.532516977917105,0.0
5FU,5FU-P018,WEIBULL,E0,0.0012849999375862072,0.0012849999375862072,0.0
5FU,5FU-P018,WEIBULL,log_A,-0.007775951768730076,0.9922542027336183,0.0
5FU,5FU-P018,WEIBULL,log_lambda,1.9418488887007286,6.971628827871972,0.0
5FU,5FU-P018,WEIBULL,log_p,0.107214776457152,1.1131733122266148,0.0
5FU,5FU-P018,MONOTONE_SPLINE,coefficient_0,0.0,0.0,
5FU,5FU-P018,MONOTONE_SPLINE,coefficient_1,0.1095210204034164,0.1095210204034164,
5FU,5FU-P018,MONOTONE_SPLINE,coefficient_2,0.23061216536323662,0.23061216536323662,
5FU,5FU-P018,MONOTONE_SPLINE,coefficient_3,0.42112405766147987,0.42112405766147987,
5FU,5FU-P018,MONOTONE_SPLINE,coefficient_4,0.7343411320183696,0.7343411320183696,
5FU,5FU-P018,MONOTONE_SPLINE,coefficient_5,1.0381874978967143,1.0381874978967143,
5FU,5FU-P018,MONOTONE_SPLINE,coefficient_6,1.1074821312843148,1.1074821312843148,
5FU,5FU-P018,MONOTONE_SPLINE,coefficient_7,1.1074821312843148,1.1074821312843148,
5FU,5FU-P018,MONOTONE_SPLINE,coefficient_8,1.107482131284317,1.107482131284317,
5FU,5FU-P018,MONOTONE_SPLINE,coefficient_9,1.1074821312914023,1.1074821312914023,
5FU,5FU-P018,MONOTONE_SPLINE,coefficient_10,1.1074821313064913,1.1074821313064913,
5FU,5FU-P018,MONOTONE_SPLINE,coefficient_11,1.1074821313213141,1.1074821313213141,
5FU,5FU-P018,MONOTONE_SPLINE,coefficient_12,-0.11089613342435202,-0.11089613342435202,
5FU,5FU-P019,EMAX,E0,0.06839598086866001,0.06839598086866001,0.0
5FU,5FU-P019,EMAX,log_A,-0.052640815153793846,0.9487207173955846,0.0
5FU,5FU-P019,EMAX,log_K,1.3593383261227496,3.89361614517933,0.0
5FU,5FU-P019,HILL,E0,0.2606471117874244,0.2606471117874244,0.0
5FU,5FU-P019,HILL,log_A,-0.3128050280302488,0.7313924997045116,0.0
5FU,5FU-P019,HILL,log_K,1.7705319989457398,5.873977480121704,0.0
5FU,5FU-P019,HILL,log_h,0.3172882644166844,1.3733984167622104,0.0
5FU,5FU-P019,LOGISTIC,L,-1335.29956997636,-1335.29956997636,32.0
5FU,5FU-P019,LOGISTIC,log_A,7.197634552410921,1336.2661554559243,32.0
5FU,5FU-P019,LOGISTIC,C,-64.0101914695665,-64.0101914695665,32.0
5FU,5FU-P019,LOGISTIC,log_S,2.138794769745011,8.48920002008258,32.0
5FU,5FU-P019,WEIBULL,E0,0.03185882985083663,0.03185882985083663,0.0
5FU,5FU-P019,WEIBULL,log_A,-0.054256996822985265,0.947188650745451,0.0
5FU,5FU-P019,WEIBULL,log_lambda,1.7855385561955202,5.9627903807077836,0.0
5FU,5FU-P019,WEIBULL,log_p,-0.40938191529522777,0.6640605689980904,0.0
5FU,5FU-P019,MONOTONE_SPLINE,coefficient_0,0.0,0.0,
5FU,5FU-P019,MONOTONE_SPLINE,coefficient_1,0.16797173293093293,0.16797173293093293,
5FU,5FU-P019,MONOTONE_SPLINE,coefficient_2,0.3359434658618655,0.3359434658618655,
5FU,5FU-P019,MONOTONE_SPLINE,coefficient_3,0.5038919446114039,0.5038919446114039,
5FU,5FU-P019,MONOTONE_SPLINE,coefficient_4,0.6674674391574518,0.6674674391574518,
5FU,5FU-P019,MONOTONE_SPLINE,coefficient_5,0.812967185443547,0.812967185443547,
5FU,5FU-P019,MONOTONE_SPLINE,coefficient_6,0.9266461497469038,0.9266461497469038,
5FU,5FU-P019,MONOTONE_SPLINE,coefficient_7,0.9993606552837327,0.9993606552837327,
5FU,5FU-P019,MONOTONE_SPLINE,coefficient_8,1.035420155609598,1.035420155609598,
5FU,5FU-P019,MONOTONE_SPLINE,coefficient_9,1.0501450248639816,1.0501450248639816,
5FU,5FU-P019,MONOTONE_SPLINE,coefficient_10,1.0567884758987751,1.0567884758987751,
5FU,5FU-P019,MONOTONE_SPLINE,coefficient_11,1.062126192994923,1.062126192994923,
5FU,5FU-P019,MONOTONE_SPLINE,coefficient_12,-0.05805255158370725,-0.05805255158370725,
5FU,5FU-P020,EMAX,E0,0.010066862407113632,0.010066862407113632,0.0
5FU,5FU-P020,EMAX,log_A,0.06721985205911868,1.069530590831337,0.0
5FU,5FU-P020,EMAX,log_K,2.909100325010416,18.340290841365764,0.0
5FU,5FU-P020,HILL,E0,-0.01570621373809149,-0.01570621373809149,0.0
5FU,5FU-P020,HILL,log_A,0.1689980546390118,1.1841178353850863,0.0
5FU,5FU-P020,HILL,log_K,3.0709771613762316,21.56296287819977,0.0
5FU,5FU-P020,HILL,log_h,-0.19690646796577807,0.8212674445351746,0.0
5FU,5FU-P020,LOGISTIC,L,-1321.3961617204943,-1321.3961617204943,27.0
5FU,5FU-P020,LOGISTIC,log_A,7.187184982385129,1322.375451033349,27.0
5FU,5FU-P020,LOGISTIC,C,-200.26783747014073,-200.26783747014073,27.0
5FU,5FU-P020,LOGISTIC,log_S,3.315799347450343,27.5444027351748,27.0
5FU,5FU-P020,WEIBULL,E0,-0.01333035089050177,-0.01333035089050177,1.0
5FU,5FU-P020,WEIBULL,log_A,0.041249954301277876,1.0421125535092444,1.0
5FU,5FU-P020,WEIBULL,log_lambda,3.3722557777823243,29.144195792266412,1.0
5FU,5FU-P020,WEIBULL,log_p,-0.3737022574945369,0.6881817822962177,1.0
5FU,5FU-P020,MONOTONE_SPLINE,coefficient_0,0.0,0.0,
5FU,5FU-P020,MONOTONE_SPLINE,coefficient_1,0.12416965679090824,0.12416965679090824,
5FU,5FU-P020,MONOTONE_SPLINE,coefficient_2,0.24834245485661577,0.24834245485661577,
5FU,5FU-P020,MONOTONE_SPLINE,coefficient_3,0.3725340345567796,0.3725340345567796,
5FU,5FU-P020,MONOTONE_SPLINE,coefficient_4,0.49675089919231286,0.49675089919231286,
5FU,5FU-P020,MONOTONE_SPLINE,coefficient_5,0.6209816973007045,0.6209816973007045,
5FU,5FU-P020,MONOTONE_SPLINE,coefficient_6,0.745233644188743,0.745233644188743,
5FU,5FU-P020,MONOTONE_SPLINE,coefficient_7,0.8695020210371572,0.8695020210371572,
5FU,5FU-P020,MONOTONE_SPLINE,coefficient_8,0.9937696993354121,0.9937696993354121,
5FU,5FU-P020,MONOTONE_SPLINE,coefficient_9,1.1180226819616106,1.1180226819616106,
5FU,5FU-P020,MONOTONE_SPLINE,coefficient_10,1.242263225894991,1.242263225894991,
5FU,5FU-P020,MONOTONE_SPLINE,coefficient_11,1.3665016182242389,1.3665016182242389,
5FU,5FU-P020,MONOTONE_SPLINE,coefficient_12,-0.18699567632862835,-0.18699567632862835,
5FU,5FU-P021,EMAX,E0,-0.13439174505304746,-0.13439174505304746,0.0
5FU,5FU-P021,EMAX,log_A,0.1705584221493649,1.185966936647443,0.0
5FU,5FU-P021,EMAX,log_K,2.1477790988472933,8.56581343158891,0.0
5FU,5FU-P021,HILL,E0,-0.20667439966534304,-0.20667439966534304,1.0
5FU,5FU-P021,HILL,log_A,0.3348247701449365,1.3976954457923543,1.0
5FU,5FU-P021,HILL,log_K,2.245064318286282,9.441022767337907,1.0
5FU,5FU-P021,HILL,log_h,-0.412411138891785,0.6620520247536474,1.0
5FU,5FU-P021,LOGISTIC,L,-871.0240878221364,-871.0240878221364,63.0
5FU,5FU-P021,LOGISTIC,log_A,6.77077858712226,871.9905503731825,63.0
5FU,5FU-P021,LOGISTIC,C,-93.36771424744566,-93.36771424744566,63.0
5FU,5FU-P021,LOGISTIC,log_S,2.629548296483032,13.867504486633148,63.0
5FU,5FU-P021,WEIBULL,E0,-0.1951000172968731,-0.1951000172968731,0.0
5FU,5FU-P021,WEIBULL,log_A,0.18706758474034027,1.2057087698104643,0.0
5FU,5FU-P021,WEIBULL,log_lambda,2.566101562289656,13.014987295324502,0.0
5FU,5FU-P021,WEIBULL,log_p,-0.5247658647424216,0.5916938845500196,0.0
5FU,5FU-P021,MONOTONE_SPLINE,coefficient_0,0.0,0.0,
5FU,5FU-P021,MONOTONE_SPLINE,coefficient_1,0.5705579189378589,0.5705579189378589,
5FU,5FU-P021,MONOTONE_SPLINE,coefficient_2,1.058607909379226,1.058607909379226,
5FU,5FU-P021,MONOTONE_SPLINE,coefficient_3,1.058607909379226,1.058607909379226,
5FU,5FU-P021,MONOTONE_SPLINE,coefficient_4,1.058607909379226,1.058607909379226,
5FU,5FU-P021,MONOTONE_SPLINE,coefficient_5,1.058607909379226,1.058607909379226,
5FU,5FU-P021,MONOTONE_SPLINE,coefficient_6,1.597517221934162,1.597517221934162,
5FU,5FU-P021,MONOTONE_SPLINE,coefficient_7,1.7412482528886306,1.7412482528886306,
5FU,5FU-P021,MONOTONE_SPLINE,coefficient_8,1.7412482528886355,1.7412482528886355,
5FU,5FU-P021,MONOTONE_SPLINE,coefficient_9,1.741248252909667,1.741248252909667,
5FU,5FU-P021,MONOTONE_SPLINE,coefficient_10,1.7425016959803592,1.7425016959803592,
5FU,5FU-P021,MONOTONE_SPLINE,coefficient_11,1.7461587975146544,1.7461587975146544,
5FU,5FU-P021,MONOTONE_SPLINE,coefficient_12,-0.7838804493317817,-0.7838804493317817,
5FU,5FU-P022,EMAX,E0,0.0354274801997554,0.0354274801997554,0.0
5FU,5FU-P022,EMAX,log_A,-0.039245551736808694,0.9615145785816804,0.0
5FU,5FU-P022,EMAX,log_K,1.2348991332032533,3.438031719968372,0.0
5FU,5FU-P022,HILL,E0,0.006610143467576861,0.006610143467576861,0.0
5FU,5FU-P022,HILL,log_A,0.09118432779628505,1.0954709123885205,0.0
5FU,5FU-P022,HILL,log_K,1.3055504063920542,3.689719380044134,0.0
5FU,5FU-P022,HILL,log_h,-0.4702447452937589,0.6248493206363217,0.0
5FU,5FU-P022,LOGISTIC,L,-1509.8892094439816,-1509.8892094439816,61.0
5FU,5FU-P022,LOGISTIC,log_A,7.320422048376634,1510.841483418426,61.0
5FU,5FU-P022,LOGISTIC,C,-49.87632010050038,-49.87632010050038,61.0
5FU,5FU-P022,LOGISTIC,log_S,1.8964247341011757,6.6620332723074664,61.0
5FU,5FU-P022,WEIBULL,E0,0.008834394965297337,0.008834394965297337,0.0
5FU,5FU-P022,WEIBULL,log_A,-0.002607906908295401,0.9973954907267121,0.0
5FU,5FU-P022,WEIBULL,log_lambda,1.8480847027154752,6.347650235161833,0.0
5FU,5FU-P022,WEIBULL,log_p,-0.7229417633299436,0.4853224501289274,0.0
5FU,5FU-P022,MONOTONE_SPLINE,coefficient_0,0.0,0.0,
5FU,5FU-P022,MONOTONE_SPLINE,coefficient_1,0.5644774033225106,0.5644774033225106,
5FU,5FU-P022,MONOTONE_SPLINE,coefficient_2,1.0365912386626683,1.0365912386626683,
5FU,5FU-P022,MONOTONE_SPLINE,coefficient_3,1.0365912386626683,1.0365912386626683,
5FU,5FU-P022,MONOTONE_SPLINE,coefficient_4,1.0365912386626683,1.0365912386626683,
5FU,5FU-P022,MONOTONE_SPLINE,coefficient_5,1.2905661862171474,1.2905661862171474,
5FU,5FU-P022,MONOTONE_SPLINE,coefficient_6,1.488387866328267,1.488387866328267,
5FU,5FU-P022,MONOTONE_SPLINE,coefficient_7,1.488387866328267,1.488387866328267,
5FU,5FU-P022,MONOTONE_SPLINE,coefficient_8,1.517878382317488,1.517878382317488,
5FU,5FU-P022,MONOTONE_SPLINE,coefficient_9,1.5178783823174884,1.5178783823174884,
5FU,5FU-P022,MONOTONE_SPLINE,coefficient_10,1.5287298969223966,1.5287298969223966,
5FU,5FU-P022,MONOTONE_SPLINE,coefficient_11,1.542260183858356,1.542260183858356,
5FU,5FU-P022,MONOTONE_SPLINE,coefficient_12,-0.548499316830166,-0.548499316830166,
CARBO,Carbo-P001,EMAX,E0,-0.00025076692456585837,-0.00025076692456585837,0.0
CARBO,Carbo-P001,EMAX,log_A,0.02176721966307468,1.0220058539117216,0.0
CARBO,Carbo-P001,EMAX,log_K,0.4948240720605042,1.6402096549678467,0.0
CARBO,Carbo-P001,HILL,E0,0.00031638446229367715,0.00031638446229367715,0.0
CARBO,Carbo-P001,HILL,log_A,0.01254596152597398,1.0126249922609687,0.0
CARBO,Carbo-P001,HILL,log_K,0.626190062038924,1.8704706094999688,0.0
CARBO,Carbo-P001,HILL,log_h,0.14792583959540845,1.1594269096058962,0.0
CARBO,Carbo-P001,LOGISTIC,L,-1673.7274387070986,-1673.7274387070986,48.0
CARBO,Carbo-P001,LOGISTIC,log_A,7.423397167430786,1674.713135879752,48.0
CARBO,Carbo-P001,LOGISTIC,C,-24.98210455934388,-24.98210455934388,48.0
CARBO,Carbo-P001,LOGISTIC,log_S,1.2107372157666063,3.355957805819737,48.0
CARBO,Carbo-P001,WEIBULL,E0,0.0004534645069911586,0.0004534645069911586,0.0
CARBO,Carbo-P001,WEIBULL,log_A,0.003528891515374196,1.0035351253837628,0.0
CARBO,Carbo-P001,WEIBULL,log_lambda,0.9970378286142008,2.7102417257682725,0.0
CARBO,Carbo-P001,WEIBULL,log_p,-0.5741684769879623,0.5631729654439458,0.0
CARBO,Carbo-P001,MONOTONE_SPLINE,coefficient_0,0.0,0.0,
CARBO,Carbo-P001,MONOTONE_SPLINE,coefficient_1,0.8151330194887092,0.8151330194887092,
CARBO,Carbo-P001,MONOTONE_SPLINE,coefficient_2,1.5138184647646962,1.5138184647646962,
CARBO,Carbo-P001,MONOTONE_SPLINE,coefficient_3,1.5138184647646962,1.5138184647646962,
CARBO,Carbo-P001,MONOTONE_SPLINE,coefficient_4,1.5138184647646962,1.5138184647646962,
CARBO,Carbo-P001,MONOTONE_SPLINE,coefficient_5,1.708868013563575,1.708868013563575,
CARBO,Carbo-P001,MONOTONE_SPLINE,coefficient_6,1.7972417271116758,1.7972417271116758,
CARBO,Carbo-P001,MONOTONE_SPLINE,coefficient_7,1.7972417271116758,1.7972417271116758,
CARBO,Carbo-P001,MONOTONE_SPLINE,coefficient_8,1.7972417271116758,1.7972417271116758,
CARBO,Carbo-P001,MONOTONE_SPLINE,coefficient_9,1.7972417271116758,1.7972417271116758,
CARBO,Carbo-P001,MONOTONE_SPLINE,coefficient_10,1.7972417271116758,1.7972417271116758,
CARBO,Carbo-P001,MONOTONE_SPLINE,coefficient_11,1.797241727111676,1.797241727111676,
CARBO,Carbo-P001,MONOTONE_SPLINE,coefficient_12,-0.7957004676050796,-0.7957004676050796,
CARBO,Carbo-P002,EMAX,E0,-0.06790627337984158,-0.06790627337984158,5.0
CARBO,Carbo-P002,EMAX,log_A,0.21799900755493667,1.2435858334278282,5.0
CARBO,Carbo-P002,EMAX,log_K,3.0734256877973025,21.615825053329555,5.0
CARBO,Carbo-P002,HILL,E0,0.07970113580674253,0.07970113580674253,0.0
CARBO,Carbo-P002,HILL,log_A,-0.0769862476079623,0.9259025868943023,0.0
CARBO,Carbo-P002,HILL,log_K,3.0791151540409705,21.739158077146453,0.0
CARBO,Carbo-P002,HILL,log_h,1.3842517618217935,3.9918379415528586,0.0
CARBO,Carbo-P002,LOGISTIC,L,-0.0021942608429471565,-0.0021942608429471565,0.0
CARBO,Carbo-P002,LOGISTIC,log_A,0.0035563028397182805,1.0035626339875972,0.0
CARBO,Carbo-P002,LOGISTIC,C,21.065451026214046,21.065451026214046,0.0
CARBO,Carbo-P002,LOGISTIC,log_S,1.9277609839313607,6.8741017737859655,0.0
CARBO,Carbo-P002,WEIBULL,E0,0.05600232491020732,0.05600232491020732,0.0
CARBO,Carbo-P002,WEIBULL,log_A,-0.05735784263108067,0.944256113810497,0.0
CARBO,Carbo-P002,WEIBULL,log_lambda,3.2427420800722433,25.603833338793237,0.0
CARBO,Carbo-P002,WEIBULL,log_p,0.8419578897944875,2.3209066106464666,0.0
CARBO,Carbo-P002,MONOTONE_SPLINE,coefficient_0,0.0,0.0,
CARBO,Carbo-P002,MONOTONE_SPLINE,coefficient_1,0.13965420094034003,0.13965420094034003,
CARBO,Carbo-P002,MONOTONE_SPLINE,coefficient_2,0.2593578017520558,0.2593578017520558,
CARBO,Carbo-P002,MONOTONE_SPLINE,coefficient_3,0.2593578017916009,0.2593578017916009,
CARBO,Carbo-P002,MONOTONE_SPLINE,coefficient_4,0.2593578018526491,0.2593578018526491,
CARBO,Carbo-P002,MONOTONE_SPLINE,coefficient_5,0.2593578018526557,0.2593578018526557,
CARBO,Carbo-P002,MONOTONE_SPLINE,coefficient_6,0.7450219929682445,0.7450219929682445,
CARBO,Carbo-P002,MONOTONE_SPLINE,coefficient_7,1.1478342570510738,1.1478342570510738,
CARBO,Carbo-P002,MONOTONE_SPLINE,coefficient_8,1.1478342570510738,1.1478342570510738,
CARBO,Carbo-P002,MONOTONE_SPLINE,coefficient_9,1.1478342570510738,1.1478342570510738,
CARBO,Carbo-P002,MONOTONE_SPLINE,coefficient_10,1.1478342570510738,1.1478342570510738,
CARBO,Carbo-P002,MONOTONE_SPLINE,coefficient_11,1.1478342570510738,1.1478342570510738,
CARBO,Carbo-P002,MONOTONE_SPLINE,coefficient_12,-0.13631714971815048,-0.13631714971815048,
CARBO,Carbo-P003,EMAX,E0,-0.0011892971467541077,-0.0011892971467541077,0.0
CARBO,Carbo-P003,EMAX,log_A,0.07059710173758918,1.0731487689818122,0.0
CARBO,Carbo-P003,EMAX,log_K,1.9886741889997719,7.305841173864929,0.0
CARBO,Carbo-P003,HILL,E0,0.017200092104061378,0.017200092104061378,2.0
CARBO,Carbo-P003,HILL,log_A,0.025166972294683065,1.0254863340364349,2.0
CARBO,Carbo-P003,HILL,log_K,2.024035050616336,7.568803907077925,2.0
CARBO,Carbo-P003,HILL,log_h,0.2053717005913538,1.227981421564481,2.0
CARBO,Carbo-P003,LOGISTIC,L,-782.6579123111993,-782.6579123111993,9.0
CARBO,Carbo-P003,LOGISTIC,log_A,6.663978084614714,783.6622191693584,9.0
CARBO,Carbo-P003,LOGISTIC,C,-79.33268422678587,-79.33268422678587,9.0
CARBO,Carbo-P003,LOGISTIC,log_S,2.472434914670319,11.851268575904234,9.0
CARBO,Carbo-P003,WEIBULL,E0,0.017288036200310938,0.017288036200310938,0.0
CARBO,Carbo-P003,WEIBULL,log_A,-0.008444632126321011,0.991590923624084,0.0
CARBO,Carbo-P003,WEIBULL,log_lambda,2.453719634137259,11.63153139508111,0.0
CARBO,Carbo-P003,WEIBULL,log_p,-0.12146412169304636,0.8856228274265114,0.0
CARBO,Carbo-P003,MONOTONE_SPLINE,coefficient_0,0.0,0.0,
CARBO,Carbo-P003,MONOTONE_SPLINE,coefficient_1,0.2622388197351685,0.2622388197351685,
CARBO,Carbo-P003,MONOTONE_SPLINE,coefficient_2,0.5090754476158723,0.5090754476158723,
CARBO,Carbo-P003,MONOTONE_SPLINE,coefficient_3,0.6634989243697917,0.6634989243697917,
CARBO,Carbo-P003,MONOTONE_SPLINE,coefficient_4,0.6634989243697917,0.6634989243697917,
CARBO,Carbo-P003,MONOTONE_SPLINE,coefficient_5,0.76393569055843,0.76393569055843,
CARBO,Carbo-P003,MONOTONE_SPLINE,coefficient_6,1.256944462280297,1.256944462280297,
CARBO,Carbo-P003,MONOTONE_SPLINE,coefficient_7,1.2569444622952906,1.2569444622952906,
CARBO,Carbo-P003,MONOTONE_SPLINE,coefficient_8,1.2569444622952948,1.2569444622952948,
CARBO,Carbo-P003,MONOTONE_SPLINE,coefficient_9,1.2569444622953811,1.2569444622953811,
CARBO,Carbo-P003,MONOTONE_SPLINE,coefficient_10,1.2569444622956811,1.2569444622956811,
CARBO,Carbo-P003,MONOTONE_SPLINE,coefficient_11,1.2569444622960717,1.2569444622960717,
CARBO,Carbo-P003,MONOTONE_SPLINE,coefficient_12,-0.25882133428171106,-0.25882133428171106,
CARBO,Carbo-P004,EMAX,E0,-0.036288106459424305,-0.036288106459424305,1.0
CARBO,Carbo-P004,EMAX,log_A,0.12811010319894428,1.1366781477077335,1.0
CARBO,Carbo-P004,EMAX,log_K,2.415273413959268,11.19283021525431,1.0
CARBO,Carbo-P004,HILL,E0,0.13094817926155014,0.13094817926155014,0.0
CARBO,Carbo-P004,HILL,log_A,-0.1619598909417336,0.8504753156201351,0.0
CARBO,Carbo-P004,HILL,log_K,2.6284624989643683,13.85245535630421,0.0
CARBO,Carbo-P004,HILL,log_h,1.6530695853495747,5.222987652296338,0.0
CARBO,Carbo-P004,LOGISTIC,L,0.09035428018221682,0.09035428018221682,0.0
CARBO,Carbo-P004,LOGISTIC,log_A,-0.11356767401250835,0.8926437855803756,0.0
CARBO,Carbo-P004,LOGISTIC,C,14.001270992387473,14.001270992387473,0.0
CARBO,Carbo-P004,LOGISTIC,log_S,1.1978176880322022,3.312879292097978,0.0
CARBO,Carbo-P004,WEIBULL,E0,0.12181322164873398,0.12181322164873398,0.0
CARBO,Carbo-P004,WEIBULL,log_A,-0.15183714610325694,0.8591281817212995,0.0
CARBO,Carbo-P004,WEIBULL,log_lambda,2.7842051690634073,16.186946876159382,0.0
CARBO,Carbo-P004,WEIBULL,log_p,1.2136187867429855,3.3656421828396677,0.0
CARBO,Carbo-P004,MONOTONE_SPLINE,coefficient_0,0.0,0.0,
CARBO,Carbo-P004,MONOTONE_SPLINE,coefficient_1,0.17768521510618748,0.17768521510618748,
CARBO,Carbo-P004,MONOTONE_SPLINE,coefficient_2,0.3405933258402235,0.3405933258402235,
CARBO,Carbo-P004,MONOTONE_SPLINE,coefficient_3,0.41483881034136855,0.41483881034136855,
CARBO,Carbo-P004,MONOTONE_SPLINE,coefficient_4,0.41483881034136855,0.41483881034136855,
CARBO,Carbo-P004,MONOTONE_SPLINE,coefficient_5,0.47596927215663193,0.47596927215663193,
CARBO,Carbo-P004,MONOTONE_SPLINE,coefficient_6,1.1696541044750037,1.1696541044750037,
CARBO,Carbo-P004,MONOTONE_SPLINE,coefficient_7,1.1696541044750037,1.1696541044750037,
CARBO,Carbo-P004,MONOTONE_SPLINE,coefficient_8,1.1696541044750037,1.1696541044750037,
CARBO,Carbo-P004,MONOTONE_SPLINE,coefficient_9,1.169654104475004,1.169654104475004,
CARBO,Carbo-P004,MONOTONE_SPLINE,coefficient_10,1.1696541044750084,1.1696541044750084,
CARBO,Carbo-P004,MONOTONE_SPLINE,coefficient_11,1.1696541044750202,1.1696541044750202,
CARBO,Carbo-P004,MONOTONE_SPLINE,coefficient_12,-0.17477905124633117,-0.17477905124633117,
CARBO,Carbo-P005,EMAX,E0,-0.010177358323601133,-0.010177358323601133,0.0
CARBO,Carbo-P005,EMAX,log_A,0.09633944646977625,1.1011327761963814,0.0
CARBO,Carbo-P005,EMAX,log_K,2.0297091997247505,7.611872502281709,0.0
CARBO,Carbo-P005,HILL,E0,0.02096452543692498,0.02096452543692498,2.0
CARBO,Carbo-P005,HILL,log_A,0.016055342657454206,1.0161849222239938,2.0
CARBO,Carbo-P005,HILL,log_K,2.1113782513899784,8.259617272326707,2.0
CARBO,Carbo-P005,HILL,log_h,0.39537694443121113,1.4849438267446367,2.0
CARBO,Carbo-P005,LOGISTIC,L,-1.1978043198906905,-1.1978043198906905,0.0
CARBO,Carbo-P005,LOGISTIC,log_A,0.7893189201413814,2.2018962482579614,0.0
CARBO,Carbo-P005,LOGISTIC,C,-1.9308239550479502,-1.9308239550479502,0.0
CARBO,Carbo-P005,LOGISTIC,log_S,2.1449748637535215,8.541826525138664,0.0
CARBO,Carbo-P005,WEIBULL,E0,0.018359930237782277,0.018359930237782277,0.0
CARBO,Carbo-P005,WEIBULL,log_A,-0.011903310878566675,0.9881672532665448,0.0
CARBO,Carbo-P005,WEIBULL,log_lambda,2.4691205122552935,11.81205372551135,0.0
CARBO,Carbo-P005,WEIBULL,log_p,0.07178062608386031,1.0744196185694437,0.0
CARBO,Carbo-P005,MONOTONE_SPLINE,coefficient_0,0.0,0.0,
CARBO,Carbo-P005,MONOTONE_SPLINE,coefficient_1,0.2353668933423816,0.2353668933423816,
CARBO,Carbo-P005,MONOTONE_SPLINE,coefficient_2,0.4569914211629865,0.4569914211629865,
CARBO,Carbo-P005,MONOTONE_SPLINE,coefficient_3,0.5961617558529366,0.5961617558529366,
CARBO,Carbo-P005,MONOTONE_SPLINE,coefficient_4,0.5961617558529366,0.5961617558529366,
CARBO,Carbo-P005,MONOTONE_SPLINE,coefficient_5,0.779443187134926,0.779443187134926,
CARBO,Carbo-P005,MONOTONE_SPLINE,coefficient_6,1.2333624334157158,1.2333624334157158,
CARBO,Carbo-P005,MONOTONE_SPLINE,coefficient_7,1.2333624334157327,1.2333624334157327,
CARBO,Carbo-P005,MONOTONE_SPLINE,coefficient_8,1.2333624334158286,1.2333624334158286,
CARBO,Carbo-P005,MONOTONE_SPLINE,coefficient_9,1.2333624334193631,1.2333624334193631,
CARBO,Carbo-P005,MONOTONE_SPLINE,coefficient_10,1.2333624334479276,1.2333624334479276,
CARBO,Carbo-P005,MONOTONE_SPLINE,coefficient_11,1.2333624334994238,1.2333624334994238,
CARBO,Carbo-P005,MONOTONE_SPLINE,coefficient_12,-0.23249735557900456,-0.23249735557900456,
CARBO,Carbo-P006,EMAX,E0,-0.015698539535188526,-0.015698539535188526,0.0
CARBO,Carbo-P006,EMAX,log_A,0.10037907541091742,1.1055899406111034,0.0
CARBO,Carbo-P006,EMAX,log_K,1.9566902320346713,7.075868782012623,0.0
CARBO,Carbo-P006,HILL,E0,0.022892939691387473,0.022892939691387473,6.0
CARBO,Carbo-P006,HILL,log_A,0.011123408980529187,1.0111855041171607,6.0
CARBO,Carbo-P006,HILL,log_K,2.085477197637792,8.048431257842946,6.0
CARBO,Carbo-P006,HILL,log_h,0.46517736418181377,1.592296580223463,6.0
CARBO,Carbo-P006,LOGISTIC,L,-0.42351269898976296,-0.42351269898976296,2.0
CARBO,Carbo-P006,LOGISTIC,log_A,0.3566550958091952,1.4285430743820509,2.0
CARBO,Carbo-P006,LOGISTIC,C,4.738384510744738,4.738384510744738,2.0
CARBO,Carbo-P006,LOGISTIC,log_S,1.8542007432195298,6.386591683456431,2.0
CARBO,Carbo-P006,WEIBULL,E0,0.024514202947234467,0.024514202947234467,0.0
CARBO,Carbo-P006,WEIBULL,log_A,-0.018909633303697007,0.9812680321865972,0.0
CARBO,Carbo-P006,WEIBULL,log_lambda,2.432197956453854,11.38387586574199,0.0
CARBO,Carbo-P006,WEIBULL,log_p,0.1925975158990968,1.2123947257048253,0.0
CARBO,Carbo-P006,MONOTONE_SPLINE,coefficient_0,0.0,0.0,
CARBO,Carbo-P006,MONOTONE_SPLINE,coefficient_1,0.24417285067848285,0.24417285067848285,
CARBO,Carbo-P006,MONOTONE_SPLINE,coefficient_2,0.4732558702311155,0.4732558702311155,
CARBO,Carbo-P006,MONOTONE_SPLINE,coefficient_3,0.611799903028658,0.611799903028658,
CARBO,Carbo-P006,MONOTONE_SPLINE,coefficient_4,0.611799903028658,0.611799903028658,
CARBO,Carbo-P006,MONOTONE_SPLINE,coefficient_5,0.8082306461201936,0.8082306461201936,
CARBO,Carbo-P006,MONOTONE_SPLINE,coefficient_6,1.2551737380610004,1.2551737380610004,
CARBO,Carbo-P006,MONOTONE_SPLINE,coefficient_7,1.2551737380610004,1.2551737380610004,
CARBO,Carbo-P006,MONOTONE_SPLINE,coefficient_8,1.2551737380610004,1.2551737380610004,
CARBO,Carbo-P006,MONOTONE_SPLINE,coefficient_9,1.2551737380610004,1.2551737380610004,
CARBO,Carbo-P006,MONOTONE_SPLINE,coefficient_10,1.2551737380610009,1.2551737380610009,
CARBO,Carbo-P006,MONOTONE_SPLINE,coefficient_11,1.2551737380610015,1.2551737380610015,
CARBO,Carbo-P006,MONOTONE_SPLINE,coefficient_12,-0.2453845141068748,-0.2453845141068748,
CARBO,Carbo-P007,EMAX,E0,-0.029541997414037832,-0.029541997414037832,0.0
CARBO,Carbo-P007,EMAX,log_A,0.10694240761586776,1.1128701597879285,0.0
CARBO,Carbo-P007,EMAX,log_K,1.4584745147318574,4.299395858183428,0.0
CARBO,Carbo-P007,HILL,E0,0.0003391815980117701,0.0003391815980117701,0.0
CARBO,Carbo-P007,HILL,log_A,-0.002232645162936147,0.9977698453354644,0.0
CARBO,Carbo-P007,HILL,log_K,1.611722507252584,5.011436032468603,0.0
CARBO,Carbo-P007,HILL,log_h,1.087189171924364,2.9659256379989762,0.0
CARBO,Carbo-P007,LOGISTIC,L,-0.13394923510335383,-0.13394923510335383,0.0
CARBO,Carbo-P007,LOGISTIC,log_A,0.12119025302340936,1.1288396570964863,0.0
CARBO,Carbo-P007,LOGISTIC,C,4.780133755287228,4.780133755287228,0.0
CARBO,Carbo-P007,LOGISTIC,log_S,0.8692480838104378,2.3851167711947725,0.0
CARBO,Carbo-P007,WEIBULL,E0,0.00011433888362221769,0.00011433888362221769,0.0
CARBO,Carbo-P007,WEIBULL,log_A,-0.005550998886542458,0.9944643794395951,0.0
CARBO,Carbo-P007,WEIBULL,log_lambda,1.87236084469811,6.50363235522284,0.0
CARBO,Carbo-P007,WEIBULL,log_p,0.5883855206888242,1.801078263245937,0.0
CARBO,Carbo-P007,MONOTONE_SPLINE,coefficient_0,0.0,0.0,
CARBO,Carbo-P007,MONOTONE_SPLINE,coefficient_1,4.580560005714178e-24,4.580560005714178e-24,
CARBO,Carbo-P007,MONOTONE_SPLINE,coefficient_2,1.0352071486636758e-20,1.0352071486636758e-20,
CARBO,Carbo-P007,MONOTONE_SPLINE,coefficient_3,0.06928003010489166,0.06928003010489166,
CARBO,Carbo-P007,MONOTONE_SPLINE,coefficient_4,0.6031057126986971,0.6031057126986971,
CARBO,Carbo-P007,MONOTONE_SPLINE,coefficient_5,0.9980461194087922,0.9980461194087922,
CARBO,Carbo-P007,MONOTONE_SPLINE,coefficient_6,0.9980461194087922,0.9980461194087922,
CARBO,Carbo-P007,MONOTONE_SPLINE,coefficient_7,0.9980461194087956,0.9980461194087956,
CARBO,Carbo-P007,MONOTONE_SPLINE,coefficient_8,0.9980461194090312,0.9980461194090312,
CARBO,Carbo-P007,MONOTONE_SPLINE,coefficient_9,0.9980461194128033,0.9980461194128033,
CARBO,Carbo-P007,MONOTONE_SPLINE,coefficient_10,0.9980461194506145,0.9980461194506145,
CARBO,Carbo-P007,MONOTONE_SPLINE,coefficient_11,0.9980461195341147,0.9980461195341147,
CARBO,Carbo-P007,MONOTONE_SPLINE,coefficient_12,-0.001341836299074073,-0.001341836299074073,
CARBO,Carbo-P008,EMAX,E0,-0.08579708090139637,-0.08579708090139637,0.0
CARBO,Carbo-P008,EMAX,log_A,0.1603306820221133,1.1738989941087334,0.0
CARBO,Carbo-P008,EMAX,log_K,1.7924537911385563,6.0041673780465326,0.0
CARBO,Carbo-P008,HILL,E0,4.439156650000679e-05,4.439156650000679e-05,0.0
CARBO,Carbo-P008,HILL,log_A,-0.03916577117013786,0.961591291819694,0.0
CARBO,Carbo-P008,HILL,log_K,1.8969643849243196,6.665629414289897,0.0
CARBO,Carbo-P008,HILL,log_h,2.1445121864162875,8.53787532972167,0.0
CARBO,Carbo-P008,LOGISTIC,L,-2.7075584219819156e-05,-2.7075584219819156e-05,0.0
CARBO,Carbo-P008,LOGISTIC,log_A,-0.039109985884675125,0.9616449359606697,0.0
CARBO,Carbo-P008,LOGISTIC,C,7.34158742645393,7.34158742645393,0.0
CARBO,Carbo-P008,LOGISTIC,log_S,-0.26460296135663985,0.7675106208644678,0.0
CARBO,Carbo-P008,WEIBULL,E0,4.033333177857871e-05,4.033333177857871e-05,0.0
CARBO,Carbo-P008,WEIBULL,log_A,-0.03918010064296276,0.9615775128221324,0.0
CARBO,Carbo-P008,WEIBULL,log_lambda,2.0984785722857913,8.153755121841824,0.0
CARBO,Carbo-P008,WEIBULL,log_p,1.8131962483535782,6.13000918523234,0.0
CARBO,Carbo-P008,MONOTONE_SPLINE,coefficient_0,0.0,0.0,
CARBO,Carbo-P008,MONOTONE_SPLINE,coefficient_1,5e-324,5e-324,
CARBO,Carbo-P008,MONOTONE_SPLINE,coefficient_2,2.5223372357846707e-44,2.5223372357846707e-44,
CARBO,Carbo-P008,MONOTONE_SPLINE,coefficient_3,4.8053979731506985e-26,4.8053979731506985e-26,
CARBO,Carbo-P008,MONOTONE_SPLINE,coefficient_4,0.41770952772876263,0.41770952772876263,
CARBO,Carbo-P008,MONOTONE_SPLINE,coefficient_5,1.0449571734443417,1.0449571734443417,
CARBO,Carbo-P008,MONOTONE_SPLINE,coefficient_6,1.0449571734443417,1.0449571734443417,
CARBO,Carbo-P008,MONOTONE_SPLINE,coefficient_7,1.0449571734443417,1.0449571734443417,
CARBO,Carbo-P008,MONOTONE_SPLINE,coefficient_8,1.0449571734443428,1.0449571734443428,
CARBO,Carbo-P008,MONOTONE_SPLINE,coefficient_9,1.0449571734444498,1.0449571734444498,
CARBO,Carbo-P008,MONOTONE_SPLINE,coefficient_10,1.0449571734539633,1.0449571734539633,
CARBO,Carbo-P008,MONOTONE_SPLINE,coefficient_11,1.0449571736501362,1.0449571736501362,
CARBO,Carbo-P008,MONOTONE_SPLINE,coefficient_12,-0.06550642677094297,-0.06550642677094297,
CARBO,Carbo-P009,EMAX,E0,-0.22260711465972052,-0.22260711465972052,37.0
CARBO,Carbo-P009,EMAX,log_A,0.40830689011841553,1.504268735550563,37.0
CARBO,Carbo-P009,EMAX,log_K,3.430351722601654,30.887504672875266,37.0
CARBO,Carbo-P009,HILL,E0,-0.1402515555555556,-0.1402515555555556,0.0
CARBO,Carbo-P009,HILL,log_A,0.08369878529997742,1.0873013333333335,0.0
CARBO,Carbo-P009,HILL,log_K,2.9903731214029485,19.893103649724942,0.0
CARBO,Carbo-P009,HILL,log_h,3.9745198380646314,53.22455436411441,0.0
CARBO,Carbo-P009,LOGISTIC,L,-0.14025155555555555,-0.14025155555555555,7.0
CARBO,Carbo-P009,LOGISTIC,log_A,0.08369878529997717,1.0873013333333332,7.0
CARBO,Carbo-P009,LOGISTIC,C,19.961718305986285,19.961718305986285,7.0
CARBO,Carbo-P009,LOGISTIC,log_S,-2.008353950542081,0.13420940827348657,7.0
CARBO,Carbo-P009,WEIBULL,E0,-0.1402515555557094,-0.1402515555557094,0.0
CARBO,Carbo-P009,WEIBULL,log_A,0.08369878530011873,1.087301333333487,0.0
CARBO,Carbo-P009,WEIBULL,log_lambda,2.999816435900238,20.08185027806233,0.0
CARBO,Carbo-P009,WEIBULL,log_p,3.7129659447788077,40.97515653090075,0.0
CARBO,Carbo-P009,MONOTONE_SPLINE,coefficient_0,0.0,0.0,
CARBO,Carbo-P009,MONOTONE_SPLINE,coefficient_1,9.974022546953077e-33,9.974022546953077e-33,
CARBO,Carbo-P009,MONOTONE_SPLINE,coefficient_2,1.9094165997468844e-32,1.9094165997468844e-32,
CARBO,Carbo-P009,MONOTONE_SPLINE,coefficient_3,2.8401071990443256e-32,2.8401071990443256e-32,
CARBO,Carbo-P009,MONOTONE_SPLINE,coefficient_4,1.8554190912475118e-31,1.8554190912475118e-31,
CARBO,Carbo-P009,MONOTONE_SPLINE,coefficient_5,5.631055905183591e-28,5.631055905183591e-28,
CARBO,Carbo-P009,MONOTONE_SPLINE,coefficient_6,0.7337438894800831,0.7337438894800831,
CARBO,Carbo-P009,MONOTONE_SPLINE,coefficient_7,1.0876973065029378,1.0876973065029378,
CARBO,Carbo-P009,MONOTONE_SPLINE,coefficient_8,1.1303965233131301,1.1303965233131301,
CARBO,Carbo-P009,MONOTONE_SPLINE,coefficient_9,1.1303965233131301,1.1303965233131301,
CARBO,Carbo-P009,MONOTONE_SPLINE,coefficient_10,1.1303965233131301,1.1303965233131301,
CARBO,Carbo-P009,MONOTONE_SPLINE,coefficient_11,1.1303965233131301,1.1303965233131301,
CARBO,Carbo-P009,MONOTONE_SPLINE,coefficient_12,-0.1305275871866936,-0.1305275871866936,
CARBO,Carbo-P010,EMAX,E0,0.030806567988398193,0.030806567988398193,0.0
CARBO,Carbo-P010,EMAX,log_A,-0.04544560509515458,0.9555715793834383,0.0
CARBO,Carbo-P010,EMAX,log_K,1.1915444906199755,3.2921619960802637,0.0
CARBO,Carbo-P010,HILL,E0,0.002461950403448951,0.002461950403448951,1.0
CARBO,Carbo-P010,HILL,log_A,0.2858928980489627,1.3309499002874168,1.0
CARBO,Carbo-P010,HILL,log_K,1.8037624560720356,6.072451870635697,1.0
CARBO,Carbo-P010,HILL,log_h,-1.1181932030788093,0.3268698488449668,1.0
CARBO,Carbo-P010,LOGISTIC,L,-1743.6971370249034,-1743.6971370249034,62.0
CARBO,Carbo-P010,LOGISTIC,log_A,7.464320799761791,1744.6701653196953,62.0
CARBO,Carbo-P010,LOGISTIC,C,-81.32831398108887,-81.32831398108887,62.0
CARBO,Carbo-P010,LOGISTIC,log_S,2.3545355768387983,10.533235846879029,62.0
CARBO,Carbo-P010,WEIBULL,E0,0.004694160640267009,0.004694160640267009,0.0
CARBO,Carbo-P010,WEIBULL,log_A,0.08908914748087897,1.0931781060568737,0.0
CARBO,Carbo-P010,WEIBULL,log_lambda,2.1027590640335143,8.188732009086792,0.0
CARBO,Carbo-P010,WEIBULL,log_p,-1.2349327652657422,0.2908543172231877,0.0
CARBO,Carbo-P010,MONOTONE_SPLINE,coefficient_0,0.0,0.0,
CARBO,Carbo-P010,MONOTONE_SPLINE,coefficient_1,0.4407359321746904,0.4407359321746904,
CARBO,Carbo-P010,MONOTONE_SPLINE,coefficient_2,0.852176444078482,0.852176444078482,
CARBO,Carbo-P010,MONOTONE_SPLINE,coefficient_3,1.0878444343568838,1.0878444343568838,
CARBO,Carbo-P010,MONOTONE_SPLINE,coefficient_4,1.0878444343568838,1.0878444343568838,
CARBO,Carbo-P010,MONOTONE_SPLINE,coefficient_5,1.0878444343568838,1.0878444343568838,
CARBO,Carbo-P010,MONOTONE_SPLINE,coefficient_6,1.1577234806902268,1.1577234806902268,
CARBO,Carbo-P010,MONOTONE_SPLINE,coefficient_7,1.4409406182540208,1.4409406182540208,
CARBO,Carbo-P010,MONOTONE_SPLINE,coefficient_8,1.4409406182540208,1.4409406182540208,
CARBO,Carbo-P010,MONOTONE_SPLINE,coefficient_9,1.4409406182540208,1.4409406182540208,
CARBO,Carbo-P010,MONOTONE_SPLINE,coefficient_10,1.4409406182540208,1.4409406182540208,
CARBO,Carbo-P010,MONOTONE_SPLINE,coefficient_11,1.4409406182540208,1.4409406182540208,
CARBO,Carbo-P010,MONOTONE_SPLINE,coefficient_12,-0.43307415453750336,-0.43307415453750336,
CARBO,Carbo-P011,EMAX,E0,-0.025407116239609246,-0.025407116239609246,0.0
CARBO,Carbo-P011,EMAX,log_A,0.13103025436629842,1.1400022708365412,0.0
CARBO,Carbo-P011,EMAX,log_K,2.5849043753196685,13.262020852827023,0.0
CARBO,Carbo-P011,HILL,E0,0.022575584094912386,0.022575584094912386,0.0
CARBO,Carbo-P011,HILL,log_A,0.00820454967593815,1.008238299230455,0.0
CARBO,Carbo-P011,HILL,log_K,2.578938977725085,13.183143127938953,0.0
CARBO,Carbo-P011,HILL,log_h,0.5155281056065346,1.6745225930998802,0.0
CARBO,Carbo-P011,LOGISTIC,L,-0.8057168956185129,-0.8057168956185129,0.0
CARBO,Carbo-P011,LOGISTIC,log_A,0.5934592105500909,1.8102395969997764,0.0
CARBO,Carbo-P011,LOGISTIC,C,2.2132974454198497,2.2132974454198497,0.0
CARBO,Carbo-P011,LOGISTIC,log_S,2.460523427950597,11.710939769200666,0.0
CARBO,Carbo-P011,WEIBULL,E0,0.013328764256193913,0.013328764256193913,0.0
CARBO,Carbo-P011,WEIBULL,log_A,-0.008044460022895559,0.9919878100558709,0.0
CARBO,Carbo-P011,WEIBULL,log_lambda,2.9005449152542115,18.18405143722573,0.0
CARBO,Carbo-P011,WEIBULL,log_p,0.17434519868804743,1.1904664423533273,0.0
CARBO,Carbo-P011,MONOTONE_SPLINE,coefficient_0,0.0,0.0,
CARBO,Carbo-P011,MONOTONE_SPLINE,coefficient_1,0.06035473743640966,0.06035473743640966,
CARBO,Carbo-P011,MONOTONE_SPLINE,coefficient_2,0.12324451216319804,0.12324451216319804,
CARBO,Carbo-P011,MONOTONE_SPLINE,coefficient_3,0.20134451063225922,0.20134451063225922,
CARBO,Carbo-P011,MONOTONE_SPLINE,coefficient_4,0.3111578932613295,0.3111578932613295,
CARBO,Carbo-P011,MONOTONE_SPLINE,coefficient_5,0.5000209983973227,0.5000209983973227,
CARBO,Carbo-P011,MONOTONE_SPLINE,coefficient_6,0.8116851980740034,0.8116851980740034,
CARBO,Carbo-P011,MONOTONE_SPLINE,coefficient_7,1.065186887505739,1.065186887505739,
CARBO,Carbo-P011,MONOTONE_SPLINE,coefficient_8,1.065186887505739,1.065186887505739,
CARBO,Carbo-P011,MONOTONE_SPLINE,coefficient_9,1.065186887505739,1.065186887505739,
CARBO,Carbo-P011,MONOTONE_SPLINE,coefficient_10,1.065186887505739,1.065186887505739,
CARBO,Carbo-P011,MONOTONE_SPLINE,coefficient_11,1.065186887505739,1.065186887505739,
CARBO,Carbo-P011,MONOTONE_SPLINE,coefficient_12,-0.061284251109548514,-0.061284251109548514,
CARBO,Carbo-P012,EMAX,E0,-0.04773151720637317,-0.04773151720637317,0.0
CARBO,Carbo-P012,EMAX,log_A,0.12423554222065442,1.1322825399359102,0.0
CARBO,Carbo-P012,EMAX,log_K,2.2537359672051176,9.523248001130534,0.0
CARBO,Carbo-P012,HILL,E0,0.0028661992651705407,0.0028661992651705407,0.0
CARBO,Carbo-P012,HILL,log_A,-0.014455404326599282,0.9856485734141487,0.0
CARBO,Carbo-P012,HILL,log_K,2.142183306279963,8.518014776859838,0.0
CARBO,Carbo-P012,HILL,log_h,0.6246486943452689,1.867589747334856,0.0
CARBO,Carbo-P012,LOGISTIC,L,-0.08232340322404842,-0.08232340322404842,0.0
CARBO,Carbo-P012,LOGISTIC,log_A,0.04286636837661603,1.0437984010556103,0.0
CARBO,Carbo-P012,LOGISTIC,C,7.6870832286215744,7.6870832286215744,0.0
CARBO,Carbo-P012,LOGISTIC,log_S,1.1397826211651576,3.1260887457922215,0.0
CARBO,Carbo-P012,WEIBULL,E0,-0.0007127045327744,-0.0007127045327744,0.0
CARBO,Carbo-P012,WEIBULL,log_A,-0.038399191144937825,0.962328711105745,0.0
CARBO,Carbo-P012,WEIBULL,log_lambda,2.3415131372205487,10.39695668852458,0.0
CARBO,Carbo-P012,WEIBULL,log_p,0.452050803115559,1.571531785260547,0.0
CARBO,Carbo-P012,MONOTONE_SPLINE,coefficient_0,0.0,0.0,
CARBO,Carbo-P012,MONOTONE_SPLINE,coefficient_1,1.6116432218741313e-21,1.6116432218741313e-21,
CARBO,Carbo-P012,MONOTONE_SPLINE,coefficient_2,2.652752465993205e-10,2.652752465993205e-10,
CARBO,Carbo-P012,MONOTONE_SPLINE,coefficient_3,0.0846945414805626,0.0846945414805626,
CARBO,Carbo-P012,MONOTONE_SPLINE,coefficient_4,0.28797059880082876,0.28797059880082876,
CARBO,Carbo-P012,MONOTONE_SPLINE,coefficient_5,0.536894958359716,0.536894958359716,
CARBO,Carbo-P012,MONOTONE_SPLINE,coefficient_6,0.7640240280823958,0.7640240280823958,
CARBO,Carbo-P012,MONOTONE_SPLINE,coefficient_7,0.9262250317896646,0.9262250317896646,
CARBO,Carbo-P012,MONOTONE_SPLINE,coefficient_8,0.9896259632413547,0.9896259632413547,
CARBO,Carbo-P012,MONOTONE_SPLINE,coefficient_9,0.9896259632443573,0.9896259632443573,
CARBO,Carbo-P012,MONOTONE_SPLINE,coefficient_10,0.9896259632443573,0.9896259632443573,
CARBO,Carbo-P012,MONOTONE_SPLINE,coefficient_11,0.9896259632443574,0.9896259632443574,
CARBO,Carbo-P012,MONOTONE_SPLINE,coefficient_12,-0.003780231196433223,-0.003780231196433223,
CARBO,Carbo-P013,EMAX,E0,-0.24257595097697124,-0.24257595097697124,0.0
CARBO,Carbo-P013,EMAX,log_A,0.3383141479537907,1.4025810521705158,0.0
CARBO,Carbo-P013,EMAX,log_K,3.1501078731572356,23.338582051687833,0.0
CARBO,Carbo-P013,HILL,E0,-0.17782620038088612,-0.17782620038088612,26.0
CARBO,Carbo-P013,HILL,log_A,0.15389053206064635,1.1663632004136981,26.0
CARBO,Carbo-P013,HILL,log_K,2.792396761615849,16.320088325382788,26.0
CARBO,Carbo-P013,HILL,log_h,2.699436050358298,14.871342671222207,26.0
CARBO,Carbo-P013,LOGISTIC,L,-0.17782620001256907,-0.17782620001256907,14.0
CARBO,Carbo-P013,LOGISTIC,log_A,0.1538905317167319,1.166363200012569,14.0
CARBO,Carbo-P013,LOGISTIC,C,16.14671946646026,16.14671946646026,14.0
CARBO,Carbo-P013,LOGISTIC,log_S,-0.6970011352616317,0.4980767311252382,14.0
CARBO,Carbo-P013,WEIBULL,E0,-0.1778262000043443,-0.1778262000043443,1.0
CARBO,Carbo-P013,WEIBULL,log_A,0.15389053170975625,1.1663632000044328,1.0
CARBO,Carbo-P013,WEIBULL,log_lambda,2.805384668300038,16.533434571166083,1.0
CARBO,Carbo-P013,WEIBULL,log_p,2.8826480008164546,17.861507900725936,1.0
CARBO,Carbo-P013,MONOTONE_SPLINE,coefficient_0,0.0,0.0,
CARBO,Carbo-P013,MONOTONE_SPLINE,coefficient_1,2.7050308526518525e-21,2.7050308526518525e-21,
CARBO,Carbo-P013,MONOTONE_SPLINE,coefficient_2,3.912950422700821e-21,3.912950422700821e-21,
CARBO,Carbo-P013,MONOTONE_SPLINE,coefficient_3,2.7105072083596084e-20,2.7105072083596084e-20,
CARBO,Carbo-P013,MONOTONE_SPLINE,coefficient_4,0.09355377431443357,0.09355377431443357,
CARBO,Carbo-P013,MONOTONE_SPLINE,coefficient_5,0.4095413634652996,0.4095413634652996,
CARBO,Carbo-P013,MONOTONE_SPLINE,coefficient_6,0.7882839700815787,0.7882839700815787,
CARBO,Carbo-P013,MONOTONE_SPLINE,coefficient_7,1.0918675558459392,1.0918675558459392,
CARBO,Carbo-P013,MONOTONE_SPLINE,coefficient_8,1.2031599347007018,1.2031599347007018,
CARBO,Carbo-P013,MONOTONE_SPLINE,coefficient_9,1.2031599347007018,1.2031599347007018,
CARBO,Carbo-P013,MONOTONE_SPLINE,coefficient_10,1.2031599347007018,1.2031599347007018,
CARBO,Carbo-P013,MONOTONE_SPLINE,coefficient_11,1.2031599347007018,1.2031599347007018,
CARBO,Carbo-P013,MONOTONE_SPLINE,coefficient_12,-0.1922992068798647,-0.1922992068798647,
CARBO,Carbo-P014,EMAX,E0,0.047496764722396057,0.047496764722396057,0.0
CARBO,Carbo-P014,EMAX,log_A,0.05129795034262386,1.0526364799641181,0.0
CARBO,Carbo-P014,EMAX,log_K,3.0588468553035733,21.302977577230408,0.0
CARBO,Carbo-P014,HILL,E0,0.029737643802315833,0.029737643802315833,4.0
CARBO,Carbo-P014,HILL,log_A,0.09869391369101899,1.1037284116944424,4.0
CARBO,Carbo-P014,HILL,log_K,3.0666294927281936,21.469417759476183,4.0
CARBO,Carbo-P014,HILL,log_h,-0.15612791479492702,0.8554497586917489,4.0
CARBO,Carbo-P014,LOGISTIC,L,-1.7281057008843137,-1.7281057008843137,0.0
CARBO,Carbo-P014,LOGISTIC,log_A,1.0089077951971455,2.742603893434828,0.0
CARBO,Carbo-P014,LOGISTIC,C,-16.3676186138783,-16.3676186138783,0.0
CARBO,Carbo-P014,LOGISTIC,log_S,3.2109273303750627,24.802075281487998,0.0
CARBO,Carbo-P014,WEIBULL,E0,0.042886818889815825,0.042886818889815825,0.0
CARBO,Carbo-P014,WEIBULL,log_A,-0.013475570345623735,0.9866148186823481,0.0
CARBO,Carbo-P014,WEIBULL,log_lambda,3.4269570148586816,30.78282839481144,0.0
CARBO,Carbo-P014,WEIBULL,log_p,-0.21243339692048538,0.8086141707219073,0.0
CARBO,Carbo-P014,MONOTONE_SPLINE,coefficient_0,0.0,0.0,
CARBO,Carbo-P014,MONOTONE_SPLINE,coefficient_1,0.30117670656138773,0.30117670656138773,
CARBO,Carbo-P014,MONOTONE_SPLINE,coefficient_2,0.5676126668663406,0.5676126668663406,
CARBO,Carbo-P014,MONOTONE_SPLINE,coefficient_3,0.625604149632696,0.625604149632696,
CARBO,Carbo-P014,MONOTONE_SPLINE,coefficient_4,0.625604149632696,0.625604149632696,
CARBO,Carbo-P014,MONOTONE_SPLINE,coefficient_5,0.625604149632696,0.625604149632696,
CARBO,Carbo-P014,MONOTONE_SPLINE,coefficient_6,0.735429433083659,0.735429433083659,
CARBO,Carbo-P014,MONOTONE_SPLINE,coefficient_7,1.2894395772170635,1.2894395772170635,
CARBO,Carbo-P014,MONOTONE_SPLINE,coefficient_8,1.2894395772170641,1.2894395772170641,
CARBO,Carbo-P014,MONOTONE_SPLINE,coefficient_9,1.2894395772170641,1.2894395772170641,
CARBO,Carbo-P014,MONOTONE_SPLINE,coefficient_10,1.2894395772170641,1.2894395772170641,
CARBO,Carbo-P014,MONOTONE_SPLINE,coefficient_11,1.2894395772170641,1.2894395772170641,
CARBO,Carbo-P014,MONOTONE_SPLINE,coefficient_12,-0.29403210069280233,-0.29403210069280233,
CARBO,Carbo-P015,EMAX,E0,0.019809939905188208,0.019809939905188208,0.0
CARBO,Carbo-P015,EMAX,log_A,-0.05228084193485726,0.9490622929214296,0.0
CARBO,Carbo-P015,EMAX,log_K,-0.013984275113511354,0.9861130506567299,0.0
CARBO,Carbo-P015,HILL,E0,0.017924220739479524,0.017924220739479524,0.0
CARBO,Carbo-P015,HILL,log_A,0.12202691139157595,1.1297845054444369,0.0
CARBO,Carbo-P015,HILL,log_K,-1.0908220176020031,0.3359402313926213,0.0
CARBO,Carbo-P015,HILL,log_h,-1.2630190682107638,0.2827989470665648,0.0
CARBO,Carbo-P015,LOGISTIC,L,-336.8015117241296,-336.8015117241296,46.0
CARBO,Carbo-P015,LOGISTIC,log_A,5.82227572514082,337.73978264304475,46.0
CARBO,Carbo-P015,LOGISTIC,C,-11.128852234222293,-11.128852234222293,46.0
CARBO,Carbo-P015,LOGISTIC,log_S,0.634166624407993,1.8854501983649505,46.0
CARBO,Carbo-P015,WEIBULL,E0,0.018171669475580878,0.018171669475580878,0.0
CARBO,Carbo-P015,WEIBULL,log_A,0.03263834868716545,1.0331768219136623,0.0
CARBO,Carbo-P015,WEIBULL,log_lambda,0.04629227476407752,1.0473804891106524,0.0
CARBO,Carbo-P015,WEIBULL,log_p,-1.621514166870873,0.19759927417651837,0.0
CARBO,Carbo-P015,MONOTONE_SPLINE,coefficient_0,0.0,0.0,
CARBO,Carbo-P015,MONOTONE_SPLINE,coefficient_1,0.5124756244120448,0.5124756244120448,
CARBO,Carbo-P015,MONOTONE_SPLINE,coefficient_2,0.9939250703139315,0.9939250703139315,
CARBO,Carbo-P015,MONOTONE_SPLINE,coefficient_3,1.2892174451549023,1.2892174451549023,
CARBO,Carbo-P015,MONOTONE_SPLINE,coefficient_4,1.2892174452188299,1.2892174452188299,
CARBO,Carbo-P015,MONOTONE_SPLINE,coefficient_5,1.289217445218894,1.289217445218894,
CARBO,Carbo-P015,MONOTONE_SPLINE,coefficient_6,1.3612333676716024,1.3612333676716024,
CARBO,Carbo-P015,MONOTONE_SPLINE,coefficient_7,1.4858145500327784,1.4858145500327784,
CARBO,Carbo-P015,MONOTONE_SPLINE,coefficient_8,1.4858145500327788,1.4858145500327788,
CARBO,Carbo-P015,MONOTONE_SPLINE,coefficient_9,1.485814550032779,1.485814550032779,
CARBO,Carbo-P015,MONOTONE_SPLINE,coefficient_10,1.4858145500327795,1.4858145500327795,
CARBO,Carbo-P015,MONOTONE_SPLINE,coefficient_11,1.4858145500327797,1.4858145500327797,
CARBO,Carbo-P015,MONOTONE_SPLINE,coefficient_12,-0.48960897895324557,-0.48960897895324557,
CARBO,Carbo-P016,EMAX,E0,-0.03396976651730367,-0.03396976651730367,0.0
CARBO,Carbo-P016,EMAX,log_A,0.1890501515601672,1.2081015391406598,0.0
CARBO,Carbo-P016,EMAX,log_K,3.396297383810078,29.8533596265976,0.0
CARBO,Carbo-P016,HILL,E0,1.0626116862747502e-08,1.0626116862747502e-08,0.0
CARBO,Carbo-P016,HILL,log_A,-0.0017064338149582398,0.9982950213154119,0.0
CARBO,Carbo-P016,HILL,log_K,3.0159962931735405,20.409414575136076,0.0
CARBO,Carbo-P016,HILL,log_h,1.6004852450273694,4.955436441971068,0.0
CARBO,Carbo-P016,LOGISTIC,L,-0.05186204857306437,-0.05186204857306437,0.0
CARBO,Carbo-P016,LOGISTIC,log_A,0.04893705684570412,1.050154248638806,0.0
CARBO,Carbo-P016,LOGISTIC,C,24.2089228151953,24.2089228151953,0.0
CARBO,Carbo-P016,LOGISTIC,log_S,2.102390911830057,8.185717864220205,0.0
CARBO,Carbo-P016,WEIBULL,E0,-1.6348296710463307e-17,-1.6348296710463307e-17,0.0
CARBO,Carbo-P016,WEIBULL,log_A,-0.0017092599528616705,0.9982922000000001,0.0
CARBO,Carbo-P016,WEIBULL,log_lambda,3.4357702698704937,31.055324335741965,0.0
CARBO,Carbo-P016,WEIBULL,log_p,0.703353044223274,2.0205162422321297,0.0
CARBO,Carbo-P016,MONOTONE_SPLINE,coefficient_0,0.0,0.0,
CARBO,Carbo-P016,MONOTONE_SPLINE,coefficient_1,2.990967653630089e-11,2.990967653630089e-11,
CARBO,Carbo-P016,MONOTONE_SPLINE,coefficient_2,5.5273444631543045e-11,5.5273444631543045e-11,
CARBO,Carbo-P016,MONOTONE_SPLINE,coefficient_3,7.97241221263645e-11,7.97241221263645e-11,
CARBO,Carbo-P016,MONOTONE_SPLINE,coefficient_4,1.0398325386451264e-10,1.0398325386451264e-10,
CARBO,Carbo-P016,MONOTONE_SPLINE,coefficient_5,2.646569528282414e-10,2.646569528282414e-10,
CARBO,Carbo-P016,MONOTONE_SPLINE,coefficient_6,0.7152560951739138,0.7152560951739138,
CARBO,Carbo-P016,MONOTONE_SPLINE,coefficient_7,0.9990203343081716,0.9990203343081716,
CARBO,Carbo-P016,MONOTONE_SPLINE,coefficient_8,0.9990203343083348,0.9990203343083348,
CARBO,Carbo-P016,MONOTONE_SPLINE,coefficient_9,0.9990203343084035,0.9990203343084035,
CARBO,Carbo-P016,MONOTONE_SPLINE,coefficient_10,0.9990203343084191,0.9990203343084191,
CARBO,Carbo-P016,MONOTONE_SPLINE,coefficient_11,0.9990203343084272,0.9990203343084272,
CARBO,Carbo-P016,MONOTONE_SPLINE,coefficient_12,-1.47037401783214e-05,-1.47037401783214e-05,
CARBO,Carbo-P017,EMAX,E0,0.007398515067925015,0.007398515067925015,0.0
CARBO,Carbo-P017,EMAX,log_A,-0.1615369462652032,0.8508350957055699,0.0
CARBO,Carbo-P017,EMAX,log_K,2.9537108347760346,19.17698447593053,0.0
CARBO,Carbo-P017,HILL,E0,0.00034636506436660114,0.00034636506436660114,0.0
CARBO,Carbo-P017,HILL,log_A,0.19840588343294488,1.2194572508830257,0.0
CARBO,Carbo-P017,HILL,log_K,4.086305467185974,59.51958792429737,0.0
CARBO,Carbo-P017,HILL,log_h,-0.7319206152289646,0.48098431660009544,0.0
CARBO,Carbo-P017,LOGISTIC,L,-1739.4965147757682,-1739.4965147757682,59.0
CARBO,Carbo-P017,LOGISTIC,log_A,7.461797740275515,1740.2738071774268,59.0
CARBO,Carbo-P017,LOGISTIC,C,-216.78004917191888,-216.78004917191888,59.0
CARBO,Carbo-P017,LOGISTIC,log_S,3.3306481107272936,27.956454711180516,59.0
CARBO,Carbo-P017,WEIBULL,E0,0.0005596138533176378,0.0005596138533176378,0.0
CARBO,Carbo-P017,WEIBULL,log_A,-0.024164895489962,0.9761247379195856,0.0
CARBO,Carbo-P017,WEIBULL,log_lambda,4.134475798209937,62.456842499145864,0.0
CARBO,Carbo-P017,WEIBULL,log_p,-0.8708423441180363,0.4185987964648617,0.0
CARBO,Carbo-P017,MONOTONE_SPLINE,coefficient_0,0.0,0.0,
CARBO,Carbo-P017,MONOTONE_SPLINE,coefficient_1,0.09415030572817151,0.09415030572817151,
CARBO,Carbo-P017,MONOTONE_SPLINE,coefficient_2,0.18830041979344703,0.18830041979344703,
CARBO,Carbo-P017,MONOTONE_SPLINE,coefficient_3,0.2824493838813475,0.2824493838813475,
CARBO,Carbo-P017,MONOTONE_SPLINE,coefficient_4,0.376596048014498,0.376596048014498,
CARBO,Carbo-P017,MONOTONE_SPLINE,coefficient_5,0.4707392622155236,0.4707392622155236,
CARBO,Carbo-P017,MONOTONE_SPLINE,coefficient_6,0.564877975891373,0.564877975891373,
CARBO,Carbo-P017,MONOTONE_SPLINE,coefficient_7,0.6590127377291339,0.6590127377291339,
CARBO,Carbo-P017,MONOTONE_SPLINE,coefficient_8,0.7531452817207147,0.7531452817207147,
CARBO,Carbo-P017,MONOTONE_SPLINE,coefficient_9,0.8472748319902736,0.8472748319902736,
CARBO,Carbo-P017,MONOTONE_SPLINE,coefficient_10,0.9413999067646717,0.9413999067646717,
CARBO,Carbo-P017,MONOTONE_SPLINE,coefficient_11,1.035524034252419,1.035524034252419,
CARBO,Carbo-P017,MONOTONE_SPLINE,coefficient_12,-0.09031701586766355,-0.09031701586766355,
CARBO,Carbo-P018,EMAX,E0,-0.005901066893455996,-0.005901066893455996,0.0
CARBO,Carbo-P018,EMAX,log_A,0.1468103746453361,1.1581343305733889,0.0
CARBO,Carbo-P018,EMAX,log_K,3.2470334599110684,25.71394520992745,0.0
CARBO,Carbo-P018,HILL,E0,0.08748453122659004,0.08748453122659004,0.0
CARBO,Carbo-P018,HILL,log_A,-0.08296729168681101,0.9203812508460085,0.0
CARBO,Carbo-P018,HILL,log_K,3.093266418302306,22.04898167534352,0.0
CARBO,Carbo-P018,HILL,log_h,1.0440383718650015,2.840665545897168,0.0
CARBO,Carbo-P018,LOGISTIC,L,-0.3645412290258201,-0.3645412290258201,0.0
CARBO,Carbo-P018,LOGISTIC,log_A,0.31713678673534784,1.3731903933103409,0.0
CARBO,Carbo-P018,LOGISTIC,C,14.053213142868008,14.053213142868008,0.0
CARBO,Carbo-P018,LOGISTIC,log_S,2.818622342685971,16.7537538345217,0.0
CARBO,Carbo-P018,WEIBULL,E0,0.056844227238247745,0.056844227238247745,0.0
CARBO,Carbo-P018,WEIBULL,log_A,-0.045634188859281825,0.9553913910889327,0.0
CARBO,Carbo-P018,WEIBULL,log_lambda,3.481610062804518,32.51202636231716,0.0
CARBO,Carbo-P018,WEIBULL,log_p,0.28042161798871923,1.3236877852851796,0.0
CARBO,Carbo-P018,MONOTONE_SPLINE,coefficient_0,0.0,0.0,
CARBO,Carbo-P018,MONOTONE_SPLINE,coefficient_1,0.08349390511324642,0.08349390511324642,
CARBO,Carbo-P018,MONOTONE_SPLINE,coefficient_2,0.16359815709766973,0.16359815709766973,
CARBO,Carbo-P018,MONOTONE_SPLINE,coefficient_3,0.22336449030915573,0.22336449030915573,
CARBO,Carbo-P018,MONOTONE_SPLINE,coefficient_4,0.25325238517368776,0.25325238517368776,
CARBO,Carbo-P018,MONOTONE_SPLINE,coefficient_5,0.3339914287489193,0.3339914287489193,
CARBO,Carbo-P018,MONOTONE_SPLINE,coefficient_6,0.579336198816078,0.579336198816078,
CARBO,Carbo-P018,MONOTONE_SPLINE,coefficient_7,0.9114165272726826,0.9114165272726826,
CARBO,Carbo-P018,MONOTONE_SPLINE,coefficient_8,1.0978097895398453,1.0978097895398453,
CARBO,Carbo-P018,MONOTONE_SPLINE,coefficient_9,1.0978097895398453,1.0978097895398453,
CARBO,Carbo-P018,MONOTONE_SPLINE,coefficient_10,1.0978097895398453,1.0978097895398453,
CARBO,Carbo-P018,MONOTONE_SPLINE,coefficient_11,1.0978097895398453,1.0978097895398453,
CARBO,Carbo-P018,MONOTONE_SPLINE,coefficient_12,-0.08191206698646238,-0.08191206698646238,
CARBO,Carbo-P019,EMAX,E0,-2.207351189515348e-05,-2.207351189515348e-05,0.0
CARBO,Carbo-P019,EMAX,log_A,0.007280402806018975,1.007306969371159,0.0
CARBO,Carbo-P019,EMAX,log_K,-0.6996173272433007,0.49677536982277437,0.0
CARBO,Carbo-P019,HILL,E0,3.1595382901454896e-08,3.1595382901454896e-08,0.0
CARBO,Carbo-P019,HILL,log_A,0.00022245293198317167,1.0002224776764714,0.0
CARBO,Carbo-P019,HILL,log_K,-0.10106094044612632,0.9038779484820229,0.0
CARBO,Carbo-P019,HILL,log_h,0.40510723141198457,1.4994632810010697,0.0
CARBO,Carbo-P019,LOGISTIC,L,-214.89595042219455,-214.89595042219455,62.0
CARBO,Carbo-P019,LOGISTIC,log_A,5.37477508834816,215.8913103785116,62.0
CARBO,Carbo-P019,LOGISTIC,C,-8.298320474041988,-8.298320474041988,62.0
CARBO,Carbo-P019,LOGISTIC,log_S,0.4343307399041296,1.543929422750701,62.0
CARBO,Carbo-P019,WEIBULL,E0,-8.645890213939552e-09,-8.645890213939552e-09,0.0
CARBO,Carbo-P019,WEIBULL,log_A,-0.0003790651480056687,0.9996210066881104,0.0
CARBO,Carbo-P019,WEIBULL,log_lambda,-0.34554059425924216,0.7078375970777119,0.0
CARBO,Carbo-P019,WEIBULL,log_p,-0.7498366790702343,0.4724437063858296,0.0
CARBO,Carbo-P019,MONOTONE_SPLINE,coefficient_0,0.0,0.0,
CARBO,Carbo-P019,MONOTONE_SPLINE,coefficient_1,0.5019045901345426,0.5019045901345426,
CARBO,Carbo-P019,MONOTONE_SPLINE,coefficient_2,0.9837385122841822,0.9837385122841822,
CARBO,Carbo-P019,MONOTONE_SPLINE,coefficient_3,1.3451484265244071,1.3451484265244071,
CARBO,Carbo-P019,MONOTONE_SPLINE,coefficient_4,1.4868989315883134,1.4868989315883134,
CARBO,Carbo-P019,MONOTONE_SPLINE,coefficient_5,1.4868989315883134,1.4868989315883134,
CARBO,Carbo-P019,MONOTONE_SPLINE,coefficient_6,1.4868989315883134,1.4868989315883134,
CARBO,Carbo-P019,MONOTONE_SPLINE,coefficient_7,1.492987419256989,1.492987419256989,
CARBO,Carbo-P019,MONOTONE_SPLINE,coefficient_8,1.4973310399746096,1.4973310399746096,
CARBO,Carbo-P019,MONOTONE_SPLINE,coefficient_9,1.497331039975553,1.497331039975553,
CARBO,Carbo-P019,MONOTONE_SPLINE,coefficient_10,1.497331039975642,1.497331039975642,
CARBO,Carbo-P019,MONOTONE_SPLINE,coefficient_11,1.4973310399757418,1.4973310399757418,
CARBO,Carbo-P019,MONOTONE_SPLINE,coefficient_12,-0.4972900983038591,-0.4972900983038591,
CARBO,Carbo-P020,EMAX,E0,0.7698551570143518,0.7698551570143518,0.0
CARBO,Carbo-P020,EMAX,log_A,-1.3164566251229908,0.268083541475491,0.0
CARBO,Carbo-P020,EMAX,log_K,3.350214941893608,28.50886073377024,0.0
CARBO,Carbo-P020,HILL,E0,0.8070103302217126,0.8070103302217126,0.0
CARBO,Carbo-P020,HILL,log_A,-1.6476186930871273,0.19250778334952817,0.0
CARBO,Carbo-P020,HILL,log_K,3.116591326617423,22.56931694707076,0.0
CARBO,Carbo-P020,HILL,log_h,1.4927566674854236,4.449343990675859,0.0
CARBO,Carbo-P020,LOGISTIC,L,0.7918374698715874,0.7918374698715874,0.0
CARBO,Carbo-P020,LOGISTIC,log_A,-1.571760712985657,0.20767919679515637,0.0
CARBO,Carbo-P020,LOGISTIC,C,26.838332687380422,26.838332687380422,0.0
CARBO,Carbo-P020,LOGISTIC,log_S,2.2313657126076345,9.312575700707152,0.0
CARBO,Carbo-P020,WEIBULL,E0,0.8056314034172326,0.8056314034172326,0.0
CARBO,Carbo-P020,WEIBULL,log_A,-1.6404887214297876,0.19388526324943406,0.0
CARBO,Carbo-P020,WEIBULL,log_lambda,3.5443655215134164,34.61771417798175,0.0
CARBO,Carbo-P020,WEIBULL,log_p,0.7255211112315065,2.065807334927428,0.0
CARBO,Carbo-P020,MONOTONE_SPLINE,coefficient_0,0.0,0.0,
CARBO,Carbo-P020,MONOTONE_SPLINE,coefficient_1,1.8238517173315806e-09,1.8238517173315806e-09,
CARBO,Carbo-P020,MONOTONE_SPLINE,coefficient_2,3.6477033872524225e-09,3.6477033872524225e-09,
CARBO,Carbo-P020,MONOTONE_SPLINE,coefficient_3,3.6477033872524283e-09,3.6477033872524283e-09,
CARBO,Carbo-P020,MONOTONE_SPLINE,coefficient_4,3.6477033981226635e-09,3.6477033981226635e-09,
CARBO,Carbo-P020,MONOTONE_SPLINE,coefficient_5,0.013017207851184518,0.013017207851184518,
CARBO,Carbo-P020,MONOTONE_SPLINE,coefficient_6,0.06989897782038153,0.06989897782038153,
CARBO,Carbo-P020,MONOTONE_SPLINE,coefficient_7,0.15145505502660883,0.15145505502660883,
CARBO,Carbo-P020,MONOTONE_SPLINE,coefficient_8,0.19814057636866117,0.19814057636866117,
CARBO,Carbo-P020,MONOTONE_SPLINE,coefficient_9,0.19814057636866117,0.19814057636866117,
CARBO,Carbo-P020,MONOTONE_SPLINE,coefficient_10,0.19814057636866117,0.19814057636866117,
CARBO,Carbo-P020,MONOTONE_SPLINE,coefficient_11,0.19814057636866117,0.19814057636866117,
CARBO,Carbo-P020,MONOTONE_SPLINE,coefficient_12,0.8058788625027383,0.8058788625027383,
CARBO,Carbo-P021,EMAX,E0,0.17426103754868155,0.17426103754868155,22.0
CARBO,Carbo-P021,EMAX,log_A,0.07826039619912832,1.081404215557773,22.0
CARBO,Carbo-P021,EMAX,log_K,4.06754953920866,58.41364671768097,22.0
CARBO,Carbo-P021,HILL,E0,0.3123508235029798,0.3123508235029798,2.0
CARBO,Carbo-P021,HILL,log_A,-0.35446721141238036,0.7015471199535691,2.0
CARBO,Carbo-P021,HILL,log_K,3.789638281793797,44.24039482516852,2.0
CARBO,Carbo-P021,HILL,log_h,1.4274229806266456,4.167944466669776,2.0
CARBO,Carbo-P021,LOGISTIC,L,0.2881015917663594,0.2881015917663594,14.0
CARBO,Carbo-P021,LOGISTIC,log_A,-0.33507777945398315,0.7152824499105042,14.0
CARBO,Carbo-P021,LOGISTIC,C,43.69351659712944,43.69351659712944,14.0
CARBO,Carbo-P021,LOGISTIC,log_S,2.3212865528427735,10.188774273872415,14.0
CARBO,Carbo-P021,WEIBULL,E0,0.30160121267108364,0.30160121267108364,1.0
CARBO,Carbo-P021,WEIBULL,log_A,-0.35412122717089023,0.7017898861959612,1.0
CARBO,Carbo-P021,WEIBULL,log_lambda,3.9272229619826353,50.76580317106655,1.0
CARBO,Carbo-P021,WEIBULL,log_p,1.0164975223661374,2.7634987013624484,1.0
CARBO,Carbo-P021,MONOTONE_SPLINE,coefficient_0,0.0,0.0,
CARBO,Carbo-P021,MONOTONE_SPLINE,coefficient_1,1.9609241181793306e-06,1.9609241181793306e-06,
CARBO,Carbo-P021,MONOTONE_SPLINE,coefficient_2,3.576064907819599e-06,3.576064907819599e-06,
CARBO,Carbo-P021,MONOTONE_SPLINE,coefficient_3,3.576064907819599e-06,3.576064907819599e-06,
CARBO,Carbo-P021,MONOTONE_SPLINE,coefficient_4,3.576064907819599e-06,3.576064907819599e-06,
CARBO,Carbo-P021,MONOTONE_SPLINE,coefficient_5,3.576064907819599e-06,3.576064907819599e-06,
CARBO,Carbo-P021,MONOTONE_SPLINE,coefficient_6,0.1255596215318042,0.1255596215318042,
CARBO,Carbo-P021,MONOTONE_SPLINE,coefficient_7,0.38912278499188624,0.38912278499188624,
CARBO,Carbo-P021,MONOTONE_SPLINE,coefficient_8,0.6689758808344282,0.6689758808344282,
CARBO,Carbo-P021,MONOTONE_SPLINE,coefficient_9,0.7369671699054825,0.7369671699054825,
CARBO,Carbo-P021,MONOTONE_SPLINE,coefficient_10,0.7369671699054825,0.7369671699054825,
CARBO,Carbo-P021,MONOTONE_SPLINE,coefficient_11,0.7369671699054825,0.7369671699054825,
CARBO,Carbo-P021,MONOTONE_SPLINE,coefficient_12,0.28629473110033,0.28629473110033,
CARBO,Carbo-P022,EMAX,E0,-0.000554703062940861,-0.000554703062940861,0.0
CARBO,Carbo-P022,EMAX,log_A,0.09931108662766695,1.10440981324922,0.0
CARBO,Carbo-P022,EMAX,log_K,2.169501833387797,8.753922042642664,0.0
CARBO,Carbo-P022,HILL,E0,0.2163429289806179,0.2163429289806179,8.0
CARBO,Carbo-P022,HILL,log_A,-0.2569711136294669,0.7733905538888914,8.0
CARBO,Carbo-P022,HILL,log_K,2.3765628112229558,10.767828126007748,8.0
CARBO,Carbo-P022,HILL,log_h,3.3991989776119134,29.94010774288957,8.0
CARBO,Carbo-P022,LOGISTIC,L,0.20659396357098178,0.20659396357098178,0.0
CARBO,Carbo-P022,LOGISTIC,log_A,-0.23728970221892412,0.7887627485965463,0.0
CARBO,Carbo-P022,LOGISTIC,C,13.556818318498527,13.556818318498527,0.0
CARBO,Carbo-P022,LOGISTIC,log_S,0.6217434498224947,1.8621718164684213,0.0
CARBO,Carbo-P022,WEIBULL,E0,0.21441466597048375,0.21441466597048375,11.0
CARBO,Carbo-P022,WEIBULL,log_A,-0.2530614612941721,0.7764201605693579,11.0
CARBO,Carbo-P022,WEIBULL,log_lambda,2.700347858085324,14.884908660227989,11.0
CARBO,Carbo-P022,WEIBULL,log_p,1.7092810398010894,5.524987803008395,11.0
CARBO,Carbo-P022,MONOTONE_SPLINE,coefficient_0,0.0,0.0,
CARBO,Carbo-P022,MONOTONE_SPLINE,coefficient_1,0.42328618221709874,0.42328618221709874,
CARBO,Carbo-P022,MONOTONE_SPLINE,coefficient_2,0.7861029098317638,0.7861029098317638,
CARBO,Carbo-P022,MONOTONE_SPLINE,coefficient_3,0.7861029098320229,0.7861029098320229,
CARBO,Carbo-P022,MONOTONE_SPLINE,coefficient_4,0.7861029098320231,0.7861029098320231,
CARBO,Carbo-P022,MONOTONE_SPLINE,coefficient_5,0.7861029098320236,0.7861029098320236,
CARBO,Carbo-P022,MONOTONE_SPLINE,coefficient_6,1.4384563647298814,1.4384563647298814,
CARBO,Carbo-P022,MONOTONE_SPLINE,coefficient_7,1.4384563647298814,1.4384563647298814,
CARBO,Carbo-P022,MONOTONE_SPLINE,coefficient_8,1.4384563647298814,1.4384563647298814,
CARBO,Carbo-P022,MONOTONE_SPLINE,coefficient_9,1.4384563647298814,1.4384563647298814,
CARBO,Carbo-P022,MONOTONE_SPLINE,coefficient_10,1.4384563647298814,1.4384563647298814,
CARBO,Carbo-P022,MONOTONE_SPLINE,coefficient_11,1.4384563647298814,1.4384563647298814,
CARBO,Carbo-P022,MONOTONE_SPLINE,coefficient_12,-0.41282549737253726,-0.41282549737253726,
CARBO,Carbo-P023,EMAX,E0,-0.14555524406908144,-0.14555524406908144,61.0
CARBO,Carbo-P023,EMAX,log_A,0.2631551202222472,1.301028519132713,61.0
CARBO,Carbo-P023,EMAX,log_K,2.6446930056257836,14.079122208297385,61.0
CARBO,Carbo-P023,HILL,E0,-0.005554322420211832,-0.005554322420211832,63.0
CARBO,Carbo-P023,HILL,log_A,-0.04054364017465384,0.9602672573661762,63.0
CARBO,Carbo-P023,HILL,log_K,2.341945081120344,10.401448560591156,63.0
CARBO,Carbo-P023,HILL,log_h,4.00927224979238,55.10675201687259,63.0
CARBO,Carbo-P023,LOGISTIC,L,-0.0056554132137201195,-0.0056554132137201195,2.0
CARBO,Carbo-P023,LOGISTIC,log_A,-0.040409665059992224,0.9603959179005501,2.0
CARBO,Carbo-P023,LOGISTIC,C,11.937052947293562,11.937052947293562,2.0
CARBO,Carbo-P023,LOGISTIC,log_S,-0.11226324232004888,0.893808938190146,2.0
CARBO,Carbo-P023,WEIBULL,E0,-0.005787170761964618,-0.005787170761964618,0.0
CARBO,Carbo-P023,WEIBULL,log_A,-0.040290595201023814,0.9605102789153882,0.0
CARBO,Carbo-P023,WEIBULL,log_lambda,2.644467812707589,14.075952046644053,0.0
CARBO,Carbo-P023,WEIBULL,log_p,1.8704188640051014,6.491014682358525,0.0
CARBO,Carbo-P023,MONOTONE_SPLINE,coefficient_0,0.0,0.0,
CARBO,Carbo-P023,MONOTONE_SPLINE,coefficient_1,0.010563497787578502,0.010563497787578502,
CARBO,Carbo-P023,MONOTONE_SPLINE,coefficient_2,0.019617924462656762,0.019617924462656762,
CARBO,Carbo-P023,MONOTONE_SPLINE,coefficient_3,0.019617924462750277,0.019617924462750277,
CARBO,Carbo-P023,MONOTONE_SPLINE,coefficient_4,0.019617924462750277,0.019617924462750277,
CARBO,Carbo-P023,MONOTONE_SPLINE,coefficient_5,0.3244098669382322,0.3244098669382322,
CARBO,Carbo-P023,MONOTONE_SPLINE,coefficient_6,1.0361957736815361,1.0361957736815361,
CARBO,Carbo-P023,MONOTONE_SPLINE,coefficient_7,1.0361957736815361,1.0361957736815361,
CARBO,Carbo-P023,MONOTONE_SPLINE,coefficient_8,1.0361957736815361,1.0361957736815361,
CARBO,Carbo-P023,MONOTONE_SPLINE,coefficient_9,1.0361957736815361,1.0361957736815361,
CARBO,Carbo-P023,MONOTONE_SPLINE,coefficient_10,1.0361957736815361,1.0361957736815361,
CARBO,Carbo-P023,MONOTONE_SPLINE,coefficient_11,1.0361957736815361,1.0361957736815361,
CARBO,Carbo-P023,MONOTONE_SPLINE,coefficient_12,-0.04640219022256075,-0.04640219022256075,
CARBO,Carbo-P024,EMAX,E0,-0.016991962904417218,-0.016991962904417218,0.0
CARBO,Carbo-P024,EMAX,log_A,0.10783877562126246,1.1138681482089443,0.0
CARBO,Carbo-P024,EMAX,log_K,2.0110263136780113,7.470980983970958,0.0
CARBO,Carbo-P024,HILL,E0,0.02935435438203888,0.02935435438203888,2.0
CARBO,Carbo-P024,HILL,log_A,0.006571771837405462,1.006593413311583,2.0
CARBO,Carbo-P024,HILL,log_K,2.09485642421346,8.124274437379283,2.0
CARBO,Carbo-P024,HILL,log_h,0.46319136594386223,1.58913742010242,2.0
CARBO,Carbo-P024,LOGISTIC,L,-0.3206041643983437,-0.3206041643983437,9.0
CARBO,Carbo-P024,LOGISTIC,log_A,0.2817542624268834,1.325452966368244,9.0
CARBO,Carbo-P024,LOGISTIC,C,5.6955635802494555,5.6955635802494555,9.0
CARBO,Carbo-P024,LOGISTIC,log_S,1.7984117936186352,6.040047001481221,9.0
CARBO,Carbo-P024,WEIBULL,E0,0.0340454965311708,0.0340454965311708,0.0
CARBO,Carbo-P024,WEIBULL,log_A,-0.029205946325881214,0.9712164254142084,0.0
CARBO,Carbo-P024,WEIBULL,log_lambda,2.4348829965336294,11.41448310114317,0.0
CARBO,Carbo-P024,WEIBULL,log_p,0.21822276994914014,1.2438641323065642,0.0
CARBO,Carbo-P024,MONOTONE_SPLINE,coefficient_0,0.0,0.0,
CARBO,Carbo-P024,MONOTONE_SPLINE,coefficient_1,0.22618148244285555,0.22618148244285555,
CARBO,Carbo-P024,MONOTONE_SPLINE,coefficient_2,0.43802414827438424,0.43802414827438424,
CARBO,Carbo-P024,MONOTONE_SPLINE,coefficient_3,0.5638339144379649,0.5638339144379649,
CARBO,Carbo-P024,MONOTONE_SPLINE,coefficient_4,0.5638339144379649,0.5638339144379649,
CARBO,Carbo-P024,MONOTONE_SPLINE,coefficient_5,0.7900311838261165,0.7900311838261165,
CARBO,Carbo-P024,MONOTONE_SPLINE,coefficient_6,1.2343964689396814,1.2343964689396814,
CARBO,Carbo-P024,MONOTONE_SPLINE,coefficient_7,1.2343964689396814,1.2343964689396814,
CARBO,Carbo-P024,MONOTONE_SPLINE,coefficient_8,1.2343964689396827,1.2343964689396827,
CARBO,Carbo-P024,MONOTONE_SPLINE,coefficient_9,1.2343964689397031,1.2343964689397031,
CARBO,Carbo-P024,MONOTONE_SPLINE,coefficient_10,1.2343964689398035,1.2343964689398035,
CARBO,Carbo-P024,MONOTONE_SPLINE,coefficient_11,1.2343964689399658,1.2343964689399658,
CARBO,Carbo-P024,MONOTONE_SPLINE,coefficient_12,-0.2228848132854386,-0.2228848132854386,
CARBO_A,CarboA-P001,EMAX,E0,-0.23495638752136752,-0.23495638752136752,1.0
CARBO_A,CarboA-P001,EMAX,log_A,0.7325346354969315,2.080346851826649,1.0
CARBO_A,CarboA-P001,EMAX,log_K,4.342558604246912,76.90405486974677,1.0
CARBO_A,CarboA-P001,HILL,E0,-0.1597468666666667,-0.1597468666666667,3.0
CARBO_A,CarboA-P001,HILL,log_A,0.1415400273114603,1.1520466166666667,3.0
CARBO_A,CarboA-P001,HILL,log_K,3.561703313349366,35.2231421262605,3.0
CARBO_A,CarboA-P001,HILL,log_h,3.819832215036545,45.59655726230646,3.0
CARBO_A,CarboA-P001,LOGISTIC,L,-0.15974686666666665,-0.15974686666666665,9.0
CARBO_A,CarboA-P001,LOGISTIC,log_A,0.14154002731146031,1.1520466166666667,9.0
CARBO_A,CarboA-P001,LOGISTIC,C,39.16813234188365,39.16813234188365,9.0
CARBO_A,CarboA-P001,LOGISTIC,log_S,-1.9417247425147772,0.14345631108386,9.0
CARBO_A,CarboA-P001,WEIBULL,E0,-0.15974686666671434,-0.15974686666671434,1.0
CARBO_A,CarboA-P001,WEIBULL,log_A,0.1415400273425793,1.1520466167025172,1.0
CARBO_A,CarboA-P001,WEIBULL,log_lambda,3.6359363468964627,37.937358799799306,1.0
CARBO_A,CarboA-P001,WEIBULL,log_p,3.5028062598448186,33.208513037479214,1.0
CARBO_A,CarboA-P001,MONOTONE_SPLINE,coefficient_0,0.0,0.0,
CARBO_A,CarboA-P001,MONOTONE_SPLINE,coefficient_1,5.1031806389199864e-26,5.1031806389199864e-26,
CARBO_A,CarboA-P001,MONOTONE_SPLINE,coefficient_2,2.4126443039188903e-25,2.4126443039188903e-25,
CARBO_A,CarboA-P001,MONOTONE_SPLINE,coefficient_3,3.1897713962128053e-25,3.1897713962128053e-25,
CARBO_A,CarboA-P001,MONOTONE_SPLINE,coefficient_4,3.189771396231008e-25,3.189771396231008e-25,
CARBO_A,CarboA-P001,MONOTONE_SPLINE,coefficient_5,3.4962682632936264e-25,3.4962682632936264e-25,
CARBO_A,CarboA-P001,MONOTONE_SPLINE,coefficient_6,1.0050116775260741e-24,1.0050116775260741e-24,
CARBO_A,CarboA-P001,MONOTONE_SPLINE,coefficient_7,0.6584046734179864,0.6584046734179864,
CARBO_A,CarboA-P001,MONOTONE_SPLINE,coefficient_8,1.2061506962326036,1.2061506962326036,
CARBO_A,CarboA-P001,MONOTONE_SPLINE,coefficient_9,1.2061506962326036,1.2061506962326036,
CARBO_A,CarboA-P001,MONOTONE_SPLINE,coefficient_10,1.2061506962326036,1.2061506962326036,
CARBO_A,CarboA-P001,MONOTONE_SPLINE,coefficient_11,1.2061506962326036,1.2061506962326036,
CARBO_A,CarboA-P001,MONOTONE_SPLINE,coefficient_12,-0.16813618144350626,-0.16813618144350626,
CARBO_A,CarboA-P002,EMAX,E0,0.050077174230269306,0.050077174230269306,0.0
CARBO_A,CarboA-P002,EMAX,log_A,0.039787509296127,1.040589635074217,0.0
CARBO_A,CarboA-P002,EMAX,log_K,2.7875794614947065,16.241658623294946,0.0
CARBO_A,CarboA-P002,HILL,E0,0.019293200644504564,0.019293200644504564,16.0
CARBO_A,CarboA-P002,HILL,log_A,0.12606630867347832,1.1343573835226377,16.0
CARBO_A,CarboA-P002,HILL,log_K,2.79314873582516,16.332365226275055,16.0
CARBO_A,CarboA-P002,HILL,log_h,-0.27546699878224395,0.7592174867822346,16.0
CARBO_A,CarboA-P002,LOGISTIC,L,-687.1917461018845,-687.1917461018845,38.0
CARBO_A,CarboA-P002,LOGISTIC,log_A,6.534091977614935,688.2085917155505,38.0
CARBO_A,CarboA-P002,LOGISTIC,C,-177.6311832031827,-177.6311832031827,38.0
CARBO_A,CarboA-P002,LOGISTIC,log_S,3.292362590959945,26.90635733817664,38.0
CARBO_A,CarboA-P002,WEIBULL,E0,0.028829867675625627,0.028829867675625627,0.0
CARBO_A,CarboA-P002,WEIBULL,log_A,0.01157232972601792,1.0116395481747695,0.0
CARBO_A,CarboA-P002,WEIBULL,log_lambda,3.215478423462052,24.915209080797442,0.0
CARBO_A,CarboA-P002,WEIBULL,log_p,-0.39062073451833496,0.6766367323371492,0.0
CARBO_A,CarboA-P002,MONOTONE_SPLINE,coefficient_0,0.0,0.0,
CARBO_A,CarboA-P002,MONOTONE_SPLINE,coefficient_1,0.3024095659490169,0.3024095659490169,
CARBO_A,CarboA-P002,MONOTONE_SPLINE,coefficient_2,0.5758647018541552,0.5758647018541552,
CARBO_A,CarboA-P002,MONOTONE_SPLINE,coefficient_3,0.6755932574960222,0.6755932574960222,
CARBO_A,CarboA-P002,MONOTONE_SPLINE,coefficient_4,0.6755932574960222,0.6755932574960222,
CARBO_A,CarboA-P002,MONOTONE_SPLINE,coefficient_5,0.6755932574960222,0.6755932574960222,
CARBO_A,CarboA-P002,MONOTONE_SPLINE,coefficient_6,0.8249843278824687,0.8249843278824687,
CARBO_A,CarboA-P002,MONOTONE_SPLINE,coefficient_7,1.293272545874419,1.293272545874419,
CARBO_A,CarboA-P002,MONOTONE_SPLINE,coefficient_8,1.2932725461004877,1.2932725461004877,
CARBO_A,CarboA-P002,MONOTONE_SPLINE,coefficient_9,1.2932725461004877,1.2932725461004877,
CARBO_A,CarboA-P002,MONOTONE_SPLINE,coefficient_10,1.2932725461004877,1.2932725461004877,
CARBO_A,CarboA-P002,MONOTONE_SPLINE,coefficient_11,1.2932725461004877,1.2932725461004877,
CARBO_A,CarboA-P002,MONOTONE_SPLINE,coefficient_12,-0.2961157037137892,-0.2961157037137892,
CARBO_A,CarboA-P003,EMAX,E0,0.01785612395387004,0.01785612395387004,0.0
CARBO_A,CarboA-P003,EMAX,log_A,-0.074167156245244,0.928516473541263,0.0
CARBO_A,CarboA-P003,EMAX,log_K,-0.6526358710671281,0.5206715433490403,0.0
CARBO_A,CarboA-P003,HILL,E0,0.017707487839076733,0.017707487839076733,0.0
CARBO_A,CarboA-P003,HILL,log_A,-0.023501174967062062,0.9767728269922707,0.0
CARBO_A,CarboA-P003,HILL,log_K,-2.8539610648440896,0.05761564896012112,0.0
CARBO_A,CarboA-P003,HILL,log_h,-0.972378605195865,0.3781824207504826,0.0
CARBO_A,CarboA-P003,LOGISTIC,L,-374.72327090144495,-374.72327090144495,14.0
CARBO_A,CarboA-P003,LOGISTIC,log_A,5.9286807924088185,375.65861510324146,14.0
CARBO_A,CarboA-P003,LOGISTIC,C,-9.179488453038331,-9.179488453038331,14.0
CARBO_A,CarboA-P003,LOGISTIC,log_S,0.4231867180979376,1.5268193541585697,14.0
CARBO_A,CarboA-P003,WEIBULL,E0,0.01774570223488494,0.01774570223488494,0.0
CARBO_A,CarboA-P003,WEIBULL,log_A,-0.04883587227249621,0.9523374218490812,0.0
CARBO_A,CarboA-P003,WEIBULL,log_lambda,-2.0774948173992063,0.12524357754731696,0.0
CARBO_A,CarboA-P003,WEIBULL,log_p,-1.6734826827928837,0.1875926011300815,0.0
CARBO_A,CarboA-P003,MONOTONE_SPLINE,coefficient_0,0.0,0.0,
CARBO_A,CarboA-P003,MONOTONE_SPLINE,coefficient_1,0.48160986977014264,0.48160986977014264,
CARBO_A,CarboA-P003,MONOTONE_SPLINE,coefficient_2,0.9401183266187971,0.9401183266187971,
CARBO_A,CarboA-P003,MONOTONE_SPLINE,coefficient_3,1.2600183059385244,1.2600183059385244,
CARBO_A,CarboA-P003,MONOTONE_SPLINE,coefficient_4,1.3423756235025555,1.3423756235025555,
CARBO_A,CarboA-P003,MONOTONE_SPLINE,coefficient_5,1.3423756235025555,1.3423756235025555,
CARBO_A,CarboA-P003,MONOTONE_SPLINE,coefficient_6,1.3423756235025617,1.3423756235025617,
CARBO_A,CarboA-P003,MONOTONE_SPLINE,coefficient_7,1.3805018234565383,1.3805018234565383,
CARBO_A,CarboA-P003,MONOTONE_SPLINE,coefficient_8,1.4026297145674782,1.4026297145674782,
CARBO_A,CarboA-P003,MONOTONE_SPLINE,coefficient_9,1.4026297145674782,1.4026297145674782,
CARBO_A,CarboA-P003,MONOTONE_SPLINE,coefficient_10,1.4026297145674782,1.4026297145674782,
CARBO_A,CarboA-P003,MONOTONE_SPLINE,coefficient_11,1.4026297145674782,1.4026297145674782,
CARBO_A,CarboA-P003,MONOTONE_SPLINE,coefficient_12,-0.44622178653033506,-0.44622178653033506,
CARBO_A,CarboA-P004,EMAX,E0,-0.09321210181238886,-0.09321210181238886,0.0
CARBO_A,CarboA-P004,EMAX,log_A,-0.27177352180656306,0.7620268240066826,0.0
CARBO_A,CarboA-P004,EMAX,log_K,3.3853833048234514,29.529309273845218,0.0
CARBO_A,CarboA-P004,HILL,E0,-0.106322,-0.106322,0.0
CARBO_A,CarboA-P004,HILL,log_A,-0.20026053984823064,0.8185174688775563,0.0
CARBO_A,CarboA-P004,HILL,log_K,3.490942468042942,32.81686197977174,0.0
CARBO_A,CarboA-P004,HILL,log_h,-0.1945356128589416,0.823216860628548,0.0
CARBO_A,CarboA-P004,LOGISTIC,L,-1068.0156784032235,-1068.0156784032235,57.0
CARBO_A,CarboA-P004,LOGISTIC,log_A,6.974136059955187,1068.6335550279366,57.0
CARBO_A,CarboA-P004,LOGISTIC,C,-314.1146188675804,-314.1146188675804,57.0
CARBO_A,CarboA-P004,LOGISTIC,log_S,3.757129502147441,42.82531938735403,57.0
CARBO_A,CarboA-P004,WEIBULL,E0,-0.10632199999999999,-0.10632199999999999,0.0
CARBO_A,CarboA-P004,WEIBULL,log_A,-0.3109660840957912,0.7327387269443799,0.0
CARBO_A,CarboA-P004,WEIBULL,log_lambda,3.7980373813378874,44.61353914972243,0.0
CARBO_A,CarboA-P004,WEIBULL,log_p,-0.35311857823438375,0.7024938879533352,0.0
CARBO_A,CarboA-P004,MONOTONE_SPLINE,coefficient_0,0.0,0.0,
CARBO_A,CarboA-P004,MONOTONE_SPLINE,coefficient_1,0.08328599446750326,0.08328599446750326,
CARBO_A,CarboA-P004,MONOTONE_SPLINE,coefficient_2,0.16657302500856427,0.16657302500856427,
CARBO_A,CarboA-P004,MONOTONE_SPLINE,coefficient_3,0.2498662719909725,0.2498662719909725,
CARBO_A,CarboA-P004,MONOTONE_SPLINE,coefficient_4,0.3331716393388894,0.3331716393388894,
CARBO_A,CarboA-P004,MONOTONE_SPLINE,coefficient_5,0.4164900331889748,0.4164900331889748,
CARBO_A,CarboA-P004,MONOTONE_SPLINE,coefficient_6,0.4998183409534731,0.4998183409534731,
CARBO_A,CarboA-P004,MONOTONE_SPLINE,coefficient_7,0.5831533593379623,0.5831533593379623,
CARBO_A,CarboA-P004,MONOTONE_SPLINE,coefficient_8,0.6664926667535896,0.6664926667535896,
CARBO_A,CarboA-P004,MONOTONE_SPLINE,coefficient_9,0.7498347949696643,0.7498347949696643,
CARBO_A,CarboA-P004,MONOTONE_SPLINE,coefficient_10,0.8331783335859628,0.8331783335859628,
CARBO_A,CarboA-P004,MONOTONE_SPLINE,coefficient_11,0.9165221072689654,0.9165221072689654,
CARBO_A,CarboA-P004,MONOTONE_SPLINE,coefficient_12,-0.22069037388228782,-0.22069037388228782,
CARBO_A,CarboA-P005,EMAX,E0,0.7871474999181851,0.7871474999181851,0.0
CARBO_A,CarboA-P005,EMAX,log_A,-1.5123737333936726,0.2203862184463554,0.0
CARBO_A,CarboA-P005,EMAX,log_K,1.7906261675211113,5.9932040414214445,0.0
CARBO_A,CarboA-P005,HILL,E0,0.8641793331286556,0.8641793331286556,8.0
CARBO_A,CarboA-P005,HILL,log_A,-2.0052163364792244,0.1346311669121666,8.0
CARBO_A,CarboA-P005,HILL,log_K,2.7404714016789784,15.494287408142458,8.0
CARBO_A,CarboA-P005,HILL,log_h,2.5534842513911435,12.85180478137023,8.0
CARBO_A,CarboA-P005,LOGISTIC,L,0.8529287182173987,0.8529287182173987,18.0
CARBO_A,CarboA-P005,LOGISTIC,log_A,-1.9249572452565877,0.14588199387011186,18.0
CARBO_A,CarboA-P005,LOGISTIC,C,13.70306234343931,13.70306234343931,18.0
CARBO_A,CarboA-P005,LOGISTIC,log_S,1.4426138266236688,4.231742414749802,18.0
CARBO_A,CarboA-P005,WEIBULL,E0,0.8611567549391078,0.8611567549391078,16.0
CARBO_A,CarboA-P005,WEIBULL,log_A,-1.9830138145952292,0.13765374864572766,16.0
CARBO_A,CarboA-P005,WEIBULL,log_lambda,2.797838522582745,16.409140425372573,16.0
CARBO_A,CarboA-P005,WEIBULL,log_p,0.8455239216893672,2.329197812203357,16.0
CARBO_A,CarboA-P005,MONOTONE_SPLINE,coefficient_0,0.0,0.0,
CARBO_A,CarboA-P005,MONOTONE_SPLINE,coefficient_1,0.020146495737328872,0.020146495737328872,
CARBO_A,CarboA-P005,MONOTONE_SPLINE,coefficient_2,0.04029299147465771,0.04029299147465771,
CARBO_A,CarboA-P005,MONOTONE_SPLINE,coefficient_3,0.06043948721198655,0.06043948721198655,
CARBO_A,CarboA-P005,MONOTONE_SPLINE,coefficient_4,0.08058555441489498,0.08058555441489498,
CARBO_A,CarboA-P005,MONOTONE_SPLINE,coefficient_5,0.1007271818484331,0.1007271818484331,
CARBO_A,CarboA-P005,MONOTONE_SPLINE,coefficient_6,0.12085874889173347,0.12085874889173347,
CARBO_A,CarboA-P005,MONOTONE_SPLINE,coefficient_7,0.1409774341281533,0.1409774341281533,
CARBO_A,CarboA-P005,MONOTONE_SPLINE,coefficient_8,0.16108269025740493,0.16108269025740493,
CARBO_A,CarboA-P005,MONOTONE_SPLINE,coefficient_9,0.18117576548544118,0.18117576548544118,
CARBO_A,CarboA-P005,MONOTONE_SPLINE,coefficient_10,0.2012623919416652,0.2012623919416652,
CARBO_A,CarboA-P005,MONOTONE_SPLINE,coefficient_11,0.22134794360258722,0.22134794360258722,
CARBO_A,CarboA-P005,MONOTONE_SPLINE,coefficient_12,0.8183090265650115,0.8183090265650115,
CARBO_A,CarboA-P006,EMAX,E0,-0.05382552777824186,-0.05382552777824186,4.0
CARBO_A,CarboA-P006,EMAX,log_A,0.2382104213382265,1.2689761844004626,4.0
CARBO_A,CarboA-P006,EMAX,log_K,3.7251639476990768,41.47803241539709,4.0
CARBO_A,CarboA-P006,HILL,E0,-3.2111484894037596e-09,-3.2111484894037596e-09,0.0
CARBO_A,CarboA-P006,HILL,log_A,-0.000661404581365962,0.9993388140984296,0.0
CARBO_A,CarboA-P006,HILL,log_K,3.196730625201225,24.452455130161276,0.0
CARBO_A,CarboA-P006,HILL,log_h,1.6564779577056965,5.240819911252915,0.0
CARBO_A,CarboA-P006,LOGISTIC,L,-0.015759665777749957,-0.015759665777749957,0.0
CARBO_A,CarboA-P006,LOGISTIC,log_A,0.014976949418177215,1.0150896659386413,0.0
CARBO_A,CarboA-P006,LOGISTIC,C,31.97553709937934,31.97553709937934,0.0
CARBO_A,CarboA-P006,LOGISTIC,log_S,2.0419516874331647,7.705633520826924,0.0
CARBO_A,CarboA-P006,WEIBULL,E0,-8.603685876537577e-18,-8.603685876537577e-18,0.0
CARBO_A,CarboA-P006,WEIBULL,log_A,-0.0006702245503047479,0.9993299999999999,0.0
CARBO_A,CarboA-P006,WEIBULL,log_lambda,3.665019983145381,39.05691663534445,0.0
CARBO_A,CarboA-P006,WEIBULL,log_p,0.9356523166062906,2.548875589436373,0.0
CARBO_A,CarboA-P006,MONOTONE_SPLINE,coefficient_0,0.0,0.0,
CARBO_A,CarboA-P006,MONOTONE_SPLINE,coefficient_1,1.2826213585567412e-19,1.2826213585567412e-19,
CARBO_A,CarboA-P006,MONOTONE_SPLINE,coefficient_2,2.353999024607213e-19,2.353999024607213e-19,
CARBO_A,CarboA-P006,MONOTONE_SPLINE,coefficient_3,2.9875572666144374e-19,2.9875572666144374e-19,
CARBO_A,CarboA-P006,MONOTONE_SPLINE,coefficient_4,3.562762440050021e-19,3.562762440050021e-19,
CARBO_A,CarboA-P006,MONOTONE_SPLINE,coefficient_5,7.846348479533108e-19,7.846348479533108e-19,
CARBO_A,CarboA-P006,MONOTONE_SPLINE,coefficient_6,0.3076828960202773,0.3076828960202773,
CARBO_A,CarboA-P006,MONOTONE_SPLINE,coefficient_7,1.001882495665312,1.001882495665312,
CARBO_A,CarboA-P006,MONOTONE_SPLINE,coefficient_8,1.0018824956653447,1.0018824956653447,
CARBO_A,CarboA-P006,MONOTONE_SPLINE,coefficient_9,1.0018824956653474,1.0018824956653474,
CARBO_A,CarboA-P006,MONOTONE_SPLINE,coefficient_10,1.0018824956653636,1.0018824956653636,
CARBO_A,CarboA-P006,MONOTONE_SPLINE,coefficient_11,1.0018824956653978,1.0018824956653978,
CARBO_A,CarboA-P006,MONOTONE_SPLINE,coefficient_12,-0.000912225832551277,-0.000912225832551277,
CARBO_A,CarboA-P007,EMAX,E0,-2.388508066135729e-07,-2.388508066135729e-07,0.0
CARBO_A,CarboA-P007,EMAX,log_A,0.0022314271896559427,1.0022339186761529,0.0
CARBO_A,CarboA-P007,EMAX,log_K,-0.984226144014957,0.3737283269639415,0.0
CARBO_A,CarboA-P007,HILL,E0,7.958069935599218e-13,7.958069935599218e-13,11.0
CARBO_A,CarboA-P007,HILL,log_A,-0.0006584385727906475,0.9993417781503176,11.0
CARBO_A,CarboA-P007,HILL,log_K,2.452931157280256,11.622363816451328,11.0
CARBO_A,CarboA-P007,HILL,log_h,2.4910170804475547,12.073549649084349,11.0
CARBO_A,CarboA-P007,LOGISTIC,L,-2.1925775133856397e-09,-2.1925775133856397e-09,7.0
CARBO_A,CarboA-P007,LOGISTIC,log_A,-0.0006584367504721704,0.9993417799714365,7.0
CARBO_A,CarboA-P007,LOGISTIC,C,13.405250760596434,13.405250760596434,7.0
CARBO_A,CarboA-P007,LOGISTIC,log_S,-0.3970222607964015,0.6723190591083829,7.0
CARBO_A,CarboA-P007,WEIBULL,E0,-3.2672244532483697e-18,-3.2672244532483697e-18,12.0
CARBO_A,CarboA-P007,WEIBULL,log_A,-0.000658438945571929,0.9993417777777817,12.0
CARBO_A,CarboA-P007,WEIBULL,log_lambda,1.8821584628842953,6.5676656364531905,12.0
CARBO_A,CarboA-P007,WEIBULL,log_p,0.42051815104593304,1.5227503659343442,12.0
CARBO_A,CarboA-P007,MONOTONE_SPLINE,coefficient_0,0.0,0.0,
CARBO_A,CarboA-P007,MONOTONE_SPLINE,coefficient_1,0.31775860332661643,0.31775860332661643,
CARBO_A,CarboA-P007,MONOTONE_SPLINE,coefficient_2,0.6307485447274587,0.6307485447274587,
CARBO_A,CarboA-P007,MONOTONE_SPLINE,coefficient_3,0.9151265145736563,0.9151265145736563,
CARBO_A,CarboA-P007,MONOTONE_SPLINE,coefficient_4,1.1422805413105648,1.1422805413105648,
CARBO_A,CarboA-P007,MONOTONE_SPLINE,coefficient_5,1.2835986533835384,1.2835986533835384,
CARBO_A,CarboA-P007,MONOTONE_SPLINE,coefficient_6,1.316554694828261,1.316554694828261,
CARBO_A,CarboA-P007,MONOTONE_SPLINE,coefficient_7,1.316554694828263,1.316554694828263,
CARBO_A,CarboA-P007,MONOTONE_SPLINE,coefficient_8,1.3165546948293296,1.3165546948293296,
CARBO_A,CarboA-P007,MONOTONE_SPLINE,coefficient_9,1.3165546948577236,1.3165546948577236,
CARBO_A,CarboA-P007,MONOTONE_SPLINE,coefficient_10,1.3165546949225837,1.3165546949225837,
CARBO_A,CarboA-P007,MONOTONE_SPLINE,coefficient_11,1.3165546950017215,1.3165546950017215,
CARBO_A,CarboA-P007,MONOTONE_SPLINE,coefficient_12,-0.31666222967745195,-0.31666222967745195,
CARBO_A,CarboA-P008,EMAX,E0,-0.007563898610620017,-0.007563898610620017,0.0
CARBO_A,CarboA-P008,EMAX,log_A,0.1066612709449381,1.1125573351513276,0.0
CARBO_A,CarboA-P008,EMAX,log_K,2.8294119616519984,16.93549917295525,0.0
CARBO_A,CarboA-P008,HILL,E0,-5.339000000003436e-06,-5.339000000003436e-06,0.0
CARBO_A,CarboA-P008,HILL,log_A,-0.0033914087898739257,0.9966143355412895,0.0
CARBO_A,CarboA-P008,HILL,log_K,2.77600579011366,16.05476660329289,0.0
CARBO_A,CarboA-P008,HILL,log_h,1.260469806066626,3.527078140890027,0.0
CARBO_A,CarboA-P008,LOGISTIC,L,-0.5311844174973863,-0.5311844174973863,0.0
CARBO_A,CarboA-P008,LOGISTIC,log_A,0.4238074654828956,1.527767417503445,0.0
CARBO_A,CarboA-P008,LOGISTIC,C,7.480027863782503,7.480027863782503,0.0
CARBO_A,CarboA-P008,LOGISTIC,log_S,2.4754813219706526,11.887427416325169,0.0
CARBO_A,CarboA-P008,WEIBULL,E0,-5.339000000101228e-06,-5.339000000101228e-06,0.0
CARBO_A,CarboA-P008,WEIBULL,log_A,-0.0034174939859476926,0.9965883390000009,0.0
CARBO_A,CarboA-P008,WEIBULL,log_lambda,3.058580880175357,21.297312268486923,0.0
CARBO_A,CarboA-P008,WEIBULL,log_p,0.27144384591319626,1.311857203644832,0.0
CARBO_A,CarboA-P008,MONOTONE_SPLINE,coefficient_0,0.0,0.0,
CARBO_A,CarboA-P008,MONOTONE_SPLINE,coefficient_1,0.12005611294127483,0.12005611294127483,
CARBO_A,CarboA-P008,MONOTONE_SPLINE,coefficient_2,0.24011157123543705,0.24011157123543705,
CARBO_A,CarboA-P008,MONOTONE_SPLINE,coefficient_3,0.36016310164692555,0.36016310164692555,
CARBO_A,CarboA-P008,MONOTONE_SPLINE,coefficient_4,0.48020677629306635,0.48020677629306635,
CARBO_A,CarboA-P008,MONOTONE_SPLINE,coefficient_5,0.6002386672911859,0.6002386672911859,
CARBO_A,CarboA-P008,MONOTONE_SPLINE,coefficient_6,0.7202543724306711,0.7202543724306711,
CARBO_A,CarboA-P008,MONOTONE_SPLINE,coefficient_7,0.8402418566748922,0.8402418566748922,
CARBO_A,CarboA-P008,MONOTONE_SPLINE,coefficient_8,0.9601829478976128,0.9601829478976128,
CARBO_A,CarboA-P008,MONOTONE_SPLINE,coefficient_9,1.0800710987656064,1.0800710987656064,
CARBO_A,CarboA-P008,MONOTONE_SPLINE,coefficient_10,1.1999303361938634,1.1999303361938634,
CARBO_A,CarboA-P008,MONOTONE_SPLINE,coefficient_11,1.3197847547154975,1.3197847547154975,
CARBO_A,CarboA-P008,MONOTONE_SPLINE,coefficient_12,-0.10696840058745455,-0.10696840058745455,
CARBO_A,CarboA-P009,EMAX,E0,-4.998478366297552e-05,-4.998478366297552e-05,0.0
CARBO_A,CarboA-P009,EMAX,log_A,0.009230838972076666,1.009273574560038,0.0
CARBO_A,CarboA-P009,EMAX,log_K,-0.4358566922897423,0.6467103978812991,0.0
CARBO_A,CarboA-P009,HILL,E0,1.0824177520021274e-07,1.0824177520021274e-07,0.0
CARBO_A,CarboA-P009,HILL,log_A,-0.00020464702528400882,0.99979537391349,0.0
CARBO_A,CarboA-P009,HILL,log_K,0.10216262387749594,1.1075635733659972,0.0
CARBO_A,CarboA-P009,HILL,log_h,0.43015451423337964,1.5374950700677261,0.0
CARBO_A,CarboA-P009,LOGISTIC,L,-324.2931573972157,-324.2931573972157,55.0
CARBO_A,CarboA-P009,LOGISTIC,log_A,5.784708097217248,325.2870740507687,55.0
CARBO_A,CarboA-P009,LOGISTIC,C,-10.04879622460788,-10.04879622460788,55.0
CARBO_A,CarboA-P009,LOGISTIC,log_S,0.5517087839670961,1.7362173047769247,55.0
CARBO_A,CarboA-P009,WEIBULL,E0,2.0908968383729042e-08,2.0908968383729042e-08,0.0
CARBO_A,CarboA-P009,WEIBULL,log_A,-0.0008833904814903079,0.9991169995930099,0.0
CARBO_A,CarboA-P009,WEIBULL,log_lambda,0.007943434343489946,1.00797506712023,0.0
CARBO_A,CarboA-P009,WEIBULL,log_p,-0.6630406725338208,0.515282145738432,0.0
CARBO_A,CarboA-P009,MONOTONE_SPLINE,coefficient_0,0.0,0.0,
CARBO_A,CarboA-P009,MONOTONE_SPLINE,coefficient_1,0.47707497991220815,0.47707497991220815,
CARBO_A,CarboA-P009,MONOTONE_SPLINE,coefficient_2,0.9362645463319652,0.9362645463319652,
CARBO_A,CarboA-P009,MONOTONE_SPLINE,coefficient_3,1.2881416317970769,1.2881416317970769,
CARBO_A,CarboA-P009,MONOTONE_SPLINE,coefficient_4,1.4429654954399966,1.4429654954399966,
CARBO_A,CarboA-P009,MONOTONE_SPLINE,coefficient_5,1.4579014079375194,1.4579014079375194,
CARBO_A,CarboA-P009,MONOTONE_SPLINE,coefficient_6,1.4579014079375194,1.4579014079375194,
CARBO_A,CarboA-P009,MONOTONE_SPLINE,coefficient_7,1.4731371858803435,1.4731371858803435,
CARBO_A,CarboA-P009,MONOTONE_SPLINE,coefficient_8,1.4731371858843478,1.4731371858843478,
CARBO_A,CarboA-P009,MONOTONE_SPLINE,coefficient_9,1.473137185884504,1.473137185884504,
CARBO_A,CarboA-P009,MONOTONE_SPLINE,coefficient_10,1.473137185884634,1.473137185884634,
CARBO_A,CarboA-P009,MONOTONE_SPLINE,coefficient_11,1.4731371858847644,1.4731371858847644,
CARBO_A,CarboA-P009,MONOTONE_SPLINE,coefficient_12,-0.4740583068364814,-0.4740583068364814,
CARBO_A,CarboA-P010,EMAX,E0,-0.032445075710141075,-0.032445075710141075,1.0
CARBO_A,CarboA-P010,EMAX,log_A,0.11353023463379797,1.120225757995932,1.0
CARBO_A,CarboA-P010,EMAX,log_K,2.6384506296477195,13.991508776527413,1.0
CARBO_A,CarboA-P010,HILL,E0,6.666660905655335e-07,6.666660905655335e-07,10.0
CARBO_A,CarboA-P010,HILL,log_A,-0.05978114431051872,0.9419706666664515,10.0
CARBO_A,CarboA-P010,HILL,log_K,2.09934604190381,8.16083132543486,10.0
CARBO_A,CarboA-P010,HILL,log_h,3.8204951153392424,45.626793254534576,10.0
CARBO_A,CarboA-P010,LOGISTIC,L,-0.0013962921353358358,-0.0013962921353358358,19.0
CARBO_A,CarboA-P010,LOGISTIC,log_A,-0.05829922515231383,0.943367625878508,19.0
CARBO_A,CarboA-P010,LOGISTIC,C,9.287606785052647,9.287606785052647,19.0
CARBO_A,CarboA-P010,LOGISTIC,log_S,0.3547853930664197,1.425874618864369,19.0
CARBO_A,CarboA-P010,WEIBULL,E0,6.666666666185613e-07,6.666666666185613e-07,3.0
CARBO_A,CarboA-P010,WEIBULL,log_A,-0.059781144309893466,0.9419706666670404,3.0
CARBO_A,CarboA-P010,WEIBULL,log_lambda,2.474933354929357,11.880915282275591,3.0
CARBO_A,CarboA-P010,WEIBULL,log_p,1.0067637157980138,2.736729832403851,3.0
CARBO_A,CarboA-P010,MONOTONE_SPLINE,coefficient_0,0.0,0.0,
CARBO_A,CarboA-P010,MONOTONE_SPLINE,coefficient_1,1.5134529488703373e-13,1.5134529488703373e-13,
CARBO_A,CarboA-P010,MONOTONE_SPLINE,coefficient_2,2.552246407210131e-13,2.552246407210131e-13,
CARBO_A,CarboA-P010,MONOTONE_SPLINE,coefficient_3,3.34359723448832e-13,3.34359723448832e-13,
CARBO_A,CarboA-P010,MONOTONE_SPLINE,coefficient_4,0.004117041480906323,0.004117041480906323,
CARBO_A,CarboA-P010,MONOTONE_SPLINE,coefficient_5,0.34610856033213744,0.34610856033213744,
CARBO_A,CarboA-P010,MONOTONE_SPLINE,coefficient_6,0.9419571919668727,0.9419571919668727,
CARBO_A,CarboA-P010,MONOTONE_SPLINE,coefficient_7,0.9419571919668727,0.9419571919668727,
CARBO_A,CarboA-P010,MONOTONE_SPLINE,coefficient_8,0.9419571919668727,0.9419571919668727,
CARBO_A,CarboA-P010,MONOTONE_SPLINE,coefficient_9,0.9419571919668727,0.9419571919668727,
CARBO_A,CarboA-P010,MONOTONE_SPLINE,coefficient_10,0.9419571919668727,0.9419571919668727,
CARBO_A,CarboA-P010,MONOTONE_SPLINE,coefficient_11,0.9419571919668727,0.9419571919668727,
CARBO_A,CarboA-P010,MONOTONE_SPLINE,coefficient_12,-3.495931884263378e-05,-3.495931884263378e-05,
CARBO_A,CarboA-P011,EMAX,E0,0.2700172316755622,0.2700172316755622,1.0
CARBO_A,CarboA-P011,EMAX,log_A,-0.2615778774252968,0.7698359202504239,1.0
CARBO_A,CarboA-P011,EMAX,log_K,2.5408376989979944,12.690297168657274,1.0
CARBO_A,CarboA-P011,HILL,E0,-233.07733177987177,-233.07733177987177,63.0
CARBO_A,CarboA-P011,HILL,log_A,5.4566363593353655,234.3079695739416,63.0
CARBO_A,CarboA-P011,HILL,log_K,-16.876225032705545,4.685420711070609e-08,63.0
CARBO_A,CarboA-P011,HILL,log_h,-1.1670872796059364,0.311272271231416,63.0
CARBO_A,CarboA-P011,LOGISTIC,L,-752.2659283673764,-752.2659283673764,3.0
CARBO_A,CarboA-P011,LOGISTIC,log_A,6.624417915649638,753.2656207887167,3.0
CARBO_A,CarboA-P011,LOGISTIC,C,-206.7246492531365,-206.7246492531365,3.0
CARBO_A,CarboA-P011,LOGISTIC,log_S,3.36275152025703,28.868514000672782,3.0
CARBO_A,CarboA-P011,WEIBULL,E0,-511.89845118432316,-511.89845118432316,55.0
CARBO_A,CarboA-P011,WEIBULL,log_A,6.240421146659225,513.0745450792018,55.0
CARBO_A,CarboA-P011,WEIBULL,log_lambda,-36.32099103907053,1.6826508703093625e-16,55.0
CARBO_A,CarboA-P011,WEIBULL,log_p,-2.99934739153174,0.049819570434699124,55.0
CARBO_A,CarboA-P011,MONOTONE_SPLINE,coefficient_0,0.0,0.0,
CARBO_A,CarboA-P011,MONOTONE_SPLINE,coefficient_1,0.30610435669367925,0.30610435669367925,
CARBO_A,CarboA-P011,MONOTONE_SPLINE,coefficient_2,0.6122087133873586,0.6122087133873586,
CARBO_A,CarboA-P011,MONOTONE_SPLINE,coefficient_3,0.9183130700810389,0.9183130700810389,
CARBO_A,CarboA-P011,MONOTONE_SPLINE,coefficient_4,1.2172611947273748,1.2172611947273748,
CARBO_A,CarboA-P011,MONOTONE_SPLINE,coefficient_5,1.333377965406457,1.333377965406457,
CARBO_A,CarboA-P011,MONOTONE_SPLINE,coefficient_6,1.333377965406457,1.333377965406457,
CARBO_A,CarboA-P011,MONOTONE_SPLINE,coefficient_7,1.483247815571586,1.483247815571586,
CARBO_A,CarboA-P011,MONOTONE_SPLINE,coefficient_8,1.6365033705089898,1.6365033705089898,
CARBO_A,CarboA-P011,MONOTONE_SPLINE,coefficient_9,1.6365033715762212,1.6365033715762212,
CARBO_A,CarboA-P011,MONOTONE_SPLINE,coefficient_10,1.6365033715762212,1.6365033715762212,
CARBO_A,CarboA-P011,MONOTONE_SPLINE,coefficient_11,1.6365033715762212,1.6365033715762212,
CARBO_A,CarboA-P011,MONOTONE_SPLINE,coefficient_12,-0.6321984739835736,-0.6321984739835736,
CARBO_A,CarboA-P012,EMAX,E0,-0.07499552499773204,-0.07499552499773204,0.0
CARBO_A,CarboA-P012,EMAX,log_A,0.1388039837749418,1.148898875109987,0.0
CARBO_A,CarboA-P012,EMAX,log_K,1.2380520946106164,3.4488888082946256,0.0
CARBO_A,CarboA-P012,HILL,E0,-0.04910074730390031,-0.04910074730390031,0.0
CARBO_A,CarboA-P012,HILL,log_A,0.0597300440898678,1.0615499361818468,0.0
CARBO_A,CarboA-P012,HILL,log_K,1.2434739109807218,3.4676388337601805,0.0
CARBO_A,CarboA-P012,HILL,log_h,0.397528498088621,1.4881422025708986,0.0
CARBO_A,CarboA-P012,LOGISTIC,L,-11.84480533432196,-11.84480533432196,2.0
CARBO_A,CarboA-P012,LOGISTIC,log_A,2.55181016282288,12.830307720916354,2.0
CARBO_A,CarboA-P012,LOGISTIC,C,-11.511014109327146,-11.511014109327146,2.0
CARBO_A,CarboA-P012,LOGISTIC,log_S,1.5550733176296911,4.735433703206811,2.0
CARBO_A,CarboA-P012,WEIBULL,E0,-0.05378184122535221,-0.05378184122535221,0.0
CARBO_A,CarboA-P012,WEIBULL,log_A,0.04011883430394412,1.0409344655655204,0.0
CARBO_A,CarboA-P012,WEIBULL,log_lambda,1.6094272839134383,4.999946857679102,0.0
CARBO_A,CarboA-P012,WEIBULL,log_p,0.0005128695649227964,1.0005130011050047,0.0
CARBO_A,CarboA-P012,MONOTONE_SPLINE,coefficient_0,0.0,0.0,
CARBO_A,CarboA-P012,MONOTONE_SPLINE,coefficient_1,0.2518293127117122,0.2518293127117122,
CARBO_A,CarboA-P012,MONOTONE_SPLINE,coefficient_2,0.48664753202776645,0.48664753202776645,
CARBO_A,CarboA-P012,MONOTONE_SPLINE,coefficient_3,0.6194311247325575,0.6194311247325575,
CARBO_A,CarboA-P012,MONOTONE_SPLINE,coefficient_4,0.7817409885929067,0.7817409885929067,
CARBO_A,CarboA-P012,MONOTONE_SPLINE,coefficient_5,1.2159138532681253,1.2159138532681253,
CARBO_A,CarboA-P012,MONOTONE_SPLINE,coefficient_6,1.215913853331391,1.215913853331391,
CARBO_A,CarboA-P012,MONOTONE_SPLINE,coefficient_7,1.2777166040491523,1.2777166040491523,
CARBO_A,CarboA-P012,MONOTONE_SPLINE,coefficient_8,1.300926071088619,1.300926071088619,
CARBO_A,CarboA-P012,MONOTONE_SPLINE,coefficient_9,1.3009260710886308,1.3009260710886308,
CARBO_A,CarboA-P012,MONOTONE_SPLINE,coefficient_10,1.300926071088669,1.300926071088669,
CARBO_A,CarboA-P012,MONOTONE_SPLINE,coefficient_11,1.300926071088714,1.300926071088714,
CARBO_A,CarboA-P012,MONOTONE_SPLINE,coefficient_12,-0.3055471309260828,-0.3055471309260828,
CARBO_A,CarboA-P013,EMAX,E0,0.011937278067230255,0.011937278067230255,11.0
CARBO_A,CarboA-P013,EMAX,log_A,-0.07290893930416546,0.9296854839784886,11.0
CARBO_A,CarboA-P013,EMAX,log_K,2.1300583055182245,8.415357458913949,11.0
CARBO_A,CarboA-P013,HILL,E0,-0.1592227935621003,-0.1592227935621003,28.0
CARBO_A,CarboA-P013,HILL,log_A,24.530673641399368,45033551662.43883,28.0
CARBO_A,CarboA-P013,HILL,log_K,134.2747566359397,2.064362046339636e+58,28.0
CARBO_A,CarboA-P013,HILL,log_h,-1.6662139766851585,0.18896112428660883,28.0
CARBO_A,CarboA-P013,LOGISTIC,L,-748.7291296612325,-748.7291296612325,5.0
CARBO_A,CarboA-P013,LOGISTIC,log_A,6.619576859886483,749.6278323868088,5.0
CARBO_A,CarboA-P013,LOGISTIC,C,-114.51749915516027,-114.51749915516027,5.0
CARBO_A,CarboA-P013,LOGISTIC,log_S,2.8180600400286266,16.744335802360464,5.0
CARBO_A,CarboA-P013,WEIBULL,E0,-0.15922279629209635,-0.15922279629209635,33.0
CARBO_A,CarboA-P013,WEIBULL,log_A,23.907330363944517,24144691131.230526,33.0
CARBO_A,CarboA-P013,WEIBULL,log_lambda,130.97596489513467,7.6232263642444716e+56,33.0
CARBO_A,CarboA-P013,WEIBULL,log_p,-1.6662139888661271,0.18896112198487933,33.0
CARBO_A,CarboA-P013,MONOTONE_SPLINE,coefficient_0,0.0,0.0,
CARBO_A,CarboA-P013,MONOTONE_SPLINE,coefficient_1,0.1109345509145695,0.1109345509145695,
CARBO_A,CarboA-P013,MONOTONE_SPLINE,coefficient_2,0.2218603582815028,0.2218603582815028,
CARBO_A,CarboA-P013,MONOTONE_SPLINE,coefficient_3,0.33273370674039804,0.33273370674039804,
CARBO_A,CarboA-P013,MONOTONE_SPLINE,coefficient_4,0.44351966286595323,0.44351966286595323,
CARBO_A,CarboA-P013,MONOTONE_SPLINE,coefficient_5,0.5542510456288016,0.5542510456288016,
CARBO_A,CarboA-P013,MONOTONE_SPLINE,coefficient_6,0.6649721407130631,0.6649721407130631,
CARBO_A,CarboA-P013,MONOTONE_SPLINE,coefficient_7,0.7756698104498427,0.7756698104498427,
CARBO_A,CarboA-P013,MONOTONE_SPLINE,coefficient_8,0.8863364889220373,0.8863364889220373,
CARBO_A,CarboA-P013,MONOTONE_SPLINE,coefficient_9,0.9969774775830815,0.9969774775830815,
CARBO_A,CarboA-P013,MONOTONE_SPLINE,coefficient_10,1.1076068736117082,1.1076068736117082,
CARBO_A,CarboA-P013,MONOTONE_SPLINE,coefficient_11,1.2182344044285607,1.2182344044285607,
CARBO_A,CarboA-P013,MONOTONE_SPLINE,coefficient_12,-0.10499855061396861,-0.10499855061396861,
CARBO_A,CarboA-P014,EMAX,E0,0.0035440645852616594,0.0035440645852616594,0.0
CARBO_A,CarboA-P014,EMAX,log_A,-0.22538867032878557,0.7982059195040543,0.0
CARBO_A,CarboA-P014,EMAX,log_K,0.554654134848844,1.7413386122679053,0.0
CARBO_A,CarboA-P014,HILL,E0,0.000706446162948462,0.000706446162948462,24.0
CARBO_A,CarboA-P014,HILL,log_A,22.741085281981057,7521905110.466981,24.0
CARBO_A,CarboA-P014,HILL,log_K,96.60159050256195,8.985405857757551e+41,24.0
CARBO_A,CarboA-P014,HILL,log_h,-1.4048350785453865,0.24540752608185412,24.0
CARBO_A,CarboA-P014,LOGISTIC,L,-1108.25695055436,-1108.25695055436,44.0
CARBO_A,CarboA-P014,LOGISTIC,log_A,7.0111724482733155,1108.9539341203235,44.0
CARBO_A,CarboA-P014,LOGISTIC,C,-16.795688192195467,-16.795688192195467,44.0
CARBO_A,CarboA-P014,LOGISTIC,log_S,0.8212470170235048,2.2733329555877586,44.0
CARBO_A,CarboA-P014,WEIBULL,E0,0.0007064412566824628,0.0007064412566824628,1.0
CARBO_A,CarboA-P014,WEIBULL,log_A,20.27882981842748,641185790.990908,1.0
CARBO_A,CarboA-P014,WEIBULL,log_lambda,86.56826303249878,3.945653493746843e+37,1.0
CARBO_A,CarboA-P014,WEIBULL,log_p,-1.4048351459779331,0.2454075095334002,1.0
CARBO_A,CarboA-P014,MONOTONE_SPLINE,coefficient_0,0.0,0.0,
CARBO_A,CarboA-P014,MONOTONE_SPLINE,coefficient_1,0.15690833694042378,0.15690833694042378,
CARBO_A,CarboA-P014,MONOTONE_SPLINE,coefficient_2,0.31202194150169527,0.31202194150169527,
CARBO_A,CarboA-P014,MONOTONE_SPLINE,coefficient_3,0.45636715178805337,0.45636715178805337,
CARBO_A,CarboA-P014,MONOTONE_SPLINE,coefficient_4,0.5795155120253921,0.5795155120253921,
CARBO_A,CarboA-P014,MONOTONE_SPLINE,coefficient_5,0.6794627825283889,0.6794627825283889,
CARBO_A,CarboA-P014,MONOTONE_SPLINE,coefficient_6,0.7654294039637484,0.7654294039637484,
CARBO_A,CarboA-P014,MONOTONE_SPLINE,coefficient_7,0.848956637347059,0.848956637347059,
CARBO_A,CarboA-P014,MONOTONE_SPLINE,coefficient_8,0.9325303516909614,0.9325303516909614,
CARBO_A,CarboA-P014,MONOTONE_SPLINE,coefficient_9,1.01610581089371,1.01610581089371,
CARBO_A,CarboA-P014,MONOTONE_SPLINE,coefficient_10,1.0996812700964589,1.0996812700964589,
CARBO_A,CarboA-P014,MONOTONE_SPLINE,coefficient_11,1.1832567292992076,1.1832567292992076,
CARBO_A,CarboA-P014,MONOTONE_SPLINE,coefficient_12,-0.12071456178879271,-0.12071456178879271,
CDDP,CDDP-P001,EMAX,E0,-0.009594520402697919,-0.009594520402697919,0.0
CDDP,CDDP-P001,EMAX,log_A,0.04459567289062518,1.0456050079788044,0.0
CDDP,CDDP-P001,EMAX,log_K,0.37148754030965864,1.4498897808111755,0.0
CDDP,CDDP-P001,HILL,E0,-2.984463715367574e-05,-2.984463715367574e-05,0.0
CDDP,CDDP-P001,HILL,log_A,-0.012348869744484521,0.987727064658093,0.0
CDDP,CDDP-P001,HILL,log_K,0.7233982122893132,2.0614264864159346,0.0
CDDP,CDDP-P001,HILL,log_h,0.8397096276728299,2.315694465555514,0.0
CDDP,CDDP-P001,LOGISTIC,L,-0.7282654843066193,-0.7282654843066193,0.0
CDDP,CDDP-P001,LOGISTIC,log_A,0.5378182440864122,1.7122670352437845,0.0
CDDP,CDDP-P001,LOGISTIC,C,0.5151305902820603,0.5151305902820603,0.0
CDDP,CDDP-P001,LOGISTIC,log_S,0.5355062521806512,1.708312860489169,0.0
CDDP,CDDP-P001,WEIBULL,E0,-0.00024274601471799246,-0.00024274601471799246,0.0
CDDP,CDDP-P001,WEIBULL,log_A,-0.016110712098470613,0.9840183712856043,0.0
CDDP,CDDP-P001,WEIBULL,log_lambda,1.012021428551503,2.7511566645822554,0.0
CDDP,CDDP-P001,WEIBULL,log_p,0.24304420355677797,1.275124987932513,0.0
CDDP,CDDP-P001,MONOTONE_SPLINE,coefficient_0,0.0,0.0,
CDDP,CDDP-P001,MONOTONE_SPLINE,coefficient_1,0.2621637290855536,0.2621637290855536,
CDDP,CDDP-P001,MONOTONE_SPLINE,coefficient_2,0.5293451729898586,0.5293451729898586,
CDDP,CDDP-P001,MONOTONE_SPLINE,coefficient_3,0.826525203018029,0.826525203018029,
CDDP,CDDP-P001,MONOTONE_SPLINE,coefficient_4,1.1208672446391155,1.1208672446391155,
CDDP,CDDP-P001,MONOTONE_SPLINE,coefficient_5,1.2548897880314736,1.2548897880314736,
CDDP,CDDP-P001,MONOTONE_SPLINE,coefficient_6,1.254889788031484,1.254889788031484,
CDDP,CDDP-P001,MONOTONE_SPLINE,coefficient_7,1.254889788031484,1.254889788031484,
CDDP,CDDP-P001,MONOTONE_SPLINE,coefficient_8,1.254889788031484,1.254889788031484,
CDDP,CDDP-P001,MONOTONE_SPLINE,coefficient_9,1.254889788031484,1.254889788031484,
CDDP,CDDP-P001,MONOTONE_SPLINE,coefficient_10,1.254889788031484,1.254889788031484,
CDDP,CDDP-P001,MONOTONE_SPLINE,coefficient_11,1.254889788031484,1.254889788031484,
CDDP,CDDP-P001,MONOTONE_SPLINE,coefficient_12,-0.26646349638396566,-0.26646349638396566,
CDDP,CDDP-P002,EMAX,E0,-0.019092477006773967,-0.019092477006773967,0.0
CDDP,CDDP-P002,EMAX,log_A,0.07788981199340711,1.0810035384823704,0.0
CDDP,CDDP-P002,EMAX,log_K,0.882531246488637,2.4170100179233036,0.0
CDDP,CDDP-P002,HILL,E0,0.0010110100091971126,0.0010110100091971126,0.0
CDDP,CDDP-P002,HILL,log_A,0.011516826766217217,1.0115834007437832,0.0
CDDP,CDDP-P002,HILL,log_K,1.0463847664520902,2.8473386940154803,0.0
CDDP,CDDP-P002,HILL,log_h,0.542864766028131,1.720929868611591,0.0
CDDP,CDDP-P002,LOGISTIC,L,-1.4433054254107391,-1.4433054254107391,0.0
CDDP,CDDP-P002,LOGISTIC,log_A,0.8934896608188758,2.4436422722641034,0.0
CDDP,CDDP-P002,LOGISTIC,C,-1.126676858303245,-1.126676858303245,0.0
CDDP,CDDP-P002,LOGISTIC,log_S,1.1131415352137313,3.0439059272859605,0.0
CDDP,CDDP-P002,WEIBULL,E0,0.0009894416288598747,0.0009894416288598747,0.0
CDDP,CDDP-P002,WEIBULL,log_A,-0.0006470512493412822,0.9993531580431749,0.0
CDDP,CDDP-P002,WEIBULL,log_lambda,1.4120322246105732,4.1042877691982,0.0
CDDP,CDDP-P002,WEIBULL,log_p,0.12750984517094718,1.1359960522614374,0.0
CDDP,CDDP-P002,MONOTONE_SPLINE,coefficient_0,0.0,0.0,
CDDP,CDDP-P002,MONOTONE_SPLINE,coefficient_1,0.21313686169148893,0.21313686169148893,
CDDP,CDDP-P002,MONOTONE_SPLINE,coefficient_2,0.42470945966258455,0.42470945966258455,
CDDP,CDDP-P002,MONOTONE_SPLINE,coefficient_3,0.6270113340559519,0.6270113340559519,
CDDP,CDDP-P002,MONOTONE_SPLINE,coefficient_4,0.8777817966174418,0.8777817966174418,
CDDP,CDDP-P002,MONOTONE_SPLINE,coefficient_5,1.2165456910068615,1.2165456910068615,
CDDP,CDDP-P002,MONOTONE_SPLINE,coefficient_6,1.2165456910068961,1.2165456910068961,
CDDP,CDDP-P002,MONOTONE_SPLINE,coefficient_7,1.2165456910069203,1.2165456910069203,
CDDP,CDDP-P002,MONOTONE_SPLINE,coefficient_8,1.2165456910077874,1.2165456910077874,
CDDP,CDDP-P002,MONOTONE_SPLINE,coefficient_9,1.216545691032212,1.216545691032212,
CDDP,CDDP-P002,MONOTONE_SPLINE,coefficient_10,1.216545691130072,1.216545691130072,
CDDP,CDDP-P002,MONOTONE_SPLINE,coefficient_11,1.2165456912581505,1.2165456912581505,
CDDP,CDDP-P002,MONOTONE_SPLINE,coefficient_12,-0.2174582183470711,-0.2174582183470711,
CDDP,CDDP-P003,EMAX,E0,-0.0206161160804741,-0.0206161160804741,0.0
CDDP,CDDP-P003,EMAX,log_A,0.17793299762333298,1.194745267780492,0.0
CDDP,CDDP-P003,EMAX,log_K,2.7242297390395116,15.244667031482493,0.0
CDDP,CDDP-P003,HILL,E0,0.06597789255763122,0.06597789255763122,0.0
CDDP,CDDP-P003,HILL,log_A,-0.030690401758559253,0.9697757674760014,0.0
CDDP,CDDP-P003,HILL,log_K,2.6468927371523283,14.110126585435932,0.0
CDDP,CDDP-P003,HILL,log_h,0.6115965345187422,1.8433720578463957,0.0
CDDP,CDDP-P003,LOGISTIC,L,-0.5148140908580454,-0.5148140908580454,0.0
CDDP,CDDP-P003,LOGISTIC,log_A,0.41718538564738344,1.5176838436588198,0.0
CDDP,CDDP-P003,LOGISTIC,C,5.923368023327264,5.923368023327264,0.0
CDDP,CDDP-P003,LOGISTIC,log_S,2.3659071218560124,10.653698638412552,0.0
CDDP,CDDP-P003,WEIBULL,E0,0.04025677184844234,0.04025677184844234,0.0
CDDP,CDDP-P003,WEIBULL,log_A,-0.034788909698211086,0.9658092677110688,0.0
CDDP,CDDP-P003,WEIBULL,log_lambda,2.920577880668467,18.552005207829794,0.0
CDDP,CDDP-P003,WEIBULL,log_p,0.2193036325849602,1.2452093054139266,0.0
CDDP,CDDP-P003,MONOTONE_SPLINE,coefficient_0,0.0,0.0,
CDDP,CDDP-P003,MONOTONE_SPLINE,coefficient_1,0.08252369465239821,0.08252369465239821,
CDDP,CDDP-P003,MONOTONE_SPLINE,coefficient_2,0.1625729822005372,0.1625729822005372,
CDDP,CDDP-P003,MONOTONE_SPLINE,coefficient_3,0.22782205647892062,0.22782205647892062,
CDDP,CDDP-P003,MONOTONE_SPLINE,coefficient_4,0.2904414914659708,0.2904414914659708,
CDDP,CDDP-P003,MONOTONE_SPLINE,coefficient_5,0.4352406355357506,0.4352406355357506,
CDDP,CDDP-P003,MONOTONE_SPLINE,coefficient_6,0.717149760346883,0.717149760346883,
CDDP,CDDP-P003,MONOTONE_SPLINE,coefficient_7,0.9802474425402299,0.9802474425402299,
CDDP,CDDP-P003,MONOTONE_SPLINE,coefficient_8,1.08947773331763,1.08947773331763,
CDDP,CDDP-P003,MONOTONE_SPLINE,coefficient_9,1.0894777333268864,1.0894777333268864,
CDDP,CDDP-P003,MONOTONE_SPLINE,coefficient_10,1.0894777333268895,1.0894777333268895,
CDDP,CDDP-P003,MONOTONE_SPLINE,coefficient_11,1.0894777333269225,1.0894777333269225,
CDDP,CDDP-P003,MONOTONE_SPLINE,coefficient_12,-0.08043067434009625,-0.08043067434009625,
CDDP,CDDP-P004,EMAX,E0,-0.18560033931392478,-0.18560033931392478,0.0
CDDP,CDDP-P004,EMAX,log_A,0.013322181126502332,1.0134113167687129,0.0
CDDP,CDDP-P004,EMAX,log_K,3.468249814630457,32.080546379412006,0.0
CDDP,CDDP-P004,HILL,E0,-0.11497722251529573,-0.11497722251529573,1.0
CDDP,CDDP-P004,HILL,log_A,-0.3379308254406866,0.7132446245744287,1.0
CDDP,CDDP-P004,HILL,log_K,3.124580401650622,22.750347082418404,1.0
CDDP,CDDP-P004,HILL,log_h,1.2287058027084434,3.4168046542428145,1.0
CDDP,CDDP-P004,LOGISTIC,L,-0.12757251823537272,-0.12757251823537272,7.0
CDDP,CDDP-P004,LOGISTIC,log_A,-0.3431490697945358,0.7095324338221454,7.0
CDDP,CDDP-P004,LOGISTIC,C,23.131438876194434,23.131438876194434,7.0
CDDP,CDDP-P004,LOGISTIC,log_S,1.6641621210292015,5.2812463501603055,7.0
CDDP,CDDP-P004,WEIBULL,E0,-0.12096210210358659,-0.12096210210358659,0.0
CDDP,CDDP-P004,WEIBULL,log_A,-0.35206195004359814,0.703236555091622,0.0
CDDP,CDDP-P004,WEIBULL,log_lambda,3.272135314958355,26.36758236665416,0.0
CDDP,CDDP-P004,WEIBULL,log_p,0.9157636023834366,2.498682523544057,0.0
CDDP,CDDP-P004,MONOTONE_SPLINE,coefficient_0,0.0,0.0,
CDDP,CDDP-P004,MONOTONE_SPLINE,coefficient_1,3.326992600043484e-20,3.326992600043484e-20,
CDDP,CDDP-P004,MONOTONE_SPLINE,coefficient_2,6.022868152648217e-20,6.022868152648217e-20,
CDDP,CDDP-P004,MONOTONE_SPLINE,coefficient_3,1.3937335161612427e-19,1.3937335161612427e-19,
CDDP,CDDP-P004,MONOTONE_SPLINE,coefficient_4,5.71274545881141e-15,5.71274545881141e-15,
CDDP,CDDP-P004,MONOTONE_SPLINE,coefficient_5,0.04418401869268814,0.04418401869268814,
CDDP,CDDP-P004,MONOTONE_SPLINE,coefficient_6,0.2585549395380863,0.2585549395380863,
CDDP,CDDP-P004,MONOTONE_SPLINE,coefficient_7,0.571813284087813,0.571813284087813,
CDDP,CDDP-P004,MONOTONE_SPLINE,coefficient_8,0.7235393045446518,0.7235393045446518,
CDDP,CDDP-P004,MONOTONE_SPLINE,coefficient_9,0.7235393045446518,0.7235393045446518,
CDDP,CDDP-P004,MONOTONE_SPLINE,coefficient_10,0.7235393045446518,0.7235393045446518,
CDDP,CDDP-P004,MONOTONE_SPLINE,coefficient_11,0.7235393045446519,0.7235393045446519,
CDDP,CDDP-P004,MONOTONE_SPLINE,coefficient_12,-0.12427385596951128,-0.12427385596951128,
CDDP,CDDP-P005,EMAX,E0,-0.017272243566563806,-0.017272243566563806,3.0
CDDP,CDDP-P005,EMAX,log_A,0.5124565294393829,1.6693870605388996,3.0
CDDP,CDDP-P005,EMAX,log_K,4.6959596752173836,109.50384636026382,3.0
CDDP,CDDP-P005,HILL,E0,0.050079942290553826,0.050079942290553826,0.0
CDDP,CDDP-P005,HILL,log_A,0.0018188684926590808,1.0018205236373006,0.0
CDDP,CDDP-P005,HILL,log_K,3.9319098982101965,51.00429772085163,0.0
CDDP,CDDP-P005,HILL,log_h,0.8839556508085619,2.420455270567996,0.0
CDDP,CDDP-P005,LOGISTIC,L,-0.05625831854011578,-0.05625831854011578,0.0
CDDP,CDDP-P005,LOGISTIC,log_A,0.053672215146767704,1.0551386869856474,0.0
CDDP,CDDP-P005,LOGISTIC,C,47.33036077479049,47.33036077479049,0.0
CDDP,CDDP-P005,LOGISTIC,log_S,2.9992448246148884,20.070374545954138,0.0
CDDP,CDDP-P005,WEIBULL,E0,0.04613146242483533,0.04613146242483533,0.0
CDDP,CDDP-P005,WEIBULL,log_A,-0.049699371380900824,0.9515154342782564,0.0
CDDP,CDDP-P005,WEIBULL,log_lambda,4.112739512046589,61.11391074590013,0.0
CDDP,CDDP-P005,WEIBULL,log_p,0.648318393712439,1.912322350377137,0.0
CDDP,CDDP-P005,MONOTONE_SPLINE,coefficient_0,0.0,0.0,
CDDP,CDDP-P005,MONOTONE_SPLINE,coefficient_1,0.09040544700185162,0.09040544700185162,
CDDP,CDDP-P005,MONOTONE_SPLINE,coefficient_2,0.16750345870370442,0.16750345870370442,
CDDP,CDDP-P005,MONOTONE_SPLINE,coefficient_3,0.16750345870372407,0.16750345870372407,
CDDP,CDDP-P005,MONOTONE_SPLINE,coefficient_4,0.16750345870372843,0.16750345870372843,
CDDP,CDDP-P005,MONOTONE_SPLINE,coefficient_5,0.16750345870376585,0.16750345870376585,
CDDP,CDDP-P005,MONOTONE_SPLINE,coefficient_6,0.2433255199394468,0.2433255199394468,
CDDP,CDDP-P005,MONOTONE_SPLINE,coefficient_7,0.40926108855651777,0.40926108855651777,
CDDP,CDDP-P005,MONOTONE_SPLINE,coefficient_8,0.7116261759206063,0.7116261759206063,
CDDP,CDDP-P005,MONOTONE_SPLINE,coefficient_9,1.1146023628546968,1.1146023628546968,
CDDP,CDDP-P005,MONOTONE_SPLINE,coefficient_10,1.1146023628546968,1.1146023628546968,
CDDP,CDDP-P005,MONOTONE_SPLINE,coefficient_11,1.1146023628546968,1.1146023628546968,
CDDP,CDDP-P005,MONOTONE_SPLINE,coefficient_12,-0.10552358695761904,-0.10552358695761904,
CDDP,CDDP-P006,EMAX,E0,-0.24820114895296563,-0.24820114895296563,2.0
CDDP,CDDP-P006,EMAX,log_A,0.34377908144329833,1.4102670469305245,2.0
CDDP,CDDP-P006,EMAX,log_K,2.7380893819175087,15.457423631898596,2.0
CDDP,CDDP-P006,HILL,E0,-0.1940176041107296,-0.1940176041107296,29.0
CDDP,CDDP-P006,HILL,log_A,0.16226944851760958,1.1761771178089724,29.0
CDDP,CDDP-P006,HILL,log_K,2.338778348923719,10.368562057399712,29.0
CDDP,CDDP-P006,HILL,log_h,2.415360072952845,11.193800216685103,29.0
CDDP,CDDP-P006,LOGISTIC,L,-0.19401760002395665,-0.19401760002395665,59.0
CDDP,CDDP-P006,LOGISTIC,log_A,0.16226943338011005,1.176177100004592,59.0
CDDP,CDDP-P006,LOGISTIC,C,10.142947845134957,10.142947845134957,59.0
CDDP,CDDP-P006,LOGISTIC,log_S,-1.0417595678874294,0.35283330129179796,59.0
CDDP,CDDP-P006,WEIBULL,E0,-0.1940176,-0.1940176,1.0
CDDP,CDDP-P006,WEIBULL,log_A,0.16226943337620586,1.1761771,1.0
CDDP,CDDP-P006,WEIBULL,log_lambda,2.321955254621663,10.195589803878605,1.0
CDDP,CDDP-P006,WEIBULL,log_p,3.545741117219089,34.6653669248879,1.0
CDDP,CDDP-P006,MONOTONE_SPLINE,coefficient_0,0.0,0.0,
CDDP,CDDP-P006,MONOTONE_SPLINE,coefficient_1,2.64730955942892e-20,2.64730955942892e-20,
CDDP,CDDP-P006,MONOTONE_SPLINE,coefficient_2,4.0566096423369045e-20,4.0566096423369045e-20,
CDDP,CDDP-P006,MONOTONE_SPLINE,coefficient_3,3.083120488778486e-18,3.083120488778486e-18,
CDDP,CDDP-P006,MONOTONE_SPLINE,coefficient_4,0.18071424473361727,0.18071424473361727,
CDDP,CDDP-P006,MONOTONE_SPLINE,coefficient_5,0.5011654256806313,0.5011654256806313,
CDDP,CDDP-P006,MONOTONE_SPLINE,coefficient_6,0.8534998605882611,0.8534998605882611,
CDDP,CDDP-P006,MONOTONE_SPLINE,coefficient_7,1.1225976615816147,1.1225976615816147,
CDDP,CDDP-P006,MONOTONE_SPLINE,coefficient_8,1.2055206047931102,1.2055206047931102,
CDDP,CDDP-P006,MONOTONE_SPLINE,coefficient_9,1.2055206047931113,1.2055206047931113,
CDDP,CDDP-P006,MONOTONE_SPLINE,coefficient_10,1.2055206047931113,1.2055206047931113,
CDDP,CDDP-P006,MONOTONE_SPLINE,coefficient_11,1.2055206047931115,1.2055206047931115,
CDDP,CDDP-P006,MONOTONE_SPLINE,coefficient_12,-0.19783614943386946,-0.19783614943386946,
CDDP,CDDP-P007,EMAX,E0,0.0461263989428726,0.0461263989428726,0.0
CDDP,CDDP-P007,EMAX,log_A,0.03834912864015583,1.0390939470145824,0.0
CDDP,CDDP-P007,EMAX,log_K,2.5504499880524096,12.812868123196118,0.0
CDDP,CDDP-P007,HILL,E0,0.02088123411160511,0.02088123411160511,1.0
CDDP,CDDP-P007,HILL,log_A,0.11719774712949302,1.1243417430611564,1.0
CDDP,CDDP-P007,HILL,log_K,2.6033284865360073,13.50862656977466,1.0
CDDP,CDDP-P007,HILL,log_h,-0.24285264713924132,0.7843870869375315,1.0
CDDP,CDDP-P007,LOGISTIC,L,-565.665203497672,-565.665203497672,63.0
CDDP,CDDP-P007,LOGISTIC,log_A,6.339780598101567,566.6719688358478,63.0
CDDP,CDDP-P007,LOGISTIC,C,-123.18997877629332,-123.18997877629332,63.0
CDDP,CDDP-P007,LOGISTIC,log_S,2.9566503904215926,19.233439224196466,63.0
CDDP,CDDP-P007,WEIBULL,E0,0.029322920039990683,0.029322920039990683,0.0
CDDP,CDDP-P007,WEIBULL,log_A,-0.003850534620941441,0.9961568691815776,0.0
CDDP,CDDP-P007,WEIBULL,log_lambda,2.940786768674588,18.93073456362375,0.0
CDDP,CDDP-P007,WEIBULL,log_p,-0.3317022907879121,0.7177009572388976,0.0
CDDP,CDDP-P007,MONOTONE_SPLINE,coefficient_0,0.0,0.0,
CDDP,CDDP-P007,MONOTONE_SPLINE,coefficient_1,0.24982401801083032,0.24982401801083032,
CDDP,CDDP-P007,MONOTONE_SPLINE,coefficient_2,0.47934726085364165,0.47934726085364165,
CDDP,CDDP-P007,MONOTONE_SPLINE,coefficient_3,0.5877846539112468,0.5877846539112468,
CDDP,CDDP-P007,MONOTONE_SPLINE,coefficient_4,0.5877846539715039,0.5877846539715039,
CDDP,CDDP-P007,MONOTONE_SPLINE,coefficient_5,0.6157823008268788,0.6157823008268788,
CDDP,CDDP-P007,MONOTONE_SPLINE,coefficient_6,0.8773317431522405,0.8773317431522405,
CDDP,CDDP-P007,MONOTONE_SPLINE,coefficient_7,1.1712503141635302,1.1712503141635302,
CDDP,CDDP-P007,MONOTONE_SPLINE,coefficient_8,1.2458694505393169,1.2458694505393169,
CDDP,CDDP-P007,MONOTONE_SPLINE,coefficient_9,1.2458694505393442,1.2458694505393442,
CDDP,CDDP-P007,MONOTONE_SPLINE,coefficient_10,1.2458694505393493,1.2458694505393493,
CDDP,CDDP-P007,MONOTONE_SPLINE,coefficient_11,1.245869450539355,1.245869450539355,
CDDP,CDDP-P007,MONOTONE_SPLINE,coefficient_12,-0.24387162172686866,-0.24387162172686866,
CDDP,CDDP-P008,EMAX,E0,0.08013887522010404,0.08013887522010404,0.0
CDDP,CDDP-P008,EMAX,log_A,-0.13106350022082303,0.8771620726372154,0.0
CDDP,CDDP-P008,EMAX,log_K,2.226142380111101,9.264059838967455,0.0
CDDP,CDDP-P008,HILL,E0,0.01220745532853625,0.01220745532853625,0.0
CDDP,CDDP-P008,HILL,log_A,0.24951042321643224,1.2833969415102013,0.0
CDDP,CDDP-P008,HILL,log_K,3.2291094931000273,25.257155282442742,0.0
CDDP,CDDP-P008,HILL,log_h,-0.7175043643040148,0.4879685293213893,0.0
CDDP,CDDP-P008,LOGISTIC,L,-1367.0627928025324,-1367.0627928025324,38.0
CDDP,CDDP-P008,LOGISTIC,log_A,7.2210560739755465,1367.9329365287736,38.0
CDDP,CDDP-P008,LOGISTIC,C,-86.38453490751306,-86.38453490751306,38.0
CDDP,CDDP-P008,LOGISTIC,log_S,2.445517529045626,11.536518537584644,38.0
CDDP,CDDP-P008,WEIBULL,E0,0.010301283162358957,0.010301283162358957,0.0
CDDP,CDDP-P008,WEIBULL,log_A,0.09000838277649169,1.094183455962118,0.0
CDDP,CDDP-P008,WEIBULL,log_lambda,3.565632550857868,35.361814477359545,0.0
CDDP,CDDP-P008,WEIBULL,log_p,-0.9150405840799452,0.4005003718218807,0.0
CDDP,CDDP-P008,MONOTONE_SPLINE,coefficient_0,0.0,0.0,
CDDP,CDDP-P008,MONOTONE_SPLINE,coefficient_1,0.10193222667638457,0.10193222667638457,
CDDP,CDDP-P008,MONOTONE_SPLINE,coefficient_2,0.20386323784059174,0.20386323784059174,
CDDP,CDDP-P008,MONOTONE_SPLINE,coefficient_3,0.3057869585446177,0.3057869585446177,
CDDP,CDDP-P008,MONOTONE_SPLINE,coefficient_4,0.4076965844598376,0.4076965844598376,
CDDP,CDDP-P008,MONOTONE_SPLINE,coefficient_5,0.5095863659447004,0.5095863659447004,
CDDP,CDDP-P008,MONOTONE_SPLINE,coefficient_6,0.611453199543056,0.611453199543056,
CDDP,CDDP-P008,MONOTONE_SPLINE,coefficient_7,0.7133015620604948,0.7133015620604948,
CDDP,CDDP-P008,MONOTONE_SPLINE,coefficient_8,0.815137286782193,0.815137286782193,
CDDP,CDDP-P008,MONOTONE_SPLINE,coefficient_9,0.9169651448237767,0.9169651448237767,
CDDP,CDDP-P008,MONOTONE_SPLINE,coefficient_10,1.0187890804297575,1.0187890804297575,
CDDP,CDDP-P008,MONOTONE_SPLINE,coefficient_11,1.1206123622964714,1.1206123622964714,
CDDP,CDDP-P008,MONOTONE_SPLINE,coefficient_12,-0.01132429345897569,-0.01132429345897569,
CDDP,CDDP-P009,EMAX,E0,-0.012910375444135685,-0.012910375444135685,0.0
CDDP,CDDP-P009,EMAX,log_A,0.12029208480296714,1.1278262243751678,0.0
CDDP,CDDP-P009,EMAX,log_K,2.916946943501758,18.48476618680555,0.0
CDDP,CDDP-P009,HILL,E0,5.877813083903806e-18,5.877813083903806e-18,0.0
CDDP,CDDP-P009,HILL,log_A,0.001637907943378399,1.0016392500472413,0.0
CDDP,CDDP-P009,HILL,log_K,2.7208389743842805,15.193063490504498,0.0
CDDP,CDDP-P009,HILL,log_h,0.572914049675097,1.7734273845422994,0.0
CDDP,CDDP-P009,LOGISTIC,L,-2.3518496666264865,-2.3518496666264865,0.0
CDDP,CDDP-P009,LOGISTIC,log_A,1.207933771542534,3.346562740716499,0.0
CDDP,CDDP-P009,LOGISTIC,C,-16.497461413204817,-16.497461413204817,0.0
CDDP,CDDP-P009,LOGISTIC,log_S,2.953444620380089,19.171879966069362,0.0
CDDP,CDDP-P009,WEIBULL,E0,4.73618472457242e-18,4.73618472457242e-18,0.0
CDDP,CDDP-P009,WEIBULL,log_A,-0.005302370022656834,0.9947116627280376,0.0
CDDP,CDDP-P009,WEIBULL,log_lambda,3.1564446404880666,23.486942783252292,0.0
CDDP,CDDP-P009,WEIBULL,log_p,0.09006008878817176,1.0942400332873534,0.0
CDDP,CDDP-P009,MONOTONE_SPLINE,coefficient_0,0.0,0.0,
CDDP,CDDP-P009,MONOTONE_SPLINE,coefficient_1,0.014181935246176591,0.014181935246176591,
CDDP,CDDP-P009,MONOTONE_SPLINE,coefficient_2,0.032765221073313686,0.032765221073313686,
CDDP,CDDP-P009,MONOTONE_SPLINE,coefficient_3,0.07775661038621527,0.07775661038621527,
CDDP,CDDP-P009,MONOTONE_SPLINE,coefficient_4,0.1755642066706459,0.1755642066706459,
CDDP,CDDP-P009,MONOTONE_SPLINE,coefficient_5,0.3525779227698448,0.3525779227698448,
CDDP,CDDP-P009,MONOTONE_SPLINE,coefficient_6,0.6067897089359574,0.6067897089359574,
CDDP,CDDP-P009,MONOTONE_SPLINE,coefficient_7,0.850376339364951,0.850376339364951,
CDDP,CDDP-P009,MONOTONE_SPLINE,coefficient_8,0.9858576116135115,0.9858576116135115,
CDDP,CDDP-P009,MONOTONE_SPLINE,coefficient_9,1.0145154361943003,1.0145154361943003,
CDDP,CDDP-P009,MONOTONE_SPLINE,coefficient_10,1.0145154361943005,1.0145154361943005,
CDDP,CDDP-P009,MONOTONE_SPLINE,coefficient_11,1.0145154361943005,1.0145154361943005,
CDDP,CDDP-P009,MONOTONE_SPLINE,coefficient_12,-0.015795763792528828,-0.015795763792528828,
CDDP,CDDP-P010,EMAX,E0,0.019929426688117046,0.019929426688117046,0.0
CDDP,CDDP-P010,EMAX,log_A,-0.042879514256399326,0.9580268116863566,0.0
CDDP,CDDP-P010,EMAX,log_K,3.063053177326344,21.392773483816185,0.0
CDDP,CDDP-P010,HILL,E0,-0.0009281127905144893,-0.0009281127905144893,0.0
CDDP,CDDP-P010,HILL,log_A,0.6482520118670937,1.912195411103902,0.0
CDDP,CDDP-P010,HILL,log_K,5.403291760027509,222.1364338571601,0.0
CDDP,CDDP-P010,HILL,log_h,-0.7661755861050842,0.46478721229124326,0.0
CDDP,CDDP-P010,LOGISTIC,L,-1723.5581201996504,-1723.5581201996504,44.0
CDDP,CDDP-P010,LOGISTIC,log_A,7.452650915024165,1724.428404811448,44.0
CDDP,CDDP-P010,LOGISTIC,C,-245.4420655623037,-245.4420655623037,44.0
CDDP,CDDP-P010,LOGISTIC,log_S,3.4667752105642258,32.033275137022905,44.0
CDDP,CDDP-P010,WEIBULL,E0,-0.0012535997270840592,-0.0012535997270840592,0.0
CDDP,CDDP-P010,WEIBULL,log_A,0.3627254148115401,1.4372411599196369,0.0
CDDP,CDDP-P010,WEIBULL,log_lambda,5.1828884171400755,178.196774984003,0.0
CDDP,CDDP-P010,WEIBULL,log_p,-0.8591478319059793,0.42352284123468703,0.0
CDDP,CDDP-P010,MONOTONE_SPLINE,coefficient_0,0.0,0.0,
CDDP,CDDP-P010,MONOTONE_SPLINE,coefficient_1,0.09236869431740696,0.09236869431740696,
CDDP,CDDP-P010,MONOTONE_SPLINE,coefficient_2,0.18491779718157386,0.18491779718157386,
CDDP,CDDP-P010,MONOTONE_SPLINE,coefficient_3,0.27854935132630415,0.27854935132630415,
CDDP,CDDP-P010,MONOTONE_SPLINE,coefficient_4,0.3743458080321611,0.3743458080321611,
CDDP,CDDP-P010,MONOTONE_SPLINE,coefficient_5,0.4733843329502825,0.4733843329502825,
CDDP,CDDP-P010,MONOTONE_SPLINE,coefficient_6,0.5762188437495882,0.5762188437495882,
CDDP,CDDP-P010,MONOTONE_SPLINE,coefficient_7,0.6824442611608721,0.6824442611608721,
CDDP,CDDP-P010,MONOTONE_SPLINE,coefficient_8,0.7916001114602399,0.7916001114602399,
CDDP,CDDP-P010,MONOTONE_SPLINE,coefficient_9,0.9037144190495356,0.9037144190495356,
CDDP,CDDP-P010,MONOTONE_SPLINE,coefficient_10,1.0182960037723943,1.0182960037723943,
CDDP,CDDP-P010,MONOTONE_SPLINE,coefficient_11,1.1333382483444931,1.1333382483444931,
CDDP,CDDP-P010,MONOTONE_SPLINE,coefficient_12,-0.10380880075101688,-0.10380880075101688,
CDDP,CDDP-P011,EMAX,E0,0.10879835979251952,0.10879835979251952,0.0
CDDP,CDDP-P011,EMAX,log_A,0.2650375375267978,1.3034799042718728,0.0
CDDP,CDDP-P011,EMAX,log_K,4.577292711248989,97.25075162388423,0.0
CDDP,CDDP-P011,HILL,E0,0.038508479758066295,0.038508479758066295,5.0
CDDP,CDDP-P011,HILL,log_A,128.4134976761644,5.878593669742513e+55,5.0
CDDP,CDDP-P011,HILL,log_K,293.09771908403064,1.9530891015881373e+127,5.0
CDDP,CDDP-P011,HILL,log_h,-0.8065174034024758,0.44641002827104653,5.0
CDDP,CDDP-P011,LOGISTIC,L,-544.5052044494449,-544.5052044494449,13.0
CDDP,CDDP-P011,LOGISTIC,log_A,6.301830311866723,545.5695592813469,13.0
CDDP,CDDP-P011,LOGISTIC,C,-506.6270683844208,-506.6270683844208,13.0
CDDP,CDDP-P011,LOGISTIC,log_S,4.379408218235368,79.79080068989953,13.0
CDDP,CDDP-P011,WEIBULL,E0,0.038508461105823635,0.038508461105823635,11.0
CDDP,CDDP-P011,WEIBULL,log_A,72.83577093943376,4.287196644923642e+31,11.0
CDDP,CDDP-P011,WEIBULL,log_lambda,168.5984556930163,1.6648647758873407e+73,11.0
CDDP,CDDP-P011,WEIBULL,log_p,-0.8065174910227482,0.44640998915647995,11.0
CDDP,CDDP-P011,MONOTONE_SPLINE,coefficient_0,0.0,0.0,
CDDP,CDDP-P011,MONOTONE_SPLINE,coefficient_1,0.08341404131934543,0.08341404131934543,
CDDP,CDDP-P011,MONOTONE_SPLINE,coefficient_2,0.1668311853921304,0.1668311853921304,
CDDP,CDDP-P011,MONOTONE_SPLINE,coefficient_3,0.2502983933262812,0.2502983933262812,
CDDP,CDDP-P011,MONOTONE_SPLINE,coefficient_4,0.3352595948732827,0.3352595948732827,
CDDP,CDDP-P011,MONOTONE_SPLINE,coefficient_5,0.42506398689114594,0.42506398689114594,
CDDP,CDDP-P011,MONOTONE_SPLINE,coefficient_6,0.5220820231418998,0.5220820231418998,
CDDP,CDDP-P011,MONOTONE_SPLINE,coefficient_7,0.6266349949329474,0.6266349949329474,
CDDP,CDDP-P011,MONOTONE_SPLINE,coefficient_8,0.7386581942601852,0.7386581942601852,
CDDP,CDDP-P011,MONOTONE_SPLINE,coefficient_9,0.8563522406441393,0.8563522406441393,
CDDP,CDDP-P011,MONOTONE_SPLINE,coefficient_10,0.9768884776503823,0.9768884776503823,
CDDP,CDDP-P011,MONOTONE_SPLINE,coefficient_11,1.0978984130936735,1.0978984130936735,
CDDP,CDDP-P011,MONOTONE_SPLINE,coefficient_12,-0.08404044813285065,-0.08404044813285065,
CDDP,CDDP-P012,EMAX,E0,-0.04148370612613817,-0.04148370612613817,0.0
CDDP,CDDP-P012,EMAX,log_A,0.08458314277511254,1.0882633217032975,0.0
CDDP,CDDP-P012,EMAX,log_K,1.36988717101046,3.934906698876332,0.0
CDDP,CDDP-P012,HILL,E0,-0.0005524161237145495,-0.0005524161237145495,0.0
CDDP,CDDP-P012,HILL,log_A,-0.029970270589433946,0.9704743847510695,0.0
CDDP,CDDP-P012,HILL,log_K,1.2975225502622294,3.6602174208848197,0.0
CDDP,CDDP-P012,HILL,log_h,0.8667302656666127,2.379119034686526,0.0
CDDP,CDDP-P012,LOGISTIC,L,-0.11537876801406932,-0.11537876801406932,0.0
CDDP,CDDP-P012,LOGISTIC,log_A,0.07976169418907739,1.0830289448291428,0.0
CDDP,CDDP-P012,LOGISTIC,C,4.098289528528266,4.098289528528266,0.0
CDDP,CDDP-P012,LOGISTIC,log_S,0.6560215450286069,1.9271101419818049,0.0
CDDP,CDDP-P012,WEIBULL,E0,9.848028561252123e-18,9.848028561252123e-18,0.0
CDDP,CDDP-P012,WEIBULL,log_A,-0.03288465509720078,0.9676501666666724,0.0
CDDP,CDDP-P012,WEIBULL,log_lambda,1.6645205363286404,5.2831395689113245,0.0
CDDP,CDDP-P012,WEIBULL,log_p,0.538579442278422,1.7135709060043252,0.0
CDDP,CDDP-P012,MONOTONE_SPLINE,coefficient_0,0.0,0.0,
CDDP,CDDP-P012,MONOTONE_SPLINE,coefficient_1,6.782499353462916e-24,6.782499353462916e-24,
CDDP,CDDP-P012,MONOTONE_SPLINE,coefficient_2,2.1202688137843797e-21,2.1202688137843797e-21,
CDDP,CDDP-P012,MONOTONE_SPLINE,coefficient_3,0.178389169268061,0.178389169268061,
CDDP,CDDP-P012,MONOTONE_SPLINE,coefficient_4,0.6309390579219429,0.6309390579219429,
CDDP,CDDP-P012,MONOTONE_SPLINE,coefficient_5,0.9444207741894524,0.9444207741894524,
CDDP,CDDP-P012,MONOTONE_SPLINE,coefficient_6,0.9444207746327962,0.9444207746327962,
CDDP,CDDP-P012,MONOTONE_SPLINE,coefficient_7,0.9444207746327962,0.9444207746327962,
CDDP,CDDP-P012,MONOTONE_SPLINE,coefficient_8,0.9444207746327962,0.9444207746327962,
CDDP,CDDP-P012,MONOTONE_SPLINE,coefficient_9,0.9642674209836182,0.9642674209836182,
CDDP,CDDP-P012,MONOTONE_SPLINE,coefficient_10,0.994948527435198,0.994948527435198,
CDDP,CDDP-P012,MONOTONE_SPLINE,coefficient_11,1.0274353772369045,1.0274353772369045,
CDDP,CDDP-P012,MONOTONE_SPLINE,coefficient_12,-0.0015879328605548698,-0.0015879328605548698,
CDDP,CDDP-P013,EMAX,E0,0.12022995231241872,0.12022995231241872,0.0
CDDP,CDDP-P013,EMAX,log_A,-0.17930888933056943,0.8358476750889056,0.0
CDDP,CDDP-P013,EMAX,log_K,0.9149096300534086,2.496549628653657,0.0
CDDP,CDDP-P013,HILL,E0,-557.0531450007082,-557.0531450007082,27.0
CDDP,CDDP-P013,HILL,log_A,6.324534926625422,558.0981966875133,27.0
CDDP,CDDP-P013,HILL,log_K,-15.67627378653796,1.5555386189787e-07,27.0
CDDP,CDDP-P013,HILL,log_h,-0.8583137988084181,0.4238762206464281,27.0
CDDP,CDDP-P013,LOGISTIC,L,-292.75188009453336,-292.75188009453336,53.0
CDDP,CDDP-P013,LOGISTIC,log_A,5.682456665292763,293.66999334876067,53.0
CDDP,CDDP-P013,LOGISTIC,C,-32.4765833476927,-32.4765833476927,53.0
CDDP,CDDP-P013,LOGISTIC,log_S,1.6679188318947271,5.301123779207007,53.0
CDDP,CDDP-P013,WEIBULL,E0,-4256.581212691591,-4256.581212691591,62.0
CDDP,CDDP-P013,WEIBULL,log_A,8.356462953719042,4257.608742971917,62.0
CDDP,CDDP-P013,WEIBULL,log_lambda,-45.911394287058236,1.1506276462305217e-20,62.0
CDDP,CDDP-P013,WEIBULL,log_p,-3.0543496537828903,0.047153376820963606,62.0
CDDP,CDDP-P013,MONOTONE_SPLINE,coefficient_0,0.0,0.0,
CDDP,CDDP-P013,MONOTONE_SPLINE,coefficient_1,0.19961631610403785,0.19961631610403785,
CDDP,CDDP-P013,MONOTONE_SPLINE,coefficient_2,0.3992326322080756,0.3992326322080756,
CDDP,CDDP-P013,MONOTONE_SPLINE,coefficient_3,0.5983913862708666,0.5983913862708666,
CDDP,CDDP-P013,MONOTONE_SPLINE,coefficient_4,0.7763541242219054,0.7763541242219054,
CDDP,CDDP-P013,MONOTONE_SPLINE,coefficient_5,0.8848749386649379,0.8848749386649379,
CDDP,CDDP-P013,MONOTONE_SPLINE,coefficient_6,0.9111710651230113,0.9111710651230113,
CDDP,CDDP-P013,MONOTONE_SPLINE,coefficient_7,0.9111710651587241,0.9111710651587241,
CDDP,CDDP-P013,MONOTONE_SPLINE,coefficient_8,0.9348729380119025,0.9348729380119025,
CDDP,CDDP-P013,MONOTONE_SPLINE,coefficient_9,0.9933424729939521,0.9933424729939521,
CDDP,CDDP-P013,MONOTONE_SPLINE,coefficient_10,1.0693816626445651,1.0693816626445651,
CDDP,CDDP-P013,MONOTONE_SPLINE,coefficient_11,1.1483491280732723,1.1483491280732723,
CDDP,CDDP-P013,MONOTONE_SPLINE,coefficient_12,-0.07626769709653296,-0.07626769709653296,
CDDP,CDDP-P014,EMAX,E0,-0.04417321664377008,-0.04417321664377008,2.0
CDDP,CDDP-P014,EMAX,log_A,42.594206790696035,3.150859008596886e+18,2.0
CDDP,CDDP-P014,EMAX,log_K,48.12156976845423,7.923776385791316e+20,2.0
CDDP,CDDP-P014,HILL,E0,-0.031163218461408806,-0.031163218461408806,0.0
CDDP,CDDP-P014,HILL,log_A,23.243466095855425,12431085850.018522,0.0
CDDP,CDDP-P014,HILL,log_K,25.30626496995169,97807291845.1508,0.0
CDDP,CDDP-P014,HILL,log_h,0.1601134564524855,1.1736440209254029,0.0
CDDP,CDDP-P014,LOGISTIC,L,-0.8660734655947758,-0.8660734655947758,13.0
CDDP,CDDP-P014,LOGISTIC,log_A,12.502890673325888,269114.08415054594,13.0
CDDP,CDDP-P014,LOGISTIC,C,3806.9265892176404,3806.9265892176404,13.0
CDDP,CDDP-P014,LOGISTIC,log_S,5.704143822135307,300.1084238318911,13.0
CDDP,CDDP-P014,WEIBULL,E0,-0.03116321861681304,-0.03116321861681304,1.0
CDDP,CDDP-P014,WEIBULL,log_A,20.88922223844038,1180521631.6217966,1.0
CDDP,CDDP-P014,WEIBULL,log_lambda,23.30033837394612,13158560520.84233,1.0
CDDP,CDDP-P014,WEIBULL,log_p,0.16011345444688363,1.1736440185715402,1.0
CDDP,CDDP-P014,MONOTONE_SPLINE,coefficient_0,0.0,0.0,
CDDP,CDDP-P014,MONOTONE_SPLINE,coefficient_1,6.558339917338451e-27,6.558339917338451e-27,
CDDP,CDDP-P014,MONOTONE_SPLINE,coefficient_2,1.0526611197153951e-26,1.0526611197153951e-26,
CDDP,CDDP-P014,MONOTONE_SPLINE,coefficient_3,2.0632669879059153e-22,2.0632669879059153e-22,
CDDP,CDDP-P014,MONOTONE_SPLINE,coefficient_4,0.030460583405322147,0.030460583405322147,
CDDP,CDDP-P014,MONOTONE_SPLINE,coefficient_5,0.051265096236807,0.051265096236807,
CDDP,CDDP-P014,MONOTONE_SPLINE,coefficient_6,0.05126509623765266,0.05126509623765266,
CDDP,CDDP-P014,MONOTONE_SPLINE,coefficient_7,0.08638424510113271,0.08638424510113271,
CDDP,CDDP-P014,MONOTONE_SPLINE,coefficient_8,0.2324711255553016,0.2324711255553016,
CDDP,CDDP-P014,MONOTONE_SPLINE,coefficient_9,0.484670408683727,0.484670408683727,
CDDP,CDDP-P014,MONOTONE_SPLINE,coefficient_10,0.7902407254639827,0.7902407254639827,
CDDP,CDDP-P014,MONOTONE_SPLINE,coefficient_11,1.1047062145195434,1.1047062145195434,
CDDP,CDDP-P014,MONOTONE_SPLINE,coefficient_12,-0.04056572175710945,-0.04056572175710945,
CDDP,CDDP-P015,EMAX,E0,0.07772193743333893,0.07772193743333893,0.0
CDDP,CDDP-P015,EMAX,log_A,0.052353828137430704,1.0537485224364767,0.0
CDDP,CDDP-P015,EMAX,log_K,4.162826911344268,64.2529033669019,0.0
CDDP,CDDP-P015,HILL,E0,0.19852988682097358,0.19852988682097358,5.0
CDDP,CDDP-P015,HILL,log_A,-0.3708408530620625,0.6901537686782235,5.0
CDDP,CDDP-P015,HILL,log_K,3.943242307000292,51.58558675423464,5.0
CDDP,CDDP-P015,HILL,log_h,0.8363420069485822,2.3079092011488007,5.0
CDDP,CDDP-P015,LOGISTIC,L,0.03081073978178434,0.03081073978178434,0.0
CDDP,CDDP-P015,LOGISTIC,log_A,-0.19789246780734726,0.8204580740501342,0.0
CDDP,CDDP-P015,LOGISTIC,C,40.265872172231624,40.265872172231624,0.0
CDDP,CDDP-P015,LOGISTIC,log_S,3.2066194504178234,24.69546072471891,0.0
CDDP,CDDP-P015,WEIBULL,E0,0.18208159820197686,0.18208159820197686,0.0
CDDP,CDDP-P015,WEIBULL,log_A,-0.4032997954187929,0.6681117724478994,0.0
CDDP,CDDP-P015,WEIBULL,log_lambda,4.110737770444964,60.99169884745104,0.0
CDDP,CDDP-P015,WEIBULL,log_p,0.5107206744841291,1.6664917603752027,0.0
CDDP,CDDP-P015,MONOTONE_SPLINE,coefficient_0,0.0,0.0,
CDDP,CDDP-P015,MONOTONE_SPLINE,coefficient_1,0.12451723335050258,0.12451723335050258,
CDDP,CDDP-P015,MONOTONE_SPLINE,coefficient_2,0.24903446670100501,0.24903446670100501,
CDDP,CDDP-P015,MONOTONE_SPLINE,coefficient_3,0.3735517000515075,0.3735517000515075,
CDDP,CDDP-P015,MONOTONE_SPLINE,coefficient_4,0.4980689334020099,0.4980689334020099,
CDDP,CDDP-P015,MONOTONE_SPLINE,coefficient_5,0.6225864257075501,0.6225864257075501,
CDDP,CDDP-P015,MONOTONE_SPLINE,coefficient_6,0.7471084806073998,0.7471084806073998,
CDDP,CDDP-P015,MONOTONE_SPLINE,coefficient_7,0.8716533431837106,0.8716533431837106,
CDDP,CDDP-P015,MONOTONE_SPLINE,coefficient_8,0.9962288588971151,0.9962288588971151,
CDDP,CDDP-P015,MONOTONE_SPLINE,coefficient_9,1.1208206915764602,1.1208206915764602,
CDDP,CDDP-P015,MONOTONE_SPLINE,coefficient_10,1.2454115176542748,1.2454115176542748,
CDDP,CDDP-P015,MONOTONE_SPLINE,coefficient_11,1.3700016960931771,1.3700016960931771,
CDDP,CDDP-P015,MONOTONE_SPLINE,coefficient_12,-0.39473761838948773,-0.39473761838948773,
CDDP,CDDP-P016,EMAX,E0,-0.021614314804530684,-0.021614314804530684,0.0
CDDP,CDDP-P016,EMAX,log_A,0.10963833260653953,1.1158744220763803,0.0
CDDP,CDDP-P016,EMAX,log_K,1.5930813811423394,4.918882552058162,0.0
CDDP,CDDP-P016,HILL,E0,0.14642389813245224,0.14642389813245224,0.0
CDDP,CDDP-P016,HILL,log_A,-0.168608361433646,0.8448397104163969,0.0
CDDP,CDDP-P016,HILL,log_K,1.8474532374097137,6.343643179556667,0.0
CDDP,CDDP-P016,HILL,log_h,1.4657472692977023,4.330778289074501,0.0
CDDP,CDDP-P016,LOGISTIC,L,-0.02514548419519195,-0.02514548419519195,0.0
CDDP,CDDP-P016,LOGISTIC,log_A,0.02027707348128832,1.0204840499275516,0.0
CDDP,CDDP-P016,LOGISTIC,C,5.480923885748228,5.480923885748228,0.0
CDDP,CDDP-P016,LOGISTIC,log_S,0.9079699286695974,2.4792842971540767,0.0
CDDP,CDDP-P016,WEIBULL,E0,0.07769710696276433,0.07769710696276433,7.0
CDDP,CDDP-P016,WEIBULL,log_A,-0.08654180500018109,0.9170972087343311,7.0
CDDP,CDDP-P016,WEIBULL,log_lambda,1.970877335593992,7.176970338568545,7.0
CDDP,CDDP-P016,WEIBULL,log_p,0.5733328877705186,1.774170319064189,7.0
CDDP,CDDP-P016,MONOTONE_SPLINE,coefficient_0,0.0,0.0,
CDDP,CDDP-P016,MONOTONE_SPLINE,coefficient_1,0.31334023332461836,0.31334023332461836,
CDDP,CDDP-P016,MONOTONE_SPLINE,coefficient_2,0.5753969519214372,0.5753969519214372,
CDDP,CDDP-P016,MONOTONE_SPLINE,coefficient_3,0.5753969519214372,0.5753969519214372,
CDDP,CDDP-P016,MONOTONE_SPLINE,coefficient_4,0.5753969519214372,0.5753969519214372,
CDDP,CDDP-P016,MONOTONE_SPLINE,coefficient_5,1.2857085627671605,1.2857085627671605,
CDDP,CDDP-P016,MONOTONE_SPLINE,coefficient_6,1.2857085627671605,1.2857085627671605,
CDDP,CDDP-P016,MONOTONE_SPLINE,coefficient_7,1.2857085627671605,1.2857085627671605,
CDDP,CDDP-P016,MONOTONE_SPLINE,coefficient_8,1.2983845118255974,1.2983845118255974,
CDDP,CDDP-P016,MONOTONE_SPLINE,coefficient_9,1.2988320172187973,1.2988320172187973,
CDDP,CDDP-P016,MONOTONE_SPLINE,coefficient_10,1.298832017219232,1.298832017219232,
CDDP,CDDP-P016,MONOTONE_SPLINE,coefficient_11,1.2988320172194292,1.2988320172194292,
CDDP,CDDP-P016,MONOTONE_SPLINE,coefficient_12,-0.30469041384053047,-0.30469041384053047,
CDDP,CDDP-P017,EMAX,E0,-0.06173415423466192,-0.06173415423466192,0.0
CDDP,CDDP-P017,EMAX,log_A,0.12098838394008989,1.1286118022688898,0.0
CDDP,CDDP-P017,EMAX,log_K,1.8581724369070294,6.412007708252776,0.0
CDDP,CDDP-P017,HILL,E0,-0.0018381250254690536,-0.0018381250254690536,1.0
CDDP,CDDP-P017,HILL,log_A,-0.013513179283287675,0.9865777138448751,1.0
CDDP,CDDP-P017,HILL,log_K,1.8494969603630333,6.35662108583569,1.0
CDDP,CDDP-P017,HILL,log_h,0.5160856217047328,1.6754564266917722,1.0
CDDP,CDDP-P017,LOGISTIC,L,-0.434923396439252,-0.434923396439252,1.0
CDDP,CDDP-P017,LOGISTIC,log_A,0.3240196462934957,1.382674471281113,1.0
CDDP,CDDP-P017,LOGISTIC,C,3.5469394505750516,3.5469394505750516,1.0
CDDP,CDDP-P017,LOGISTIC,log_S,1.4757614920518471,4.374365549567503,1.0
CDDP,CDDP-P017,WEIBULL,E0,-0.0210452648147011,-0.0210452648147011,3.0
CDDP,CDDP-P017,WEIBULL,log_A,-0.023599882711677747,0.9766764167078156,3.0
CDDP,CDDP-P017,WEIBULL,log_lambda,2.1308058196498885,8.421650409279126,3.0
CDDP,CDDP-P017,WEIBULL,log_p,0.15591909285495004,1.1687316405241628,3.0
CDDP,CDDP-P017,MONOTONE_SPLINE,coefficient_0,0.0,0.0,
CDDP,CDDP-P017,MONOTONE_SPLINE,coefficient_1,0.10619900031807261,0.10619900031807261,
CDDP,CDDP-P017,MONOTONE_SPLINE,coefficient_2,0.2160628003411687,0.2160628003411687,
CDDP,CDDP-P017,MONOTONE_SPLINE,coefficient_3,0.3479321527095876,0.3479321527095876,
CDDP,CDDP-P017,MONOTONE_SPLINE,coefficient_4,0.5335871711546812,0.5335871711546812,
CDDP,CDDP-P017,MONOTONE_SPLINE,coefficient_5,0.7901050912393663,0.7901050912393663,
CDDP,CDDP-P017,MONOTONE_SPLINE,coefficient_6,0.9853876322559151,0.9853876322559151,
CDDP,CDDP-P017,MONOTONE_SPLINE,coefficient_7,1.089709577393195,1.089709577393195,
CDDP,CDDP-P017,MONOTONE_SPLINE,coefficient_8,1.125674874928411,1.125674874928411,
CDDP,CDDP-P017,MONOTONE_SPLINE,coefficient_9,1.125674874956885,1.125674874956885,
CDDP,CDDP-P017,MONOTONE_SPLINE,coefficient_10,1.125674874956885,1.125674874956885,
CDDP,CDDP-P017,MONOTONE_SPLINE,coefficient_11,1.125674874956885,1.125674874956885,
CDDP,CDDP-P017,MONOTONE_SPLINE,coefficient_12,-0.15032504600335564,-0.15032504600335564,
CDDP,CDDP-P018,EMAX,E0,0.02372265713409154,0.02372265713409154,0.0
CDDP,CDDP-P018,EMAX,log_A,0.04446716757547619,1.0454706508107228,0.0
CDDP,CDDP-P018,EMAX,log_K,1.9440060694659287,6.986684124141107,0.0
CDDP,CDDP-P018,HILL,E0,0.014926839512670806,0.014926839512670806,1.0
CDDP,CDDP-P018,HILL,log_A,0.07030389446947045,1.0728341600880351,1.0
CDDP,CDDP-P018,HILL,log_K,1.9603616539865136,7.101895029420578,1.0
CDDP,CDDP-P018,HILL,log_h,-0.07557697667830035,0.9272083543676725,1.0
CDDP,CDDP-P018,LOGISTIC,L,-1648.3865327248604,-1648.3865327248604,56.0
CDDP,CDDP-P018,LOGISTIC,log_A,7.408151511377073,1649.3746769196068,56.0
CDDP,CDDP-P018,LOGISTIC,C,-81.17876394077524,-81.17876394077524,56.0
CDDP,CDDP-P018,LOGISTIC,log_S,2.3822290993606203,10.829014930108292,56.0
CDDP,CDDP-P018,WEIBULL,E0,0.014853826616899041,0.014853826616899041,0.0
CDDP,CDDP-P018,WEIBULL,log_A,-0.0015021860746195347,0.998498941642131,0.0
CDDP,CDDP-P018,WEIBULL,log_lambda,2.3820351206339807,10.826914535303928,0.0
CDDP,CDDP-P018,WEIBULL,log_p,-0.33409987489409443,0.71598227000274,0.0
CDDP,CDDP-P018,MONOTONE_SPLINE,coefficient_0,0.0,0.0,
CDDP,CDDP-P018,MONOTONE_SPLINE,coefficient_1,0.18764269320172786,0.18764269320172786,
CDDP,CDDP-P018,MONOTONE_SPLINE,coefficient_2,0.3694739316226683,0.3694739316226683,
CDDP,CDDP-P018,MONOTONE_SPLINE,coefficient_3,0.5164793902672968,0.5164793902672968,
CDDP,CDDP-P018,MONOTONE_SPLINE,coefficient_4,0.618890222368514,0.618890222368514,
CDDP,CDDP-P018,MONOTONE_SPLINE,coefficient_5,0.7436803075987588,0.7436803075987588,
CDDP,CDDP-P018,MONOTONE_SPLINE,coefficient_6,0.9646890005667297,0.9646890005667297,
CDDP,CDDP-P018,MONOTONE_SPLINE,coefficient_7,1.138172897113079,1.138172897113079,
CDDP,CDDP-P018,MONOTONE_SPLINE,coefficient_8,1.1833272213160098,1.1833272213160098,
CDDP,CDDP-P018,MONOTONE_SPLINE,coefficient_9,1.1833272213160235,1.1833272213160235,
CDDP,CDDP-P018,MONOTONE_SPLINE,coefficient_10,1.1833272213160235,1.1833272213160235,
CDDP,CDDP-P018,MONOTONE_SPLINE,coefficient_11,1.1833272213160244,1.1833272213160244,
CDDP,CDDP-P018,MONOTONE_SPLINE,coefficient_12,-0.18299863067965993,-0.18299863067965993,
CDDP_A,CDDPA-P001,EMAX,E0,0.02657364949041301,0.02657364949041301,0.0
CDDP_A,CDDPA-P001,EMAX,log_A,0.0029273528206042584,1.002931641701874,0.0
CDDP_A,CDDPA-P001,EMAX,log_K,0.3858969467605019,1.470933078585009,0.0
CDDP_A,CDDPA-P001,HILL,E0,0.03377336996455341,0.03377336996455341,0.0
CDDP_A,CDDPA-P001,HILL,log_A,-0.03747656098031236,0.9632169943183274,0.0
CDDP_A,CDDPA-P001,HILL,log_K,0.42314434677475965,1.5267546621728323,0.0
CDDP_A,CDDPA-P001,HILL,log_h,0.3889529161863884,1.4754350805872636,0.0
CDDP_A,CDDPA-P001,LOGISTIC,L,-1550.256508567607,-1550.256508567607,44.0
CDDP_A,CDDPA-P001,LOGISTIC,log_A,7.3468090411236595,1551.2386830595428,44.0
CDDP_A,CDDPA-P001,LOGISTIC,C,-16.44574414480061,-16.44574414480061,44.0
CDDP_A,CDDPA-P001,LOGISTIC,log_S,0.7986452508647357,2.2225279202400854,44.0
CDDP_A,CDDPA-P001,WEIBULL,E0,0.032180656268034784,0.032180656268034784,0.0
CDDP_A,CDDPA-P001,WEIBULL,log_A,-0.0491454332745236,0.9520426609480992,0.0
CDDP_A,CDDPA-P001,WEIBULL,log_lambda,0.8188331844299765,2.267852127965007,0.0
CDDP_A,CDDPA-P001,WEIBULL,log_p,-0.08725309253893722,0.9164451208564138,0.0
CDDP_A,CDDPA-P001,MONOTONE_SPLINE,coefficient_0,0.0,0.0,
CDDP_A,CDDPA-P001,MONOTONE_SPLINE,coefficient_1,0.3132435195476724,0.3132435195476724,
CDDP_A,CDDPA-P001,MONOTONE_SPLINE,coefficient_2,0.6200192054164713,0.6200192054164713,
CDDP_A,CDDPA-P001,MONOTONE_SPLINE,coefficient_3,0.8891797929023111,0.8891797929023111,
CDDP_A,CDDPA-P001,MONOTONE_SPLINE,coefficient_4,1.094028286002213,1.094028286002213,
CDDP_A,CDDPA-P001,MONOTONE_SPLINE,coefficient_5,1.2187338563601833,1.2187338563601833,
CDDP_A,CDDPA-P001,MONOTONE_SPLINE,coefficient_6,1.258774176835985,1.258774176835985,
CDDP_A,CDDPA-P001,MONOTONE_SPLINE,coefficient_7,1.258774176835985,1.258774176835985,
CDDP_A,CDDPA-P001,MONOTONE_SPLINE,coefficient_8,1.258774176835985,1.258774176835985,
CDDP_A,CDDPA-P001,MONOTONE_SPLINE,coefficient_9,1.258774176835985,1.258774176835985,
CDDP_A,CDDPA-P001,MONOTONE_SPLINE,coefficient_10,1.258774176835985,1.258774176835985,
CDDP_A,CDDPA-P001,MONOTONE_SPLINE,coefficient_11,1.2587741768365164,1.2587741768365164,
CDDP_A,CDDPA-P001,MONOTONE_SPLINE,coefficient_12,-0.26814987991011346,-0.26814987991011346,
CDDP_A,CDDPA-P002,EMAX,E0,-0.9441504370237311,-0.9441504370237311,2.0
CDDP_A,CDDPA-P002,EMAX,log_A,0.5684741515129133,1.7655710012336807,2.0
CDDP_A,CDDPA-P002,EMAX,log_K,-0.6282195079112387,0.5335409211948842,2.0
CDDP_A,CDDPA-P002,HILL,E0,0.2259016718089153,0.2259016718089153,3.0
CDDP_A,CDDPA-P002,HILL,log_A,-0.5691964620414106,0.5659800424773154,3.0
CDDP_A,CDDPA-P002,HILL,log_K,0.7451477357404191,2.106752654654342,3.0
CDDP_A,CDDPA-P002,HILL,log_h,2.831259915572102,16.966824129664708,3.0
CDDP_A,CDDPA-P002,LOGISTIC,L,0.210655929507425,0.210655929507425,14.0
CDDP_A,CDDPA-P002,LOGISTIC,log_A,-0.5426159195571033,0.5812258219696416,14.0
CDDP_A,CDDPA-P002,LOGISTIC,C,2.2816653382793475,2.2816653382793475,14.0
CDDP_A,CDDPA-P002,LOGISTIC,log_S,-1.0366738490096945,0.3546322829528845,14.0
CDDP_A,CDDPA-P002,WEIBULL,E0,0.21331837302714346,0.21331837302714346,0.0
CDDP_A,CDDPA-P002,WEIBULL,log_A,-0.5472072352367608,0.5785633475472101,0.0
CDDP_A,CDDPA-P002,WEIBULL,log_lambda,0.9388249141740604,2.5569749872031724,0.0
CDDP_A,CDDPA-P002,WEIBULL,log_p,1.4026012496039955,4.065762285810739,0.0
CDDP_A,CDDPA-P002,MONOTONE_SPLINE,coefficient_0,0.0,0.0,
CDDP_A,CDDPA-P002,MONOTONE_SPLINE,coefficient_1,0.24027147543755512,0.24027147543755512,
CDDP_A,CDDPA-P002,MONOTONE_SPLINE,coefficient_2,0.4805429508751101,0.4805429508751101,
CDDP_A,CDDPA-P002,MONOTONE_SPLINE,coefficient_3,0.7178714775414775,0.7178714775414775,
CDDP_A,CDDPA-P002,MONOTONE_SPLINE,coefficient_4,0.9241832486950509,0.9241832486950509,
CDDP_A,CDDPA-P002,MONOTONE_SPLINE,coefficient_5,1.0495196293652889,1.0495196293652889,
CDDP_A,CDDPA-P002,MONOTONE_SPLINE,coefficient_6,1.0657938552939328,1.0657938552939328,
CDDP_A,CDDPA-P002,MONOTONE_SPLINE,coefficient_7,1.0657938552939328,1.0657938552939328,
CDDP_A,CDDPA-P002,MONOTONE_SPLINE,coefficient_8,1.0657938552939328,1.0657938552939328,
CDDP_A,CDDPA-P002,MONOTONE_SPLINE,coefficient_9,1.0657938552939668,1.0657938552939668,
CDDP_A,CDDPA-P002,MONOTONE_SPLINE,coefficient_10,1.1130801278760984,1.1130801278760984,
CDDP_A,CDDPA-P002,MONOTONE_SPLINE,coefficient_11,1.1707340585051451,1.1707340585051451,
CDDP_A,CDDPA-P002,MONOTONE_SPLINE,coefficient_12,-0.2804280191654066,-0.2804280191654066,
CDDP_A,CDDPA-P003,EMAX,E0,-0.10178207786874828,-0.10178207786874828,3.0
CDDP_A,CDDPA-P003,EMAX,log_A,0.3563239378805237,1.4280700793388725,3.0
CDDP_A,CDDPA-P003,EMAX,log_K,3.468561280551191,32.09053993257255,3.0
CDDP_A,CDDPA-P003,HILL,E0,-0.03892408775681636,-0.03892408775681636,1.0
CDDP_A,CDDPA-P003,HILL,log_A,0.02654346331489742,1.0268988787210933,1.0
CDDP_A,CDDPA-P003,HILL,log_K,3.1769918867436404,23.974526881398255,1.0
CDDP_A,CDDPA-P003,HILL,log_h,3.0070517902270817,20.227676496371934,1.0
CDDP_A,CDDPA-P003,LOGISTIC,L,-0.03892408333333333,-0.03892408333333333,0.0
CDDP_A,CDDPA-P003,LOGISTIC,log_A,0.026543337965552898,1.02689875,0.0
CDDP_A,CDDPA-P003,LOGISTIC,C,24.707082138742496,24.707082138742496,0.0
CDDP_A,CDDPA-P003,LOGISTIC,log_S,-1.062060954917788,0.3457425158103642,0.0
CDDP_A,CDDPA-P003,WEIBULL,E0,-0.03892408333345649,-0.03892408333345649,1.0
CDDP_A,CDDPA-P003,WEIBULL,log_A,0.026543337965672768,1.026898750000123,1.0
CDDP_A,CDDPA-P003,WEIBULL,log_lambda,3.212899461714356,24.851036494532707,1.0
CDDP_A,CDDPA-P003,WEIBULL,log_p,3.4356624949634975,31.051977531403946,1.0
CDDP_A,CDDPA-P003,MONOTONE_SPLINE,coefficient_0,0.0,0.0,
CDDP_A,CDDPA-P003,MONOTONE_SPLINE,coefficient_1,1.1787774595243601e-30,1.1787774595243601e-30,
CDDP_A,CDDPA-P003,MONOTONE_SPLINE,coefficient_2,1.7365508455432085e-30,1.7365508455432085e-30,
CDDP_A,CDDPA-P003,MONOTONE_SPLINE,coefficient_3,3.820653805144322e-30,3.820653805144322e-30,
CDDP_A,CDDPA-P003,MONOTONE_SPLINE,coefficient_4,4.11319835072499e-29,4.11319835072499e-29,
CDDP_A,CDDPA-P003,MONOTONE_SPLINE,coefficient_5,7.593864131667988e-29,7.593864131667988e-29,
CDDP_A,CDDPA-P003,MONOTONE_SPLINE,coefficient_6,0.3085118236808898,0.3085118236808898,
CDDP_A,CDDPA-P003,MONOTONE_SPLINE,coefficient_7,1.0468639059598788,1.0468639059598788,
CDDP_A,CDDPA-P003,MONOTONE_SPLINE,coefficient_8,1.0468639059598788,1.0468639059598788,
CDDP_A,CDDPA-P003,MONOTONE_SPLINE,coefficient_9,1.0468639059598788,1.0468639059598788,
CDDP_A,CDDPA-P003,MONOTONE_SPLINE,coefficient_10,1.0468639059598788,1.0468639059598788,
CDDP_A,CDDPA-P003,MONOTONE_SPLINE,coefficient_11,1.0468639059598788,1.0468639059598788,
CDDP_A,CDDPA-P003,MONOTONE_SPLINE,coefficient_12,-0.048862962512473226,-0.048862962512473226,
CDDP_A,CDDPA-P004,EMAX,E0,-0.0025104945741756756,-0.0025104945741756756,0.0
CDDP_A,CDDPA-P004,EMAX,log_A,0.03864080615170758,1.0393970715564729,0.0
CDDP_A,CDDPA-P004,EMAX,log_K,0.32997379047610437,1.3909316723291303,0.0
CDDP_A,CDDPA-P004,HILL,E0,0.009009548375124235,0.009009548375124235,0.0
CDDP_A,CDDPA-P004,HILL,log_A,0.0073946395952628405,1.0074220474580735,0.0
CDDP_A,CDDPA-P004,HILL,log_K,0.3628188116645546,1.4373753999896988,0.0
CDDP_A,CDDPA-P004,HILL,log_h,0.22171275205762347,1.248212779810824,0.0
CDDP_A,CDDPA-P004,LOGISTIC,L,-1334.3727984244797,-1334.3727984244797,4.0
CDDP_A,CDDPA-P004,LOGISTIC,log_A,7.196960265541046,1335.36543243962,4.0
CDDP_A,CDDPA-P004,LOGISTIC,C,-16.108233685145684,-16.108233685145684,4.0
CDDP_A,CDDPA-P004,LOGISTIC,log_S,0.8010682914735553,2.2279197252883587,4.0
CDDP_A,CDDPA-P004,WEIBULL,E0,0.007190679712637406,0.007190679712637406,0.0
CDDP_A,CDDPA-P004,WEIBULL,log_A,-0.0075747086388387175,0.9924539071689231,0.0
CDDP_A,CDDPA-P004,WEIBULL,log_lambda,0.8401561460470467,2.316728696567848,0.0
CDDP_A,CDDPA-P004,WEIBULL,log_p,-0.24364601621418938,0.7837650252748385,0.0
CDDP_A,CDDPA-P004,MONOTONE_SPLINE,coefficient_0,0.0,0.0,
CDDP_A,CDDPA-P004,MONOTONE_SPLINE,coefficient_1,0.6092555968640905,0.6092555968640905,
CDDP_A,CDDPA-P004,MONOTONE_SPLINE,coefficient_2,1.0813529923609528,1.0813529923609528,
CDDP_A,CDDPA-P004,MONOTONE_SPLINE,coefficient_3,1.0813529923609555,1.0813529923609555,
CDDP_A,CDDPA-P004,MONOTONE_SPLINE,coefficient_4,1.4714018268091493,1.4714018268091493,
CDDP_A,CDDPA-P004,MONOTONE_SPLINE,coefficient_5,1.5799818114776985,1.5799818114776985,
CDDP_A,CDDPA-P004,MONOTONE_SPLINE,coefficient_6,1.5799818114776985,1.5799818114776985,
CDDP_A,CDDPA-P004,MONOTONE_SPLINE,coefficient_7,1.5799818114776987,1.5799818114776987,
CDDP_A,CDDPA-P004,MONOTONE_SPLINE,coefficient_8,1.5799818114777051,1.5799818114777051,
CDDP_A,CDDPA-P004,MONOTONE_SPLINE,coefficient_9,1.5799818114778568,1.5799818114778568,
CDDP_A,CDDPA-P004,MONOTONE_SPLINE,coefficient_10,1.5799818114832545,1.5799818114832545,
CDDP_A,CDDPA-P004,MONOTONE_SPLINE,coefficient_11,1.5799818114987088,1.5799818114987088,
CDDP_A,CDDPA-P004,MONOTONE_SPLINE,coefficient_12,-0.5850946996879416,-0.5850946996879416,
CDDP_A,CDDPA-P005,EMAX,E0,-0.05135799583789883,-0.05135799583789883,0.0
CDDP_A,CDDPA-P005,EMAX,log_A,0.0971582050946403,1.102034707335577,0.0
CDDP_A,CDDPA-P005,EMAX,log_K,0.9869160240819541,2.68294755494159,0.0
CDDP_A,CDDPA-P005,HILL,E0,0.21634486017290191,0.21634486017290191,0.0
CDDP_A,CDDPA-P005,HILL,log_A,-0.23297041445920919,0.7921770101628672,0.0
CDDP_A,CDDPA-P005,HILL,log_K,1.5229522332729235,4.585743415145626,0.0
CDDP_A,CDDPA-P005,HILL,log_h,0.5122849083880079,1.6691005831598957,0.0
CDDP_A,CDDPA-P005,LOGISTIC,L,-15.48052944918838,-15.48052944918838,0.0
CDDP_A,CDDPA-P005,LOGISTIC,log_A,2.8019019434136023,16.475953320918144,0.0
CDDP_A,CDDPA-P005,LOGISTIC,C,-17.404063495063227,-17.404063495063227,0.0
CDDP_A,CDDPA-P005,LOGISTIC,log_S,1.7876083515833396,5.975144918007844,0.0
CDDP_A,CDDPA-P005,WEIBULL,E0,0.14831270523898574,0.14831270523898574,0.0
CDDP_A,CDDPA-P005,WEIBULL,log_A,-0.16593441489494434,0.8471017896274406,0.0
CDDP_A,CDDPA-P005,WEIBULL,log_lambda,1.822131506135627,6.185027834363553,0.0
CDDP_A,CDDPA-P005,WEIBULL,log_p,0.015302143709651574,1.0154198209826975,0.0
CDDP_A,CDDPA-P005,MONOTONE_SPLINE,coefficient_0,0.0,0.0,
CDDP_A,CDDPA-P005,MONOTONE_SPLINE,coefficient_1,0.18968016868416163,0.18968016868416163,
CDDP_A,CDDPA-P005,MONOTONE_SPLINE,coefficient_2,0.37936033736832314,0.37936033736832314,
CDDP_A,CDDPA-P005,MONOTONE_SPLINE,coefficient_3,0.5731956814105378,0.5731956814105378,
CDDP_A,CDDPA-P005,MONOTONE_SPLINE,coefficient_4,0.7824724799002178,0.7824724799002178,
CDDP_A,CDDPA-P005,MONOTONE_SPLINE,coefficient_5,0.9726485180195412,0.9726485180195412,
CDDP_A,CDDPA-P005,MONOTONE_SPLINE,coefficient_6,1.1029679774130694,1.1029679774130694,
CDDP_A,CDDPA-P005,MONOTONE_SPLINE,coefficient_7,1.1510660740277656,1.1510660740277656,
CDDP_A,CDDPA-P005,MONOTONE_SPLINE,coefficient_8,1.1510660740277663,1.1510660740277663,
CDDP_A,CDDPA-P005,MONOTONE_SPLINE,coefficient_9,1.1510660740277663,1.1510660740277663,
CDDP_A,CDDPA-P005,MONOTONE_SPLINE,coefficient_10,1.1510660740277663,1.1510660740277663,
CDDP_A,CDDPA-P005,MONOTONE_SPLINE,coefficient_11,1.1510660740277663,1.1510660740277663,
CDDP_A,CDDPA-P005,MONOTONE_SPLINE,coefficient_12,-0.15194590651744092,-0.15194590651744092,
CDDP_A,CDDPA-P006,EMAX,E0,-0.13985394601502357,-0.13985394601502357,0.0
CDDP_A,CDDPA-P006,EMAX,log_A,0.1619968618875736,1.1758565513451544,0.0
CDDP_A,CDDPA-P006,EMAX,log_K,0.4902485018154049,1.6327219039038638,0.0
CDDP_A,CDDPA-P006,HILL,E0,0.5113174749207455,0.5113174749207455,0.0
CDDP_A,CDDPA-P006,HILL,log_A,-0.7317058243161285,0.4810876387564507,0.0
CDDP_A,CDDPA-P006,HILL,log_K,1.7609345966309833,5.81787221809756,0.0
CDDP_A,CDDPA-P006,HILL,log_h,1.3409068795995303,3.822508488935051,0.0
CDDP_A,CDDPA-P006,LOGISTIC,L,0.4324988421010838,0.4324988421010838,0.0
CDDP_A,CDDPA-P006,LOGISTIC,log_A,-0.5816688811061884,0.5589647420309196,0.0
CDDP_A,CDDPA-P006,LOGISTIC,C,5.407235590436189,5.407235590436189,0.0
CDDP_A,CDDPA-P006,LOGISTIC,log_S,0.6998577778309453,2.013466327557749,0.0
CDDP_A,CDDPA-P006,WEIBULL,E0,0.48750235066079156,0.48750235066079156,0.0
CDDP_A,CDDPA-P006,WEIBULL,log_A,-0.6853020131489186,0.5039380106844628,0.0
CDDP_A,CDDPA-P006,WEIBULL,log_lambda,1.929660304738417,6.887170305052778,0.0
CDDP_A,CDDPA-P006,WEIBULL,log_p,0.7908811390314178,2.2053387804651794,0.0
CDDP_A,CDDPA-P006,MONOTONE_SPLINE,coefficient_0,0.0,0.0,
CDDP_A,CDDPA-P006,MONOTONE_SPLINE,coefficient_1,1.5640208255119905e-05,1.5640208255119905e-05,
CDDP_A,CDDPA-P006,MONOTONE_SPLINE,coefficient_2,1.5640208255120057e-05,1.5640208255120057e-05,
CDDP_A,CDDPA-P006,MONOTONE_SPLINE,coefficient_3,1.5640208255120057e-05,1.5640208255120057e-05,
CDDP_A,CDDPA-P006,MONOTONE_SPLINE,coefficient_4,0.13677085848656031,0.13677085848656031,
CDDP_A,CDDPA-P006,MONOTONE_SPLINE,coefficient_5,0.4767776028351626,0.4767776028351626,
CDDP_A,CDDPA-P006,MONOTONE_SPLINE,coefficient_6,0.4767776028351626,0.4767776028351626,
CDDP_A,CDDPA-P006,MONOTONE_SPLINE,coefficient_7,0.4767776028351626,0.4767776028351626,
CDDP_A,CDDPA-P006,MONOTONE_SPLINE,coefficient_8,0.4957996504478401,0.4957996504478401,
CDDP_A,CDDPA-P006,MONOTONE_SPLINE,coefficient_9,0.4957996504478401,0.4957996504478401,
CDDP_A,CDDPA-P006,MONOTONE_SPLINE,coefficient_10,0.4957996504478401,0.4957996504478401,
CDDP_A,CDDPA-P006,MONOTONE_SPLINE,coefficient_11,0.4957996504478401,0.4957996504478401,
CDDP_A,CDDPA-P006,MONOTONE_SPLINE,coefficient_12,0.504459214921477,0.504459214921477,
CDDP_A,CDDPA-P007,EMAX,E0,0.03294798450049225,0.03294798450049225,0.0
CDDP_A,CDDPA-P007,EMAX,log_A,-0.03355647589688575,0.9670002974801482,0.0
CDDP_A,CDDPA-P007,EMAX,log_K,1.694172441343865,5.442140410759815,0.0
CDDP_A,CDDPA-P007,HILL,E0,-0.011003655872670768,-0.011003655872670768,0.0
CDDP_A,CDDPA-P007,HILL,log_A,0.23950540058155184,1.270620546697261,0.0
CDDP_A,CDDPA-P007,HILL,log_K,2.301552467307744,9.989679072881323,0.0
CDDP_A,CDDPA-P007,HILL,log_h,-0.642408357004005,0.5260240436099655,0.0
CDDP_A,CDDPA-P007,LOGISTIC,L,-1884.7521473017816,-1884.7521473017816,37.0
CDDP_A,CDDPA-P007,LOGISTIC,log_A,7.542050525693555,1885.6927249092844,37.0
CDDP_A,CDDPA-P007,LOGISTIC,C,-76.87947592022631,-76.87947592022631,37.0
CDDP_A,CDDPA-P007,LOGISTIC,log_S,2.297599890796685,9.950272032999148,37.0
CDDP_A,CDDPA-P007,WEIBULL,E0,-0.009485967581955572,-0.009485967581955572,0.0
CDDP_A,CDDPA-P007,WEIBULL,log_A,0.07416744532706697,1.0769871268605178,0.0
CDDP_A,CDDPA-P007,WEIBULL,log_lambda,2.58619594749465,13.279160776285991,0.0
CDDP_A,CDDPA-P007,WEIBULL,log_p,-0.813387749697305,0.4433535483476656,0.0
CDDP_A,CDDPA-P007,MONOTONE_SPLINE,coefficient_0,0.0,0.0,
CDDP_A,CDDPA-P007,MONOTONE_SPLINE,coefficient_1,0.25527347663463235,0.25527347663463235,
CDDP_A,CDDPA-P007,MONOTONE_SPLINE,coefficient_2,0.49960416495219184,0.49960416495219184,
CDDP_A,CDDPA-P007,MONOTONE_SPLINE,coefficient_3,0.6783463411607482,0.6783463411607482,
CDDP_A,CDDPA-P007,MONOTONE_SPLINE,coefficient_4,0.7657106112965566,0.7657106112965566,
CDDP_A,CDDPA-P007,MONOTONE_SPLINE,coefficient_5,0.8374374071925602,0.8374374071925602,
CDDP_A,CDDPA-P007,MONOTONE_SPLINE,coefficient_6,0.9528192763490365,0.9528192763490365,
CDDP_A,CDDPA-P007,MONOTONE_SPLINE,coefficient_7,1.10829160524329,1.10829160524329,
CDDP_A,CDDPA-P007,MONOTONE_SPLINE,coefficient_8,1.2314772892906827,1.2314772892906827,
CDDP_A,CDDPA-P007,MONOTONE_SPLINE,coefficient_9,1.265718933848825,1.265718933848825,
CDDP_A,CDDPA-P007,MONOTONE_SPLINE,coefficient_10,1.2657189338488317,1.2657189338488317,
CDDP_A,CDDPA-P007,MONOTONE_SPLINE,coefficient_11,1.2657189338488317,1.2657189338488317,
CDDP_A,CDDPA-P007,MONOTONE_SPLINE,coefficient_12,-0.26122752943703725,-0.26122752943703725,
CDDP_A,CDDPA-P008,EMAX,E0,0.16326932166376068,0.16326932166376068,2.0
CDDP_A,CDDPA-P008,EMAX,log_A,0.2064377371536494,1.2292911926655905,2.0
CDDP_A,CDDPA-P008,EMAX,log_K,4.4183843588000595,82.96213997074425,2.0
CDDP_A,CDDPA-P008,HILL,E0,0.2454248728125012,0.2454248728125012,58.0
CDDP_A,CDDPA-P008,HILL,log_A,-0.33771543142622346,0.713398269743941,58.0
CDDP_A,CDDPA-P008,HILL,log_K,3.885518259156388,48.69217108495185,58.0
CDDP_A,CDDPA-P008,HILL,log_h,3.36512771088279,28.93719265749615,58.0
CDDP_A,CDDPA-P008,LOGISTIC,L,0.2454248727871901,0.2454248727871901,32.0
CDDP_A,CDDPA-P008,LOGISTIC,log_A,-0.3377154336338862,0.7133982681689982,32.0
CDDP_A,CDDPA-P008,LOGISTIC,C,49.055400521419884,49.055400521419884,32.0
CDDP_A,CDDPA-P008,LOGISTIC,log_S,0.2083038371857317,1.2315873147300704,32.0
CDDP_A,CDDPA-P008,WEIBULL,E0,0.24542487338210303,0.24542487338210303,17.0
CDDP_A,CDDPA-P008,WEIBULL,log_A,-0.3377154328269695,0.7133982687446512,17.0
CDDP_A,CDDPA-P008,WEIBULL,log_lambda,3.91092364262297,49.945062063636264,17.0
CDDP_A,CDDPA-P008,WEIBULL,log_p,4.83545826292445,125.89626357940058,17.0
CDDP_A,CDDPA-P008,MONOTONE_SPLINE,coefficient_0,0.0,0.0,
CDDP_A,CDDPA-P008,MONOTONE_SPLINE,coefficient_1,0.4370422191043306,0.4370422191043306,
CDDP_A,CDDPA-P008,MONOTONE_SPLINE,coefficient_2,0.8108825119892522,0.8108825119892522,
CDDP_A,CDDPA-P008,MONOTONE_SPLINE,coefficient_3,0.8108825119892522,0.8108825119892522,
CDDP_A,CDDPA-P008,MONOTONE_SPLINE,coefficient_4,0.8108825119892522,0.8108825119892522,
CDDP_A,CDDPA-P008,MONOTONE_SPLINE,coefficient_5,0.8108825119892522,0.8108825119892522,
CDDP_A,CDDPA-P008,MONOTONE_SPLINE,coefficient_6,0.8108825119892522,0.8108825119892522,
CDDP_A,CDDPA-P008,MONOTONE_SPLINE,coefficient_7,0.8108825119892529,0.8108825119892529,
CDDP_A,CDDPA-P008,MONOTONE_SPLINE,coefficient_8,1.3812278347662992,1.3812278347662992,
CDDP_A,CDDPA-P008,MONOTONE_SPLINE,coefficient_9,1.4598317566913916,1.4598317566913916,
CDDP_A,CDDPA-P008,MONOTONE_SPLINE,coefficient_10,1.4598317566913916,1.4598317566913916,
CDDP_A,CDDPA-P008,MONOTONE_SPLINE,coefficient_11,1.4598317566913916,1.4598317566913916,
CDDP_A,CDDPA-P008,MONOTONE_SPLINE,coefficient_12,-0.4863267431930863,-0.4863267431930863,
CDDP_A,CDDPA-P009,EMAX,E0,0.20220767652565466,0.20220767652565466,0.0
CDDP_A,CDDPA-P009,EMAX,log_A,-0.20824869165461082,0.8120050727145138,0.0
CDDP_A,CDDPA-P009,EMAX,log_K,0.18781434953884488,1.2066094869470747,0.0
CDDP_A,CDDPA-P009,HILL,E0,0.5327659818050312,0.5327659818050312,0.0
CDDP_A,CDDPA-P009,HILL,log_A,-0.7962139882215978,0.45103335325053745,0.0
CDDP_A,CDDPA-P009,HILL,log_K,0.9938893292034905,2.701721950583461,0.0
CDDP_A,CDDPA-P009,HILL,log_h,0.778254466656116,2.1776677543365537,0.0
CDDP_A,CDDPA-P009,LOGISTIC,L,-10.476865262006966,-10.476865262006966,31.0
CDDP_A,CDDPA-P009,LOGISTIC,log_A,2.438796879495566,11.459245592507097,31.0
CDDP_A,CDDPA-P009,LOGISTIC,C,-9.326275730945596,-9.326275730945596,31.0
CDDP_A,CDDPA-P009,LOGISTIC,log_S,1.1373211436727788,3.118403411224676,31.0
CDDP_A,CDDPA-P009,WEIBULL,E0,0.435869832040614,0.435869832040614,0.0
CDDP_A,CDDPA-P009,WEIBULL,log_A,-0.6042039150904721,0.54650932133382,0.0
CDDP_A,CDDPA-P009,WEIBULL,log_lambda,1.1712853387305406,3.226136653117017,0.0
CDDP_A,CDDPA-P009,WEIBULL,log_p,0.015885458049557283,1.0160123027100454,0.0
CDDP_A,CDDPA-P009,MONOTONE_SPLINE,coefficient_0,0.0,0.0,
CDDP_A,CDDPA-P009,MONOTONE_SPLINE,coefficient_1,0.12574245693878097,0.12574245693878097,
CDDP_A,CDDPA-P009,MONOTONE_SPLINE,coefficient_2,0.2514849138775619,0.2514849138775619,
CDDP_A,CDDPA-P009,MONOTONE_SPLINE,coefficient_3,0.37671196340372776,0.37671196340372776,
CDDP_A,CDDPA-P009,MONOTONE_SPLINE,coefficient_4,0.4943556918552934,0.4943556918552934,
CDDP_A,CDDPA-P009,MONOTONE_SPLINE,coefficient_5,0.5921249449142905,0.5921249449142905,
CDDP_A,CDDPA-P009,MONOTONE_SPLINE,coefficient_6,0.6574673693036476,0.6574673693036476,
CDDP_A,CDDPA-P009,MONOTONE_SPLINE,coefficient_7,0.687876494028604,0.687876494028604,
CDDP_A,CDDPA-P009,MONOTONE_SPLINE,coefficient_8,0.6966689629898767,0.6966689629898767,
CDDP_A,CDDPA-P009,MONOTONE_SPLINE,coefficient_9,0.6966689629916488,0.6966689629916488,
CDDP_A,CDDPA-P009,MONOTONE_SPLINE,coefficient_10,0.6966689629916488,0.6966689629916488,
CDDP_A,CDDPA-P009,MONOTONE_SPLINE,coefficient_11,0.6966689629916488,0.6966689629916488,
CDDP_A,CDDPA-P009,MONOTONE_SPLINE,coefficient_12,0.2957361086240325,0.2957361086240325,
CDDP_A,CDDPA-P010,EMAX,E0,-0.06512019194459198,-0.06512019194459198,0.0
CDDP_A,CDDPA-P010,EMAX,log_A,0.3695058532746293,1.4470193980698052,0.0
CDDP_A,CDDPA-P010,EMAX,log_K,4.574607734512977,96.98998584988993,0.0
CDDP_A,CDDPA-P010,HILL,E0,-0.06526342937980321,-0.06526342937980321,3.0
CDDP_A,CDDPA-P010,HILL,log_A,0.37197383288401775,1.4505950229083224,3.0
CDDP_A,CDDPA-P010,HILL,log_K,4.580220596822108,97.53590794536977,3.0
CDDP_A,CDDPA-P010,HILL,log_h,-0.0027279894381026077,0.9972757281438082,3.0
CDDP_A,CDDPA-P010,LOGISTIC,L,-775.727130204844,-775.727130204844,57.0
CDDP_A,CDDPA-P010,LOGISTIC,log_A,6.655137365452337,776.7646163814471,57.0
CDDP_A,CDDPA-P010,LOGISTIC,C,-560.5425956269867,-560.5425956269867,57.0
CDDP_A,CDDPA-P010,LOGISTIC,log_S,4.447798245800627,85.438621914216,57.0
CDDP_A,CDDPA-P010,WEIBULL,E0,-0.06475382003304296,-0.06475382003304296,1.0
CDDP_A,CDDPA-P010,WEIBULL,log_A,0.12882609762068412,1.1374922943482515,1.0
CDDP_A,CDDPA-P010,WEIBULL,log_lambda,4.536544730607148,93.36763180374682,1.0
CDDP_A,CDDPA-P010,WEIBULL,log_p,-0.07383070043527758,0.9288289308645288,1.0
CDDP_A,CDDPA-P010,MONOTONE_SPLINE,coefficient_0,0.0,0.0,
CDDP_A,CDDPA-P010,MONOTONE_SPLINE,coefficient_1,9.386458891346425e-15,9.386458891346425e-15,
CDDP_A,CDDPA-P010,MONOTONE_SPLINE,coefficient_2,9.659994381303979e-15,9.659994381303979e-15,
CDDP_A,CDDPA-P010,MONOTONE_SPLINE,coefficient_3,0.012605718312752793,0.012605718312752793,
CDDP_A,CDDPA-P010,MONOTONE_SPLINE,coefficient_4,0.07886080981529837,0.07886080981529837,
CDDP_A,CDDPA-P010,MONOTONE_SPLINE,coefficient_5,0.18072466063378384,0.18072466063378384,
CDDP_A,CDDPA-P010,MONOTONE_SPLINE,coefficient_6,0.3000911332910603,0.3000911332910603,
CDDP_A,CDDPA-P010,MONOTONE_SPLINE,coefficient_7,0.4420086994749132,0.4420086994749132,
CDDP_A,CDDPA-P010,MONOTONE_SPLINE,coefficient_8,0.6150656505036368,0.6150656505036368,
CDDP_A,CDDPA-P010,MONOTONE_SPLINE,coefficient_9,0.8154189268676281,0.8154189268676281,
CDDP_A,CDDPA-P010,MONOTONE_SPLINE,coefficient_10,1.0295479887426555,1.0295479887426555,
CDDP_A,CDDPA-P010,MONOTONE_SPLINE,coefficient_11,1.2459730148695223,1.2459730148695223,
CDDP_A,CDDPA-P010,MONOTONE_SPLINE,coefficient_12,-0.07088607883770486,-0.07088607883770486,
CDDP_A,CDDPA-P011,EMAX,E0,0.0389462881990758,0.0389462881990758,0.0
CDDP_A,CDDPA-P011,EMAX,log_A,-0.07805947043519959,0.9249094201421921,0.0
CDDP_A,CDDPA-P011,EMAX,log_K,1.9507197299840815,7.033748158696231,0.0
CDDP_A,CDDPA-P011,HILL,E0,0.0063035580956378795,0.0063035580956378795,0.0
CDDP_A,CDDPA-P011,HILL,log_A,0.07346016114583458,1.0762256602206965,0.0
CDDP_A,CDDPA-P011,HILL,log_K,2.2552938548738553,9.538095714289478,0.0
CDDP_A,CDDPA-P011,HILL,log_h,-0.39357104004917043,0.6746433891749349,0.0
CDDP_A,CDDPA-P011,LOGISTIC,L,-1299.6358633469513,-1299.6358633469513,3.0
CDDP_A,CDDPA-P011,LOGISTIC,log_A,7.170520381329618,1300.5211936940966,3.0
CDDP_A,CDDPA-P011,LOGISTIC,C,-67.48659409881328,-67.48659409881328,3.0
CDDP_A,CDDPA-P011,LOGISTIC,log_S,2.214977128877803,9.16119958229761,3.0
CDDP_A,CDDPA-P011,WEIBULL,E0,0.001442855248340995,0.001442855248340995,0.0
CDDP_A,CDDPA-P011,WEIBULL,log_A,0.011586514310811733,1.011653897963494,0.0
CDDP_A,CDDPA-P011,WEIBULL,log_lambda,2.896974704688288,18.119246297486583,0.0
CDDP_A,CDDPA-P011,WEIBULL,log_p,-0.7438276024707443,0.47529120365269395,0.0
CDDP_A,CDDPA-P011,MONOTONE_SPLINE,coefficient_0,0.0,0.0,
CDDP_A,CDDPA-P011,MONOTONE_SPLINE,coefficient_1,0.11269457487781376,0.11269457487781376,
CDDP_A,CDDPA-P011,MONOTONE_SPLINE,coefficient_2,0.22528507757023336,0.22528507757023336,
CDDP_A,CDDPA-P011,MONOTONE_SPLINE,coefficient_3,0.3372504276059751,0.3372504276059751,
CDDP_A,CDDPA-P011,MONOTONE_SPLINE,coefficient_4,0.4478315997682848,0.4478315997682848,
CDDP_A,CDDPA-P011,MONOTONE_SPLINE,coefficient_5,0.5559798131742208,0.5559798131742208,
CDDP_A,CDDPA-P011,MONOTONE_SPLINE,coefficient_6,0.6609910739535592,0.6609910739535592,
CDDP_A,CDDPA-P011,MONOTONE_SPLINE,coefficient_7,0.763317903620581,0.763317903620581,
CDDP_A,CDDPA-P011,MONOTONE_SPLINE,coefficient_8,0.8636304827716399,0.8636304827716399,
CDDP_A,CDDPA-P011,MONOTONE_SPLINE,coefficient_9,0.9625998022145955,0.9625998022145955,
CDDP_A,CDDPA-P011,MONOTONE_SPLINE,coefficient_10,1.0608974834856992,1.0608974834856992,
CDDP_A,CDDPA-P011,MONOTONE_SPLINE,coefficient_11,1.1590832250614944,1.1590832250614944,
CDDP_A,CDDPA-P011,MONOTONE_SPLINE,coefficient_12,-0.032556918277213506,-0.032556918277213506,
CDDP_A,CDDPA-P012,EMAX,E0,0.06956369267374804,0.06956369267374804,2.0
CDDP_A,CDDPA-P012,EMAX,log_A,-0.024812910901820435,0.9754923989503442,2.0
CDDP_A,CDDPA-P012,EMAX,log_K,2.103406111689797,8.194032223501935,2.0
CDDP_A,CDDPA-P012,HILL,E0,0.005636935860698555,0.005636935860698555,1.0
CDDP_A,CDDPA-P012,HILL,log_A,0.30941031095554805,1.362621354286922,1.0
CDDP_A,CDDPA-P012,HILL,log_K,2.8425122718822275,17.158819052070747,1.0
CDDP_A,CDDPA-P012,HILL,log_h,-0.8296951475054548,0.43618223729840416,1.0
CDDP_A,CDDPA-P012,LOGISTIC,L,-917.2712292221105,-917.2712292221105,1.0
CDDP_A,CDDPA-P012,LOGISTIC,log_A,6.822499760585223,918.2776175971208,1.0
CDDP_A,CDDPA-P012,LOGISTIC,C,-112.84699545899305,-112.84699545899305,1.0
CDDP_A,CDDPA-P012,LOGISTIC,log_S,2.7888802127039427,16.262798726415877,1.0
CDDP_A,CDDPA-P012,WEIBULL,E0,0.010962116548887495,0.010962116548887495,0.0
CDDP_A,CDDPA-P012,WEIBULL,log_A,0.0613520094800423,1.063273130541304,0.0
CDDP_A,CDDPA-P012,WEIBULL,log_lambda,2.7640284902720365,15.863620839932407,0.0
CDDP_A,CDDPA-P012,WEIBULL,log_p,-0.8389357826315031,0.4321702018217561,0.0
CDDP_A,CDDPA-P012,MONOTONE_SPLINE,coefficient_0,0.0,0.0,
CDDP_A,CDDPA-P012,MONOTONE_SPLINE,coefficient_1,2.720966144202767,2.720966144202767,
CDDP_A,CDDPA-P012,MONOTONE_SPLINE,coefficient_2,2.7209661442028357,2.7209661442028357,
CDDP_A,CDDPA-P012,MONOTONE_SPLINE,coefficient_3,2.7209661442028357,2.7209661442028357,
CDDP_A,CDDPA-P012,MONOTONE_SPLINE,coefficient_4,2.7209661442028357,2.7209661442028357,
CDDP_A,CDDPA-P012,MONOTONE_SPLINE,coefficient_5,2.7209661442028357,2.7209661442028357,
CDDP_A,CDDPA-P012,MONOTONE_SPLINE,coefficient_6,2.7209661442028357,2.7209661442028357,
CDDP_A,CDDPA-P012,MONOTONE_SPLINE,coefficient_7,3.270012992450915,3.270012992450915,
CDDP_A,CDDPA-P012,MONOTONE_SPLINE,coefficient_8,3.270012992450915,3.270012992450915,
CDDP_A,CDDPA-P012,MONOTONE_SPLINE,coefficient_9,3.270012992450915,3.270012992450915,
CDDP_A,CDDPA-P012,MONOTONE_SPLINE,coefficient_10,3.270012992450915,3.270012992450915,
CDDP_A,CDDPA-P012,MONOTONE_SPLINE,coefficient_11,3.270012992450915,3.270012992450915,
CDDP_A,CDDPA-P012,MONOTONE_SPLINE,coefficient_12,-2.2674545779347466,-2.2674545779347466,
CDDP_A,CDDPA-P013,EMAX,E0,1.3381479861238044e-05,1.3381479861238044e-05,0.0
CDDP_A,CDDPA-P013,EMAX,log_A,0.010600447294855861,1.0106568310913164,0.0
CDDP_A,CDDPA-P013,EMAX,log_K,0.6690748424143755,1.95243017922883,0.0
CDDP_A,CDDPA-P013,HILL,E0,4.626710206611507e-06,4.626710206611507e-06,0.0
CDDP_A,CDDPA-P013,HILL,log_A,0.012936908062947752,1.0130209518894258,0.0
CDDP_A,CDDPA-P013,HILL,log_K,0.6204432026923026,1.8597521063596014,0.0
CDDP_A,CDDPA-P013,HILL,log_h,-0.04103222690622998,0.9597981981228525,0.0
CDDP_A,CDDPA-P013,LOGISTIC,L,-363.7970945095035,-363.7970945095035,26.0
CDDP_A,CDDPA-P013,LOGISTIC,log_A,5.899300724172819,364.7822952164657,26.0
CDDP_A,CDDPA-P013,LOGISTIC,C,-27.09707378006033,-27.09707378006033,26.0
CDDP_A,CDDPA-P013,LOGISTIC,log_S,1.522522214270277,4.583771882264535,26.0
CDDP_A,CDDPA-P013,WEIBULL,E0,1.0804151953115228e-05,1.0804151953115228e-05,0.0
CDDP_A,CDDPA-P013,WEIBULL,log_A,0.0028887116875318543,1.0028928880355923,0.0
CDDP_A,CDDPA-P013,WEIBULL,log_lambda,0.8274900849792055,2.287569922650337,0.0
CDDP_A,CDDPA-P013,WEIBULL,log_p,-0.9018515218251882,0.405817583599676,0.0
CDDP_A,CDDPA-P013,MONOTONE_SPLINE,coefficient_0,0.0,0.0,
CDDP_A,CDDPA-P013,MONOTONE_SPLINE,coefficient_1,0.27841338972005963,0.27841338972005963,
CDDP_A,CDDPA-P013,MONOTONE_SPLINE,coefficient_2,0.5527251379728073,0.5527251379728073,
CDDP_A,CDDPA-P013,MONOTONE_SPLINE,coefficient_3,0.8024270374216846,0.8024270374216846,
CDDP_A,CDDPA-P013,MONOTONE_SPLINE,coefficient_4,1.0029092392628205,1.0029092392628205,
CDDP_A,CDDPA-P013,MONOTONE_SPLINE,coefficient_5,1.129827993057508,1.129827993057508,
CDDP_A,CDDPA-P013,MONOTONE_SPLINE,coefficient_6,1.1851818098949332,1.1851818098949332,
CDDP_A,CDDPA-P013,MONOTONE_SPLINE,coefficient_7,1.2192486954960773,1.2192486954960773,
CDDP_A,CDDPA-P013,MONOTONE_SPLINE,coefficient_8,1.2756323057782146,1.2756323057782146,
CDDP_A,CDDPA-P013,MONOTONE_SPLINE,coefficient_9,1.2756323057973593,1.2756323057973593,
CDDP_A,CDDPA-P013,MONOTONE_SPLINE,coefficient_10,1.2756323057973697,1.2756323057973697,
CDDP_A,CDDPA-P013,MONOTONE_SPLINE,coefficient_11,1.275632305797378,1.275632305797378,
CDDP_A,CDDPA-P013,MONOTONE_SPLINE,coefficient_12,-0.27770384175047674,-0.27770384175047674,
CDDP_A,CDDPA-P014,EMAX,E0,0.20851492360819146,0.20851492360819146,3.0
CDDP_A,CDDPA-P014,EMAX,log_A,-0.1905605764087221,0.8264956900718833,3.0
CDDP_A,CDDPA-P014,EMAX,log_K,2.9833773278618003,19.754421265966645,3.0
CDDP_A,CDDPA-P014,HILL,E0,0.011920795821550296,0.011920795821550296,41.0
CDDP_A,CDDPA-P014,HILL,log_A,23.743611600542916,20498378051.936104,41.0
CDDP_A,CDDPA-P014,HILL,log_K,121.82481417430208,8.088063546804518e+52,41.0
CDDP_A,CDDPA-P014,HILL,log_h,-1.5893488647692149,0.20405843812375093,41.0
CDDP_A,CDDPA-P014,LOGISTIC,L,-1008.8434292054895,-1008.8434292054895,26.0
CDDP_A,CDDPA-P014,LOGISTIC,log_A,6.917537611449076,1009.8303358819562,26.0
CDDP_A,CDDPA-P014,LOGISTIC,C,-269.1848083568981,-269.1848083568981,26.0
CDDP_A,CDDPA-P014,LOGISTIC,log_S,3.61689748178662,37.221906850753136,26.0
CDDP_A,CDDPA-P014,WEIBULL,E0,0.011920798505755932,0.011920798505755932,29.0
CDDP_A,CDDPA-P014,WEIBULL,log_A,22.95189201586137,9287098499.568905,29.0
CDDP_A,CDDPA-P014,WEIBULL,log_lambda,117.94494604216166,1.670472130697399e+51,29.0
CDDP_A,CDDPA-P014,WEIBULL,log_p,-1.589348854008006,0.2040584403196664,29.0
CDDP_A,CDDPA-P014,MONOTONE_SPLINE,coefficient_0,0.0,0.0,
CDDP_A,CDDPA-P014,MONOTONE_SPLINE,coefficient_1,0.516374473850682,0.516374473850682,
CDDP_A,CDDPA-P014,MONOTONE_SPLINE,coefficient_2,0.9471820898182761,0.9471820898182761,
CDDP_A,CDDPA-P014,MONOTONE_SPLINE,coefficient_3,0.9471820898185095,0.9471820898185095,
CDDP_A,CDDPA-P014,MONOTONE_SPLINE,coefficient_4,0.9471820898185455,0.9471820898185455,
CDDP_A,CDDPA-P014,MONOTONE_SPLINE,coefficient_5,0.9471820898185908,0.9471820898185908,
CDDP_A,CDDPA-P014,MONOTONE_SPLINE,coefficient_6,0.9471820898335996,0.9471820898335996,
CDDP_A,CDDPA-P014,MONOTONE_SPLINE,coefficient_7,1.1466660613931892,1.1466660613931892,
CDDP_A,CDDPA-P014,MONOTONE_SPLINE,coefficient_8,1.3274565924424988,1.3274565924424988,
CDDP_A,CDDPA-P014,MONOTONE_SPLINE,coefficient_9,1.4318778425725103,1.4318778425725103,
CDDP_A,CDDPA-P014,MONOTONE_SPLINE,coefficient_10,1.497488322972508,1.497488322972508,
CDDP_A,CDDPA-P014,MONOTONE_SPLINE,coefficient_11,1.5566303417508378,1.5566303417508378,
CDDP_A,CDDPA-P014,MONOTONE_SPLINE,coefficient_12,-0.5020321550212269,-0.5020321550212269,
CDDP_A,CDDPA-P015,EMAX,E0,0.0001801200082131039,0.0001801200082131039,0.0
CDDP_A,CDDPA-P015,EMAX,log_A,-0.03684108373676025,0.9638292913286222,0.0
CDDP_A,CDDPA-P015,EMAX,log_K,-1.4262900217551153,0.24019840209430446,0.0
CDDP_A,CDDPA-P015,HILL,E0,9.443415491316814e-06,9.443415491316814e-06,32.0
CDDP_A,CDDPA-P015,HILL,log_A,14.773508664896486,2606473.366153256,32.0
CDDP_A,CDDPA-P015,HILL,log_K,391.60465327653424,1.1796142373713177e+170,32.0
CDDP_A,CDDPA-P015,HILL,log_h,-3.2645196746943483,0.03821528644515779,32.0
CDDP_A,CDDPA-P015,LOGISTIC,L,-175.42803436021762,-175.42803436021762,39.0
CDDP_A,CDDPA-P015,LOGISTIC,log_A,5.172605158771251,176.37372103865755,39.0
CDDP_A,CDDPA-P015,LOGISTIC,C,-3.49945371967522,-3.49945371967522,39.0
CDDP_A,CDDPA-P015,LOGISTIC,log_S,-0.4004794509448273,0.6699987374882291,39.0
CDDP_A,CDDPA-P015,WEIBULL,E0,9.444386929252112e-06,9.444386929252112e-06,25.0
CDDP_A,CDDPA-P015,WEIBULL,log_A,13.307508103527447,601696.2949347517,25.0
CDDP_A,CDDPA-P015,WEIBULL,log_lambda,353.2428374732816,2.578784709665241e+153,25.0
CDDP_A,CDDPA-P015,WEIBULL,log_p,-3.2645191663137823,0.03821530587307168,25.0
CDDP_A,CDDPA-P015,MONOTONE_SPLINE,coefficient_0,0.0,0.0,
CDDP_A,CDDPA-P015,MONOTONE_SPLINE,coefficient_1,5.112936288131588,5.112936288131588,
CDDP_A,CDDPA-P015,MONOTONE_SPLINE,coefficient_2,5.112936288131588,5.112936288131588,
CDDP_A,CDDPA-P015,MONOTONE_SPLINE,coefficient_3,5.112936288131588,5.112936288131588,
CDDP_A,CDDPA-P015,MONOTONE_SPLINE,coefficient_4,5.112936288131588,5.112936288131588,
CDDP_A,CDDPA-P015,MONOTONE_SPLINE,coefficient_5,5.112936288131588,5.112936288131588,
CDDP_A,CDDPA-P015,MONOTONE_SPLINE,coefficient_6,5.112936288131593,5.112936288131593,
CDDP_A,CDDPA-P015,MONOTONE_SPLINE,coefficient_7,5.260461545630276,5.260461545630276,
CDDP_A,CDDPA-P015,MONOTONE_SPLINE,coefficient_8,5.260461545634647,5.260461545634647,
CDDP_A,CDDPA-P015,MONOTONE_SPLINE,coefficient_9,5.260461545635607,5.260461545635607,
CDDP_A,CDDPA-P015,MONOTONE_SPLINE,coefficient_10,5.260461545636761,5.260461545636761,
CDDP_A,CDDPA-P015,MONOTONE_SPLINE,coefficient_11,5.260461545638902,5.260461545638902,
CDDP_A,CDDPA-P015,MONOTONE_SPLINE,coefficient_12,-4.260747903061254,-4.260747903061254,
CDDP_A,CDDPA-P016,EMAX,E0,0.744210150331692,0.744210150331692,0.0
CDDP_A,CDDPA-P016,EMAX,log_A,-1.343653257155948,0.2608908242257852,0.0
CDDP_A,CDDPA-P016,EMAX,log_K,0.5206188795441644,1.6830689443887596,0.0
CDDP_A,CDDPA-P016,HILL,E0,0.8714809930881503,0.8714809930881503,0.0
CDDP_A,CDDPA-P016,HILL,log_A,-2.0566563782589324,0.12788084100962185,0.0
CDDP_A,CDDPA-P016,HILL,log_K,2.010207282112458,7.4648645198499475,0.0
CDDP_A,CDDPA-P016,HILL,log_h,2.385441549898003,10.863858541664142,0.0
CDDP_A,CDDPA-P016,LOGISTIC,L,0.8713625841962689,0.8713625841962689,0.0
CDDP_A,CDDPA-P016,LOGISTIC,log_A,-2.0557308811565855,0.1279992491421619,0.0
CDDP_A,CDDPA-P016,LOGISTIC,C,7.376785925288863,7.376785925288863,0.0
CDDP_A,CDDPA-P016,LOGISTIC,log_S,-0.18986181434845018,0.8270734157259608,0.0
CDDP_A,CDDPA-P016,WEIBULL,E0,0.8642289453456341,0.8642289453456341,0.0
CDDP_A,CDDPA-P016,WEIBULL,log_A,-2.001496616409144,0.1351328897214903,0.0
CDDP_A,CDDPA-P016,WEIBULL,log_lambda,1.98684217828885,7.2924690472617275,0.0
CDDP_A,CDDPA-P016,WEIBULL,log_p,0.6472261268761191,1.9102347244233175,0.0
CDDP_A,CDDPA-P016,MONOTONE_SPLINE,coefficient_0,0.0,0.0,
CDDP_A,CDDPA-P016,MONOTONE_SPLINE,coefficient_1,0.04299856458635927,0.04299856458635927,
CDDP_A,CDDPA-P016,MONOTONE_SPLINE,coefficient_2,0.0859971291726305,0.0859971291726305,
CDDP_A,CDDPA-P016,MONOTONE_SPLINE,coefficient_3,0.12898016480042215,0.12898016480042215,
CDDP_A,CDDPA-P016,MONOTONE_SPLINE,coefficient_4,0.17124383994623898,0.17124383994623898,
CDDP_A,CDDPA-P016,MONOTONE_SPLINE,coefficient_5,0.21107598388947946,0.21107598388947946,
CDDP_A,CDDPA-P016,MONOTONE_SPLINE,coefficient_6,0.24056536897655545,0.24056536897655545,
CDDP_A,CDDPA-P016,MONOTONE_SPLINE,coefficient_7,0.24056536897667163,0.24056536897667163,
CDDP_A,CDDPA-P016,MONOTONE_SPLINE,coefficient_8,0.24056536898567474,0.24056536898567474,
CDDP_A,CDDPA-P016,MONOTONE_SPLINE,coefficient_9,0.24056536899058056,0.24056536899058056,
CDDP_A,CDDPA-P016,MONOTONE_SPLINE,coefficient_10,0.24056536899583972,0.24056536899583972,
CDDP_A,CDDPA-P016,MONOTONE_SPLINE,coefficient_11,0.24056536900266892,0.24056536900266892,
CDDP_A,CDDPA-P016,MONOTONE_SPLINE,coefficient_12,0.7587964609539107,0.7587964609539107,
CDDP_A,CDDPA-P017,EMAX,E0,-0.02114365925466326,-0.02114365925466326,0.0
CDDP_A,CDDPA-P017,EMAX,log_A,-0.2897936722335835,0.7484179710574692,0.0
CDDP_A,CDDPA-P017,EMAX,log_K,3.1217164896513148,22.68528530049931,0.0
CDDP_A,CDDPA-P017,HILL,E0,0.009136428027955057,0.009136428027955057,0.0
CDDP_A,CDDPA-P017,HILL,log_A,-0.4599914873178729,0.6312890194468055,0.0
CDDP_A,CDDPA-P017,HILL,log_K,2.9361891628489296,18.84389828057237,0.0
CDDP_A,CDDPA-P017,HILL,log_h,0.5537383826894594,1.7397447075957118,0.0
CDDP_A,CDDPA-P017,LOGISTIC,L,-0.3738965466563194,-0.3738965466563194,0.0
CDDP_A,CDDPA-P017,LOGISTIC,log_A,0.0036189174272052457,1.0036254736152597,0.0
CDDP_A,CDDPA-P017,LOGISTIC,C,8.254210584602825,8.254210584602825,0.0
CDDP_A,CDDPA-P017,LOGISTIC,log_S,2.778808518825713,16.09982687497908,0.0
CDDP_A,CDDPA-P017,WEIBULL,E0,0.004612387092129552,0.004612387092129552,0.0
CDDP_A,CDDPA-P017,WEIBULL,log_A,-0.4695256119957312,0.6252988321990355,0.0
CDDP_A,CDDPA-P017,WEIBULL,log_lambda,3.3035709031745384,27.20962859635779,0.0
CDDP_A,CDDPA-P017,WEIBULL,log_p,0.22972420940591676,1.258252947745469,0.0
CDDP_A,CDDPA-P017,MONOTONE_SPLINE,coefficient_0,0.0,0.0,
CDDP_A,CDDPA-P017,MONOTONE_SPLINE,coefficient_1,0.01067965204209187,0.01067965204209187,
CDDP_A,CDDPA-P017,MONOTONE_SPLINE,coefficient_2,0.022877302801568015,0.022877302801568015,
CDDP_A,CDDPA-P017,MONOTONE_SPLINE,coefficient_3,0.044319694472393895,0.044319694472393895,
CDDP_A,CDDPA-P017,MONOTONE_SPLINE,coefficient_4,0.0903127869582873,0.0903127869582873,
CDDP_A,CDDPA-P017,MONOTONE_SPLINE,coefficient_5,0.18424948902865262,0.18424948902865262,
CDDP_A,CDDPA-P017,MONOTONE_SPLINE,coefficient_6,0.3256562639687022,0.3256562639687022,
CDDP_A,CDDPA-P017,MONOTONE_SPLINE,coefficient_7,0.4692073352205906,0.4692073352205906,
CDDP_A,CDDPA-P017,MONOTONE_SPLINE,coefficient_8,0.5689432266251221,0.5689432266251221,
CDDP_A,CDDPA-P017,MONOTONE_SPLINE,coefficient_9,0.6222214517110063,0.6222214517110063,
CDDP_A,CDDPA-P017,MONOTONE_SPLINE,coefficient_10,0.6521018606496117,0.6521018606496117,
CDDP_A,CDDPA-P017,MONOTONE_SPLINE,coefficient_11,0.6780826335636706,0.6780826335636706,
CDDP_A,CDDPA-P017,MONOTONE_SPLINE,coefficient_12,-0.01396798259642384,-0.01396798259642384,
CDDP_A,CDDPA-P018,EMAX,E0,-0.12855007088969014,-0.12855007088969014,1.0
CDDP_A,CDDPA-P018,EMAX,log_A,0.03802516150396206,1.038757369247343,1.0
CDDP_A,CDDPA-P018,EMAX,log_K,0.4407646399202361,1.5538949344646955,1.0
CDDP_A,CDDPA-P018,HILL,E0,-0.1742209693257844,-0.1742209693257844,5.0
CDDP_A,CDDPA-P018,HILL,log_A,22.27231198752001,4706978292.093724,5.0
CDDP_A,CDDPA-P018,HILL,log_K,107.97708981052354,7.831668146152961e+46,5.0
CDDP_A,CDDPA-P018,HILL,log_h,-1.5474136045218092,0.21279764154914543,5.0
CDDP_A,CDDPA-P018,LOGISTIC,L,-1208.7143624664277,-1208.7143624664277,54.0
CDDP_A,CDDPA-P018,LOGISTIC,log_A,7.098101042053232,1209.6677838043545,54.0
CDDP_A,CDDPA-P018,LOGISTIC,C,-37.431660704289925,-37.431660704289925,54.0
CDDP_A,CDDPA-P018,LOGISTIC,log_S,1.6637239091379883,5.278932552213153,54.0
CDDP_A,CDDPA-P018,WEIBULL,E0,-0.17422096889849234,-0.17422096889849234,13.0
CDDP_A,CDDPA-P018,WEIBULL,log_A,22.64805934184809,6853733257.443886,13.0
CDDP_A,CDDPA-P018,WEIBULL,log_lambda,109.74284034267127,4.5783605336220935e+47,13.0
CDDP_A,CDDPA-P018,WEIBULL,log_p,-1.5474136017570705,0.2127976421374753,13.0
CDDP_A,CDDPA-P018,MONOTONE_SPLINE,coefficient_0,0.0,0.0,
CDDP_A,CDDPA-P018,MONOTONE_SPLINE,coefficient_1,0.11712879976618634,0.11712879976618634,
CDDP_A,CDDPA-P018,MONOTONE_SPLINE,coefficient_2,0.23425070258145625,0.23425070258145625,
CDDP_A,CDDPA-P018,MONOTONE_SPLINE,coefficient_3,0.35133899730865653,0.35133899730865653,
CDDP_A,CDDPA-P018,MONOTONE_SPLINE,coefficient_4,0.46838519411996044,0.46838519411996044,
CDDP_A,CDDPA-P018,MONOTONE_SPLINE,coefficient_5,0.5853858618178164,0.5853858618178164,
CDDP_A,CDDPA-P018,MONOTONE_SPLINE,coefficient_6,0.7023392016476162,0.7023392016476162,
CDDP_A,CDDPA-P018,MONOTONE_SPLINE,coefficient_7,0.819252281129146,0.819252281129146,
CDDP_A,CDDPA-P018,MONOTONE_SPLINE,coefficient_8,0.9361351635925523,0.9361351635925523,
CDDP_A,CDDPA-P018,MONOTONE_SPLINE,coefficient_9,1.052997914710543,1.052997914710543,
CDDP_A,CDDPA-P018,MONOTONE_SPLINE,coefficient_10,1.1698506001558262,1.1698506001558262,
CDDP_A,CDDPA-P018,MONOTONE_SPLINE,coefficient_11,1.2867016079889912,1.2867016079889912,
CDDP_A,CDDPA-P018,MONOTONE_SPLINE,coefficient_12,-0.15428495701495365,-0.15428495701495365,
ETO,ETO-P001,EMAX,E0,-0.09514626975758508,-0.09514626975758508,0.0
ETO,ETO-P001,EMAX,log_A,-1.0504259665107674,0.34978871909233267,0.0
ETO,ETO-P001,EMAX,log_K,1.994974323808118,7.352014253738607,0.0
ETO,ETO-P001,HILL,E0,-0.10265119335301995,-0.10265119335301995,0.0
ETO,ETO-P001,HILL,log_A,-0.9876736823435419,0.37244210266000244,0.0
ETO,ETO-P001,HILL,log_K,2.030167149875995,7.615359158741873,0.0
ETO,ETO-P001,HILL,log_h,-0.20731239029798723,0.8127657102030695,0.0
ETO,ETO-P001,LOGISTIC,L,-501.5289636554407,-501.5289636554407,41.0
ETO,ETO-P001,LOGISTIC,log_A,6.21812859262767,501.7633492118525,41.0
ETO,ETO-P001,LOGISTIC,C,-89.77213913112722,-89.77213913112722,41.0
ETO,ETO-P001,LOGISTIC,log_S,2.4995678129281003,12.177229981903889,41.0
ETO,ETO-P001,WEIBULL,E0,-0.10199617236082385,-0.10199617236082385,0.0
ETO,ETO-P001,WEIBULL,log_A,-1.0602497823123667,0.346369282603618,0.0
ETO,ETO-P001,WEIBULL,log_lambda,2.5223270581655863,12.457552408715122,0.0
ETO,ETO-P001,WEIBULL,log_p,-0.4451515090220182,0.6407271927276555,0.0
ETO,ETO-P001,MONOTONE_SPLINE,coefficient_0,0.0,0.0,
ETO,ETO-P001,MONOTONE_SPLINE,coefficient_1,0.039778090893038104,0.039778090893038104,
ETO,ETO-P001,MONOTONE_SPLINE,coefficient_2,0.07955525877022775,0.07955525877022775,
ETO,ETO-P001,MONOTONE_SPLINE,coefficient_3,0.11932689230326224,0.11932689230326224,
ETO,ETO-P001,MONOTONE_SPLINE,coefficient_4,0.15908815501645146,0.15908815501645146,
ETO,ETO-P001,MONOTONE_SPLINE,coefficient_5,0.19883572231002322,0.19883572231002322,
ETO,ETO-P001,MONOTONE_SPLINE,coefficient_6,0.23856665706997288,0.23856665706997288,
ETO,ETO-P001,MONOTONE_SPLINE,coefficient_7,0.2782785956570565,0.2782785956570565,
ETO,ETO-P001,MONOTONE_SPLINE,coefficient_8,0.31796966271240246,0.31796966271240246,
ETO,ETO-P001,MONOTONE_SPLINE,coefficient_9,0.3576437715662898,0.3576437715662898,
ETO,ETO-P001,MONOTONE_SPLINE,coefficient_10,0.3973093418915563,0.3973093418915563,
ETO,ETO-P001,MONOTONE_SPLINE,coefficient_11,0.4369734891287193,0.4369734891287193,
ETO,ETO-P001,MONOTONE_SPLINE,coefficient_12,-0.11840946160574291,-0.11840946160574291,
ETO,ETO-P002,EMAX,E0,0.00524333103202024,0.00524333103202024,0.0
ETO,ETO-P002,EMAX,log_A,-0.5154821760218211,0.5972125636048933,0.0
ETO,ETO-P002,EMAX,log_K,0.5086562195690268,1.663054912099323,0.0
ETO,ETO-P002,HILL,E0,0.0012449567576189808,0.0012449567576189808,0.0
ETO,ETO-P002,HILL,log_A,1.7244406584726948,5.609382591419629,0.0
ETO,ETO-P002,HILL,log_K,18.928823106738903,166220055.9579307,0.0
ETO,ETO-P002,HILL,log_h,-1.913498761224332,0.14756319397509468,0.0
ETO,ETO-P002,LOGISTIC,L,-688.0246931018315,-688.0246931018315,37.0
ETO,ETO-P002,LOGISTIC,log_A,6.534644284553272,688.5887990816963,37.0
ETO,ETO-P002,LOGISTIC,C,-14.997783106845274,-14.997783106845274,37.0
ETO,ETO-P002,LOGISTIC,log_S,0.7459841599155463,2.108515530658986,37.0
ETO,ETO-P002,WEIBULL,E0,0.001241125543255699,0.001241125543255699,0.0
ETO,ETO-P002,WEIBULL,log_A,1.182930375036608,3.263924726287003,0.0
ETO,ETO-P002,WEIBULL,log_lambda,15.447339616186337,5113218.545151547,0.0
ETO,ETO-P002,WEIBULL,log_p,-1.9225218444087007,0.14623770797907892,0.0
ETO,ETO-P002,MONOTONE_SPLINE,coefficient_0,0.0,0.0,
ETO,ETO-P002,MONOTONE_SPLINE,coefficient_1,0.204241045092811,0.204241045092811,
ETO,ETO-P002,MONOTONE_SPLINE,coefficient_2,0.40038389984337286,0.40038389984337286,
ETO,ETO-P002,MONOTONE_SPLINE,coefficient_3,0.5480738001080747,0.5480738001080747,
ETO,ETO-P002,MONOTONE_SPLINE,coefficient_4,0.6241957420620547,0.6241957420620547,
ETO,ETO-P002,MONOTONE_SPLINE,coefficient_5,0.6605184640668081,0.6605184640668081,
ETO,ETO-P002,MONOTONE_SPLINE,coefficient_6,0.6889999459950293,0.6889999459950293,
ETO,ETO-P002,MONOTONE_SPLINE,coefficient_7,0.720477678056092,0.720477678056092,
ETO,ETO-P002,MONOTONE_SPLINE,coefficient_8,0.7614018104687313,0.7614018104687313,
ETO,ETO-P002,MONOTONE_SPLINE,coefficient_9,0.8119315098738781,0.8119315098738781,
ETO,ETO-P002,MONOTONE_SPLINE,coefficient_10,0.8673285773263141,0.8673285773263141,
ETO,ETO-P002,MONOTONE_SPLINE,coefficient_11,0.9235368727866322,0.9235368727866322,
ETO,ETO-P002,MONOTONE_SPLINE,coefficient_12,-0.18540996601793877,-0.18540996601793877,
ETO,ETO-P003,EMAX,E0,0.001715822017771757,0.001715822017771757,0.0
ETO,ETO-P003,EMAX,log_A,-1.2630934977384187,0.28277789925781227,0.0
ETO,ETO-P003,EMAX,log_K,3.0981717736330503,22.15740547636499,0.0
ETO,ETO-P003,HILL,E0,0.03116487499939983,0.03116487499939983,0.0
ETO,ETO-P003,HILL,log_A,-1.5380038846588857,0.2148094582149278,0.0
ETO,ETO-P003,HILL,log_K,3.127076194625151,22.807198153576437,0.0
ETO,ETO-P003,HILL,log_h,3.6610804462301934,38.903353153576816,0.0
ETO,ETO-P003,LOGISTIC,L,0.03116488259534588,0.03116488259534588,1.0
ETO,ETO-P003,LOGISTIC,log_A,-1.5380039656895006,0.21480944080878606,1.0
ETO,ETO-P003,LOGISTIC,C,27.667171530493643,27.667171530493643,1.0
ETO,ETO-P003,LOGISTIC,log_S,-1.3120167361174926,0.2692764488724516,1.0
ETO,ETO-P003,WEIBULL,E0,0.03116487509339297,0.03116487509339297,9.0
ETO,ETO-P003,WEIBULL,log_A,-1.53800388458561,0.2148094582306681,9.0
ETO,ETO-P003,WEIBULL,log_lambda,3.6675561680803024,39.156097916792305,9.0
ETO,ETO-P003,WEIBULL,log_p,2.8964759710456085,18.110211872851053,9.0
ETO,ETO-P003,MONOTONE_SPLINE,coefficient_0,0.0,0.0,
ETO,ETO-P003,MONOTONE_SPLINE,coefficient_1,0.030311095722834844,0.030311095722834844,
ETO,ETO-P003,MONOTONE_SPLINE,coefficient_2,0.06062265448761654,0.06062265448761654,
ETO,ETO-P003,MONOTONE_SPLINE,coefficient_3,0.0909369979672304,0.0909369979672304,
ETO,ETO-P003,MONOTONE_SPLINE,coefficient_4,0.12125811335775252,0.12125811335775252,
ETO,ETO-P003,MONOTONE_SPLINE,coefficient_5,0.1515925895592122,0.1515925895592122,
ETO,ETO-P003,MONOTONE_SPLINE,coefficient_6,0.1819424143603376,0.1819424143603376,
ETO,ETO-P003,MONOTONE_SPLINE,coefficient_7,0.21229464208364474,0.21229464208364474,
ETO,ETO-P003,MONOTONE_SPLINE,coefficient_8,0.242634340166424,0.242634340166424,
ETO,ETO-P003,MONOTONE_SPLINE,coefficient_9,0.27295909982097993,0.27295909982097993,
ETO,ETO-P003,MONOTONE_SPLINE,coefficient_10,0.3032762616897348,0.3032762616897348,
ETO,ETO-P003,MONOTONE_SPLINE,coefficient_11,0.3335921572608562,0.3335921572608562,
ETO,ETO-P003,MONOTONE_SPLINE,coefficient_12,-0.044202431303282594,-0.044202431303282594,
ETO,ETO-P004,EMAX,E0,1.706030622789934e-06,1.706030622789934e-06,0.0
ETO,ETO-P004,EMAX,log_A,-0.1128340845847937,0.8932988598726026,0.0
ETO,ETO-P004,EMAX,log_K,-3.4835754702404187,0.030697456737711824,0.0
ETO,ETO-P004,HILL,E0,3.935977441591232e-05,3.935977441591232e-05,9.0
ETO,ETO-P004,HILL,log_A,12.465014736604925,259111.75564785398,9.0
ETO,ETO-P004,HILL,log_K,699.9632411561561,9.776269591884157e+303,9.0
ETO,ETO-P004,HILL,log_h,-4.014218414029638,0.018057062183336647,9.0
ETO,ETO-P004,LOGISTIC,L,-1.2137226861977424,-1.2137226861977424,38.0
ETO,ETO-P004,LOGISTIC,log_A,0.7432698233708619,2.1028000702497254,38.0
ETO,ETO-P004,LOGISTIC,C,-0.030359485022941137,-0.030359485022941137,38.0
ETO,ETO-P004,LOGISTIC,log_S,-2.327525626438565,0.09753679120738415,38.0
ETO,ETO-P004,WEIBULL,E0,3.935792976814318e-05,3.935792976814318e-05,14.0
ETO,ETO-P004,WEIBULL,log_A,12.463264370457152,258658.61190170908,14.0
ETO,ETO-P004,WEIBULL,log_lambda,699.8680933054682,8.888960630819823e+303,14.0
ETO,ETO-P004,WEIBULL,log_p,-4.014220843847601,0.018057018308015902,14.0
ETO,ETO-P004,MONOTONE_SPLINE,coefficient_0,0.0,0.0,
ETO,ETO-P004,MONOTONE_SPLINE,coefficient_1,5.143295002909764,5.143295002909764,
ETO,ETO-P004,MONOTONE_SPLINE,coefficient_2,5.143295002909764,5.143295002909764,
ETO,ETO-P004,MONOTONE_SPLINE,coefficient_3,5.143295002909764,5.143295002909764,
ETO,ETO-P004,MONOTONE_SPLINE,coefficient_4,5.143295002909764,5.143295002909764,
ETO,ETO-P004,MONOTONE_SPLINE,coefficient_5,5.143295002909764,5.143295002909764,
ETO,ETO-P004,MONOTONE_SPLINE,coefficient_6,5.143295002909764,5.143295002909764,
ETO,ETO-P004,MONOTONE_SPLINE,coefficient_7,5.161926951564203,5.161926951564203,
ETO,ETO-P004,MONOTONE_SPLINE,coefficient_8,5.187379549479679,5.187379549479679,
ETO,ETO-P004,MONOTONE_SPLINE,coefficient_9,5.214092810880872,5.214092810880872,
ETO,ETO-P004,MONOTONE_SPLINE,coefficient_10,5.241370940599188,5.241370940599188,
ETO,ETO-P004,MONOTONE_SPLINE,coefficient_11,5.268743261587088,5.268743261587088,
ETO,ETO-P004,MONOTONE_SPLINE,coefficient_12,-4.286046640037695,-4.286046640037695,
ETO,ETO-P005,EMAX,E0,0.051767380966112886,0.051767380966112886,5.0
ETO,ETO-P005,EMAX,log_A,47.51771933372651,4.3319486431745134e+20,5.0
ETO,ETO-P005,EMAX,log_K,53.148501766763495,1.2080948660172767e+23,5.0
ETO,ETO-P005,HILL,E0,0.11478596644096965,0.11478596644096965,57.0
ETO,ETO-P005,HILL,log_A,-0.1430800088489382,0.8666847236742767,57.0
ETO,ETO-P005,HILL,log_K,4.009848658858088,55.13852520461386,57.0
ETO,ETO-P005,HILL,log_h,7.449916846399223,1719.7201385083906,57.0
ETO,ETO-P005,LOGISTIC,L,0.11478597226448001,0.11478597226448001,0.0
ETO,ETO-P005,LOGISTIC,log_A,-0.1430800321751286,0.8666847034578241,0.0
ETO,ETO-P005,LOGISTIC,C,177.47551536799762,177.47551536799762,0.0
ETO,ETO-P005,LOGISTIC,log_S,1.1164761402778587,3.0540730937269407,0.0
ETO,ETO-P005,WEIBULL,E0,0.1147861111111087,0.1147861111111087,60.0
ETO,ETO-P005,WEIBULL,log_A,0.2807544581929192,1.3241284351268545,60.0
ETO,ETO-P005,WEIBULL,log_lambda,5.518479344855556,249.25571686695264,60.0
ETO,ETO-P005,WEIBULL,log_p,3.017734093209429,20.44491289207184,60.0
ETO,ETO-P005,MONOTONE_SPLINE,coefficient_0,0.0,0.0,
ETO,ETO-P005,MONOTONE_SPLINE,coefficient_1,0.09928048691998666,0.09928048691998666,
ETO,ETO-P005,MONOTONE_SPLINE,coefficient_2,0.1985609738399735,0.1985609738399735,
ETO,ETO-P005,MONOTONE_SPLINE,coefficient_3,0.29773865092338697,0.29773865092338697,
ETO,ETO-P005,MONOTONE_SPLINE,coefficient_4,0.37758274671510983,0.37758274671510983,
ETO,ETO-P005,MONOTONE_SPLINE,coefficient_5,0.37758274671510983,0.37758274671510983,
ETO,ETO-P005,MONOTONE_SPLINE,coefficient_6,0.37758274671510983,0.37758274671510983,
ETO,ETO-P005,MONOTONE_SPLINE,coefficient_7,0.37758274671510983,0.37758274671510983,
ETO,ETO-P005,MONOTONE_SPLINE,coefficient_8,0.37758274671513153,0.37758274671513153,
ETO,ETO-P005,MONOTONE_SPLINE,coefficient_9,0.697185993718135,0.697185993718135,
ETO,ETO-P005,MONOTONE_SPLINE,coefficient_10,1.1833040614591097,1.1833040614591097,
ETO,ETO-P005,MONOTONE_SPLINE,coefficient_11,1.6971745993230791,1.6971745993230791,
ETO,ETO-P005,MONOTONE_SPLINE,coefficient_12,-0.22401134306982956,-0.22401134306982956,
ETO,ETO-P006,EMAX,E0,0.00022957842195340752,0.00022957842195340752,0.0
ETO,ETO-P006,EMAX,log_A,-0.045733005584987496,0.955296987104321,0.0
ETO,ETO-P006,EMAX,log_K,1.7211119725738668,5.59074176063366,0.0
ETO,ETO-P006,HILL,E0,0.016762000935207452,0.016762000935207452,0.0
ETO,ETO-P006,HILL,log_A,-0.10365119939496373,0.9015397001789678,0.0
ETO,ETO-P006,HILL,log_K,1.7824582577647263,5.944451466020334,0.0
ETO,ETO-P006,HILL,log_h,0.42585439987596385,1.530897859987104,0.0
ETO,ETO-P006,LOGISTIC,L,-1032.4150128660583,-1032.4150128660583,20.0
ETO,ETO-P006,LOGISTIC,log_A,6.940536168906429,1033.3241027125728,20.0
ETO,ETO-P006,LOGISTIC,C,-66.0801875907925,-66.0801875907925,20.0
ETO,ETO-P006,LOGISTIC,log_S,2.236884265339762,9.364109706561363,20.0
ETO,ETO-P006,WEIBULL,E0,0.017645526926898226,0.017645526926898226,0.0
ETO,ETO-P006,WEIBULL,log_A,-0.11425172211717498,0.892033383086843,0.0
ETO,ETO-P006,WEIBULL,log_lambda,2.23385570224227,9.335792810859884,0.0
ETO,ETO-P006,WEIBULL,log_p,-0.0181867769437236,0.9819776044530174,0.0
ETO,ETO-P006,MONOTONE_SPLINE,coefficient_0,0.0,0.0,
ETO,ETO-P006,MONOTONE_SPLINE,coefficient_1,0.0994010375740706,0.0994010375740706,
ETO,ETO-P006,MONOTONE_SPLINE,coefficient_2,0.20619849579331373,0.20619849579331373,
ETO,ETO-P006,MONOTONE_SPLINE,coefficient_3,0.35737447788359206,0.35737447788359206,
ETO,ETO-P006,MONOTONE_SPLINE,coefficient_4,0.5882846553127777,0.5882846553127777,
ETO,ETO-P006,MONOTONE_SPLINE,coefficient_5,0.8306377948455229,0.8306377948455229,
ETO,ETO-P006,MONOTONE_SPLINE,coefficient_6,0.9581616984964088,0.9581616984964088,
ETO,ETO-P006,MONOTONE_SPLINE,coefficient_7,0.9715793524406507,0.9715793524406507,
ETO,ETO-P006,MONOTONE_SPLINE,coefficient_8,0.9715793524656658,0.9715793524656658,
ETO,ETO-P006,MONOTONE_SPLINE,coefficient_9,0.9922231855283512,0.9922231855283512,
ETO,ETO-P006,MONOTONE_SPLINE,coefficient_10,1.0262863972816547,1.0262863972816547,
ETO,ETO-P006,MONOTONE_SPLINE,coefficient_11,1.0625861721500613,1.0625861721500613,
ETO,ETO-P006,MONOTONE_SPLINE,coefficient_12,-0.0873946267353694,-0.0873946267353694,
ETO,ETO-P007,EMAX,E0,-0.0006351105357013243,-0.0006351105357013243,0.0
ETO,ETO-P007,EMAX,log_A,0.02246190701264623,1.0227160751119015,0.0
ETO,ETO-P007,EMAX,log_K,0.31938691788557766,1.376283730691771,0.0
ETO,ETO-P007,HILL,E0,5.7497021364256907e-11,5.7497021364256907e-11,0.0
ETO,ETO-P007,HILL,log_A,-0.0014031574439529056,0.9985978265211802,0.0
ETO,ETO-P007,HILL,log_K,1.124211779813383,3.0777899164228013,0.0
ETO,ETO-P007,HILL,log_h,1.4283187203034535,4.1716795324728855,0.0
ETO,ETO-P007,LOGISTIC,L,-2.748552946895316,-2.748552946895316,60.0
ETO,ETO-P007,LOGISTIC,log_A,1.3209958037333447,3.7471509468953097,60.0
ETO,ETO-P007,LOGISTIC,C,-2.495290711341508,-2.495290711341508,60.0
ETO,ETO-P007,LOGISTIC,log_S,0.9020048873668988,2.464539284944885,60.0
ETO,ETO-P007,WEIBULL,E0,-2.6853370135107633e-18,-2.6853370135107633e-18,0.0
ETO,ETO-P007,WEIBULL,log_A,-0.0014029837215592065,0.9985980000000001,0.0
ETO,ETO-P007,WEIBULL,log_lambda,1.0852661529787277,2.9602275872914374,0.0
ETO,ETO-P007,WEIBULL,log_p,0.07283237039709044,1.0755502277449622,0.0
ETO,ETO-P007,MONOTONE_SPLINE,coefficient_0,0.0,0.0,
ETO,ETO-P007,MONOTONE_SPLINE,coefficient_1,0.3736708129251002,0.3736708129251002,
ETO,ETO-P007,MONOTONE_SPLINE,coefficient_2,0.7388939262884039,0.7388939262884039,
ETO,ETO-P007,MONOTONE_SPLINE,coefficient_3,1.0534308422809304,1.0534308422809304,
ETO,ETO-P007,MONOTONE_SPLINE,coefficient_4,1.26941619581815,1.26941619581815,
ETO,ETO-P007,MONOTONE_SPLINE,coefficient_5,1.3713879597061038,1.3713879597061038,
ETO,ETO-P007,MONOTONE_SPLINE,coefficient_6,1.3713879597062975,1.3713879597062975,
ETO,ETO-P007,MONOTONE_SPLINE,coefficient_7,1.3713879597062975,1.3713879597062975,
ETO,ETO-P007,MONOTONE_SPLINE,coefficient_8,1.3713879597062975,1.3713879597062975,
ETO,ETO-P007,MONOTONE_SPLINE,coefficient_9,1.3713879597062975,1.3713879597062975,
ETO,ETO-P007,MONOTONE_SPLINE,coefficient_10,1.3713879597062975,1.3713879597062975,
ETO,ETO-P007,MONOTONE_SPLINE,coefficient_11,1.3713879597062975,1.3713879597062975,
ETO,ETO-P007,MONOTONE_SPLINE,coefficient_12,-0.3717285835660524,-0.3717285835660524,
ETO,ETO-P008,EMAX,E0,0.07606899761993449,0.07606899761993449,0.0
ETO,ETO-P008,EMAX,log_A,65.09319234953493,1.8604339104409363e+28,0.0
ETO,ETO-P008,EMAX,log_K,72.24968457881127,2.385829102476397e+31,0.0
ETO,ETO-P008,HILL,E0,0.10427355555429382,0.10427355555429382,47.0
ETO,ETO-P008,HILL,log_A,0.9304638595423479,2.5356851065969153,47.0
ETO,ETO-P008,HILL,log_K,6.95635340019046,1049.7983742518584,47.0
ETO,ETO-P008,HILL,log_h,2.7812423537306734,16.139058918383455,47.0
ETO,ETO-P008,LOGISTIC,L,0.10427358938857025,0.10427358938857025,14.0
ETO,ETO-P008,LOGISTIC,log_A,-0.2298500201757781,0.7946527754499213,14.0
ETO,ETO-P008,LOGISTIC,C,518.2190662600887,518.2190662600887,14.0
ETO,ETO-P008,LOGISTIC,log_S,2.3929654809596896,10.945905736058636,14.0
ETO,ETO-P008,WEIBULL,E0,0.10427355555555555,0.10427355555555555,2.0
ETO,ETO-P008,WEIBULL,log_A,0.014427568025262289,1.0145321477231237,2.0
ETO,ETO-P008,WEIBULL,log_lambda,6.896431341286754,988.7399367562964,2.0
ETO,ETO-P008,WEIBULL,log_p,3.6244176836965996,37.502878262461735,2.0
ETO,ETO-P008,MONOTONE_SPLINE,coefficient_0,0.0,0.0,
ETO,ETO-P008,MONOTONE_SPLINE,coefficient_1,0.09981824612341705,0.09981824612341705,
ETO,ETO-P008,MONOTONE_SPLINE,coefficient_2,0.19425151689063047,0.19425151689063047,
ETO,ETO-P008,MONOTONE_SPLINE,coefficient_3,0.2563749355206249,0.2563749355206249,
ETO,ETO-P008,MONOTONE_SPLINE,coefficient_4,0.2563749355216155,0.2563749355216155,
ETO,ETO-P008,MONOTONE_SPLINE,coefficient_5,0.25637493552164536,0.25637493552164536,
ETO,ETO-P008,MONOTONE_SPLINE,coefficient_6,0.25637493552166546,0.25637493552166546,
ETO,ETO-P008,MONOTONE_SPLINE,coefficient_7,0.2563749355216928,0.2563749355216928,
ETO,ETO-P008,MONOTONE_SPLINE,coefficient_8,0.2563749355217052,0.2563749355217052,
ETO,ETO-P008,MONOTONE_SPLINE,coefficient_9,0.2563749355223177,0.2563749355223177,
ETO,ETO-P008,MONOTONE_SPLINE,coefficient_10,0.9742104962336309,0.9742104962336309,
ETO,ETO-P008,MONOTONE_SPLINE,coefficient_11,1.811685317063393,1.811685317063393,
ETO,ETO-P008,MONOTONE_SPLINE,coefficient_12,-0.09881305072359238,-0.09881305072359238,
ETO,ETO-P009,EMAX,E0,0.03042062683177158,0.03042062683177158,0.0
ETO,ETO-P009,EMAX,log_A,-0.27190003790646267,0.7619304214432572,0.0
ETO,ETO-P009,EMAX,log_K,5.176956892540066,177.1429249879285,0.0
ETO,ETO-P009,HILL,E0,0.011219175673598463,0.011219175673598463,10.0
ETO,ETO-P009,HILL,log_A,21.715734746534537,2697887095.925743,10.0
ETO,ETO-P009,HILL,log_K,45.60347052481732,6.3875690007066935e+19,10.0
ETO,ETO-P009,HILL,log_h,-0.5781170974303419,0.5609535937718046,10.0
ETO,ETO-P009,LOGISTIC,L,-425.5958488772742,-425.5958488772742,27.0
ETO,ETO-P009,LOGISTIC,log_A,6.054791945605466,426.1502338017895,27.0
ETO,ETO-P009,LOGISTIC,C,-878.3241089520403,-878.3241089520403,27.0
ETO,ETO-P009,LOGISTIC,log_S,4.87559261473548,131.0517934270742,27.0
ETO,ETO-P009,WEIBULL,E0,0.011219174381139578,0.011219174381139578,2.0
ETO,ETO-P009,WEIBULL,log_A,21.09080760801282,1444180122.2134407,2.0
ETO,ETO-P009,WEIBULL,log_lambda,44.48942668748225,2.0965851887454155e+19,2.0
ETO,ETO-P009,WEIBULL,log_p,-0.5781171112569271,0.5609535860157321,2.0
ETO,ETO-P009,MONOTONE_SPLINE,coefficient_0,0.0,0.0,
ETO,ETO-P009,MONOTONE_SPLINE,coefficient_1,0.022084432950209953,0.022084432950209953,
ETO,ETO-P009,MONOTONE_SPLINE,coefficient_2,0.044130730350641946,0.044130730350641946,
ETO,ETO-P009,MONOTONE_SPLINE,coefficient_3,0.06595745839516826,0.06595745839516826,
ETO,ETO-P009,MONOTONE_SPLINE,coefficient_4,0.08906490049922708,0.08906490049922708,
ETO,ETO-P009,MONOTONE_SPLINE,coefficient_5,0.11867858104082608,0.11867858104082608,
ETO,ETO-P009,MONOTONE_SPLINE,coefficient_6,0.1599146064998579,0.1599146064998579,
ETO,ETO-P009,MONOTONE_SPLINE,coefficient_7,0.21608603356505662,0.21608603356505662,
ETO,ETO-P009,MONOTONE_SPLINE,coefficient_8,0.28980242086606717,0.28980242086606717,
ETO,ETO-P009,MONOTONE_SPLINE,coefficient_9,0.37813018177242064,0.37813018177242064,
ETO,ETO-P009,MONOTONE_SPLINE,coefficient_10,0.4738205365681557,0.4738205365681557,
ETO,ETO-P009,MONOTONE_SPLINE,coefficient_11,0.5707379903454544,0.5707379903454544,
ETO,ETO-P009,MONOTONE_SPLINE,coefficient_12,-0.021314699363022226,-0.021314699363022226,
ETO,ETO-P010,EMAX,E0,-0.05051732814686235,-0.05051732814686235,19.0
ETO,ETO-P010,EMAX,log_A,-0.7731478948389489,0.4615578435121236,19.0
ETO,ETO-P010,EMAX,log_K,1.5198310981792793,4.571453003196103,19.0
ETO,ETO-P010,HILL,E0,-0.03944700000085803,-0.03944700000085803,6.0
ETO,ETO-P010,HILL,log_A,-0.9023318807638788,0.40562269230855047,6.0
ETO,ETO-P010,HILL,log_K,1.3901020436112994,4.0152597636962595,6.0
ETO,ETO-P010,HILL,log_h,3.6242997687803227,37.49845637441968,6.0
ETO,ETO-P010,LOGISTIC,L,-0.03944700000000008,-0.03944700000000008,0.0
ETO,ETO-P010,LOGISTIC,log_A,-0.9023318807659944,0.4056226923076924,0.0
ETO,ETO-P010,LOGISTIC,C,4.008090622210492,4.008090622210492,0.0
ETO,ETO-P010,LOGISTIC,log_S,-2.8706240931408042,0.056663552208276964,0.0
ETO,ETO-P010,WEIBULL,E0,-0.039447000000000065,-0.039447000000000065,32.0
ETO,ETO-P010,WEIBULL,log_A,-0.9023318807659944,0.4056226923076924,32.0
ETO,ETO-P010,WEIBULL,log_lambda,1.3957417558552048,4.0379686489465945,32.0
ETO,ETO-P010,WEIBULL,log_p,3.9093671560784453,49.86738371490336,32.0
ETO,ETO-P010,MONOTONE_SPLINE,coefficient_0,0.0,0.0,
ETO,ETO-P010,MONOTONE_SPLINE,coefficient_1,2.757664249459676e-15,2.757664249459676e-15,
ETO,ETO-P010,MONOTONE_SPLINE,coefficient_2,3.5970194268298334e-15,3.5970194268298334e-15,
ETO,ETO-P010,MONOTONE_SPLINE,coefficient_3,1.823344121472576e-12,1.823344121472576e-12,
ETO,ETO-P010,MONOTONE_SPLINE,coefficient_4,0.38708342242855226,0.38708342242855226,
ETO,ETO-P010,MONOTONE_SPLINE,coefficient_5,0.38708342242855226,0.38708342242855226,
ETO,ETO-P010,MONOTONE_SPLINE,coefficient_6,0.38708342242855226,0.38708342242855226,
ETO,ETO-P010,MONOTONE_SPLINE,coefficient_7,0.38708342242855226,0.38708342242855226,
ETO,ETO-P010,MONOTONE_SPLINE,coefficient_8,0.38708342242855226,0.38708342242855226,
ETO,ETO-P010,MONOTONE_SPLINE,coefficient_9,0.38708342242855226,0.38708342242855226,
ETO,ETO-P010,MONOTONE_SPLINE,coefficient_10,0.4603452675690739,0.4603452675690739,
ETO,ETO-P010,MONOTONE_SPLINE,coefficient_11,0.5458174202330159,0.5458174202330159,
ETO,ETO-P010,MONOTONE_SPLINE,coefficient_12,-0.02882862804867987,-0.02882862804867987,
ETO,ETO-P011,EMAX,E0,-0.04860341011453862,-0.04860341011453862,7.0
ETO,ETO-P011,EMAX,log_A,-0.9568969022983644,0.3840828853968928,7.0
ETO,ETO-P011,EMAX,log_K,2.4047601374406784,11.07577330021366,7.0
ETO,ETO-P011,HILL,E0,-0.014145000112267886,-0.014145000112267886,12.0
ETO,ETO-P011,HILL,log_A,-1.1908262660331133,0.3039700001893537,12.0
ETO,ETO-P011,HILL,log_K,2.3095663946534084,10.070057277546875,12.0
ETO,ETO-P011,HILL,log_h,4.012721102562277,55.29713520428692,12.0
ETO,ETO-P011,LOGISTIC,L,-0.014145000054442728,-0.014145000054442728,1.0
ETO,ETO-P011,LOGISTIC,log_A,-1.190826266347497,0.30397000009379044,1.0
ETO,ETO-P011,LOGISTIC,C,10.066279084597715,10.066279084597715,1.0
ETO,ETO-P011,LOGISTIC,log_S,-1.7620871417114898,0.17168615627847272,1.0
ETO,ETO-P011,WEIBULL,E0,-0.014145000001641036,-0.014145000001641036,11.0
ETO,ETO-P011,WEIBULL,log_A,-1.1908262666532166,0.3039700000008609,11.0
ETO,ETO-P011,WEIBULL,log_lambda,2.321787062549961,10.193875130708525,11.0
ETO,ETO-P011,WEIBULL,log_p,3.531983438783494,34.19171758231391,11.0
ETO,ETO-P011,MONOTONE_SPLINE,coefficient_0,0.0,0.0,
ETO,ETO-P011,MONOTONE_SPLINE,coefficient_1,1.317589478178262e-48,1.317589478178262e-48,
ETO,ETO-P011,MONOTONE_SPLINE,coefficient_2,2.056365979911734e-38,2.056365979911734e-38,
ETO,ETO-P011,MONOTONE_SPLINE,coefficient_3,9.534231318322148e-35,9.534231318322148e-35,
ETO,ETO-P011,MONOTONE_SPLINE,coefficient_4,9.534231318322148e-35,9.534231318322148e-35,
ETO,ETO-P011,MONOTONE_SPLINE,coefficient_5,0.3035812468968016,0.3035812468968016,
ETO,ETO-P011,MONOTONE_SPLINE,coefficient_6,0.3035812468968186,0.3035812468968186,
ETO,ETO-P011,MONOTONE_SPLINE,coefficient_7,0.3035812468968186,0.3035812468968186,
ETO,ETO-P011,MONOTONE_SPLINE,coefficient_8,0.3035812468968186,0.3035812468968186,
ETO,ETO-P011,MONOTONE_SPLINE,coefficient_9,0.3035812468968186,0.3035812468968186,
ETO,ETO-P011,MONOTONE_SPLINE,coefficient_10,0.3035812468968186,0.3035812468968186,
ETO,ETO-P011,MONOTONE_SPLINE,coefficient_11,0.3035812468968186,0.3035812468968186,
ETO,ETO-P011,MONOTONE_SPLINE,coefficient_12,-0.01599127571535404,-0.01599127571535404,
ETO,ETO-P012,EMAX,E0,-0.060277636061885506,-0.060277636061885506,0.0
ETO,ETO-P012,EMAX,log_A,-0.06950351863574668,0.9328568509953188,0.0
ETO,ETO-P012,EMAX,log_K,4.021659496339902,55.79361834890854,0.0
ETO,ETO-P012,HILL,E0,-0.03721121681136183,-0.03721121681136183,1.0
ETO,ETO-P012,HILL,log_A,-0.21394163596299304,0.8073955065087891,1.0
ETO,ETO-P012,HILL,log_K,3.764719715783665,43.15160944968459,1.0
ETO,ETO-P012,HILL,log_h,0.3411472605737095,1.406560356496866,1.0
ETO,ETO-P012,LOGISTIC,L,-541.0452069601852,-541.0452069601852,35.0
ETO,ETO-P012,LOGISTIC,log_A,6.294900103289043,541.8017194798232,35.0
ETO,ETO-P012,LOGISTIC,C,-422.4338919383545,-422.4338919383545,35.0
ETO,ETO-P012,LOGISTIC,log_S,4.172465448203297,64.87520154859428,35.0
ETO,ETO-P012,WEIBULL,E0,-0.04034760115093862,-0.04034760115093862,10.0
ETO,ETO-P012,WEIBULL,log_A,-0.23441992620885202,0.7910295720922272,10.0
ETO,ETO-P012,WEIBULL,log_lambda,4.151704799131633,63.54223475954167,10.0
ETO,ETO-P012,WEIBULL,log_p,0.07049158414124998,1.0730355388771842,10.0
ETO,ETO-P012,MONOTONE_SPLINE,coefficient_0,0.0,0.0,
ETO,ETO-P012,MONOTONE_SPLINE,coefficient_1,1.648220923670787e-20,1.648220923670787e-20,
ETO,ETO-P012,MONOTONE_SPLINE,coefficient_2,2.6271871288511193e-20,2.6271871288511193e-20,
ETO,ETO-P012,MONOTONE_SPLINE,coefficient_3,2.6279824038265885e-20,2.6279824038265885e-20,
ETO,ETO-P012,MONOTONE_SPLINE,coefficient_4,1.6815891311066408e-16,1.6815891311066408e-16,
ETO,ETO-P012,MONOTONE_SPLINE,coefficient_5,0.14130710333557153,0.14130710333557153,
ETO,ETO-P012,MONOTONE_SPLINE,coefficient_6,0.3277183722824872,0.3277183722824872,
ETO,ETO-P012,MONOTONE_SPLINE,coefficient_7,0.470968956365971,0.470968956365971,
ETO,ETO-P012,MONOTONE_SPLINE,coefficient_8,0.6122782589068723,0.6122782589068723,
ETO,ETO-P012,MONOTONE_SPLINE,coefficient_9,0.7142322021012074,0.7142322021012074,
ETO,ETO-P012,MONOTONE_SPLINE,coefficient_10,0.7935185023615736,0.7935185023615736,
ETO,ETO-P012,MONOTONE_SPLINE,coefficient_11,0.8690268621329451,0.8690268621329451,
ETO,ETO-P012,MONOTONE_SPLINE,coefficient_12,-0.024807524146423152,-0.024807524146423152,
ETO,ETO-P013,EMAX,E0,0.08735843968230383,0.08735843968230383,1.0
ETO,ETO-P013,EMAX,log_A,-15.384517410854901,2.0825190446423742e-07,1.0
ETO,ETO-P013,EMAX,log_K,25.15757053911383,84293495423.51413,1.0
ETO,ETO-P013,HILL,E0,0.08735848408911545,0.08735848408911545,2.0
ETO,ETO-P013,HILL,log_A,-33.665105350227506,2.3956894133061995e-15,2.0
ETO,ETO-P013,HILL,log_K,2.07237353919093,7.943655336764477,2.0
ETO,ETO-P013,HILL,log_h,-13.726976550387324,1.0925714076849194e-06,2.0
ETO,ETO-P013,LOGISTIC,L,0.08733912273702761,0.08733912273702761,0.0
ETO,ETO-P013,LOGISTIC,log_A,-10.162024814121306,3.8609012892633497e-05,0.0
ETO,ETO-P013,LOGISTIC,C,30.416115801197805,30.416115801197805,0.0
ETO,ETO-P013,LOGISTIC,log_S,22.74580707844205,7557505999.32848,0.0
ETO,ETO-P013,WEIBULL,E0,0.08735838608819563,0.08735838608819563,0.0
ETO,ETO-P013,WEIBULL,log_A,-32.46610981278984,7.945983509909293e-15,0.0
ETO,ETO-P013,WEIBULL,log_lambda,2.032361085368821,7.632085106607203,0.0
ETO,ETO-P013,WEIBULL,log_p,1.9086528406724812,6.743997437097906,0.0
ETO,ETO-P013,MONOTONE_SPLINE,coefficient_0,0.0,0.0,
ETO,ETO-P013,MONOTONE_SPLINE,coefficient_1,2.9323138182798546e-09,2.9323138182798546e-09,
ETO,ETO-P013,MONOTONE_SPLINE,coefficient_2,2.9323150453031053e-09,2.9323150453031053e-09,
ETO,ETO-P013,MONOTONE_SPLINE,coefficient_3,2.9323150453031053e-09,2.9323150453031053e-09,
ETO,ETO-P013,MONOTONE_SPLINE,coefficient_4,2.9323150453031053e-09,2.9323150453031053e-09,
ETO,ETO-P013,MONOTONE_SPLINE,coefficient_5,2.9323150453031053e-09,2.9323150453031053e-09,
ETO,ETO-P013,MONOTONE_SPLINE,coefficient_6,2.9323150453031053e-09,2.9323150453031053e-09,
ETO,ETO-P013,MONOTONE_SPLINE,coefficient_7,2.9323150453031053e-09,2.9323150453031053e-09,
ETO,ETO-P013,MONOTONE_SPLINE,coefficient_8,2.9323150453031053e-09,2.9323150453031053e-09,
ETO,ETO-P013,MONOTONE_SPLINE,coefficient_9,2.9323150453031053e-09,2.9323150453031053e-09,
ETO,ETO-P013,MONOTONE_SPLINE,coefficient_10,2.9323150453031053e-09,2.9323150453031053e-09,
ETO,ETO-P013,MONOTONE_SPLINE,coefficient_11,2.9323150453031053e-09,2.9323150453031053e-09,
ETO,ETO-P013,MONOTONE_SPLINE,coefficient_12,0.08735838595657631,0.08735838595657631,
ETO,ETO-P014,EMAX,E0,-0.044722492436530335,-0.044722492436530335,1.0
ETO,ETO-P014,EMAX,log_A,-1.0367296838575768,0.35461248266608986,1.0
ETO,ETO-P014,EMAX,log_K,3.562399220554434,35.24766269568217,1.0
ETO,ETO-P014,HILL,E0,-0.0017409505737898243,-0.0017409505737898243,0.0
ETO,ETO-P014,HILL,log_A,-1.4098238636782232,0.24418628944069168,0.0
ETO,ETO-P014,HILL,log_K,3.0680191568751614,21.4992737797085,0.0
ETO,ETO-P014,HILL,log_h,2.932981796085067,18.783555809473366,0.0
ETO,ETO-P014,LOGISTIC,L,-0.00378747664773415,-0.00378747664773415,0.0
ETO,ETO-P014,LOGISTIC,log_A,-1.401336852390343,0.2462675204586281,0.0
ETO,ETO-P014,LOGISTIC,C,24.72545397372611,24.72545397372611,0.0
ETO,ETO-P014,LOGISTIC,log_S,1.2904071754527007,3.63426603844729,0.0
ETO,ETO-P014,WEIBULL,E0,-0.0034454247159108812,-0.0034454247159108812,2.0
ETO,ETO-P014,WEIBULL,log_A,-1.402979981389329,0.24586320341774853,2.0
ETO,ETO-P014,WEIBULL,log_lambda,3.367790814620782,29.014358107623092,2.0
ETO,ETO-P014,WEIBULL,log_p,1.3420213680526676,3.8267710053294395,2.0
ETO,ETO-P014,MONOTONE_SPLINE,coefficient_0,0.0,0.0,
ETO,ETO-P014,MONOTONE_SPLINE,coefficient_1,0.044729284549174755,0.044729284549174755,
ETO,ETO-P014,MONOTONE_SPLINE,coefficient_2,0.0894585690983495,0.0894585690983495,
ETO,ETO-P014,MONOTONE_SPLINE,coefficient_3,0.13418795432531624,0.13418795432531624,
ETO,ETO-P014,MONOTONE_SPLINE,coefficient_4,0.17892117738046373,0.17892117738046373,
ETO,ETO-P014,MONOTONE_SPLINE,coefficient_5,0.22366559464563823,0.22366559464563823,
ETO,ETO-P014,MONOTONE_SPLINE,coefficient_6,0.2684216670004038,0.2684216670004038,
ETO,ETO-P014,MONOTONE_SPLINE,coefficient_7,0.31317731600699505,0.31317731600699505,
ETO,ETO-P014,MONOTONE_SPLINE,coefficient_8,0.3579245487487872,0.3579245487487872,
ETO,ETO-P014,MONOTONE_SPLINE,coefficient_9,0.40266844768720655,0.40266844768720655,
ETO,ETO-P014,MONOTONE_SPLINE,coefficient_10,0.4474108940036401,0.4474108940036401,
ETO,ETO-P014,MONOTONE_SPLINE,coefficient_11,0.4921530982164094,0.4921530982164094,
ETO,ETO-P014,MONOTONE_SPLINE,coefficient_12,-0.15097624372398133,-0.15097624372398133,
ETO,ETO-P015,EMAX,E0,-0.24712842662439596,-0.24712842662439596,0.0
ETO,ETO-P015,EMAX,log_A,-0.1384790570086708,0.8706814857529799,0.0
ETO,ETO-P015,EMAX,log_K,0.9344671203516121,2.545856461117331,0.0
ETO,ETO-P015,HILL,E0,-237.90128544893636,-237.90128544893636,63.0
ETO,ETO-P015,HILL,log_A,5.474680328606302,238.57418939581171,63.0
ETO,ETO-P015,HILL,log_K,-10.948026698849699,1.7592696760124135e-05,63.0
ETO,ETO-P015,HILL,log_h,-0.6479071720341311,0.5231394728217438,63.0
ETO,ETO-P015,LOGISTIC,L,-15.243396649413677,-15.243396649413677,40.0
ETO,ETO-P015,LOGISTIC,log_A,2.7619280805573703,15.830335705057815,40.0
ETO,ETO-P015,LOGISTIC,C,-21.061891399818897,-21.061891399818897,40.0
ETO,ETO-P015,LOGISTIC,log_S,1.8705259074260503,6.491709539964859,40.0
ETO,ETO-P015,WEIBULL,E0,-0.0033942459643341587,-0.0033942459643341587,0.0
ETO,ETO-P015,WEIBULL,log_A,-0.5272087311002828,0.5902502195235968,0.0
ETO,ETO-P015,WEIBULL,log_lambda,1.9013123863158443,6.694674678925483,0.0
ETO,ETO-P015,WEIBULL,log_p,0.018275889358735968,1.0184439154727083,0.0
ETO,ETO-P015,MONOTONE_SPLINE,coefficient_0,0.0,0.0,
ETO,ETO-P015,MONOTONE_SPLINE,coefficient_1,0.1772171970405782,0.1772171970405782,
ETO,ETO-P015,MONOTONE_SPLINE,coefficient_2,0.3544343940811563,0.3544343940811563,
ETO,ETO-P015,MONOTONE_SPLINE,coefficient_3,0.5314064079927201,0.5314064079927201,
ETO,ETO-P015,MONOTONE_SPLINE,coefficient_4,0.6978609212638194,0.6978609212638194,
ETO,ETO-P015,MONOTONE_SPLINE,coefficient_5,0.8204758210067216,0.8204758210067216,
ETO,ETO-P015,MONOTONE_SPLINE,coefficient_6,0.8621989865017559,0.8621989865017559,
ETO,ETO-P015,MONOTONE_SPLINE,coefficient_7,0.8621989865017559,0.8621989865017559,
ETO,ETO-P015,MONOTONE_SPLINE,coefficient_8,0.8621989865018358,0.8621989865018358,
ETO,ETO-P015,MONOTONE_SPLINE,coefficient_9,0.9157385896283995,0.9157385896283995,
ETO,ETO-P015,MONOTONE_SPLINE,coefficient_10,1.0007781300649565,1.0007781300649565,
ETO,ETO-P015,MONOTONE_SPLINE,coefficient_11,1.0910676600531792,1.0910676600531792,
ETO,ETO-P015,MONOTONE_SPLINE,coefficient_12,-0.309339665935796,-0.309339665935796,
ETO,ETO-P016,EMAX,E0,-0.07696293201932136,-0.07696293201932136,2.0
ETO,ETO-P016,EMAX,log_A,-0.6365246039783733,0.5291281621465247,2.0
ETO,ETO-P016,EMAX,log_K,2.699897045800377,14.878199872859144,2.0
ETO,ETO-P016,HILL,E0,-0.034621254839760494,-0.034621254839760494,0.0
ETO,ETO-P016,HILL,log_A,-0.7961271094834148,0.4510725401613764,0.0
ETO,ETO-P016,HILL,log_K,2.700636280948517,14.889202427382685,0.0
ETO,ETO-P016,HILL,log_h,4.763819417585907,117.19267996852433,0.0
ETO,ETO-P016,LOGISTIC,L,-0.03462137378381016,-0.03462137378381016,0.0
ETO,ETO-P016,LOGISTIC,log_A,-0.796126582593234,0.45107277782713123,0.0
ETO,ETO-P016,LOGISTIC,C,15.895739053784508,15.895739053784508,0.0
ETO,ETO-P016,LOGISTIC,log_S,-5.517290607969542,0.004016716070942392,0.0
ETO,ETO-P016,WEIBULL,E0,-0.03462122034963958,-0.03462122034963958,0.0
ETO,ETO-P016,WEIBULL,log_A,-0.7961272625585784,0.4510724711133788,0.0
ETO,ETO-P016,WEIBULL,log_lambda,2.894432872037258,18.073248689512035,0.0
ETO,ETO-P016,WEIBULL,log_p,3.772431366481842,43.485665997013335,0.0
ETO,ETO-P016,MONOTONE_SPLINE,coefficient_0,0.0,0.0,
ETO,ETO-P016,MONOTONE_SPLINE,coefficient_1,6.021657362170138e-15,6.021657362170138e-15,
ETO,ETO-P016,MONOTONE_SPLINE,coefficient_2,9.327239313653212e-15,9.327239313653212e-15,
ETO,ETO-P016,MONOTONE_SPLINE,coefficient_3,9.342624214249039e-15,9.342624214249039e-15,
ETO,ETO-P016,MONOTONE_SPLINE,coefficient_4,9.613058267104505e-15,9.613058267104505e-15,
ETO,ETO-P016,MONOTONE_SPLINE,coefficient_5,0.20962423404920183,0.20962423404920183,
ETO,ETO-P016,MONOTONE_SPLINE,coefficient_6,0.4404688459619718,0.4404688459619718,
ETO,ETO-P016,MONOTONE_SPLINE,coefficient_7,0.440468845961972,0.440468845961972,
ETO,ETO-P016,MONOTONE_SPLINE,coefficient_8,0.440468845961972,0.440468845961972,
ETO,ETO-P016,MONOTONE_SPLINE,coefficient_9,0.44046884596215885,0.44046884596215885,
ETO,ETO-P016,MONOTONE_SPLINE,coefficient_10,0.44046884596507996,0.44046884596507996,
ETO,ETO-P016,MONOTONE_SPLINE,coefficient_11,0.44046884597138136,0.44046884597138136,
ETO,ETO-P016,MONOTONE_SPLINE,coefficient_12,-0.032930555466470286,-0.032930555466470286,
ETO,ETO-P017,EMAX,E0,-0.06594883460172354,-0.06594883460172354,3.0
ETO,ETO-P017,EMAX,log_A,-1.0580489363806915,0.3471324275042298,3.0
ETO,ETO-P017,EMAX,log_K,0.6922823562738868,1.9982710991333685,3.0
ETO,ETO-P017,HILL,E0,-0.048070744883566816,-0.048070744883566816,7.0
ETO,ETO-P017,HILL,log_A,-1.1407247517258436,0.31958731640287624,7.0
ETO,ETO-P017,HILL,log_K,1.0096818538285068,2.7447276515015373,7.0
ETO,ETO-P017,HILL,log_h,4.30792780560112,74.28639348911922,7.0
ETO,ETO-P017,LOGISTIC,L,-0.04807074255594564,-0.04807074255594564,2.0
ETO,ETO-P017,LOGISTIC,log_A,-1.1407247622405725,0.3195873130425023,2.0
ETO,ETO-P017,LOGISTIC,C,3.0721012471329057,3.0721012471329057,2.0
ETO,ETO-P017,LOGISTIC,log_S,-4.313894981883321,0.013381327929187408,2.0
ETO,ETO-P017,WEIBULL,E0,-0.04807090842537478,-0.04807090842537478,15.0
ETO,ETO-P017,WEIBULL,log_A,-1.1407240502222962,0.3195875405945911,15.0
ETO,ETO-P017,WEIBULL,log_lambda,1.1394079713965604,3.1249177767323366,15.0
ETO,ETO-P017,WEIBULL,log_p,5.794409692734508,328.45823546016976,15.0
ETO,ETO-P017,MONOTONE_SPLINE,coefficient_0,0.0,0.0,
ETO,ETO-P017,MONOTONE_SPLINE,coefficient_1,2.172232989618143e-23,2.172232989618143e-23,
ETO,ETO-P017,MONOTONE_SPLINE,coefficient_2,7.626841209847463e-18,7.626841209847463e-18,
ETO,ETO-P017,MONOTONE_SPLINE,coefficient_3,0.211023472577566,0.211023472577566,
ETO,ETO-P017,MONOTONE_SPLINE,coefficient_4,0.3490316879779367,0.3490316879779367,
ETO,ETO-P017,MONOTONE_SPLINE,coefficient_5,0.34903168797799045,0.34903168797799045,
ETO,ETO-P017,MONOTONE_SPLINE,coefficient_6,0.34903168797801853,0.34903168797801853,
ETO,ETO-P017,MONOTONE_SPLINE,coefficient_7,0.34903168797805084,0.34903168797805084,
ETO,ETO-P017,MONOTONE_SPLINE,coefficient_8,0.3490316879780747,0.3490316879780747,
ETO,ETO-P017,MONOTONE_SPLINE,coefficient_9,0.34903168797809453,0.34903168797809453,
ETO,ETO-P017,MONOTONE_SPLINE,coefficient_10,0.34903168797811407,0.34903168797811407,
ETO,ETO-P017,MONOTONE_SPLINE,coefficient_11,0.34903168797813366,0.34903168797813366,
ETO,ETO-P017,MONOTONE_SPLINE,coefficient_12,-0.07271803370797948,-0.07271803370797948,
ETO,ETO-P018,EMAX,E0,-0.013552527118074222,-0.013552527118074222,3.0
ETO,ETO-P018,EMAX,log_A,-0.8198189289379226,0.44051141115404574,3.0
ETO,ETO-P018,EMAX,log_K,-25.418559779222804,9.138180875383984e-12,3.0
ETO,ETO-P018,HILL,E0,-0.01277705467234979,-0.01277705467234979,53.0
ETO,ETO-P018,HILL,log_A,22.996234118533955,9708174684.63633,53.0
ETO,ETO-P018,HILL,log_K,511.3643568834341,1.2098135281381942e+222,53.0
ETO,ETO-P018,HILL,log_h,-3.0600776424824607,0.046884054884258924,53.0
ETO,ETO-P018,LOGISTIC,L,-613.8443500410322,-613.8443500410322,10.0
ETO,ETO-P018,LOGISTIC,log_A,6.4205716873007415,614.3542322638405,10.0
ETO,ETO-P018,LOGISTIC,C,-143.20593864105783,-143.20593864105783,10.0
ETO,ETO-P018,LOGISTIC,log_S,2.955982522268324,19.22059811122331,10.0
ETO,ETO-P018,WEIBULL,E0,-0.012777062218817404,-0.012777062218817404,24.0
ETO,ETO-P018,WEIBULL,log_A,21.99804226806886,3577901413.274765,24.0
ETO,ETO-P018,WEIBULL,log_lambda,490.0740448806396,6.862042691829977e+212,24.0
ETO,ETO-P018,WEIBULL,log_p,-3.0600783313357116,0.04688402258803643,24.0
ETO,ETO-P018,MONOTONE_SPLINE,coefficient_0,0.0,0.0,
ETO,ETO-P018,MONOTONE_SPLINE,coefficient_1,2.2738499210312715,2.2738499210312715,
ETO,ETO-P018,MONOTONE_SPLINE,coefficient_2,2.2738499210312715,2.2738499210312715,
ETO,ETO-P018,MONOTONE_SPLINE,coefficient_3,2.2738499210312715,2.2738499210312715,
ETO,ETO-P018,MONOTONE_SPLINE,coefficient_4,2.2738499210312715,2.2738499210312715,
ETO,ETO-P018,MONOTONE_SPLINE,coefficient_5,2.2738499210312715,2.2738499210312715,
ETO,ETO-P018,MONOTONE_SPLINE,coefficient_6,2.2738499210312715,2.2738499210312715,
ETO,ETO-P018,MONOTONE_SPLINE,coefficient_7,2.4402790694012286,2.4402790694012286,
ETO,ETO-P018,MONOTONE_SPLINE,coefficient_8,2.440279069401229,2.440279069401229,
ETO,ETO-P018,MONOTONE_SPLINE,coefficient_9,2.4402790694012295,2.4402790694012295,
ETO,ETO-P018,MONOTONE_SPLINE,coefficient_10,2.44027906940123,2.44027906940123,
ETO,ETO-P018,MONOTONE_SPLINE,coefficient_11,2.4402790694012304,2.4402790694012304,
ETO,ETO-P018,MONOTONE_SPLINE,coefficient_12,-1.907972690271069,-1.907972690271069,
