regimen,PDO_ID,dose_uM,replicate_ID,response_inhibition,viability_ratio,QC_status,dose_unit
5FU,5FU-P001,250.0,1,0.996774,0.003226,INCLUDED_VALID,uM
5FU,5FU-P001,100.0,1,0.958812,0.041188,INCLUDED_VALID,uM
5FU,5FU-P001,50.0,1,0.833845,0.166155,INCLUDED_VALID,uM
5FU,5FU-P001,25.0,1,0.743241,0.256759,INCLUDED_VALID,uM
5FU,5FU-P001,10.0,1,0.622388,0.377612,INCLUDED_VALID,uM
5FU,5FU-P001,5.0,1,0.718276,0.281724,INCLUDED_VALID,uM
5FU,5FU-P001,2.0,1,0.570214,0.429786,INCLUDED_VALID,uM
5FU,5FU-P001,0.0,1,-0.0732740000000001,1.073274,INCLUDED_VALID,uM
5FU,5FU-P001,250.0,2,0.992847,0.007153,INCLUDED_VALID,uM
5FU,5FU-P001,100.0,2,0.945067,0.054933,INCLUDED_VALID,uM
5FU,5FU-P001,50.0,2,0.797099,0.202901,INCLUDED_VALID,uM
5FU,5FU-P001,25.0,2,0.661145,0.338855,INCLUDED_VALID,uM
5FU,5FU-P001,10.0,2,0.508969,0.491031,INCLUDED_VALID,uM
5FU,5FU-P001,5.0,2,0.65245,0.34755,INCLUDED_VALID,uM
5FU,5FU-P001,2.0,2,0.585922,0.414078,INCLUDED_VALID,uM
5FU,5FU-P001,0.0,2,0.0287849999999999,0.971215,INCLUDED_VALID,uM
5FU,5FU-P001,250.0,3,0.989434,0.010566,INCLUDED_VALID,uM
5FU,5FU-P001,100.0,3,0.93754,0.06246,INCLUDED_VALID,uM
5FU,5FU-P001,50.0,3,0.753386,0.246614,INCLUDED_VALID,uM
5FU,5FU-P001,25.0,3,0.675218,0.324782,INCLUDED_VALID,uM
5FU,5FU-P001,10.0,3,0.437299,0.562701,INCLUDED_VALID,uM
5FU,5FU-P001,5.0,3,0.56437,0.43563,INCLUDED_VALID,uM
5FU,5FU-P001,2.0,3,0.501115,0.498885,INCLUDED_VALID,uM
5FU,5FU-P001,0.0,3,0.044493,0.955507,INCLUDED_VALID,uM
5FU,5FU-P002,250.0,1,0.996947,0.003053,INCLUDED_VALID,uM
5FU,5FU-P002,100.0,1,0.9949,0.0051,INCLUDED_VALID,uM
5FU,5FU-P002,50.0,1,0.969964,0.030036,INCLUDED_VALID,uM
5FU,5FU-P002,25.0,1,0.901887,0.098113,INCLUDED_VALID,uM
5FU,5FU-P002,10.0,1,0.623407,0.376593,INCLUDED_VALID,uM
5FU,5FU-P002,5.0,1,0.384008,0.615992,INCLUDED_VALID,uM
5FU,5FU-P002,2.0,1,0.220557,0.779443,INCLUDED_VALID,uM
5FU,5FU-P002,0.0,1,-0.094989,1.094989,INCLUDED_VALID,uM
5FU,5FU-P002,250.0,2,0.997888,0.002112,INCLUDED_VALID,uM
5FU,5FU-P002,100.0,2,0.992095,0.007905,INCLUDED_VALID,uM
5FU,5FU-P002,50.0,2,0.975938,0.024062,INCLUDED_VALID,uM
5FU,5FU-P002,25.0,2,0.909148,0.090852,INCLUDED_VALID,uM
5FU,5FU-P002,10.0,2,0.674981,0.325019,INCLUDED_VALID,uM
5FU,5FU-P002,5.0,2,0.431472,0.568528,INCLUDED_VALID,uM
5FU,5FU-P002,2.0,2,0.271685,0.728315,INCLUDED_VALID,uM
5FU,5FU-P002,0.0,2,0.00302500000000006,0.996975,INCLUDED_VALID,uM
5FU,5FU-P002,250.0,3,0.99764,0.00236,INCLUDED_VALID,uM
5FU,5FU-P002,100.0,3,0.994719,0.005281,INCLUDED_VALID,uM
5FU,5FU-P002,50.0,3,0.969865,0.030135,INCLUDED_VALID,uM
5FU,5FU-P002,25.0,3,0.891671,0.108329,INCLUDED_VALID,uM
5FU,5FU-P002,10.0,3,0.582264,0.417736,INCLUDED_VALID,uM
5FU,5FU-P002,5.0,3,0.288766,0.711234,INCLUDED_VALID,uM
5FU,5FU-P002,2.0,3,0.121338,0.878662,INCLUDED_VALID,uM
5FU,5FU-P002,0.0,3,0.091962,0.908038,INCLUDED_VALID,uM
5FU,5FU-P003,250.0,1,0.942265,0.057735,INCLUDED_VALID,uM
5FU,5FU-P003,50.0,1,0.755366,0.244634,INCLUDED_VALID,uM
5FU,5FU-P003,2.0,1,0.323834,0.676166,INCLUDED_VALID,uM
5FU,5FU-P003,0.0,1,-0.176906,1.176906,INCLUDED_VALID,uM
5FU,5FU-P003,100.0,2,0.897483,0.102517,INCLUDED_VALID,uM
5FU,5FU-P003,25.0,2,0.382309,0.617691,INCLUDED_VALID,uM
5FU,5FU-P003,5.0,2,0.452998,0.547002,INCLUDED_VALID,uM
5FU,5FU-P003,2.0,2,0.377128,0.622872,INCLUDED_VALID,uM
5FU,5FU-P003,0.0,2,0.047742,0.952258,INCLUDED_VALID,uM
5FU,5FU-P003,250.0,3,0.882309,0.117691,INCLUDED_VALID,uM
5FU,5FU-P003,100.0,3,0.858253,0.141747,INCLUDED_VALID,uM
5FU,5FU-P003,50.0,3,0.727979,0.272021,INCLUDED_VALID,uM
5FU,5FU-P003,25.0,3,0.53701,0.46299,INCLUDED_VALID,uM
5FU,5FU-P003,10.0,3,0.363805,0.636195,INCLUDED_VALID,uM
5FU,5FU-P003,5.0,3,0.521836,0.478164,INCLUDED_VALID,uM
5FU,5FU-P003,2.0,3,0.467061,0.532939,INCLUDED_VALID,uM
5FU,5FU-P003,0.0,3,0.128793,0.871207,INCLUDED_VALID,uM
5FU,5FU-P004,250.0,1,0.614364,0.385636,INCLUDED_VALID,uM
5FU,5FU-P004,100.0,1,0.628415,0.371585,INCLUDED_VALID,uM
5FU,5FU-P004,50.0,1,0.556596,0.443404,INCLUDED_VALID,uM
5FU,5FU-P004,25.0,1,0.545667,0.454333,INCLUDED_VALID,uM
5FU,5FU-P004,5.0,1,0.637783,0.362217,INCLUDED_VALID,uM
5FU,5FU-P004,2.0,1,0.46292,0.53708,INCLUDED_VALID,uM
5FU,5FU-P004,0.0,1,-0.0242,1.0242,INCLUDED_VALID,uM
5FU,5FU-P004,250.0,2,0.832943,0.167057,INCLUDED_VALID,uM
5FU,5FU-P004,100.0,2,0.739266,0.260734,INCLUDED_VALID,uM
5FU,5FU-P004,50.0,2,0.708041,0.291959,INCLUDED_VALID,uM
5FU,5FU-P004,25.0,2,0.689305,0.310695,INCLUDED_VALID,uM
5FU,5FU-P004,10.0,2,0.423888,0.576112,INCLUDED_VALID,uM
5FU,5FU-P004,5.0,2,0.408275,0.591725,INCLUDED_VALID,uM
5FU,5FU-P004,2.0,2,0.359875,0.640125,INCLUDED_VALID,uM
5FU,5FU-P004,0.0,2,0.0242,0.9758,INCLUDED_VALID,uM
5FU,5FU-P005,250.0,1,0.972909,0.027091,INCLUDED_VALID,uM
5FU,5FU-P005,100.0,1,0.904115,0.095885,INCLUDED_VALID,uM
5FU,5FU-P005,50.0,1,0.836517,0.163483,INCLUDED_VALID,uM
5FU,5FU-P005,25.0,1,0.736786,0.263214,INCLUDED_VALID,uM
5FU,5FU-P005,10.0,1,0.508695,0.491305,INCLUDED_VALID,uM
5FU,5FU-P005,5.0,1,0.501346,0.498654,INCLUDED_VALID,uM
5FU,5FU-P005,2.0,1,0.470581,0.529419,INCLUDED_VALID,uM
5FU,5FU-P005,0.0,1,-0.159253,1.159253,INCLUDED_VALID,uM
5FU,5FU-P005,250.0,2,0.959151,0.040849,INCLUDED_VALID,uM
5FU,5FU-P005,100.0,2,0.888049,0.111951,INCLUDED_VALID,uM
5FU,5FU-P005,50.0,2,0.734906,0.265094,INCLUDED_VALID,uM
5FU,5FU-P005,25.0,2,0.669102,0.330898,INCLUDED_VALID,uM
5FU,5FU-P005,10.0,2,0.62868,0.37132,INCLUDED_VALID,uM
5FU,5FU-P005,5.0,2,0.586634,0.413366,INCLUDED_VALID,uM
5FU,5FU-P005,2.0,2,0.474597,0.525403,INCLUDED_VALID,uM
5FU,5FU-P005,250.0,3,0.959492,0.040508,INCLUDED_VALID,uM
5FU,5FU-P005,100.0,3,0.856685,0.143315,INCLUDED_VALID,uM
5FU,5FU-P005,50.0,3,0.777806,0.222194,INCLUDED_VALID,uM
5FU,5FU-P005,25.0,3,0.701748,0.298252,INCLUDED_VALID,uM
5FU,5FU-P005,10.0,3,0.540144,0.459856,INCLUDED_VALID,uM
5FU,5FU-P005,5.0,3,0.584583,0.415417,INCLUDED_VALID,uM
5FU,5FU-P005,2.0,3,0.543392,0.456608,INCLUDED_VALID,uM
5FU,5FU-P005,0.0,3,0.159253,0.840747,INCLUDED_VALID,uM
5FU,5FU-P006,250.0,1,0.901196,0.098804,INCLUDED_VALID,uM
5FU,5FU-P006,100.0,1,0.843298,0.156702,INCLUDED_VALID,uM
5FU,5FU-P006,50.0,1,0.870359,0.129641,INCLUDED_VALID,uM
5FU,5FU-P006,25.0,1,0.702329,0.297671,INCLUDED_VALID,uM
5FU,5FU-P006,10.0,1,0.614223,0.385777,INCLUDED_VALID,uM
5FU,5FU-P006,5.0,1,0.377596,0.622404,INCLUDED_VALID,uM
5FU,5FU-P006,2.0,1,0.25236,0.74764,INCLUDED_VALID,uM
5FU,5FU-P006,0.0,1,-0.123977,1.123977,INCLUDED_VALID,uM
5FU,5FU-P006,250.0,2,0.898678,0.101322,INCLUDED_VALID,uM
5FU,5FU-P006,100.0,2,0.815607,0.184393,INCLUDED_VALID,uM
5FU,5FU-P006,50.0,2,0.638137,0.361863,INCLUDED_VALID,uM
5FU,5FU-P006,25.0,2,0.714286,0.285714,INCLUDED_VALID,uM
5FU,5FU-P006,10.0,2,0.534298,0.465702,INCLUDED_VALID,uM
5FU,5FU-P006,5.0,2,0.300189,0.699811,INCLUDED_VALID,uM
5FU,5FU-P006,2.0,2,0.052863,0.947137,INCLUDED_VALID,uM
5FU,5FU-P006,0.0,2,0.001888,0.998112,INCLUDED_VALID,uM
5FU,5FU-P006,100.0,3,0.808685,0.191315,INCLUDED_VALID,uM
5FU,5FU-P006,50.0,3,0.749528,0.250472,INCLUDED_VALID,uM
5FU,5FU-P006,0.0,3,0.122089,0.877911,INCLUDED_VALID,uM
5FU,5FU-P007,250.0,1,0.943937,0.056063,INCLUDED_VALID,uM
5FU,5FU-P007,100.0,1,0.913516,0.086484,INCLUDED_VALID,uM
5FU,5FU-P007,50.0,1,0.651021,0.348979,INCLUDED_VALID,uM
5FU,5FU-P007,25.0,1,0.613212,0.386788,INCLUDED_VALID,uM
5FU,5FU-P007,10.0,1,0.509344,0.490656,INCLUDED_VALID,uM
5FU,5FU-P007,5.0,1,0.481964,0.518036,INCLUDED_VALID,uM
5FU,5FU-P007,2.0,1,0.462842,0.537158,INCLUDED_VALID,uM
5FU,5FU-P007,0.0,1,0.249022,0.750978,INCLUDED_VALID,uM
5FU,5FU-P007,250.0,2,0.929596,0.070404,INCLUDED_VALID,uM
5FU,5FU-P007,100.0,2,0.878314,0.121686,INCLUDED_VALID,uM
5FU,5FU-P007,50.0,2,0.719687,0.280313,INCLUDED_VALID,uM
5FU,5FU-P007,25.0,2,0.585398,0.414602,INCLUDED_VALID,uM
5FU,5FU-P007,10.0,2,0.531943,0.468057,INCLUDED_VALID,uM
5FU,5FU-P007,5.0,2,0.482399,0.517601,INCLUDED_VALID,uM
5FU,5FU-P007,2.0,2,0.524989,0.475011,INCLUDED_VALID,uM
5FU,5FU-P007,0.0,2,-0.149935,1.149935,INCLUDED_VALID,uM
5FU,5FU-P007,50.0,3,0.767058,0.232942,INCLUDED_VALID,uM
5FU,5FU-P007,25.0,3,0.562364,0.437636,INCLUDED_VALID,uM
5FU,5FU-P007,10.0,3,0.486745,0.513255,INCLUDED_VALID,uM
5FU,5FU-P007,5.0,3,0.44937,0.55063,INCLUDED_VALID,uM
5FU,5FU-P007,0.0,3,-0.0999570000000001,1.099957,INCLUDED_VALID,uM
5FU,5FU-P008,250.0,1,0.982818,0.017182,INCLUDED_VALID,uM
5FU,5FU-P008,100.0,1,0.964315,0.035685,INCLUDED_VALID,uM
5FU,5FU-P008,50.0,1,0.801751,0.198249,INCLUDED_VALID,uM
5FU,5FU-P008,25.0,1,0.723773,0.276227,INCLUDED_VALID,uM
5FU,5FU-P008,10.0,1,0.696679,0.303321,INCLUDED_VALID,uM
5FU,5FU-P008,5.0,1,0.62531,0.37469,INCLUDED_VALID,uM
5FU,5FU-P008,2.0,1,0.596233,0.403767,INCLUDED_VALID,uM
5FU,5FU-P008,0.0,1,0.000164999999999971,0.999835,INCLUDED_VALID,uM
5FU,5FU-P008,250.0,2,0.981497,0.018503,INCLUDED_VALID,uM
5FU,5FU-P008,100.0,2,0.902858,0.097142,INCLUDED_VALID,uM
5FU,5FU-P008,50.0,2,0.748885,0.251115,INCLUDED_VALID,uM
5FU,5FU-P008,25.0,2,0.68148,0.31852,INCLUDED_VALID,uM
5FU,5FU-P008,10.0,2,0.768049,0.231951,INCLUDED_VALID,uM
5FU,5FU-P008,5.0,2,0.648439,0.351561,INCLUDED_VALID,uM
5FU,5FU-P008,2.0,2,0.5057,0.4943,INCLUDED_VALID,uM
5FU,5FU-P008,0.0,2,0.043119,0.956881,INCLUDED_VALID,uM
5FU,5FU-P008,50.0,3,0.758136,0.241864,INCLUDED_VALID,uM
5FU,5FU-P008,25.0,3,0.647778,0.352222,INCLUDED_VALID,uM
5FU,5FU-P008,10.0,3,0.635883,0.364117,INCLUDED_VALID,uM
5FU,5FU-P008,5.0,3,0.646456,0.353544,INCLUDED_VALID,uM
5FU,5FU-P008,0.0,3,-0.0573269999999999,1.057327,INCLUDED_VALID,uM
5FU,5FU-P009,250.0,1,0.992033,0.007967,INCLUDED_VALID,uM
5FU,5FU-P009,100.0,1,0.988223,0.011777,INCLUDED_VALID,uM
5FU,5FU-P009,50.0,1,0.976446,0.023554,INCLUDED_VALID,uM
5FU,5FU-P009,25.0,1,0.91583,0.08417,INCLUDED_VALID,uM
5FU,5FU-P009,10.0,1,0.734326,0.265674,INCLUDED_VALID,uM
5FU,5FU-P009,5.0,1,0.559404,0.440596,INCLUDED_VALID,uM
5FU,5FU-P009,2.0,1,0.503983,0.496017,INCLUDED_VALID,uM
5FU,5FU-P009,0.0,1,-0.0190509999999999,1.019051,INCLUDED_VALID,uM
5FU,5FU-P009,250.0,2,0.99238,0.00762,INCLUDED_VALID,uM
5FU,5FU-P009,100.0,2,0.991687,0.008313,INCLUDED_VALID,uM
5FU,5FU-P009,50.0,2,0.978524,0.021476,INCLUDED_VALID,uM
5FU,5FU-P009,25.0,2,0.902667,0.097333,INCLUDED_VALID,uM
5FU,5FU-P009,10.0,2,0.709041,0.290959,INCLUDED_VALID,uM
5FU,5FU-P009,5.0,2,0.527884,0.472116,INCLUDED_VALID,uM
5FU,5FU-P009,2.0,2,0.45168,0.54832,INCLUDED_VALID,uM
5FU,5FU-P009,0.0,2,-0.0422579999999999,1.042258,INCLUDED_VALID,uM
5FU,5FU-P009,50.0,3,0.973329,0.026671,INCLUDED_VALID,uM
5FU,5FU-P009,25.0,3,0.894354,0.105646,INCLUDED_VALID,uM
5FU,5FU-P009,10.0,3,0.568756,0.431244,INCLUDED_VALID,uM
5FU,5FU-P009,5.0,3,0.547974,0.452026,INCLUDED_VALID,uM
5FU,5FU-P009,2.0,3,0.426394,0.573606,INCLUDED_VALID,uM
5FU,5FU-P009,0.0,3,0.061656,0.938344,INCLUDED_VALID,uM
5FU,5FU-P010,250.0,1,0.981156,0.018844,INCLUDED_VALID,uM
5FU,5FU-P010,50.0,1,0.805804,0.194196,INCLUDED_VALID,uM
5FU,5FU-P010,10.0,1,0.177652,0.822348,INCLUDED_VALID,uM
5FU,5FU-P010,2.0,1,0.13082,0.86918,INCLUDED_VALID,uM
5FU,5FU-P010,0.0,1,0.0630500000000001,0.93695,INCLUDED_VALID,uM
5FU,5FU-P010,250.0,2,0.968232,0.031768,INCLUDED_VALID,uM
5FU,5FU-P010,50.0,2,0.827541,0.172459,INCLUDED_VALID,uM
5FU,5FU-P010,10.0,2,0.171204,0.828796,INCLUDED_VALID,uM
5FU,5FU-P010,2.0,2,0.00126099999999996,0.998739,INCLUDED_VALID,uM
5FU,5FU-P010,0.0,2,-0.041865,1.041865,INCLUDED_VALID,uM
5FU,5FU-P010,250.0,3,0.961001,0.038999,INCLUDED_VALID,uM
5FU,5FU-P010,50.0,3,0.719281,0.280719,INCLUDED_VALID,uM
5FU,5FU-P010,10.0,3,0.162724,0.837276,INCLUDED_VALID,uM
5FU,5FU-P010,2.0,3,-0.058827,1.058827,INCLUDED_VALID,uM
5FU,5FU-P010,0.0,3,-0.021183,1.021183,INCLUDED_VALID,uM
5FU,5FU-P011,50.0,1,0.456159,0.543841,INCLUDED_VALID,uM
5FU,5FU-P011,10.0,1,0.460733,0.539267,INCLUDED_VALID,uM
5FU,5FU-P011,2.0,1,0.356447,0.643553,INCLUDED_VALID,uM
5FU,5FU-P011,0.0,1,0.0176770000000001,0.982323,INCLUDED_VALID,uM
5FU,5FU-P011,250.0,2,0.897086,0.102914,INCLUDED_VALID,uM
5FU,5FU-P011,50.0,2,0.520651,0.479349,INCLUDED_VALID,uM
5FU,5FU-P011,2.0,2,0.256735,0.743265,INCLUDED_VALID,uM
5FU,5FU-P012,250.0,1,0.121972,0.878028,INCLUDED_VALID,uM
5FU,5FU-P012,50.0,1,0.031891,0.968109,INCLUDED_VALID,uM
5FU,5FU-P012,10.0,1,0.32133,0.67867,INCLUDED_VALID,uM
5FU,5FU-P012,2.0,1,0.045305,0.954695,INCLUDED_VALID,uM
5FU,5FU-P012,0.0,1,0.0522359999999999,0.947764,INCLUDED_VALID,uM
5FU,5FU-P012,250.0,2,0.250633,0.749367,INCLUDED_VALID,uM
5FU,5FU-P012,50.0,2,0.0543360000000001,0.945664,INCLUDED_VALID,uM
5FU,5FU-P012,10.0,2,0.180049,0.819951,INCLUDED_VALID,uM
5FU,5FU-P012,2.0,2,-0.0306439999999999,1.030644,INCLUDED_VALID,uM
5FU,5FU-P012,0.0,2,-0.014669,1.014669,INCLUDED_VALID,uM
5FU,5FU-P012,50.0,3,0.176737,0.823263,INCLUDED_VALID,uM
5FU,5FU-P012,10.0,3,0.346869,0.653131,INCLUDED_VALID,uM
5FU,5FU-P012,0.0,3,-0.0375669999999999,1.037567,INCLUDED_VALID,uM
5FU,5FU-P013,250.0,1,0.737146,0.262854,INCLUDED_VALID,uM
5FU,5FU-P013,50.0,1,0.543862,0.456138,INCLUDED_VALID,uM
5FU,5FU-P013,10.0,1,0.180634,0.819366,INCLUDED_VALID,uM
5FU,5FU-P013,2.0,1,-0.0123789999999999,1.012379,INCLUDED_VALID,uM
5FU,5FU-P013,0.0,1,-0.0123789999999999,1.012379,INCLUDED_VALID,uM
5FU,5FU-P013,250.0,2,0.799297,0.200703,INCLUDED_VALID,uM
5FU,5FU-P013,50.0,2,0.46529,0.53471,INCLUDED_VALID,uM
5FU,5FU-P013,2.0,2,0.041766,0.958234,INCLUDED_VALID,uM
5FU,5FU-P013,0.0,2,0.041766,0.958234,INCLUDED_VALID,uM
5FU,5FU-P013,250.0,3,0.77573,0.22427,INCLUDED_VALID,uM
5FU,5FU-P013,50.0,3,0.440955,0.559045,INCLUDED_VALID,uM
5FU,5FU-P013,10.0,3,0.386764,0.613236,INCLUDED_VALID,uM
5FU,5FU-P013,2.0,3,-0.0293870000000001,1.029387,INCLUDED_VALID,uM
5FU,5FU-P013,0.0,3,-0.0293870000000001,1.029387,INCLUDED_VALID,uM
5FU,5FU-P014,250.0,1,0.969888,0.030112,INCLUDED_VALID,uM
5FU,5FU-P014,50.0,1,0.691509,0.308491,INCLUDED_VALID,uM
5FU,5FU-P014,10.0,1,0.088943,0.911057,INCLUDED_VALID,uM
5FU,5FU-P014,2.0,1,0.00148999999999999,0.99851,INCLUDED_VALID,uM
5FU,5FU-P014,0.0,1,0.437797319,0.562202681,INCLUDED_VALID,uM
5FU,5FU-P014,250.0,2,0.973732,0.026268,INCLUDED_VALID,uM
5FU,5FU-P014,50.0,2,0.753496,0.246504,INCLUDED_VALID,uM
5FU,5FU-P014,10.0,2,0.026316,0.973684,INCLUDED_VALID,uM
5FU,5FU-P014,2.0,2,0.254241,0.745759,INCLUDED_VALID,uM
5FU,5FU-P014,0.0,2,-0.11383403,1.11383403,INCLUDED_VALID,uM
5FU,5FU-P014,250.0,3,0.9811,0.0189,INCLUDED_VALID,uM
5FU,5FU-P014,0.0,3,-0.323979306,1.323979306,INCLUDED_VALID,uM
5FU,5FU-P015,250.0,1,0.990748,0.009252,INCLUDED_VALID,uM
5FU,5FU-P015,50.0,1,0.800468,0.199532,INCLUDED_VALID,uM
5FU,5FU-P015,10.0,1,0.487123,0.512877,INCLUDED_VALID,uM
5FU,5FU-P015,0.0,1,-0.0376460000000001,1.037646,INCLUDED_VALID,uM
5FU,5FU-P015,250.0,2,0.991438,0.008562,INCLUDED_VALID,uM
5FU,5FU-P015,50.0,2,0.796616,0.203384,INCLUDED_VALID,uM
5FU,5FU-P015,10.0,2,0.616327,0.383673,INCLUDED_VALID,uM
5FU,5FU-P015,0.0,2,0.0378810000000001,0.962119,INCLUDED_VALID,uM
5FU,5FU-P015,0.0,3,-0.000234999999999985,1.000235,INCLUDED_VALID,uM
5FU,5FU-P016,250.0,1,0.997157,0.002843,INCLUDED_VALID,uM
5FU,5FU-P016,50.0,1,0.966635,0.033365,INCLUDED_VALID,uM
5FU,5FU-P016,10.0,1,0.760118,0.239882,INCLUDED_VALID,uM
5FU,5FU-P016,2.0,1,0.820872,0.179128,INCLUDED_VALID,uM
5FU,5FU-P016,250.0,2,0.996954,0.003046,INCLUDED_VALID,uM
5FU,5FU-P016,50.0,2,0.950474,0.049526,INCLUDED_VALID,uM
5FU,5FU-P016,10.0,2,0.846317,0.153683,INCLUDED_VALID,uM
5FU,5FU-P016,2.0,2,0.787536,0.212464,INCLUDED_VALID,uM
5FU,5FU-P016,250.0,3,0.99382,0.00618,INCLUDED_VALID,uM
5FU,5FU-P016,50.0,3,0.955929,0.044071,INCLUDED_VALID,uM
5FU,5FU-P016,10.0,3,0.735573,0.264427,INCLUDED_VALID,uM
5FU,5FU-P016,2.0,3,0.767952,0.232048,INCLUDED_VALID,uM
5FU,5FU-P017,500.0,1,0.993184,0.006816,INCLUDED_VALID,uM
5FU,5FU-P017,100.0,1,0.996225,0.003775,INCLUDED_VALID,uM
5FU,5FU-P017,20.0,1,0.945548,0.054452,INCLUDED_VALID,uM
5FU,5FU-P017,4.0,1,0.464896,0.535104,INCLUDED_VALID,uM
5FU,5FU-P017,0.0,1,-0.102611,1.102611,INCLUDED_VALID,uM
5FU,5FU-P017,500.0,2,0.993787,0.006213,INCLUDED_VALID,uM
5FU,5FU-P017,100.0,2,0.995805,0.004195,INCLUDED_VALID,uM
5FU,5FU-P017,20.0,2,0.933908,0.066092,INCLUDED_VALID,uM
5FU,5FU-P017,4.0,2,0.406591,0.593409,INCLUDED_VALID,uM
5FU,5FU-P017,0.0,2,-0.26109,1.26109,INCLUDED_VALID,uM
5FU,5FU-P017,0.0,3,-0.161729,1.161729,INCLUDED_VALID,uM
5FU,5FU-P018,500.0,1,0.994238,0.005762,INCLUDED_VALID,uM
5FU,5FU-P018,100.0,1,0.991758,0.008242,INCLUDED_VALID,uM
5FU,5FU-P018,20.0,1,0.963822,0.036178,INCLUDED_VALID,uM
5FU,5FU-P018,4.0,1,0.396044,0.603956,INCLUDED_VALID,uM
5FU,5FU-P018,0.0,1,-0.0251760000000001,1.025176,INCLUDED_VALID,uM
5FU,5FU-P018,500.0,2,0.994886,0.005114,INCLUDED_VALID,uM
5FU,5FU-P018,100.0,2,0.994647,0.005353,INCLUDED_VALID,uM
5FU,5FU-P018,20.0,2,0.957609,0.042391,INCLUDED_VALID,uM
5FU,5FU-P018,4.0,2,0.433166,0.566834,INCLUDED_VALID,uM
5FU,5FU-P018,0.0,2,0.057836,0.942164,INCLUDED_VALID,uM
5FU,5FU-P018,100.0,3,0.992167,0.007833,INCLUDED_VALID,uM
5FU,5FU-P018,20.0,3,0.941689,0.058311,INCLUDED_VALID,uM
5FU,5FU-P018,0.0,3,-0.028805,1.028805,INCLUDED_VALID,uM
5FU,5FU-P019,250.0,1,0.991507015943351,0.00849298405664886,INCLUDED_VALID,uM
5FU,5FU-P019,100.0,1,0.959620313653938,0.0403796863460619,INCLUDED_VALID,uM
5FU,5FU-P019,50.0,1,0.980537816586298,0.0194621834137017,INCLUDED_VALID,uM
5FU,5FU-P019,25.0,1,0.946500716799166,0.0534992832008341,INCLUDED_VALID,uM
5FU,5FU-P019,10.0,1,0.798535992006603,0.201464007993397,INCLUDED_VALID,uM
5FU,5FU-P019,5.0,1,0.614622702984491,0.385377297015509,INCLUDED_VALID,uM
5FU,5FU-P019,2.0,1,0.376080629045571,0.623919370954429,INCLUDED_VALID,uM
5FU,5FU-P019,250.0,2,0.980755028454755,0.0192449715452452,INCLUDED_VALID,uM
5FU,5FU-P019,100.0,2,0.975303010556497,0.0246969894435032,INCLUDED_VALID,uM
5FU,5FU-P019,50.0,2,0.949737173639168,0.0502628263608324,INCLUDED_VALID,uM
5FU,5FU-P019,25.0,2,0.88107650202007,0.11892349797993,INCLUDED_VALID,uM
5FU,5FU-P019,10.0,2,0.725856900821061,0.274143099178939,INCLUDED_VALID,uM
5FU,5FU-P019,5.0,2,0.592553977149311,0.407446022850689,INCLUDED_VALID,uM
5FU,5FU-P019,2.0,2,0.224054042312872,0.775945957687128,INCLUDED_VALID,uM
5FU,5FU-P019,25.0,3,0.905534558408271,0.0944654415917286,INCLUDED_VALID,uM
5FU,5FU-P019,10.0,3,0.703723011425344,0.296276988574656,INCLUDED_VALID,uM
5FU,5FU-P019,5.0,3,0.574329901385812,0.425670098614188,INCLUDED_VALID,uM
5FU,5FU-P019,2.0,3,0.582953212563534,0.417046787436466,INCLUDED_VALID,uM
5FU,5FU-P020,250.0,1,0.991951049238224,0.0080489507617757,INCLUDED_VALID,uM
5FU,5FU-P020,100.0,1,0.960248039094904,0.0397519609050963,INCLUDED_VALID,uM
5FU,5FU-P020,50.0,1,0.802390045583344,0.197609954416656,INCLUDED_VALID,uM
5FU,5FU-P020,25.0,1,0.146811219251776,0.853188780748224,INCLUDED_VALID,uM
5FU,5FU-P020,10.0,1,0.371689047677713,0.628310952322287,INCLUDED_VALID,uM
5FU,5FU-P020,5.0,1,0.464416245739395,0.535583754260605,INCLUDED_VALID,uM
5FU,5FU-P020,2.0,1,0.00792575253583006,0.99207424746417,INCLUDED_VALID,uM
5FU,5FU-P020,0.0,1,0.0456048281290971,0.954395171870903,INCLUDED_VALID,uM
5FU,5FU-P020,250.0,2,0.989487084719313,0.0105129152806866,INCLUDED_VALID,uM
5FU,5FU-P020,100.0,2,0.986037534392838,0.0139624656071619,INCLUDED_VALID,uM
5FU,5FU-P020,50.0,2,0.825304915609215,0.174695084390785,INCLUDED_VALID,uM
5FU,5FU-P020,25.0,2,0.64601043078313,0.35398956921687,INCLUDED_VALID,uM
5FU,5FU-P020,10.0,2,0.270995031004887,0.729004968995113,INCLUDED_VALID,uM
5FU,5FU-P020,5.0,2,0.477639521990883,0.522360478009117,INCLUDED_VALID,uM
5FU,5FU-P020,2.0,2,0.049731017206686,0.950268982793314,INCLUDED_VALID,uM
5FU,5FU-P020,0.0,2,-0.0419312516399899,1.04193125163999,INCLUDED_VALID,uM
5FU,5FU-P020,25.0,3,0.827604615826865,0.172395384173135,INCLUDED_VALID,uM
5FU,5FU-P020,10.0,3,0.37546712660671,0.62453287339329,INCLUDED_VALID,uM
5FU,5FU-P020,5.0,3,0.372756765635908,0.627243234364092,INCLUDED_VALID,uM
5FU,5FU-P020,2.0,3,-0.00381914500430991,1.00381914500431,INCLUDED_VALID,uM
5FU,5FU-P020,0.0,3,-0.00367357648911004,1.00367357648911,INCLUDED_VALID,uM
5FU,5FU-P021,250.0,1,0.962054553870935,0.0379454461290646,INCLUDED_VALID,uM
5FU,5FU-P021,100.0,1,0.949516058628288,0.050483941371712,INCLUDED_VALID,uM
5FU,5FU-P021,50.0,1,0.944236692210331,0.0557633077896688,INCLUDED_VALID,uM
5FU,5FU-P021,25.0,1,0.851187859093842,0.148812140906158,INCLUDED_VALID,uM
5FU,5FU-P021,10.0,1,0.284975810767974,0.715024189232026,INCLUDED_VALID,uM
5FU,5FU-P021,5.0,1,0.282006167157873,0.717993832842127,INCLUDED_VALID,uM
5FU,5FU-P021,2.0,1,0.265178186700636,0.734821813299364,INCLUDED_VALID,uM
5FU,5FU-P021,0.0,1,-0.0413550259419799,1.04135502594198,INCLUDED_VALID,uM
5FU,5FU-P021,250.0,2,0.956445227051856,0.0435547729481437,INCLUDED_VALID,uM
5FU,5FU-P021,100.0,2,0.947206335820432,0.0527936641795681,INCLUDED_VALID,uM
5FU,5FU-P021,50.0,2,0.937967444589007,0.0620325554109926,INCLUDED_VALID,uM
5FU,5FU-P021,25.0,2,0.856467225511799,0.143532774488201,INCLUDED_VALID,uM
5FU,5FU-P021,10.0,2,0.273427196728693,0.726572803271307,INCLUDED_VALID,uM
5FU,5FU-P021,5.0,2,0.100527946540608,0.899472053459392,INCLUDED_VALID,uM
5FU,5FU-P021,2.0,2,0.339419276953154,0.660580723046846,INCLUDED_VALID,uM
5FU,5FU-P021,0.0,2,-0.42806861605732,1.42806861605732,INCLUDED_VALID,uM
5FU,5FU-P021,25.0,3,0.885173780409439,0.114826219590561,INCLUDED_VALID,uM
5FU,5FU-P021,10.0,3,0.360536742624981,0.639463257375019,INCLUDED_VALID,uM
5FU,5FU-P021,5.0,3,0.373075237867628,0.626924762132372,INCLUDED_VALID,uM
5FU,5FU-P021,2.0,3,0.359546861421614,0.640453138578386,INCLUDED_VALID,uM
5FU,5FU-P021,0.0,3,-0.22745269217496,1.22745269217496,INCLUDED_VALID,uM
5FU,5FU-P022,250.0,1,0.982423255385183,0.0175767446148173,INCLUDED_VALID,uM
5FU,5FU-P022,100.0,1,0.970008911286605,0.0299910887133946,INCLUDED_VALID,uM
5FU,5FU-P022,50.0,1,0.953046738161817,0.0469532618381833,INCLUDED_VALID,uM
5FU,5FU-P022,25.0,1,0.910272562455828,0.0897274375441723,INCLUDED_VALID,uM
5FU,5FU-P022,10.0,1,0.731678087453523,0.268321912546477,INCLUDED_VALID,uM
5FU,5FU-P022,5.0,1,0.633346649048951,0.366653350951049,INCLUDED_VALID,uM
5FU,5FU-P022,2.0,1,0.589097501766893,0.410902498233107,INCLUDED_VALID,uM
5FU,5FU-P022,0.0,1,0.0144747393744979,0.985525260625502,INCLUDED_VALID,uM
5FU,5FU-P022,250.0,2,0.978981655041023,0.0210183449589774,INCLUDED_VALID,uM
5FU,5FU-P022,100.0,2,0.967427711028485,0.0325722889715146,INCLUDED_VALID,uM
5FU,5FU-P022,50.0,2,0.954030052545862,0.0459699474541376,INCLUDED_VALID,uM
5FU,5FU-P022,25.0,2,0.934486679162954,0.0655133208370464,INCLUDED_VALID,uM
5FU,5FU-P022,10.0,2,0.742740374274037,0.257259625725963,INCLUDED_VALID,uM
5FU,5FU-P022,5.0,2,0.441969087054052,0.558030912945948,INCLUDED_VALID,uM
5FU,5FU-P022,2.0,2,0.52923823863811,0.47076176136189,INCLUDED_VALID,uM
5FU,5FU-P022,0.0,2,-0.16415396952687,1.16415396952687,INCLUDED_VALID,uM
5FU,5FU-P022,25.0,3,0.936084565037028,0.0639154349629721,INCLUDED_VALID,uM
5FU,5FU-P022,10.0,3,0.699966198568048,0.300033801431952,INCLUDED_VALID,uM
5FU,5FU-P022,5.0,3,0.286482500076821,0.713517499923179,INCLUDED_VALID,uM
5FU,5FU-P022,2.0,3,0.510555265341241,0.489444734658759,INCLUDED_VALID,uM
5FU,5FU-P022,0.0,3,0.149679230152365,0.850320769847635,INCLUDED_VALID,uM
CARBO,Carbo-P001,320.0,1,0.998925,0.001075,INCLUDED_VALID,uM
CARBO,Carbo-P001,160.0,1,0.999065,0.000935,INCLUDED_VALID,uM
CARBO,Carbo-P001,80.0,1,0.997616,0.002384,INCLUDED_VALID,uM
CARBO,Carbo-P001,40.0,1,0.997662,0.002338,INCLUDED_VALID,uM
CARBO,Carbo-P001,20.0,1,0.98733,0.01267,INCLUDED_VALID,uM
CARBO,Carbo-P001,10.0,1,0.839923,0.160077,INCLUDED_VALID,uM
CARBO,Carbo-P001,4.0,1,0.680547,0.319453,INCLUDED_VALID,uM
CARBO,Carbo-P001,0.0,1,-0.0732740000000001,1.073274,INCLUDED_VALID,uM
CARBO,Carbo-P001,320.0,2,0.999299,0.000701,INCLUDED_VALID,uM
CARBO,Carbo-P001,160.0,2,0.999626,0.000374,INCLUDED_VALID,uM
CARBO,Carbo-P001,80.0,2,0.997382,0.002618,INCLUDED_VALID,uM
CARBO,Carbo-P001,40.0,2,0.998784,0.001216,INCLUDED_VALID,uM
CARBO,Carbo-P001,20.0,2,0.992894,0.007106,INCLUDED_VALID,uM
CARBO,Carbo-P001,10.0,2,0.83824,0.16176,INCLUDED_VALID,uM
CARBO,Carbo-P001,4.0,2,0.730291,0.269709,INCLUDED_VALID,uM
CARBO,Carbo-P001,0.0,2,0.0287849999999999,0.971215,INCLUDED_VALID,uM
CARBO,Carbo-P001,320.0,3,0.999299,0.000701,INCLUDED_VALID,uM
CARBO,Carbo-P001,160.0,3,0.999486,0.000514,INCLUDED_VALID,uM
CARBO,Carbo-P001,80.0,3,0.99799,0.00201,INCLUDED_VALID,uM
CARBO,Carbo-P001,40.0,3,0.998083,0.001917,INCLUDED_VALID,uM
CARBO,Carbo-P001,20.0,3,0.992193,0.007807,INCLUDED_VALID,uM
CARBO,Carbo-P001,10.0,3,0.86054,0.13946,INCLUDED_VALID,uM
CARBO,Carbo-P001,4.0,3,0.765775,0.234225,INCLUDED_VALID,uM
CARBO,Carbo-P001,0.0,3,0.044493,0.955507,INCLUDED_VALID,uM
CARBO,Carbo-P002,320.0,1,0.999059,0.000941,INCLUDED_VALID,uM
CARBO,Carbo-P002,160.0,1,0.996237,0.003763,INCLUDED_VALID,uM
CARBO,Carbo-P002,80.0,1,0.991022,0.008978,INCLUDED_VALID,uM
CARBO,Carbo-P002,40.0,1,0.93364,0.06636,INCLUDED_VALID,uM
CARBO,Carbo-P002,20.0,1,0.452019,0.547981,INCLUDED_VALID,uM
CARBO,Carbo-P002,10.0,1,0.144212,0.855788,INCLUDED_VALID,uM
CARBO,Carbo-P002,4.0,1,0.169694,0.830306,INCLUDED_VALID,uM
CARBO,Carbo-P002,0.0,1,-0.094989,1.094989,INCLUDED_VALID,uM
CARBO,Carbo-P002,320.0,2,0.999422,0.000578,INCLUDED_VALID,uM
CARBO,Carbo-P002,160.0,2,0.998911,0.001089,INCLUDED_VALID,uM
CARBO,Carbo-P002,80.0,2,0.99495,0.00505,INCLUDED_VALID,uM
CARBO,Carbo-P002,40.0,2,0.958296,0.041704,INCLUDED_VALID,uM
CARBO,Carbo-P002,20.0,2,0.364864,0.635136,INCLUDED_VALID,uM
CARBO,Carbo-P002,10.0,2,0.195439,0.804561,INCLUDED_VALID,uM
CARBO,Carbo-P002,4.0,2,0.041808,0.958192,INCLUDED_VALID,uM
CARBO,Carbo-P002,0.0,2,0.00302500000000006,0.996975,INCLUDED_VALID,uM
CARBO,Carbo-P002,320.0,3,0.999604,0.000396,INCLUDED_VALID,uM
CARBO,Carbo-P002,160.0,3,0.996947,0.003053,INCLUDED_VALID,uM
CARBO,Carbo-P002,80.0,3,0.995363,0.004637,INCLUDED_VALID,uM
CARBO,Carbo-P002,40.0,3,0.984553,0.015447,INCLUDED_VALID,uM
CARBO,Carbo-P002,20.0,3,0.53343,0.46657,INCLUDED_VALID,uM
CARBO,Carbo-P002,10.0,3,0.154824,0.845176,INCLUDED_VALID,uM
CARBO,Carbo-P002,4.0,3,0.16202,0.83798,INCLUDED_VALID,uM
CARBO,Carbo-P002,0.0,3,0.091962,0.908038,INCLUDED_VALID,uM
CARBO,Carbo-P003,320.0,1,0.997409,0.002591,INCLUDED_VALID,uM
CARBO,Carbo-P003,160.0,1,0.996299,0.003701,INCLUDED_VALID,uM
CARBO,Carbo-P003,80.0,1,0.994819,0.005181,INCLUDED_VALID,uM
CARBO,Carbo-P003,40.0,1,0.994449,0.005551,INCLUDED_VALID,uM
CARBO,Carbo-P003,20.0,1,0.864175,0.135825,INCLUDED_VALID,uM
CARBO,Carbo-P003,10.0,1,0.443745,0.556255,INCLUDED_VALID,uM
CARBO,Carbo-P003,4.0,1,0.441525,0.558475,INCLUDED_VALID,uM
CARBO,Carbo-P003,0.0,1,-0.176906,1.176906,INCLUDED_VALID,uM
CARBO,Carbo-P003,320.0,2,0.994449,0.005551,INCLUDED_VALID,uM
CARBO,Carbo-P003,160.0,2,0.995929,0.004071,INCLUDED_VALID,uM
CARBO,Carbo-P003,80.0,2,0.996669,0.003331,INCLUDED_VALID,uM
CARBO,Carbo-P003,40.0,2,0.997039,0.002961,INCLUDED_VALID,uM
CARBO,Carbo-P003,20.0,2,0.869356,0.130644,INCLUDED_VALID,uM
CARBO,Carbo-P003,10.0,2,0.409326,0.590674,INCLUDED_VALID,uM
CARBO,Carbo-P003,4.0,2,0.34715,0.65285,INCLUDED_VALID,uM
CARBO,Carbo-P003,0.0,2,0.047742,0.952258,INCLUDED_VALID,uM
CARBO,Carbo-P003,320.0,3,0.997779,0.002221,INCLUDED_VALID,uM
CARBO,Carbo-P003,160.0,3,0.997779,0.002221,INCLUDED_VALID,uM
CARBO,Carbo-P003,80.0,3,0.992598,0.007402,INCLUDED_VALID,uM
CARBO,Carbo-P003,40.0,3,0.993338,0.006662,INCLUDED_VALID,uM
CARBO,Carbo-P003,20.0,3,0.878979,0.121021,INCLUDED_VALID,uM
CARBO,Carbo-P003,10.0,3,0.553294,0.446706,INCLUDED_VALID,uM
CARBO,Carbo-P003,4.0,3,0.471873,0.528127,INCLUDED_VALID,uM
CARBO,Carbo-P003,0.0,3,0.128793,0.871207,INCLUDED_VALID,uM
CARBO,Carbo-P004,320.0,1,0.989071,0.010929,INCLUDED_VALID,uM
CARBO,Carbo-P004,160.0,1,0.982826,0.017174,INCLUDED_VALID,uM
CARBO,Carbo-P004,80.0,1,0.973458,0.026542,INCLUDED_VALID,uM
CARBO,Carbo-P004,40.0,1,0.979703,0.020297,INCLUDED_VALID,uM
CARBO,Carbo-P004,20.0,1,0.896956,0.103044,INCLUDED_VALID,uM
CARBO,Carbo-P004,10.0,1,0.288056,0.711944,INCLUDED_VALID,uM
CARBO,Carbo-P004,4.0,1,0.166276,0.833724,INCLUDED_VALID,uM
CARBO,Carbo-P004,0.0,1,0.0242,0.9758,INCLUDED_VALID,uM
CARBO,Carbo-P004,320.0,2,0.984387,0.015613,INCLUDED_VALID,uM
CARBO,Carbo-P004,160.0,2,0.982826,0.017174,INCLUDED_VALID,uM
CARBO,Carbo-P004,80.0,2,0.976581,0.023419,INCLUDED_VALID,uM
CARBO,Carbo-P004,40.0,2,0.971897,0.028103,INCLUDED_VALID,uM
CARBO,Carbo-P004,20.0,2,0.85324,0.14676,INCLUDED_VALID,uM
CARBO,Carbo-P004,10.0,2,0.228728,0.771272,INCLUDED_VALID,uM
CARBO,Carbo-P004,4.0,2,0.36612,0.63388,INCLUDED_VALID,uM
CARBO,Carbo-P004,0.0,2,-0.0242,1.0242,INCLUDED_VALID,uM
CARBO,Carbo-P005,320.0,1,0.996523,0.003477,INCLUDED_VALID,uM
CARBO,Carbo-P005,160.0,1,0.995219,0.004781,INCLUDED_VALID,uM
CARBO,Carbo-P005,80.0,1,0.992612,0.007388,INCLUDED_VALID,uM
CARBO,Carbo-P005,40.0,1,0.992177,0.007823,INCLUDED_VALID,uM
CARBO,Carbo-P005,20.0,1,0.904389,0.095611,INCLUDED_VALID,uM
CARBO,Carbo-P005,10.0,1,0.56106,0.43894,INCLUDED_VALID,uM
CARBO,Carbo-P005,4.0,1,0.417645,0.582355,INCLUDED_VALID,uM
CARBO,Carbo-P005,0.0,1,0.249022,0.750978,INCLUDED_VALID,uM
CARBO,Carbo-P005,320.0,2,0.996089,0.003911,INCLUDED_VALID,uM
CARBO,Carbo-P005,160.0,2,0.995654,0.004346,INCLUDED_VALID,uM
CARBO,Carbo-P005,80.0,2,0.99435,0.00565,INCLUDED_VALID,uM
CARBO,Carbo-P005,40.0,2,0.997392,0.002608,INCLUDED_VALID,uM
CARBO,Carbo-P005,20.0,2,0.895698,0.104302,INCLUDED_VALID,uM
CARBO,Carbo-P005,10.0,2,0.346371,0.653629,INCLUDED_VALID,uM
CARBO,Carbo-P005,4.0,2,0.353759,0.646241,INCLUDED_VALID,uM
CARBO,Carbo-P005,0.0,2,-0.149935,1.149935,INCLUDED_VALID,uM
CARBO,Carbo-P005,80.0,3,0.995219,0.004781,INCLUDED_VALID,uM
CARBO,Carbo-P005,40.0,3,0.996089,0.003911,INCLUDED_VALID,uM
CARBO,Carbo-P005,20.0,3,0.891786,0.108214,INCLUDED_VALID,uM
CARBO,Carbo-P005,10.0,3,0.537158,0.462842,INCLUDED_VALID,uM
CARBO,Carbo-P005,0.0,3,-0.0999570000000001,1.099957,INCLUDED_VALID,uM
CARBO,Carbo-P006,320.0,1,0.994053,0.005947,INCLUDED_VALID,uM
CARBO,Carbo-P006,160.0,1,0.99207,0.00793,INCLUDED_VALID,uM
CARBO,Carbo-P006,80.0,1,0.993392,0.006608,INCLUDED_VALID,uM
CARBO,Carbo-P006,40.0,1,0.993392,0.006608,INCLUDED_VALID,uM
CARBO,Carbo-P006,20.0,1,0.978193,0.021807,INCLUDED_VALID,uM
CARBO,Carbo-P006,10.0,1,0.450851,0.549149,INCLUDED_VALID,uM
CARBO,Carbo-P006,4.0,1,0.433008,0.566992,INCLUDED_VALID,uM
CARBO,Carbo-P006,0.0,1,0.000164999999999971,0.999835,INCLUDED_VALID,uM
CARBO,Carbo-P006,320.0,2,0.985462,0.014538,INCLUDED_VALID,uM
CARBO,Carbo-P006,160.0,2,0.993392,0.006608,INCLUDED_VALID,uM
CARBO,Carbo-P006,80.0,2,0.991409,0.008591,INCLUDED_VALID,uM
CARBO,Carbo-P006,40.0,2,0.996035,0.003965,INCLUDED_VALID,uM
CARBO,Carbo-P006,20.0,2,0.959029,0.040971,INCLUDED_VALID,uM
CARBO,Carbo-P006,10.0,2,0.563192,0.436808,INCLUDED_VALID,uM
CARBO,Carbo-P006,4.0,2,0.371551,0.628449,INCLUDED_VALID,uM
CARBO,Carbo-P006,0.0,2,0.043119,0.956881,INCLUDED_VALID,uM
CARBO,Carbo-P006,80.0,3,0.994713,0.005287,INCLUDED_VALID,uM
CARBO,Carbo-P006,40.0,3,0.997357,0.002643,INCLUDED_VALID,uM
CARBO,Carbo-P006,20.0,3,0.955724,0.044276,INCLUDED_VALID,uM
CARBO,Carbo-P006,10.0,3,0.37882,0.62118,INCLUDED_VALID,uM
CARBO,Carbo-P006,0.0,3,-0.0573269999999999,1.057327,INCLUDED_VALID,uM
CARBO,Carbo-P007,320.0,1,0.996536,0.003464,INCLUDED_VALID,uM
CARBO,Carbo-P007,160.0,1,0.995151,0.004849,INCLUDED_VALID,uM
CARBO,Carbo-P007,80.0,1,0.995843,0.004157,INCLUDED_VALID,uM
CARBO,Carbo-P007,40.0,1,0.994804,0.005196,INCLUDED_VALID,uM
CARBO,Carbo-P007,20.0,1,0.994112,0.005888,INCLUDED_VALID,uM
CARBO,Carbo-P007,10.0,1,0.87946,0.12054,INCLUDED_VALID,uM
CARBO,Carbo-P007,4.0,1,0.303776,0.696224,INCLUDED_VALID,uM
CARBO,Carbo-P007,0.0,1,-0.0190509999999999,1.019051,INCLUDED_VALID,uM
CARBO,Carbo-P007,320.0,2,0.994458,0.005542,INCLUDED_VALID,uM
CARBO,Carbo-P007,160.0,2,0.994112,0.005888,INCLUDED_VALID,uM
CARBO,Carbo-P007,80.0,2,0.996883,0.003117,INCLUDED_VALID,uM
CARBO,Carbo-P007,40.0,2,0.994112,0.005888,INCLUDED_VALID,uM
CARBO,Carbo-P007,20.0,2,0.994112,0.005888,INCLUDED_VALID,uM
CARBO,Carbo-P007,10.0,2,0.880845,0.119155,INCLUDED_VALID,uM
CARBO,Carbo-P007,4.0,2,0.361621,0.638379,INCLUDED_VALID,uM
CARBO,Carbo-P007,0.0,2,-0.0422579999999999,1.042258,INCLUDED_VALID,uM
CARBO,Carbo-P007,80.0,3,0.99238,0.00762,INCLUDED_VALID,uM
CARBO,Carbo-P007,40.0,3,0.99238,0.00762,INCLUDED_VALID,uM
CARBO,Carbo-P007,20.0,3,0.993072,0.006928,INCLUDED_VALID,uM
CARBO,Carbo-P007,10.0,3,0.882923,0.117077,INCLUDED_VALID,uM
CARBO,Carbo-P007,4.0,3,0.351576,0.648424,INCLUDED_VALID,uM
CARBO,Carbo-P007,0.0,3,0.061656,0.938344,INCLUDED_VALID,uM
CARBO,Carbo-P008,320.0,1,0.974505,0.025495,INCLUDED_VALID,uM
CARBO,Carbo-P008,160.0,1,0.955081,0.044919,INCLUDED_VALID,uM
CARBO,Carbo-P008,80.0,1,0.945368,0.054632,INCLUDED_VALID,uM
CARBO,Carbo-P008,40.0,1,0.956295,0.043705,INCLUDED_VALID,uM
CARBO,Carbo-P008,20.0,1,0.963579,0.036421,INCLUDED_VALID,uM
CARBO,Carbo-P008,10.0,1,0.91259,0.08741,INCLUDED_VALID,uM
CARBO,Carbo-P008,4.0,1,0.016632,0.983368,INCLUDED_VALID,uM
CARBO,Carbo-P008,0.0,1,0.003278,0.996722,INCLUDED_VALID,uM
CARBO,Carbo-P008,320.0,2,0.973291,0.026709,INCLUDED_VALID,uM
CARBO,Carbo-P008,160.0,2,0.963579,0.036421,INCLUDED_VALID,uM
CARBO,Carbo-P008,80.0,2,0.951439,0.048561,INCLUDED_VALID,uM
CARBO,Carbo-P008,40.0,2,0.975719,0.024281,INCLUDED_VALID,uM
CARBO,Carbo-P008,20.0,2,0.968435,0.031565,INCLUDED_VALID,uM
CARBO,Carbo-P008,10.0,2,0.935656,0.064344,INCLUDED_VALID,uM
CARBO,Carbo-P008,4.0,2,-0.00400599999999995,1.004006,INCLUDED_VALID,uM
CARBO,Carbo-P008,0.0,2,-0.0112909999999999,1.011291,INCLUDED_VALID,uM
CARBO,Carbo-P008,80.0,3,0.963579,0.036421,INCLUDED_VALID,uM
CARBO,Carbo-P008,40.0,3,0.955081,0.044919,INCLUDED_VALID,uM
CARBO,Carbo-P008,20.0,3,0.955081,0.044919,INCLUDED_VALID,uM
CARBO,Carbo-P008,10.0,3,0.949011,0.050989,INCLUDED_VALID,uM
CARBO,Carbo-P008,4.0,3,0.023916,0.976084,INCLUDED_VALID,uM
CARBO,Carbo-P008,0.0,3,0.00813399999999997,0.991866,INCLUDED_VALID,uM
CARBO,Carbo-P009,320.0,1,0.992722,0.007278,INCLUDED_VALID,uM
CARBO,Carbo-P009,160.0,1,0.993261,0.006739,INCLUDED_VALID,uM
CARBO,Carbo-P009,80.0,1,0.992183,0.007817,INCLUDED_VALID,uM
CARBO,Carbo-P009,40.0,1,0.926954,0.073046,INCLUDED_VALID,uM
CARBO,Carbo-P009,20.0,1,0.352291,0.647709,INCLUDED_VALID,uM
CARBO,Carbo-P009,10.0,1,-0.161725,1.161725,INCLUDED_VALID,uM
CARBO,Carbo-P009,4.0,1,-0.132075,1.132075,INCLUDED_VALID,uM
CARBO,Carbo-P009,0.0,1,0.036658,0.963342,INCLUDED_VALID,uM
CARBO,Carbo-P009,320.0,2,0.991644,0.008356,INCLUDED_VALID,uM
CARBO,Carbo-P009,160.0,2,0.990566,0.009434,INCLUDED_VALID,uM
CARBO,Carbo-P009,80.0,2,0.991644,0.008356,INCLUDED_VALID,uM
CARBO,Carbo-P009,40.0,2,0.691105,0.308895,INCLUDED_VALID,uM
CARBO,Carbo-P009,20.0,2,0.328841,0.671159,INCLUDED_VALID,uM
CARBO,Carbo-P009,10.0,2,-0.214286,1.214286,INCLUDED_VALID,uM
CARBO,Carbo-P009,4.0,2,-0.0528299999999999,1.05283,INCLUDED_VALID,uM
CARBO,Carbo-P009,0.0,2,0.00107800000000002,0.998922,INCLUDED_VALID,uM
CARBO,Carbo-P009,40.0,3,0.953369,0.046631,INCLUDED_VALID,uM
CARBO,Carbo-P009,20.0,3,0.760108,0.239892,INCLUDED_VALID,uM
CARBO,Carbo-P009,10.0,3,-0.478976,1.478976,INCLUDED_VALID,uM
CARBO,Carbo-P009,4.0,3,-0.221833,1.221833,INCLUDED_VALID,uM
CARBO,Carbo-P009,0.0,3,-0.0382750000000001,1.038275,INCLUDED_VALID,uM
CARBO,Carbo-P010,320.0,1,0.999402,0.000598,INCLUDED_VALID,uM
CARBO,Carbo-P010,160.0,1,0.999402,0.000598,INCLUDED_VALID,uM
CARBO,Carbo-P010,80.0,1,0.99906,0.00094,INCLUDED_VALID,uM
CARBO,Carbo-P010,40.0,1,0.97214,0.02786,INCLUDED_VALID,uM
CARBO,Carbo-P010,20.0,1,0.630987,0.369013,INCLUDED_VALID,uM
CARBO,Carbo-P010,10.0,1,0.575781,0.424219,INCLUDED_VALID,uM
CARBO,Carbo-P010,4.0,1,0.634577,0.365423,INCLUDED_VALID,uM
CARBO,Carbo-P010,0.0,1,-0.159253,1.159253,INCLUDED_VALID,uM
CARBO,Carbo-P010,320.0,2,0.999658,0.000342,INCLUDED_VALID,uM
CARBO,Carbo-P010,160.0,2,0.999829,0.000171,INCLUDED_VALID,uM
CARBO,Carbo-P010,80.0,2,0.999487,0.000513,INCLUDED_VALID,uM
CARBO,Carbo-P010,40.0,2,0.970858,0.029142,INCLUDED_VALID,uM
CARBO,Carbo-P010,20.0,2,0.690211,0.309789,INCLUDED_VALID,uM
CARBO,Carbo-P010,10.0,2,0.512199,0.487801,INCLUDED_VALID,uM
CARBO,Carbo-P010,4.0,2,0.720634,0.279366,INCLUDED_VALID,uM
CARBO,Carbo-P010,320.0,3,0.999145,0.000855,INCLUDED_VALID,uM
CARBO,Carbo-P010,160.0,3,0.999487,0.000513,INCLUDED_VALID,uM
CARBO,Carbo-P010,80.0,3,0.999573,0.000427,INCLUDED_VALID,uM
CARBO,Carbo-P010,40.0,3,0.969833,0.030167,INCLUDED_VALID,uM
CARBO,Carbo-P010,20.0,3,0.765586,0.234414,INCLUDED_VALID,uM
CARBO,Carbo-P010,10.0,3,0.728155,0.271845,INCLUDED_VALID,uM
CARBO,Carbo-P010,4.0,3,0.781823,0.218177,INCLUDED_VALID,uM
CARBO,Carbo-P010,0.0,3,0.159253,0.840747,INCLUDED_VALID,uM
CARBO,Carbo-P011,320.0,1,0.998112,0.001888,INCLUDED_VALID,uM
CARBO,Carbo-P011,160.0,1,0.997483,0.002517,INCLUDED_VALID,uM
CARBO,Carbo-P011,80.0,1,0.995595,0.004405,INCLUDED_VALID,uM
CARBO,Carbo-P011,40.0,1,0.980491,0.019509,INCLUDED_VALID,uM
CARBO,Carbo-P011,20.0,1,0.594084,0.405916,INCLUDED_VALID,uM
CARBO,Carbo-P011,10.0,1,0.465072,0.534928,INCLUDED_VALID,uM
CARBO,Carbo-P011,4.0,1,0.12146,0.87854,INCLUDED_VALID,uM
CARBO,Carbo-P011,0.0,1,-0.123977,1.123977,INCLUDED_VALID,uM
CARBO,Carbo-P011,320.0,2,0.993077,0.006923,INCLUDED_VALID,uM
CARBO,Carbo-P011,160.0,2,0.994965,0.005035,INCLUDED_VALID,uM
CARBO,Carbo-P011,80.0,2,0.991189,0.008811,INCLUDED_VALID,uM
CARBO,Carbo-P011,40.0,2,0.986155,0.013845,INCLUDED_VALID,uM
CARBO,Carbo-P011,20.0,2,0.690371,0.309629,INCLUDED_VALID,uM
CARBO,Carbo-P011,10.0,2,0.320327,0.679673,INCLUDED_VALID,uM
CARBO,Carbo-P011,4.0,2,0.281938,0.718062,INCLUDED_VALID,uM
CARBO,Carbo-P011,0.0,2,0.001888,0.998112,INCLUDED_VALID,uM
CARBO,Carbo-P011,0.0,3,0.122089,0.877911,INCLUDED_VALID,uM
CARBO,Carbo-P012,200.0,1,0.993537,0.006463,INCLUDED_VALID,uM
CARBO,Carbo-P012,40.0,1,0.897217,0.102783,INCLUDED_VALID,uM
CARBO,Carbo-P012,8.0,1,0.400012,0.599988,INCLUDED_VALID,uM
CARBO,Carbo-P012,1.6,1,-0.00214899999999996,1.002149,INCLUDED_VALID,uM
CARBO,Carbo-P012,0.0,1,0.082115,0.917885,INCLUDED_VALID,uM
CARBO,Carbo-P012,200.0,2,0.974163,0.025837,INCLUDED_VALID,uM
CARBO,Carbo-P012,40.0,2,0.96244,0.03756,INCLUDED_VALID,uM
CARBO,Carbo-P012,8.0,2,0.590072,0.409928,INCLUDED_VALID,uM
CARBO,Carbo-P012,1.6,2,0.117791,0.882209,INCLUDED_VALID,uM
CARBO,Carbo-P012,0.0,2,-0.0502290000000001,1.050229,INCLUDED_VALID,uM
CARBO,Carbo-P012,200.0,3,0.982133,0.017867,INCLUDED_VALID,uM
CARBO,Carbo-P012,40.0,3,0.959238,0.040762,INCLUDED_VALID,uM
CARBO,Carbo-P012,8.0,3,0.407011,0.592989,INCLUDED_VALID,uM
CARBO,Carbo-P012,1.6,3,0.02805,0.97195,INCLUDED_VALID,uM
CARBO,Carbo-P012,0.0,3,-0.031884,1.031884,INCLUDED_VALID,uM
CARBO,Carbo-P013,400.0,1,0.993236,0.006764,INCLUDED_VALID,uM
CARBO,Carbo-P013,80.0,1,0.9876,0.0124,INCLUDED_VALID,uM
CARBO,Carbo-P013,16.0,1,0.256056,0.743944,INCLUDED_VALID,uM
CARBO,Carbo-P013,4.0,1,-0.102611,1.102611,INCLUDED_VALID,uM
CARBO,Carbo-P013,0.0,1,-0.102611,1.102611,INCLUDED_VALID,uM
CARBO,Carbo-P013,400.0,2,0.993079,0.006921,INCLUDED_VALID,uM
CARBO,Carbo-P013,80.0,2,0.980233,0.019767,INCLUDED_VALID,uM
CARBO,Carbo-P013,16.0,2,0.384097,0.615903,INCLUDED_VALID,uM
CARBO,Carbo-P013,4.0,2,-0.26109,1.26109,INCLUDED_VALID,uM
CARBO,Carbo-P013,0.0,2,-0.26109,1.26109,INCLUDED_VALID,uM
CARBO,Carbo-P013,0.0,3,-0.161729,1.161729,INCLUDED_VALID,uM
CARBO,Carbo-P014,400.0,1,0.991434,0.008566,INCLUDED_VALID,uM
CARBO,Carbo-P014,80.0,1,0.992364,0.007636,INCLUDED_VALID,uM
CARBO,Carbo-P014,16.0,1,0.324716,0.675284,INCLUDED_VALID,uM
CARBO,Carbo-P014,3.2,1,0.349173,0.650827,INCLUDED_VALID,uM
CARBO,Carbo-P014,0.0,1,-0.0251760000000001,1.025176,INCLUDED_VALID,uM
CARBO,Carbo-P014,400.0,2,0.992914,0.007086,INCLUDED_VALID,uM
CARBO,Carbo-P014,80.0,2,0.994041,0.005959,INCLUDED_VALID,uM
CARBO,Carbo-P014,16.0,2,0.407413,0.592587,INCLUDED_VALID,uM
CARBO,Carbo-P014,3.2,2,0.305866,0.694134,INCLUDED_VALID,uM
CARBO,Carbo-P014,0.0,2,0.057836,0.942164,INCLUDED_VALID,uM
CARBO,Carbo-P014,0.0,3,-0.028805,1.028805,INCLUDED_VALID,uM
CARBO,Carbo-P015,0.0,1,0.0176770000000001,0.982323,INCLUDED_VALID,uM
CARBO,Carbo-P015,3.2,1,0.792801,0.207199,INCLUDED_VALID,uM
CARBO,Carbo-P015,16.0,1,0.714586,0.285414,INCLUDED_VALID,uM
CARBO,Carbo-P015,80.0,1,0.996341,0.003659,INCLUDED_VALID,uM
CARBO,Carbo-P015,400.0,1,0.995426,0.004574,INCLUDED_VALID,uM
CARBO,Carbo-P015,3.2,2,0.747061,0.252939,INCLUDED_VALID,uM
CARBO,Carbo-P015,16.0,2,0.931391,0.068609,INCLUDED_VALID,uM
CARBO,Carbo-P015,80.0,2,0.994511,0.005489,INCLUDED_VALID,uM
CARBO,Carbo-P015,400.0,2,0.995883,0.004117,INCLUDED_VALID,uM
CARBO,Carbo-P016,400.0,1,0.997657,0.002343,INCLUDED_VALID,uM
CARBO,Carbo-P016,200.0,1,0.998451,0.001549,INCLUDED_VALID,uM
CARBO,Carbo-P016,80.0,1,0.996486,0.003514,INCLUDED_VALID,uM
CARBO,Carbo-P016,16.0,1,0.318534,0.681466,INCLUDED_VALID,uM
CARBO,Carbo-P016,0.0,1,0.0522359999999999,0.947764,INCLUDED_VALID,uM
CARBO,Carbo-P016,400.0,2,0.997506,0.002494,INCLUDED_VALID,uM
CARBO,Carbo-P016,200.0,2,0.998715,0.001285,INCLUDED_VALID,uM
CARBO,Carbo-P016,80.0,2,0.997506,0.002494,INCLUDED_VALID,uM
CARBO,Carbo-P016,16.0,2,0.141432,0.858568,INCLUDED_VALID,uM
CARBO,Carbo-P016,0.0,2,-0.014669,1.014669,INCLUDED_VALID,uM
CARBO,Carbo-P016,200.0,3,0.999132,0.000868,INCLUDED_VALID,uM
CARBO,Carbo-P016,80.0,3,0.997434,0.002566,INCLUDED_VALID,uM
CARBO,Carbo-P016,0.0,3,-0.0375669999999999,1.037567,INCLUDED_VALID,uM
CARBO,Carbo-P017,320.0,1,0.814948,0.185052,INCLUDED_VALID,uM
CARBO,Carbo-P017,160.0,1,0.712946,0.287054,INCLUDED_VALID,uM
CARBO,Carbo-P017,64.0,1,0.609767,0.390233,INCLUDED_VALID,uM
CARBO,Carbo-P017,16.0,1,0.465245,0.534755,INCLUDED_VALID,uM
CARBO,Carbo-P017,0.0,1,-0.0123789999999999,1.012379,INCLUDED_VALID,uM
CARBO,Carbo-P017,320.0,2,0.861222,0.138778,INCLUDED_VALID,uM
CARBO,Carbo-P017,160.0,2,0.796402,0.203598,INCLUDED_VALID,uM
CARBO,Carbo-P017,64.0,2,0.594162,0.405838,INCLUDED_VALID,uM
CARBO,Carbo-P017,16.0,2,0.322894,0.677106,INCLUDED_VALID,uM
CARBO,Carbo-P017,0.0,2,0.041766,0.958234,INCLUDED_VALID,uM
CARBO,Carbo-P017,320.0,3,0.820241,0.179759,INCLUDED_VALID,uM
CARBO,Carbo-P017,160.0,3,0.831956,0.168044,INCLUDED_VALID,uM
CARBO,Carbo-P017,64.0,3,0.592217,0.407783,INCLUDED_VALID,uM
CARBO,Carbo-P017,16.0,3,0.501478,0.498522,INCLUDED_VALID,uM
CARBO,Carbo-P017,0.0,3,-0.0293870000000001,1.029387,INCLUDED_VALID,uM
CARBO,Carbo-P018,320.0,1,0.997608,0.002392,INCLUDED_VALID,uM
CARBO,Carbo-P018,80.0,1,0.996146,0.003854,INCLUDED_VALID,uM
CARBO,Carbo-P018,16.0,1,0.393049,0.606951,INCLUDED_VALID,uM
CARBO,Carbo-P018,3.2,1,0.204731,0.795269,INCLUDED_VALID,uM
CARBO,Carbo-P018,0.0,1,0.018938135,0.981061865,INCLUDED_VALID,uM
CARBO,Carbo-P018,320.0,2,0.997874,0.002126,INCLUDED_VALID,uM
CARBO,Carbo-P018,80.0,2,0.994817,0.005183,INCLUDED_VALID,uM
CARBO,Carbo-P018,16.0,2,0.331517,0.668483,INCLUDED_VALID,uM
CARBO,Carbo-P018,3.2,2,0.244202,0.755798,INCLUDED_VALID,uM
CARBO,Carbo-P018,0.0,2,-0.018938135,1.018938135,INCLUDED_VALID,uM
CARBO,Carbo-P018,320.0,3,0.997342,0.002658,INCLUDED_VALID,uM
CARBO,Carbo-P018,80.0,3,0.99495,0.00505,INCLUDED_VALID,uM
CARBO,Carbo-P018,16.0,3,0.32248,0.67752,INCLUDED_VALID,uM
CARBO,Carbo-P018,3.2,3,0.00511700000000004,0.994883,INCLUDED_VALID,uM
CARBO,Carbo-P019,320.0,1,0.999613,0.000387,INCLUDED_VALID,uM
CARBO,Carbo-P019,80.0,1,0.99968,0.00032,INCLUDED_VALID,uM
CARBO,Carbo-P019,16.0,1,0.992918,0.007082,INCLUDED_VALID,uM
CARBO,Carbo-P019,3.2,1,0.872193,0.127807,INCLUDED_VALID,uM
CARBO,Carbo-P019,0.0,1,-0.0376460000000001,1.037646,INCLUDED_VALID,uM
CARBO,Carbo-P019,320.0,2,0.999849,0.000151,INCLUDED_VALID,uM
CARBO,Carbo-P019,80.0,2,0.999159,0.000841,INCLUDED_VALID,uM
CARBO,Carbo-P019,16.0,2,0.980858,0.019142,INCLUDED_VALID,uM
CARBO,Carbo-P019,3.2,2,0.866995,0.133005,INCLUDED_VALID,uM
CARBO,Carbo-P019,0.0,2,0.0378810000000001,0.962119,INCLUDED_VALID,uM
CARBO,Carbo-P019,0.0,3,-0.000234999999999985,1.000235,INCLUDED_VALID,uM
CARBO,Carbo-P020,320.0,1,0.999536,0.000464,INCLUDED_VALID,uM
CARBO,Carbo-P020,80.0,1,0.999188,0.000812,INCLUDED_VALID,uM
CARBO,Carbo-P020,16.0,1,0.81771,0.18229,INCLUDED_VALID,uM
CARBO,Carbo-P020,3.2,1,0.82006,0.17994,INCLUDED_VALID,uM
CARBO,Carbo-P020,320.0,2,0.99971,0.00029,INCLUDED_VALID,uM
CARBO,Carbo-P020,80.0,2,0.999304,0.000696,INCLUDED_VALID,uM
CARBO,Carbo-P020,16.0,2,0.848928,0.151072,INCLUDED_VALID,uM
CARBO,Carbo-P020,3.2,2,0.809702,0.190298,INCLUDED_VALID,uM
CARBO,Carbo-P020,320.0,3,0.999304,0.000696,INCLUDED_VALID,uM
CARBO,Carbo-P020,80.0,3,0.997998,0.002002,INCLUDED_VALID,uM
CARBO,Carbo-P020,16.0,3,0.857139,0.142861,INCLUDED_VALID,uM
CARBO,Carbo-P020,3.2,3,0.791366,0.208634,INCLUDED_VALID,uM
CARBO,Carbo-P021,320.0,1,0.998848777097181,0.00115122290281941,INCLUDED_VALID,uM
CARBO,Carbo-P021,160.0,1,0.998175420304965,0.00182457969503454,INCLUDED_VALID,uM
CARBO,Carbo-P021,80.0,1,0.995938138059864,0.00406186194013641,INCLUDED_VALID,uM
CARBO,Carbo-P021,40.0,1,0.988009904861202,0.0119900951387984,INCLUDED_VALID,uM
CARBO,Carbo-P021,20.0,1,0.505951605195708,0.494048394804292,INCLUDED_VALID,uM
CARBO,Carbo-P021,10.0,1,0.0896650592988401,0.91033494070116,INCLUDED_VALID,uM
CARBO,Carbo-P021,4.0,1,0.405968982145184,0.594031017854816,INCLUDED_VALID,uM
CARBO,Carbo-P021,320.0,2,0.998305747426039,0.00169425257396064,INCLUDED_VALID,uM
CARBO,Carbo-P021,160.0,2,0.998023371997046,0.00197662800295408,INCLUDED_VALID,uM
CARBO,Carbo-P021,80.0,2,0.995199617707112,0.00480038229288848,INCLUDED_VALID,uM
CARBO,Carbo-P021,40.0,2,-0.0379034710456601,1.03790347104566,INCLUDED_VALID,uM
CARBO,Carbo-P021,20.0,2,0.397693209956992,0.602306790043008,INCLUDED_VALID,uM
CARBO,Carbo-P021,10.0,2,0.295994613145662,0.704005386854338,INCLUDED_VALID,uM
CARBO,Carbo-P021,4.0,2,0.303879403970633,0.696120596029367,INCLUDED_VALID,uM
CARBO,Carbo-P021,40.0,3,0.77618489074243,0.22381510925757,INCLUDED_VALID,uM
CARBO,Carbo-P021,20.0,3,0.297862635214388,0.702137364785612,INCLUDED_VALID,uM
CARBO,Carbo-P021,10.0,3,0.181089534732178,0.818910465267822,INCLUDED_VALID,uM
CARBO,Carbo-P021,4.0,3,0.439376167513793,0.560623832486207,INCLUDED_VALID,uM
CARBO,Carbo-P022,320.0,1,0.995236335263439,0.00476366473656113,INCLUDED_VALID,uM
CARBO,Carbo-P022,160.0,1,0.995318467414069,0.00468153258593076,INCLUDED_VALID,uM
CARBO,Carbo-P022,80.0,1,0.995811260317851,0.00418873968214858,INCLUDED_VALID,uM
CARBO,Carbo-P022,40.0,1,0.985216212886534,0.0147837871134656,INCLUDED_VALID,uM
CARBO,Carbo-P022,20.0,1,0.991211859882551,0.00878814011744898,INCLUDED_VALID,uM
CARBO,Carbo-P022,10.0,1,0.418586505687651,0.581413494312349,INCLUDED_VALID,uM
CARBO,Carbo-P022,4.0,1,0.42942794957086,0.57057205042914,INCLUDED_VALID,uM
CARBO,Carbo-P022,0.0,1,0.0456048281290971,0.954395171870903,INCLUDED_VALID,uM
CARBO,Carbo-P022,320.0,2,0.9954005995647,0.0045994004353004,INCLUDED_VALID,uM
CARBO,Carbo-P022,160.0,2,0.995236335263439,0.00476366473656113,INCLUDED_VALID,uM
CARBO,Carbo-P022,80.0,2,0.995646996016591,0.00435300398340931,INCLUDED_VALID,uM
CARBO,Carbo-P022,40.0,2,0.970350293622439,0.0296497063775615,INCLUDED_VALID,uM
CARBO,Carbo-P022,20.0,2,0.99326516364831,0.00673483635168987,INCLUDED_VALID,uM
CARBO,Carbo-P022,10.0,2,0.291363804361217,0.708636195638783,INCLUDED_VALID,uM
CARBO,Carbo-P022,4.0,2,0.446018643998193,0.553981356001807,INCLUDED_VALID,uM
CARBO,Carbo-P022,0.0,2,-0.0419312516399899,1.04193125163999,INCLUDED_VALID,uM
CARBO,Carbo-P022,40.0,3,0.970350293622439,0.0296497063775615,INCLUDED_VALID,uM
CARBO,Carbo-P022,20.0,3,0.993757956552092,0.00624204344790768,INCLUDED_VALID,uM
CARBO,Carbo-P022,10.0,3,0.167426389059998,0.832573610940002,INCLUDED_VALID,uM
CARBO,Carbo-P022,4.0,3,0.422610981068539,0.577389018931461,INCLUDED_VALID,uM
CARBO,Carbo-P022,0.0,3,-0.00367357648911004,1.00367357648911,INCLUDED_VALID,uM
CARBO,Carbo-P023,320.0,1,0.987461504757353,0.0125384952426474,INCLUDED_VALID,uM
CARBO,Carbo-P023,160.0,1,0.985481742350619,0.0145182576493812,INCLUDED_VALID,uM
CARBO,Carbo-P023,80.0,1,0.98416190074613,0.0158380992538704,INCLUDED_VALID,uM
CARBO,Carbo-P023,40.0,1,0.835679720241094,0.164320279758906,INCLUDED_VALID,uM
CARBO,Carbo-P023,20.0,1,0.97558293031695,0.0244170696830503,INCLUDED_VALID,uM
CARBO,Carbo-P023,10.0,1,0.05202376757563,0.94797623242437,INCLUDED_VALID,uM
CARBO,Carbo-P023,4.0,1,0.136163669861816,0.863836330138184,INCLUDED_VALID,uM
CARBO,Carbo-P023,0.0,1,-0.0413550259419799,1.04135502594198,INCLUDED_VALID,uM
CARBO,Carbo-P023,320.0,2,0.982182138339396,0.0178178616606042,INCLUDED_VALID,uM
CARBO,Carbo-P023,160.0,2,0.982182138339396,0.0178178616606042,INCLUDED_VALID,uM
CARBO,Carbo-P023,80.0,2,0.981522217537151,0.0184777824628489,INCLUDED_VALID,uM
CARBO,Carbo-P023,40.0,2,0.894412671640864,0.105587328359136,INCLUDED_VALID,uM
CARBO,Carbo-P023,20.0,2,0.97558293031695,0.0244170696830503,INCLUDED_VALID,uM
CARBO,Carbo-P023,10.0,2,0.155961293929154,0.844038706070846,INCLUDED_VALID,uM
CARBO,Carbo-P023,4.0,2,0.135173788658449,0.864826211341551,INCLUDED_VALID,uM
CARBO,Carbo-P023,0.0,2,-0.22745269217496,1.22745269217496,INCLUDED_VALID,uM
CARBO,Carbo-P023,40.0,3,0.897382315250964,0.102617684749036,INCLUDED_VALID,uM
CARBO,Carbo-P023,20.0,3,0.974923009514705,0.0250769904852949,INCLUDED_VALID,uM
CARBO,Carbo-P023,10.0,3,0.070831510439601,0.929168489560399,INCLUDED_VALID,uM
CARBO,Carbo-P023,4.0,3,-0.19610645406834,1.19610645406834,INCLUDED_VALID,uM
CARBO,Carbo-P023,0.0,3,0.160250779143744,0.839749220856256,INCLUDED_VALID,uM
CARBO,Carbo-P024,320.0,1,0.994468856589743,0.0055311434102572,INCLUDED_VALID,uM
CARBO,Carbo-P024,160.0,1,0.994468856589743,0.0055311434102572,INCLUDED_VALID,uM
CARBO,Carbo-P024,80.0,1,0.994223027993731,0.00577697200626863,INCLUDED_VALID,uM
CARBO,Carbo-P024,40.0,1,0.978121254954983,0.0218787450450174,INCLUDED_VALID,uM
CARBO,Carbo-P024,20.0,1,0.977015026272931,0.0229849737270688,INCLUDED_VALID,uM
CARBO,Carbo-P024,10.0,1,0.434225486279691,0.565774513720309,INCLUDED_VALID,uM
CARBO,Carbo-P024,4.0,1,0.370801708508742,0.629198291491258,INCLUDED_VALID,uM
CARBO,Carbo-P024,0.0,1,0.0144747393744979,0.985525260625502,INCLUDED_VALID,uM
CARBO,Carbo-P024,320.0,2,0.995083428079771,0.00491657192022862,INCLUDED_VALID,uM
CARBO,Carbo-P024,160.0,2,0.994960513781766,0.00503948621823434,INCLUDED_VALID,uM
CARBO,Carbo-P024,80.0,2,0.993362627907691,0.00663737209230864,INCLUDED_VALID,uM
CARBO,Carbo-P024,40.0,2,0.976031711888885,0.0239682881111145,INCLUDED_VALID,uM
CARBO,Carbo-P024,20.0,2,0.988691884583474,0.0113081154165258,INCLUDED_VALID,uM
CARBO,Carbo-P024,10.0,2,0.516578065943521,0.483421934056479,INCLUDED_VALID,uM
CARBO,Carbo-P024,4.0,2,0.352610392403896,0.647389607596104,INCLUDED_VALID,uM
CARBO,Carbo-P024,0.0,2,-0.16415396952687,1.16415396952687,INCLUDED_VALID,uM
CARBO,Carbo-P024,40.0,3,0.97762959776296,0.0223704022370402,INCLUDED_VALID,uM
CARBO,Carbo-P024,20.0,3,0.992133484927634,0.00786651507236579,INCLUDED_VALID,uM
CARBO,Carbo-P024,10.0,3,0.40042405432812,0.59957594567188,INCLUDED_VALID,uM
CARBO,Carbo-P024,4.0,3,0.38149525243524,0.61850474756476,INCLUDED_VALID,uM
CARBO,Carbo-P024,0.0,3,0.149679230152365,0.850320769847635,INCLUDED_VALID,uM
CDDP,CDDP-P001,200.0,1,0.984789,0.015211,INCLUDED_VALID,uM
CDDP,CDDP-P001,100.0,1,0.987397,0.012603,INCLUDED_VALID,uM
CDDP,CDDP-P001,50.0,1,0.979574,0.020426,INCLUDED_VALID,uM
CDDP,CDDP-P001,25.0,1,0.986962,0.013038,INCLUDED_VALID,uM
CDDP,CDDP-P001,10.0,1,0.984355,0.015645,INCLUDED_VALID,uM
CDDP,CDDP-P001,5.0,1,0.845285,0.154715,INCLUDED_VALID,uM
CDDP,CDDP-P001,2.0,1,0.33203,0.66797,INCLUDED_VALID,uM
CDDP,CDDP-P001,0.0,1,0.249022,0.750978,INCLUDED_VALID,uM
CDDP,CDDP-P001,200.0,2,0.980443,0.019557,INCLUDED_VALID,uM
CDDP,CDDP-P001,100.0,2,0.986093,0.013907,INCLUDED_VALID,uM
CDDP,CDDP-P001,50.0,2,0.980878,0.019122,INCLUDED_VALID,uM
CDDP,CDDP-P001,25.0,2,0.985224,0.014776,INCLUDED_VALID,uM
CDDP,CDDP-P001,10.0,2,0.979574,0.020426,INCLUDED_VALID,uM
CDDP,CDDP-P001,5.0,2,0.87701,0.12299,INCLUDED_VALID,uM
CDDP,CDDP-P001,2.0,2,0.624946,0.375054,INCLUDED_VALID,uM
CDDP,CDDP-P001,0.0,2,-0.149935,1.149935,INCLUDED_VALID,uM
CDDP,CDDP-P001,50.0,3,0.983051,0.016949,INCLUDED_VALID,uM
CDDP,CDDP-P001,25.0,3,0.975228,0.024772,INCLUDED_VALID,uM
CDDP,CDDP-P001,10.0,3,0.980443,0.019557,INCLUDED_VALID,uM
CDDP,CDDP-P001,5.0,3,0.880487,0.119513,INCLUDED_VALID,uM
CDDP,CDDP-P001,0.0,3,-0.0999570000000001,1.099957,INCLUDED_VALID,uM
CDDP,CDDP-P002,200.0,1,0.994713,0.005287,INCLUDED_VALID,uM
CDDP,CDDP-P002,100.0,1,0.994713,0.005287,INCLUDED_VALID,uM
CDDP,CDDP-P002,50.0,1,0.991409,0.008591,INCLUDED_VALID,uM
CDDP,CDDP-P002,25.0,1,0.994713,0.005287,INCLUDED_VALID,uM
CDDP,CDDP-P002,10.0,1,0.983479,0.016521,INCLUDED_VALID,uM
CDDP,CDDP-P002,5.0,1,0.64117,0.35883,INCLUDED_VALID,uM
CDDP,CDDP-P002,2.0,1,0.394019,0.605981,INCLUDED_VALID,uM
CDDP,CDDP-P002,0.0,1,0.000164999999999971,0.999835,INCLUDED_VALID,uM
CDDP,CDDP-P002,200.0,2,0.994053,0.005947,INCLUDED_VALID,uM
CDDP,CDDP-P002,100.0,2,0.994713,0.005287,INCLUDED_VALID,uM
CDDP,CDDP-P002,50.0,2,0.990748,0.009252,INCLUDED_VALID,uM
CDDP,CDDP-P002,25.0,2,0.990748,0.009252,INCLUDED_VALID,uM
CDDP,CDDP-P002,10.0,2,0.982818,0.017182,INCLUDED_VALID,uM
CDDP,CDDP-P002,5.0,2,0.551958,0.448042,INCLUDED_VALID,uM
CDDP,CDDP-P002,2.0,2,0.389394,0.610606,INCLUDED_VALID,uM
CDDP,CDDP-P002,0.0,2,0.043119,0.956881,INCLUDED_VALID,uM
CDDP,CDDP-P002,50.0,3,0.989427,0.010573,INCLUDED_VALID,uM
CDDP,CDDP-P002,25.0,3,0.996035,0.003965,INCLUDED_VALID,uM
CDDP,CDDP-P002,10.0,3,0.988105,0.011895,INCLUDED_VALID,uM
CDDP,CDDP-P002,5.0,3,0.825541,0.174459,INCLUDED_VALID,uM
CDDP,CDDP-P002,0.0,3,-0.0573269999999999,1.057327,INCLUDED_VALID,uM
CDDP,CDDP-P003,200.0,1,0.994112,0.005888,INCLUDED_VALID,uM
CDDP,CDDP-P003,100.0,1,0.99238,0.00762,INCLUDED_VALID,uM
CDDP,CDDP-P003,50.0,1,0.990648,0.009352,INCLUDED_VALID,uM
CDDP,CDDP-P003,25.0,1,0.818497,0.181503,INCLUDED_VALID,uM
CDDP,CDDP-P003,10.0,1,0.305854,0.694146,INCLUDED_VALID,uM
CDDP,CDDP-P003,5.0,1,0.260132,0.739868,INCLUDED_VALID,uM
CDDP,CDDP-P003,2.0,1,0.195012,0.804988,INCLUDED_VALID,uM
CDDP,CDDP-P003,0.0,1,-0.0190509999999999,1.019051,INCLUDED_VALID,uM
CDDP,CDDP-P003,200.0,2,0.994458,0.005542,INCLUDED_VALID,uM
CDDP,CDDP-P003,100.0,2,0.992033,0.007967,INCLUDED_VALID,uM
CDDP,CDDP-P003,50.0,2,0.992726,0.007274,INCLUDED_VALID,uM
CDDP,CDDP-P003,25.0,2,0.78178,0.21822,INCLUDED_VALID,uM
CDDP,CDDP-P003,10.0,2,0.376862,0.623138,INCLUDED_VALID,uM
CDDP,CDDP-P003,5.0,2,0.073433,0.926567,INCLUDED_VALID,uM
CDDP,CDDP-P003,2.0,2,0.168687,0.831313,INCLUDED_VALID,uM
CDDP,CDDP-P003,0.0,2,-0.0422579999999999,1.042258,INCLUDED_VALID,uM
CDDP,CDDP-P003,50.0,3,0.992726,0.007274,INCLUDED_VALID,uM
CDDP,CDDP-P003,25.0,3,0.773814,0.226186,INCLUDED_VALID,uM
CDDP,CDDP-P003,10.0,3,0.393142,0.606858,INCLUDED_VALID,uM
CDDP,CDDP-P003,5.0,3,0.35123,0.64877,INCLUDED_VALID,uM
CDDP,CDDP-P003,2.0,3,0.086249,0.913751,INCLUDED_VALID,uM
CDDP,CDDP-P003,0.0,3,0.061656,0.938344,INCLUDED_VALID,uM
CDDP,CDDP-P004,200.0,1,0.508316,0.491684,INCLUDED_VALID,uM
CDDP,CDDP-P004,100.0,1,0.56659,0.43341,INCLUDED_VALID,uM
CDDP,CDDP-P004,50.0,1,0.513172,0.486828,INCLUDED_VALID,uM
CDDP,CDDP-P004,25.0,1,0.221804,0.778196,INCLUDED_VALID,uM
CDDP,CDDP-P004,10.0,1,-0.0367850000000001,1.036785,INCLUDED_VALID,uM
CDDP,CDDP-P004,5.0,1,-0.223747,1.223747,INCLUDED_VALID,uM
CDDP,CDDP-P004,2.0,1,-0.630448,1.630448,INCLUDED_VALID,uM
CDDP,CDDP-P004,0.0,1,0.003278,0.996722,INCLUDED_VALID,uM
CDDP,CDDP-P004,200.0,2,0.658856,0.341144,INCLUDED_VALID,uM
CDDP,CDDP-P004,100.0,2,0.59087,0.40913,INCLUDED_VALID,uM
CDDP,CDDP-P004,50.0,2,0.656428,0.343572,INCLUDED_VALID,uM
CDDP,CDDP-P004,25.0,2,0.355348,0.644652,INCLUDED_VALID,uM
CDDP,CDDP-P004,10.0,2,-0.110841,1.110841,INCLUDED_VALID,uM
CDDP,CDDP-P004,5.0,2,-0.00157800000000008,1.001578,INCLUDED_VALID,uM
CDDP,CDDP-P004,2.0,2,-0.045283,1.045283,INCLUDED_VALID,uM
CDDP,CDDP-P004,0.0,2,-0.0112909999999999,1.011291,INCLUDED_VALID,uM
CDDP,CDDP-P004,50.0,3,0.567804,0.432196,INCLUDED_VALID,uM
CDDP,CDDP-P004,25.0,3,0.286148,0.713852,INCLUDED_VALID,uM
CDDP,CDDP-P004,10.0,3,-0.0076480000000001,1.007648,INCLUDED_VALID,uM
CDDP,CDDP-P004,5.0,3,-0.12541,1.12541,INCLUDED_VALID,uM
CDDP,CDDP-P004,2.0,3,-0.0513539999999999,1.051354,INCLUDED_VALID,uM
CDDP,CDDP-P004,0.0,3,0.00813399999999997,0.991866,INCLUDED_VALID,uM
CDDP,CDDP-P005,200.0,1,0.976011,0.023989,INCLUDED_VALID,uM
CDDP,CDDP-P005,100.0,1,0.969542,0.030458,INCLUDED_VALID,uM
CDDP,CDDP-P005,50.0,1,0.549596,0.450404,INCLUDED_VALID,uM
CDDP,CDDP-P005,25.0,1,0.337466,0.662534,INCLUDED_VALID,uM
CDDP,CDDP-P005,10.0,1,0.126415,0.873585,INCLUDED_VALID,uM
CDDP,CDDP-P005,5.0,1,-0.0463610000000001,1.046361,INCLUDED_VALID,uM
CDDP,CDDP-P005,2.0,1,0.161456,0.838544,INCLUDED_VALID,uM
CDDP,CDDP-P005,0.0,1,0.00107800000000002,0.998922,INCLUDED_VALID,uM
CDDP,CDDP-P005,200.0,2,0.986523,0.013477,INCLUDED_VALID,uM
CDDP,CDDP-P005,100.0,2,0.938275,0.061725,INCLUDED_VALID,uM
CDDP,CDDP-P005,50.0,2,0.402156,0.597844,INCLUDED_VALID,uM
CDDP,CDDP-P005,25.0,2,0.10027,0.89973,INCLUDED_VALID,uM
CDDP,CDDP-P005,10.0,2,-0.157951,1.157951,INCLUDED_VALID,uM
CDDP,CDDP-P005,5.0,2,0.036927,0.963073,INCLUDED_VALID,uM
CDDP,CDDP-P005,2.0,2,0.105391,0.894609,INCLUDED_VALID,uM
CDDP,CDDP-P005,0.0,2,-0.0382750000000001,1.038275,INCLUDED_VALID,uM
CDDP,CDDP-P005,25.0,3,0.303235,0.696765,INCLUDED_VALID,uM
CDDP,CDDP-P005,10.0,3,0.159299,0.840701,INCLUDED_VALID,uM
CDDP,CDDP-P005,5.0,3,0.071698,0.928302,INCLUDED_VALID,uM
CDDP,CDDP-P005,2.0,3,0.128032,0.871968,INCLUDED_VALID,uM
CDDP,CDDP-P006,250.0,1,0.994363,0.005637,INCLUDED_VALID,uM
CDDP,CDDP-P006,50.0,1,0.962746,0.037254,INCLUDED_VALID,uM
CDDP,CDDP-P006,10.0,1,0.464031,0.535969,INCLUDED_VALID,uM
CDDP,CDDP-P006,2.0,1,-0.150378,1.150378,INCLUDED_VALID,uM
CDDP,CDDP-P006,0.0,1,-0.102611,1.102611,INCLUDED_VALID,uM
CDDP,CDDP-P006,250.0,2,0.994206,0.005794,INCLUDED_VALID,uM
CDDP,CDDP-P006,50.0,2,0.977323,0.022677,INCLUDED_VALID,uM
CDDP,CDDP-P006,10.0,2,0.0890570000000001,0.910943,INCLUDED_VALID,uM
CDDP,CDDP-P006,2.0,2,-0.29428,1.29428,INCLUDED_VALID,uM
CDDP,CDDP-P006,0.0,2,-0.26109,1.26109,INCLUDED_VALID,uM
CDDP,CDDP-P006,0.0,3,-0.161729,1.161729,INCLUDED_VALID,uM
CDDP,CDDP-P007,250.0,1,0.994041,0.005959,INCLUDED_VALID,uM
CDDP,CDDP-P007,50.0,1,0.959497,0.040503,INCLUDED_VALID,uM
CDDP,CDDP-P007,10.0,1,0.383689,0.616311,INCLUDED_VALID,uM
CDDP,CDDP-P007,2.0,1,0.334282,0.665718,INCLUDED_VALID,uM
CDDP,CDDP-P007,0.0,1,-0.0251760000000001,1.025176,INCLUDED_VALID,uM
CDDP,CDDP-P007,250.0,2,0.995365,0.004635,INCLUDED_VALID,uM
CDDP,CDDP-P007,50.0,2,0.961864,0.038136,INCLUDED_VALID,uM
CDDP,CDDP-P007,10.0,2,0.39317,0.60683,INCLUDED_VALID,uM
CDDP,CDDP-P007,2.0,2,0.304331,0.695669,INCLUDED_VALID,uM
CDDP,CDDP-P007,0.0,2,0.057836,0.942164,INCLUDED_VALID,uM
CDDP,CDDP-P007,0.0,3,-0.028805,1.028805,INCLUDED_VALID,uM
CDDP,CDDP-P008,250.0,1,0.988172,0.011828,INCLUDED_VALID,uM
CDDP,CDDP-P008,50.0,1,0.754819,0.245181,INCLUDED_VALID,uM
CDDP,CDDP-P008,10.0,1,0.387527,0.612473,INCLUDED_VALID,uM
CDDP,CDDP-P008,2.0,1,0.172394,0.827606,INCLUDED_VALID,uM
CDDP,CDDP-P008,0.0,1,0.0176770000000001,0.982323,INCLUDED_VALID,uM
CDDP,CDDP-P008,250.0,2,0.987533,0.012467,INCLUDED_VALID,uM
CDDP,CDDP-P008,50.0,2,0.711664,0.288336,INCLUDED_VALID,uM
CDDP,CDDP-P008,10.0,2,0.704952,0.295048,INCLUDED_VALID,uM
CDDP,CDDP-P008,2.0,2,0.390404,0.609596,INCLUDED_VALID,uM
CDDP,CDDP-P009,250.0,1,0.991423,0.008577,INCLUDED_VALID,uM
CDDP,CDDP-P009,50.0,1,0.873796,0.126204,INCLUDED_VALID,uM
CDDP,CDDP-P009,10.0,1,0.315738,0.684262,INCLUDED_VALID,uM
CDDP,CDDP-P009,0.0,1,0.0522359999999999,0.947764,INCLUDED_VALID,uM
CDDP,CDDP-P009,250.0,2,0.997997,0.002003,INCLUDED_VALID,uM
CDDP,CDDP-P009,50.0,2,0.913349,0.086651,INCLUDED_VALID,uM
CDDP,CDDP-P009,10.0,2,0.330566,0.669434,INCLUDED_VALID,uM
CDDP,CDDP-P009,0.0,2,-0.014669,1.014669,INCLUDED_VALID,uM
CDDP,CDDP-P009,0.0,3,-0.0375669999999999,1.037567,INCLUDED_VALID,uM
CDDP,CDDP-P010,200.0,1,0.948433,0.051567,INCLUDED_VALID,uM
CDDP,CDDP-P010,100.0,1,0.738774,0.261226,INCLUDED_VALID,uM
CDDP,CDDP-P010,40.0,1,0.581858,0.418142,INCLUDED_VALID,uM
CDDP,CDDP-P010,8.0,1,0.292588,0.707412,INCLUDED_VALID,uM
CDDP,CDDP-P010,0.0,1,-0.0123789999999999,1.012379,INCLUDED_VALID,uM
CDDP,CDDP-P010,200.0,2,0.930249,0.069751,INCLUDED_VALID,uM
CDDP,CDDP-P010,100.0,2,0.736829,0.263171,INCLUDED_VALID,uM
CDDP,CDDP-P010,40.0,2,0.700461,0.299539,INCLUDED_VALID,uM
CDDP,CDDP-P010,8.0,2,0.336691,0.663309,INCLUDED_VALID,uM
CDDP,CDDP-P010,0.0,2,0.041766,0.958234,INCLUDED_VALID,uM
CDDP,CDDP-P010,200.0,3,0.952414,0.047586,INCLUDED_VALID,uM
CDDP,CDDP-P010,100.0,3,0.770664,0.229336,INCLUDED_VALID,uM
CDDP,CDDP-P010,40.0,3,0.579416,0.420584,INCLUDED_VALID,uM
CDDP,CDDP-P010,8.0,3,0.349356,0.650644,INCLUDED_VALID,uM
CDDP,CDDP-P010,0.0,3,-0.0293870000000001,1.029387,INCLUDED_VALID,uM
CDDP,CDDP-P011,200.0,1,0.987026,0.012974,INCLUDED_VALID,uM
CDDP,CDDP-P011,40.0,1,0.554402,0.445598,INCLUDED_VALID,uM
CDDP,CDDP-P011,8.0,1,0.401438,0.598562,INCLUDED_VALID,uM
CDDP,CDDP-P011,1.6,1,0.233899,0.766101,INCLUDED_VALID,uM
CDDP,CDDP-P011,0.0,1,0.437797319,0.562202681,INCLUDED_VALID,uM
CDDP,CDDP-P011,200.0,2,0.988948,0.011052,INCLUDED_VALID,uM
CDDP,CDDP-P011,40.0,2,0.413772,0.586228,INCLUDED_VALID,uM
CDDP,CDDP-P011,8.0,2,0.167908,0.832092,INCLUDED_VALID,uM
CDDP,CDDP-P011,1.6,2,0.275864,0.724136,INCLUDED_VALID,uM
CDDP,CDDP-P011,0.0,2,-0.11383403,1.11383403,INCLUDED_VALID,uM
CDDP,CDDP-P011,200.0,3,0.987026,0.012974,INCLUDED_VALID,uM
CDDP,CDDP-P011,40.0,3,0.46807,0.53193,INCLUDED_VALID,uM
CDDP,CDDP-P011,8.0,3,0.042333,0.957667,INCLUDED_VALID,uM
CDDP,CDDP-P011,1.6,3,0.242548,0.757452,INCLUDED_VALID,uM
CDDP,CDDP-P011,0.0,3,-0.323979306,1.323979306,INCLUDED_VALID,uM
CDDP,CDDP-P012,200.0,1,0.994685,0.005315,INCLUDED_VALID,uM
CDDP,CDDP-P012,40.0,1,0.932379,0.067621,INCLUDED_VALID,uM
CDDP,CDDP-P012,0.0,1,-0.0376460000000001,1.037646,INCLUDED_VALID,uM
CDDP,CDDP-P012,200.0,2,0.994785,0.005215,INCLUDED_VALID,uM
CDDP,CDDP-P012,40.0,2,0.949099,0.050901,INCLUDED_VALID,uM
CDDP,CDDP-P012,8.0,2,0.833235,0.166765,INCLUDED_VALID,uM
CDDP,CDDP-P012,1.6,2,0.145183,0.854817,INCLUDED_VALID,uM
CDDP,CDDP-P012,0.0,2,0.0378810000000001,0.962119,INCLUDED_VALID,uM
CDDP,CDDP-P012,200.0,3,0.991623,0.008377,INCLUDED_VALID,uM
CDDP,CDDP-P012,40.0,3,0.94333,0.05667,INCLUDED_VALID,uM
CDDP,CDDP-P012,8.0,3,0.849417,0.150583,INCLUDED_VALID,uM
CDDP,CDDP-P012,1.6,3,0.08927,0.91073,INCLUDED_VALID,uM
CDDP,CDDP-P012,0.0,3,-0.000234999999999985,1.000235,INCLUDED_VALID,uM
CDDP,CDDP-P013,200.0,1,0.993501,0.006499,INCLUDED_VALID,uM
CDDP,CDDP-P013,40.0,1,0.852526,0.147474,INCLUDED_VALID,uM
CDDP,CDDP-P013,8.0,1,0.773639,0.226361,INCLUDED_VALID,uM
CDDP,CDDP-P013,1.6,1,0.395828,0.604172,INCLUDED_VALID,uM
CDDP,CDDP-P013,200.0,2,0.996112,0.003888,INCLUDED_VALID,uM
CDDP,CDDP-P013,40.0,2,0.829054,0.170946,INCLUDED_VALID,uM
CDDP,CDDP-P013,8.0,2,0.771027,0.228973,INCLUDED_VALID,uM
CDDP,CDDP-P013,1.6,2,0.409377,0.590623,INCLUDED_VALID,uM
CDDP,CDDP-P013,200.0,3,0.99295,0.00705,INCLUDED_VALID,uM
CDDP,CDDP-P013,40.0,3,0.841036,0.158964,INCLUDED_VALID,uM
CDDP,CDDP-P013,8.0,3,0.787652,0.212348,INCLUDED_VALID,uM
CDDP,CDDP-P013,1.6,3,0.527432,0.472568,INCLUDED_VALID,uM
CDDP,CDDP-P014,200.0,1,0.818171,0.181829,INCLUDED_VALID,uM
CDDP,CDDP-P014,40.0,1,0.079906,0.920094,INCLUDED_VALID,uM
CDDP,CDDP-P014,8.0,1,0.032412,0.967588,INCLUDED_VALID,uM
CDDP,CDDP-P014,1.6,1,-0.10129,1.10129,INCLUDED_VALID,uM
CDDP,CDDP-P014,0.0,1,0.0630500000000001,0.93695,INCLUDED_VALID,uM
CDDP,CDDP-P014,200.0,2,0.827917,0.172083,INCLUDED_VALID,uM
CDDP,CDDP-P014,40.0,2,0.028827,0.971173,INCLUDED_VALID,uM
CDDP,CDDP-P014,8.0,2,-0.0119039999999999,1.011904,INCLUDED_VALID,uM
CDDP,CDDP-P014,1.6,2,-0.145983,1.145983,INCLUDED_VALID,uM
CDDP,CDDP-P014,0.0,2,-0.041865,1.041865,INCLUDED_VALID,uM
CDDP,CDDP-P014,200.0,3,0.624262,0.375738,INCLUDED_VALID,uM
CDDP,CDDP-P014,40.0,3,0.138141,0.861859,INCLUDED_VALID,uM
CDDP,CDDP-P014,8.0,3,0.035424,0.964576,INCLUDED_VALID,uM
CDDP,CDDP-P014,1.6,3,-0.01091,1.01091,INCLUDED_VALID,uM
CDDP,CDDP-P014,0.0,3,-0.021183,1.021183,INCLUDED_VALID,uM
CDDP,CDDP-P015,200.0,1,0.995568877883488,0.00443112211651245,INCLUDED_VALID,uM
CDDP,CDDP-P015,100.0,1,0.994330770233286,0.00566922976671445,INCLUDED_VALID,uM
CDDP,CDDP-P015,50.0,1,0.455840827142795,0.544159172857205,INCLUDED_VALID,uM
CDDP,CDDP-P015,25.0,1,0.487640644684826,0.512359355315174,INCLUDED_VALID,uM
CDDP,CDDP-P015,10.0,1,0.240692471436639,0.759307528563361,INCLUDED_VALID,uM
CDDP,CDDP-P015,5.0,1,0.152178635040619,0.847821364959381,INCLUDED_VALID,uM
CDDP,CDDP-P015,200.0,2,0.811090838003388,0.188909161996612,INCLUDED_VALID,uM
CDDP,CDDP-P015,100.0,2,0.870237629784091,0.129762370215909,INCLUDED_VALID,uM
CDDP,CDDP-P015,50.0,2,0.496589773665233,0.503410226334767,INCLUDED_VALID,uM
CDDP,CDDP-P015,25.0,2,0.128784916807854,0.871215083192146,INCLUDED_VALID,uM
CDDP,CDDP-P015,10.0,2,0.289804074894652,0.710195925105348,INCLUDED_VALID,uM
CDDP,CDDP-P015,5.0,2,0.246535470698119,0.753464529301881,INCLUDED_VALID,uM
CDDP,CDDP-P015,200.0,3,0.706503323341587,0.293496676658413,INCLUDED_VALID,uM
CDDP,CDDP-P015,100.0,3,0.550762413658282,0.449237586341718,INCLUDED_VALID,uM
CDDP,CDDP-P015,50.0,3,0.555171814587949,0.444828185412051,INCLUDED_VALID,uM
CDDP,CDDP-P015,25.0,3,0.320365784786481,0.679634215213519,INCLUDED_VALID,uM
CDDP,CDDP-P015,10.0,3,0.392914548850949,0.607085451149051,INCLUDED_VALID,uM
CDDP,CDDP-P015,5.0,3,-0.0559103349407,1.0559103349407,INCLUDED_VALID,uM
CDDP,CDDP-P016,200.0,1,0.993757956552092,0.00624204344790768,INCLUDED_VALID,uM
CDDP,CDDP-P016,100.0,1,0.994907806660917,0.00509219333908258,INCLUDED_VALID,uM
CDDP,CDDP-P016,50.0,1,0.99318303149768,0.00681696850232023,INCLUDED_VALID,uM
CDDP,CDDP-P016,25.0,1,0.958769660383557,0.0412303396164429,INCLUDED_VALID,uM
CDDP,CDDP-P016,10.0,1,0.935361997453903,0.0646380025460967,INCLUDED_VALID,uM
CDDP,CDDP-P016,5.0,1,0.424335756231777,0.575664243768223,INCLUDED_VALID,uM
CDDP,CDDP-P016,2.0,1,0.344585437969693,0.655414562030307,INCLUDED_VALID,uM
CDDP,CDDP-P016,0.0,1,0.0456048281290971,0.954395171870903,INCLUDED_VALID,uM
CDDP,CDDP-P016,200.0,2,0.99326516364831,0.00673483635168987,INCLUDED_VALID,uM
CDDP,CDDP-P016,100.0,2,0.994825674510287,0.00517432548971295,INCLUDED_VALID,uM
CDDP,CDDP-P016,50.0,2,0.984641287832122,0.0153587121678781,INCLUDED_VALID,uM
CDDP,CDDP-P016,25.0,2,0.992115313539485,0.00788468646051497,INCLUDED_VALID,uM
CDDP,CDDP-P016,10.0,2,0.792698451808961,0.207301548191039,INCLUDED_VALID,uM
CDDP,CDDP-P016,5.0,2,0.307051045131617,0.692948954868383,INCLUDED_VALID,uM
CDDP,CDDP-P016,2.0,2,0.278715453164141,0.721284546835859,INCLUDED_VALID,uM
CDDP,CDDP-P016,0.0,2,-0.0419312516399899,1.04193125163999,INCLUDED_VALID,uM
CDDP,CDDP-P016,25.0,3,0.980452548149973,0.0195474518500267,INCLUDED_VALID,uM
CDDP,CDDP-P016,10.0,3,0.976017412015934,0.0239825879840664,INCLUDED_VALID,uM
CDDP,CDDP-P016,5.0,3,0.336536487207918,0.663463512792082,INCLUDED_VALID,uM
CDDP,CDDP-P016,2.0,3,0.298345037164798,0.701654962835202,INCLUDED_VALID,uM
CDDP,CDDP-P016,0.0,3,-0.00367357648911004,1.00367357648911,INCLUDED_VALID,uM
CDDP,CDDP-P017,200.0,1,0.9511658606339,0.0488341393661005,INCLUDED_VALID,uM
CDDP,CDDP-P017,100.0,1,0.965684118283281,0.0343158817167193,INCLUDED_VALID,uM
CDDP,CDDP-P017,50.0,1,0.974593049113583,0.0254069508864172,INCLUDED_VALID,uM
CDDP,CDDP-P017,25.0,1,0.836669601444461,0.163330398555539,INCLUDED_VALID,uM
CDDP,CDDP-P017,10.0,1,0.275076998734305,0.724923001265695,INCLUDED_VALID,uM
CDDP,CDDP-P017,5.0,1,0.309392880451024,0.690607119548976,INCLUDED_VALID,uM
CDDP,CDDP-P017,2.0,1,0.163550383154967,0.836449616845033,INCLUDED_VALID,uM
CDDP,CDDP-P017,0.0,1,-0.0413550259419799,1.04135502594198,INCLUDED_VALID,uM
CDDP,CDDP-P017,200.0,2,0.972283326305727,0.0277166736942733,INCLUDED_VALID,uM
CDDP,CDDP-P017,100.0,2,0.971623405503482,0.0283765944965179,INCLUDED_VALID,uM
CDDP,CDDP-P017,50.0,2,0.960734712266446,0.0392652877335538,INCLUDED_VALID,uM
CDDP,CDDP-P017,25.0,2,0.887483503217295,0.112516496782705,INCLUDED_VALID,uM
CDDP,CDDP-P017,10.0,2,0.94687637541931,0.0531236245806904,INCLUDED_VALID,uM
CDDP,CDDP-P017,5.0,2,0.294214701999398,0.705785298000602,INCLUDED_VALID,uM
CDDP,CDDP-P017,2.0,2,0.175758917996492,0.824241082003508,INCLUDED_VALID,uM
CDDP,CDDP-P017,0.0,2,-0.22745269217496,1.22745269217496,INCLUDED_VALID,uM
CDDP,CDDP-P017,25.0,3,0.947206335820432,0.0527936641795681,INCLUDED_VALID,uM
CDDP,CDDP-P017,10.0,3,0.946546415018187,0.0534535849818127,INCLUDED_VALID,uM
CDDP,CDDP-P017,5.0,3,0.330840306523974,0.669159693476026,INCLUDED_VALID,uM
CDDP,CDDP-P017,2.0,3,0.257589097474823,0.742410902525177,INCLUDED_VALID,uM
CDDP,CDDP-P017,0.0,3,0.160250779143744,0.839749220856256,INCLUDED_VALID,uM
CDDP,CDDP-P018,200.0,1,0.985619027133331,0.0143809728666687,INCLUDED_VALID,uM
CDDP,CDDP-P018,100.0,1,0.991764742033617,0.00823525796638294,INCLUDED_VALID,uM
CDDP,CDDP-P018,50.0,1,0.990658513351566,0.00934148664843438,INCLUDED_VALID,uM
CDDP,CDDP-P018,25.0,1,0.769044034047261,0.230955965952739,INCLUDED_VALID,uM
CDDP,CDDP-P018,10.0,1,0.548781612021018,0.451218387978982,INCLUDED_VALID,uM
CDDP,CDDP-P018,5.0,1,0.350643763635805,0.649356236364195,INCLUDED_VALID,uM
CDDP,CDDP-P018,2.0,1,0.407553083612451,0.592446916387549,INCLUDED_VALID,uM
CDDP,CDDP-P018,0.0,1,0.0144747393744979,0.985525260625502,INCLUDED_VALID,uM
CDDP,CDDP-P018,200.0,2,0.991150170543588,0.00884982945641152,INCLUDED_VALID,uM
CDDP,CDDP-P018,100.0,2,0.994100113695726,0.00589988630427434,INCLUDED_VALID,uM
CDDP,CDDP-P018,50.0,2,0.990289770457549,0.00971022954245153,INCLUDED_VALID,uM
CDDP,CDDP-P018,25.0,2,0.976646283378914,0.0233537166210859,INCLUDED_VALID,uM
CDDP,CDDP-P018,10.0,2,0.534154810558338,0.465845189441662,INCLUDED_VALID,uM
CDDP,CDDP-P018,5.0,2,0.510555265341241,0.489444734658759,INCLUDED_VALID,uM
CDDP,CDDP-P018,2.0,2,0.323110960882525,0.676889039117475,INCLUDED_VALID,uM
CDDP,CDDP-P018,0.0,2,-0.16415396952687,1.16415396952687,INCLUDED_VALID,uM
CDDP,CDDP-P018,25.0,3,0.955382109823925,0.0446178901760747,INCLUDED_VALID,uM
CDDP,CDDP-P018,10.0,3,0.571643671450081,0.428356328549919,INCLUDED_VALID,uM
CDDP,CDDP-P018,5.0,3,0.492241034938389,0.507758965061611,INCLUDED_VALID,uM
CDDP,CDDP-P018,2.0,3,0.228221122822112,0.771778877177888,INCLUDED_VALID,uM
CDDP,CDDP-P018,0.0,3,0.149679230152365,0.850320769847635,INCLUDED_VALID,uM
ETO,ETO-P001,250.0,1,0.22069,0.77931,INCLUDED_VALID,uM
ETO,ETO-P001,50.0,1,0.18046,0.81954,INCLUDED_VALID,uM
ETO,ETO-P001,10.0,1,0.113793,0.886207,INCLUDED_VALID,uM
ETO,ETO-P001,2.0,1,-0.097701,1.097701,INCLUDED_VALID,uM
ETO,ETO-P001,0.0,1,-0.032184,1.032184,INCLUDED_VALID,uM
ETO,ETO-P001,250.0,2,0.251724,0.748276,INCLUDED_VALID,uM
ETO,ETO-P001,50.0,2,0.27931,0.72069,INCLUDED_VALID,uM
ETO,ETO-P001,10.0,2,0.048276,0.951724,INCLUDED_VALID,uM
ETO,ETO-P001,2.0,2,0.106897,0.893103,INCLUDED_VALID,uM
ETO,ETO-P001,0.0,2,-0.18046,1.18046,INCLUDED_VALID,uM
ETO,ETO-P002,250.0,1,0.674349,0.325651,INCLUDED_VALID,uM
ETO,ETO-P002,50.0,1,0.492315,0.507685,INCLUDED_VALID,uM
ETO,ETO-P002,10.0,1,0.455637,0.544363,INCLUDED_VALID,uM
ETO,ETO-P002,2.0,1,0.413448,0.586552,INCLUDED_VALID,uM
ETO,ETO-P002,0.0,1,-0.0251760000000001,1.025176,INCLUDED_VALID,uM
ETO,ETO-P002,250.0,2,0.694626,0.305374,INCLUDED_VALID,uM
ETO,ETO-P002,50.0,2,0.569458,0.430542,INCLUDED_VALID,uM
ETO,ETO-P002,10.0,2,0.453692,0.546308,INCLUDED_VALID,uM
ETO,ETO-P002,2.0,2,0.296945,0.703055,INCLUDED_VALID,uM
ETO,ETO-P002,0.0,2,0.057836,0.942164,INCLUDED_VALID,uM
ETO,ETO-P002,50.0,3,0.582647,0.417353,INCLUDED_VALID,uM
ETO,ETO-P002,2.0,3,0.354018,0.645982,INCLUDED_VALID,uM
ETO,ETO-P002,0.0,3,-0.028805,1.028805,INCLUDED_VALID,uM
ETO,ETO-P003,250.0,1,0.203269,0.796731,INCLUDED_VALID,uM
ETO,ETO-P003,50.0,1,0.236095,0.763905,INCLUDED_VALID,uM
ETO,ETO-P003,10.0,1,-0.00830599999999992,1.008306,INCLUDED_VALID,uM
ETO,ETO-P003,2.0,1,0.136288,0.863712,INCLUDED_VALID,uM
ETO,ETO-P003,0.0,1,0.018938,0.981062,INCLUDED_VALID,uM
ETO,ETO-P003,250.0,2,0.434913,0.565087,INCLUDED_VALID,uM
ETO,ETO-P003,50.0,2,0.393847,0.606153,INCLUDED_VALID,uM
ETO,ETO-P003,10.0,2,0.128979,0.871021,INCLUDED_VALID,uM
ETO,ETO-P003,2.0,2,-0.0924309999999999,1.092431,INCLUDED_VALID,uM
ETO,ETO-P003,0.0,2,-0.0189379999999999,1.018938,INCLUDED_VALID,uM
ETO,ETO-P003,250.0,3,0.063061,0.936939,INCLUDED_VALID,uM
ETO,ETO-P003,50.0,3,0.144661,0.855339,INCLUDED_VALID,uM
ETO,ETO-P003,10.0,3,-0.0339560000000001,1.033956,INCLUDED_VALID,uM
ETO,ETO-P003,2.0,3,0.118745,0.881255,INCLUDED_VALID,uM
ETO,ETO-P004,250.0,1,0.950664,0.049336,INCLUDED_VALID,uM
ETO,ETO-P004,50.0,1,0.889233,0.110767,INCLUDED_VALID,uM
ETO,ETO-P004,10.0,1,0.829131,0.170869,INCLUDED_VALID,uM
ETO,ETO-P004,2.0,1,0.884254,0.115746,INCLUDED_VALID,uM
ETO,ETO-P004,0.0,1,-0.0376460000000001,1.037646,INCLUDED_VALID,uM
ETO,ETO-P004,250.0,2,0.960016,0.039984,INCLUDED_VALID,uM
ETO,ETO-P004,50.0,2,0.883615,0.116385,INCLUDED_VALID,uM
ETO,ETO-P004,10.0,2,0.812226,0.187774,INCLUDED_VALID,uM
ETO,ETO-P004,2.0,2,0.90348,0.09652,INCLUDED_VALID,uM
ETO,ETO-P004,0.0,2,0.0378810000000001,0.962119,INCLUDED_VALID,uM
ETO,ETO-P004,0.0,3,-0.000234999999999985,1.000235,INCLUDED_VALID,uM
ETO,ETO-P005,250.0,1,0.977196,0.022804,INCLUDED_VALID,uM
ETO,ETO-P005,50.0,1,-0.156788,1.156788,INCLUDED_VALID,uM
ETO,ETO-P005,10.0,1,0.138596,0.861404,INCLUDED_VALID,uM
ETO,ETO-P005,2.0,1,-0.116894,1.116894,INCLUDED_VALID,uM
ETO,ETO-P005,250.0,2,0.980271,0.019729,INCLUDED_VALID,uM
ETO,ETO-P005,50.0,2,0.111295,0.888705,INCLUDED_VALID,uM
ETO,ETO-P005,10.0,2,0.385441,0.614559,INCLUDED_VALID,uM
ETO,ETO-P005,2.0,2,0.122668,0.877332,INCLUDED_VALID,uM
ETO,ETO-P005,250.0,3,0.986944,0.013056,INCLUDED_VALID,uM
ETO,ETO-P005,50.0,3,0.131169,0.868831,INCLUDED_VALID,uM
ETO,ETO-P005,10.0,3,0.290481,0.709519,INCLUDED_VALID,uM
ETO,ETO-P005,2.0,3,0.127107,0.872893,INCLUDED_VALID,uM
ETO,ETO-P006,500.0,1,0.955087,0.044913,INCLUDED_VALID,uM
ETO,ETO-P006,100.0,1,0.899351,0.100649,INCLUDED_VALID,uM
ETO,ETO-P006,20.0,1,0.816017,0.183983,INCLUDED_VALID,uM
ETO,ETO-P006,0.0,1,0.0176770000000001,0.982323,INCLUDED_VALID,uM
ETO,ETO-P006,500.0,2,0.924784,0.075216,INCLUDED_VALID,uM
ETO,ETO-P006,100.0,2,0.859307,0.140693,INCLUDED_VALID,uM
ETO,ETO-P006,20.0,2,0.787879,0.212121,INCLUDED_VALID,uM
ETO,ETO-P006,4.0,2,0.332251,0.667749,INCLUDED_VALID,uM
ETO,ETO-P007,500.0,1,0.998191,0.001809,INCLUDED_VALID,uM
ETO,ETO-P007,100.0,1,0.999005,0.000995,INCLUDED_VALID,uM
ETO,ETO-P007,20.0,1,0.997784,0.002216,INCLUDED_VALID,uM
ETO,ETO-P007,4.0,1,0.726335,0.273665,INCLUDED_VALID,uM
ETO,ETO-P007,0.0,1,-0.0123789999999999,1.012379,INCLUDED_VALID,uM
ETO,ETO-P007,500.0,2,0.99801,0.00199,INCLUDED_VALID,uM
ETO,ETO-P007,100.0,2,0.998824,0.001176,INCLUDED_VALID,uM
ETO,ETO-P007,20.0,2,0.998372,0.001628,INCLUDED_VALID,uM
ETO,ETO-P007,4.0,2,0.70503,0.29497,INCLUDED_VALID,uM
ETO,ETO-P007,0.0,2,0.041766,0.958234,INCLUDED_VALID,uM
ETO,ETO-P007,500.0,3,0.998553,0.001447,INCLUDED_VALID,uM
ETO,ETO-P007,100.0,3,0.999005,0.000995,INCLUDED_VALID,uM
ETO,ETO-P007,20.0,3,0.998417,0.001583,INCLUDED_VALID,uM
ETO,ETO-P007,4.0,3,0.812506,0.187494,INCLUDED_VALID,uM
ETO,ETO-P007,0.0,3,-0.0293870000000001,1.029387,INCLUDED_VALID,uM
ETO,ETO-P008,1000.0,1,0.905188,0.094812,INCLUDED_VALID,uM
ETO,ETO-P008,200.0,1,-0.047585,1.047585,INCLUDED_VALID,uM
ETO,ETO-P008,10.0,1,0.25975,0.74025,INCLUDED_VALID,uM
ETO,ETO-P008,8.0,1,0.237209,0.762791,INCLUDED_VALID,uM
ETO,ETO-P008,0.0,1,0.0522359999999999,0.947764,INCLUDED_VALID,uM
ETO,ETO-P008,1000.0,2,0.892665,0.107335,INCLUDED_VALID,uM
ETO,ETO-P008,200.0,2,0.052952,0.947048,INCLUDED_VALID,uM
ETO,ETO-P008,10.0,2,0.300894,0.699106,INCLUDED_VALID,uM
ETO,ETO-P008,8.0,2,0.135242,0.864758,INCLUDED_VALID,uM
ETO,ETO-P008,0.0,2,-0.014669,1.014669,INCLUDED_VALID,uM
ETO,ETO-P008,0.0,3,-0.0375669999999999,1.037567,INCLUDED_VALID,uM
ETO,ETO-P009,250.0,1,0.471466,0.528534,INCLUDED_VALID,uM
ETO,ETO-P009,50.0,1,0.214067,0.785933,INCLUDED_VALID,uM
ETO,ETO-P009,10.0,1,0.052148,0.947852,INCLUDED_VALID,uM
ETO,ETO-P009,2.0,1,-0.0209429999999999,1.020943,INCLUDED_VALID,uM
ETO,ETO-P009,0.0,1,0.082115,0.917885,INCLUDED_VALID,uM
ETO,ETO-P009,250.0,2,0.442455,0.557545,INCLUDED_VALID,uM
ETO,ETO-P009,50.0,2,0.156075,0.843925,INCLUDED_VALID,uM
ETO,ETO-P009,10.0,2,0.063566,0.936434,INCLUDED_VALID,uM
ETO,ETO-P009,2.0,2,0.061175,0.938825,INCLUDED_VALID,uM
ETO,ETO-P009,0.0,2,-0.0502290000000001,1.050229,INCLUDED_VALID,uM
ETO,ETO-P009,250.0,3,0.517836,0.482164,INCLUDED_VALID,uM
ETO,ETO-P009,50.0,3,0.202547,0.797453,INCLUDED_VALID,uM
ETO,ETO-P009,10.0,3,0.144932,0.855068,INCLUDED_VALID,uM
ETO,ETO-P009,2.0,3,0.139643,0.860357,INCLUDED_VALID,uM
ETO,ETO-P009,0.0,3,-0.031884,1.031884,INCLUDED_VALID,uM
ETO,ETO-P010,500.0,1,0.434255,0.565745,INCLUDED_VALID,uM
ETO,ETO-P010,100.0,1,0.230276,0.769724,INCLUDED_VALID,uM
ETO,ETO-P010,50.0,1,0.324343,0.675657,INCLUDED_VALID,uM
ETO,ETO-P010,20.0,1,0.138908,0.861092,INCLUDED_VALID,uM
ETO,ETO-P010,10.0,1,0.416386,0.583614,INCLUDED_VALID,uM
ETO,ETO-P010,4.0,1,0.184423,0.815577,INCLUDED_VALID,uM
ETO,ETO-P010,2.0,1,0.178355,0.821645,INCLUDED_VALID,uM
ETO,ETO-P010,0.0,1,-0.187795,1.187795,INCLUDED_VALID,uM
ETO,ETO-P010,500.0,2,0.433581,0.566419,INCLUDED_VALID,uM
ETO,ETO-P010,100.0,2,0.336817,0.663183,INCLUDED_VALID,uM
ETO,ETO-P010,50.0,2,0.247134,0.752866,INCLUDED_VALID,uM
ETO,ETO-P010,20.0,2,0.482805,0.517195,INCLUDED_VALID,uM
ETO,ETO-P010,10.0,2,0.464936,0.535064,INCLUDED_VALID,uM
ETO,ETO-P010,4.0,2,0.037087,0.962913,INCLUDED_VALID,uM
ETO,ETO-P010,2.0,2,-0.37559,1.37559,INCLUDED_VALID,uM
ETO,ETO-P010,0.0,2,-0.0455159999999999,1.045516,INCLUDED_VALID,uM
ETO,ETO-P010,50.0,3,0.44909,0.55091,INCLUDED_VALID,uM
ETO,ETO-P010,20.0,3,0.456507,0.543493,INCLUDED_VALID,uM
ETO,ETO-P010,10.0,3,0.345246,0.654754,INCLUDED_VALID,uM
ETO,ETO-P010,4.0,3,0.225219,0.774781,INCLUDED_VALID,uM
ETO,ETO-P010,0.0,3,0.233311,0.766689,INCLUDED_VALID,uM
ETO,ETO-P011,500.0,1,0.404267,0.595733,INCLUDED_VALID,uM
ETO,ETO-P011,100.0,1,0.35558,0.64442,INCLUDED_VALID,uM
ETO,ETO-P011,50.0,1,0.194748,0.805252,INCLUDED_VALID,uM
ETO,ETO-P011,20.0,1,0.393326,0.606674,INCLUDED_VALID,uM
ETO,ETO-P011,10.0,1,0.259847,0.740153,INCLUDED_VALID,uM
ETO,ETO-P011,4.0,1,-0.165208,1.165208,INCLUDED_VALID,uM
ETO,ETO-P011,2.0,1,-0.050875,1.050875,INCLUDED_VALID,uM
ETO,ETO-P011,0.0,1,-0.047593,1.047593,INCLUDED_VALID,uM
ETO,ETO-P011,500.0,2,0.05744,0.94256,INCLUDED_VALID,uM
ETO,ETO-P011,100.0,2,0.356674,0.643326,INCLUDED_VALID,uM
ETO,ETO-P011,50.0,2,0.353939,0.646061,INCLUDED_VALID,uM
ETO,ETO-P011,20.0,2,0.369256,0.630744,INCLUDED_VALID,uM
ETO,ETO-P011,10.0,2,0.00382899999999997,0.996171,INCLUDED_VALID,uM
ETO,ETO-P011,4.0,2,0.021882,0.978118,INCLUDED_VALID,uM
ETO,ETO-P011,2.0,2,0.236324,0.763676,INCLUDED_VALID,uM
ETO,ETO-P011,0.0,2,0.047593,0.952407,INCLUDED_VALID,uM
ETO,ETO-P011,50.0,3,0.232495,0.767505,INCLUDED_VALID,uM
ETO,ETO-P011,20.0,3,0.180525,0.819475,INCLUDED_VALID,uM
ETO,ETO-P011,10.0,3,0.06291,0.93709,INCLUDED_VALID,uM
ETO,ETO-P011,4.0,3,-0.141138,1.141138,INCLUDED_VALID,uM
ETO,ETO-P012,500.0,1,0.750173,0.249827,INCLUDED_VALID,uM
ETO,ETO-P012,100.0,1,0.579239,0.420761,INCLUDED_VALID,uM
ETO,ETO-P012,50.0,1,0.402768,0.597232,INCLUDED_VALID,uM
ETO,ETO-P012,20.0,1,0.377163,0.622837,INCLUDED_VALID,uM
ETO,ETO-P012,10.0,1,0.124913,0.875087,INCLUDED_VALID,uM
ETO,ETO-P012,4.0,1,0.109689,0.890311,INCLUDED_VALID,uM
ETO,ETO-P012,2.0,1,0.06782,0.93218,INCLUDED_VALID,uM
ETO,ETO-P012,0.0,1,0.07474,0.92526,INCLUDED_VALID,uM
ETO,ETO-P012,500.0,2,0.763322,0.236678,INCLUDED_VALID,uM
ETO,ETO-P012,100.0,2,0.614879,0.385121,INCLUDED_VALID,uM
ETO,ETO-P012,50.0,2,0.324221,0.675779,INCLUDED_VALID,uM
ETO,ETO-P012,20.0,2,0.36263,0.63737,INCLUDED_VALID,uM
ETO,ETO-P012,10.0,2,-0.197924,1.197924,INCLUDED_VALID,uM
ETO,ETO-P012,4.0,2,-0.104844,1.104844,INCLUDED_VALID,uM
ETO,ETO-P012,2.0,2,0.0930800000000001,0.90692,INCLUDED_VALID,uM
ETO,ETO-P012,0.0,2,-0.195848,1.195848,INCLUDED_VALID,uM
ETO,ETO-P012,50.0,3,0.264706,0.735294,INCLUDED_VALID,uM
ETO,ETO-P012,20.0,3,0.351557,0.648443,INCLUDED_VALID,uM
ETO,ETO-P012,10.0,3,-0.360554,1.360554,INCLUDED_VALID,uM
ETO,ETO-P012,4.0,3,-0.10692,1.10692,INCLUDED_VALID,uM
ETO,ETO-P012,2.0,3,-0.095156,1.095156,INCLUDED_VALID,uM
ETO,ETO-P012,0.0,3,0.120761,0.879239,INCLUDED_VALID,uM
ETO,ETO-P013,500.0,1,0.078788,0.921212,INCLUDED_VALID,uM
ETO,ETO-P013,100.0,1,0.04573,0.95427,INCLUDED_VALID,uM
ETO,ETO-P013,50.0,1,0.092011,0.907989,INCLUDED_VALID,uM
ETO,ETO-P013,20.0,1,0.101928,0.898072,INCLUDED_VALID,uM
ETO,ETO-P013,10.0,1,0.174656,0.825344,INCLUDED_VALID,uM
ETO,ETO-P013,4.0,1,0.13719,0.86281,INCLUDED_VALID,uM
ETO,ETO-P013,2.0,1,0.218733,0.781267,INCLUDED_VALID,uM
ETO,ETO-P013,500.0,2,0.085399,0.914601,INCLUDED_VALID,uM
ETO,ETO-P013,100.0,2,-0.0622590000000001,1.062259,INCLUDED_VALID,uM
ETO,ETO-P013,50.0,2,0.010468,0.989532,INCLUDED_VALID,uM
ETO,ETO-P013,20.0,2,0.049036,0.950964,INCLUDED_VALID,uM
ETO,ETO-P013,10.0,2,0.094215,0.905785,INCLUDED_VALID,uM
ETO,ETO-P013,4.0,2,0.179063,0.820937,INCLUDED_VALID,uM
ETO,ETO-P013,2.0,2,0.093113,0.906887,INCLUDED_VALID,uM
ETO,ETO-P013,20.0,3,0.121763,0.878237,INCLUDED_VALID,uM
ETO,ETO-P013,10.0,3,-0.033609,1.033609,INCLUDED_VALID,uM
ETO,ETO-P013,4.0,3,0.086501,0.913499,INCLUDED_VALID,uM
ETO,ETO-P013,2.0,3,0.099725,0.900275,INCLUDED_VALID,uM
ETO,ETO-P014,500.0,1,0.337157,0.662843,INCLUDED_VALID,uM
ETO,ETO-P014,100.0,1,0.078064,0.921936,INCLUDED_VALID,uM
ETO,ETO-P014,50.0,1,0.407107,0.592893,INCLUDED_VALID,uM
ETO,ETO-P014,20.0,1,0.198657,0.801343,INCLUDED_VALID,uM
ETO,ETO-P014,10.0,1,-0.0237830000000001,1.023783,INCLUDED_VALID,uM
ETO,ETO-P014,4.0,1,0.00167899999999999,0.998321,INCLUDED_VALID,uM
ETO,ETO-P014,2.0,1,0.127588,0.872412,INCLUDED_VALID,uM
ETO,ETO-P014,500.0,2,0.241186,0.758814,INCLUDED_VALID,uM
ETO,ETO-P014,100.0,2,0.226077,0.773923,INCLUDED_VALID,uM
ETO,ETO-P014,50.0,2,0.165081,0.834919,INCLUDED_VALID,uM
ETO,ETO-P014,20.0,2,0.020985,0.979015,INCLUDED_VALID,uM
ETO,ETO-P014,10.0,2,-0.0719080000000001,1.071908,INCLUDED_VALID,uM
ETO,ETO-P014,4.0,2,-0.02826,1.02826,INCLUDED_VALID,uM
ETO,ETO-P014,2.0,2,-0.330162,1.330162,INCLUDED_VALID,uM
ETO,ETO-P014,20.0,3,-0.074986,1.074986,INCLUDED_VALID,uM
ETO,ETO-P014,10.0,3,0.116676,0.883324,INCLUDED_VALID,uM
ETO,ETO-P014,4.0,3,0.00727500000000003,0.992725,INCLUDED_VALID,uM
ETO,ETO-P014,2.0,3,0.185227,0.814773,INCLUDED_VALID,uM
ETO,ETO-P015,500.0,1,0.703469485824123,0.296530514175877,INCLUDED_VALID,uM
ETO,ETO-P015,100.0,1,0.482633349351273,0.517366650648727,INCLUDED_VALID,uM
ETO,ETO-P015,50.0,1,0.619144641999039,0.380855358000961,INCLUDED_VALID,uM
ETO,ETO-P015,20.0,1,0.648611244593945,0.351388755406055,INCLUDED_VALID,uM
ETO,ETO-P015,10.0,1,0.540182604517059,0.459817395482941,INCLUDED_VALID,uM
ETO,ETO-P015,4.0,1,0.258183565593465,0.741816434406535,INCLUDED_VALID,uM
ETO,ETO-P015,2.0,1,0.0440749639596349,0.955925036040365,INCLUDED_VALID,uM
ETO,ETO-P015,500.0,2,0.712657376261413,0.287342623738587,INCLUDED_VALID,uM
ETO,ETO-P015,100.0,2,0.449380105718405,0.550619894281595,INCLUDED_VALID,uM
ETO,ETO-P015,50.0,2,0.533301297453148,0.466698702546852,INCLUDED_VALID,uM
ETO,ETO-P015,20.0,2,0.548486304661221,0.451513695338779,INCLUDED_VALID,uM
ETO,ETO-P015,10.0,2,0.408861124459394,0.591138875540606,INCLUDED_VALID,uM
ETO,ETO-P015,4.0,2,0.272023065833734,0.727976934166266,INCLUDED_VALID,uM
ETO,ETO-P015,2.0,2,0.165228255646324,0.834771744353676,INCLUDED_VALID,uM
ETO,ETO-P015,20.0,3,0.52090341182124,0.47909658817876,INCLUDED_VALID,uM
ETO,ETO-P015,10.0,3,0.381393560788083,0.618606439211917,INCLUDED_VALID,uM
ETO,ETO-P015,4.0,3,0.278289283998078,0.721710716001922,INCLUDED_VALID,uM
ETO,ETO-P015,2.0,3,0.216972609322441,0.783027390677559,INCLUDED_VALID,uM
ETO,ETO-P016,500.0,1,0.3676550450744,0.6323449549256,INCLUDED_VALID,uM
ETO,ETO-P016,100.0,1,0.103725426306072,0.896274573693928,INCLUDED_VALID,uM
ETO,ETO-P016,50.0,1,0.592411570906195,0.407588429093805,INCLUDED_VALID,uM
ETO,ETO-P016,20.0,1,0.519930487672423,0.480069512327577,INCLUDED_VALID,uM
ETO,ETO-P016,10.0,1,-0.05760110061185,1.05760110061185,INCLUDED_VALID,uM
ETO,ETO-P016,4.0,1,-0.0133594004561699,1.01335940045617,INCLUDED_VALID,uM
ETO,ETO-P016,2.0,1,0.076354947322689,0.923645052677311,INCLUDED_VALID,uM
ETO,ETO-P016,0.0,1,0.00365663806523997,0.99634336193476,INCLUDED_VALID,uM
ETO,ETO-P016,500.0,2,0.406538503312697,0.593461496687303,INCLUDED_VALID,uM
ETO,ETO-P016,100.0,2,0.390970638282466,0.609029361717534,INCLUDED_VALID,uM
ETO,ETO-P016,50.0,2,0.575685167083017,0.424314832916983,INCLUDED_VALID,uM
ETO,ETO-P016,10.0,2,-0.13819195539626,1.13819195539626,INCLUDED_VALID,uM
ETO,ETO-P016,4.0,2,-0.10560805184461,1.10560805184461,INCLUDED_VALID,uM
ETO,ETO-P016,2.0,2,0.026755005249629,0.973244994750371,INCLUDED_VALID,uM
ETO,ETO-P016,0.0,2,-0.03399587270555,1.03399587270555,INCLUDED_VALID,uM
ETO,ETO-P016,500.0,3,0.397632236341914,0.602367763658086,INCLUDED_VALID,uM
ETO,ETO-P016,100.0,3,0.211541942724738,0.788458057275262,INCLUDED_VALID,uM
ETO,ETO-P016,50.0,3,0.598421490894609,0.401578509105391,INCLUDED_VALID,uM
ETO,ETO-P016,4.0,3,-0.0974982802939801,1.09749828029398,INCLUDED_VALID,uM
ETO,ETO-P016,2.0,3,-0.0356612722204099,1.03566127222041,INCLUDED_VALID,uM
ETO,ETO-P016,0.0,3,-0.00568408095289996,1.0056840809529,INCLUDED_VALID,uM
ETO,ETO-P017,500.0,1,0.0914175579154231,0.908582442084577,INCLUDED_VALID,uM
ETO,ETO-P017,100.0,1,0.33131778844337,0.66868221155663,INCLUDED_VALID,uM
ETO,ETO-P017,50.0,1,0.232455311590643,0.767544688409357,INCLUDED_VALID,uM
ETO,ETO-P017,20.0,1,0.276444578814104,0.723555421185896,INCLUDED_VALID,uM
ETO,ETO-P017,10.0,1,0.356713654056914,0.643286345943086,INCLUDED_VALID,uM
ETO,ETO-P017,4.0,1,0.400022674880013,0.599977325119987,INCLUDED_VALID,uM
ETO,ETO-P017,2.0,1,-0.17297154302558,1.17297154302558,INCLUDED_VALID,uM
ETO,ETO-P017,0.0,1,0.194588261970448,0.805411738029552,INCLUDED_VALID,uM
ETO,ETO-P017,500.0,2,0.20003023317335,0.79996976682665,INCLUDED_VALID,uM
ETO,ETO-P017,100.0,2,0.141529042742149,0.858470957257851,INCLUDED_VALID,uM
ETO,ETO-P017,50.0,2,0.400249423680133,0.599750576319867,INCLUDED_VALID,uM
ETO,ETO-P017,10.0,2,0.368051094062961,0.631948905937039,INCLUDED_VALID,uM
ETO,ETO-P017,4.0,2,0.244472997997053,0.755527002002947,INCLUDED_VALID,uM
ETO,ETO-P017,2.0,2,0.160802690752429,0.839197309247571,INCLUDED_VALID,uM
ETO,ETO-P017,0.0,2,-0.03352103095121,1.03352103095121,INCLUDED_VALID,uM
ETO,ETO-P017,500.0,3,0.318166358036356,0.681833641963644,INCLUDED_VALID,uM
ETO,ETO-P017,100.0,3,0.282566796417369,0.717433203582631,INCLUDED_VALID,uM
ETO,ETO-P017,50.0,3,0.210007180378671,0.789992819621329,INCLUDED_VALID,uM
ETO,ETO-P017,4.0,3,0.219303881183629,0.780696118816371,INCLUDED_VALID,uM
ETO,ETO-P017,2.0,3,-0.15120365821397,1.15120365821397,INCLUDED_VALID,uM
ETO,ETO-P017,0.0,3,-0.28611919428593,1.28611919428593,INCLUDED_VALID,uM
ETO,ETO-P018,500.0,1,0.589366247329694,0.410633752670306,INCLUDED_VALID,uM
ETO,ETO-P018,50.0,1,0.517208639924045,0.482791360075955,INCLUDED_VALID,uM
ETO,ETO-P018,20.0,1,0.284001898884405,0.715998101115595,INCLUDED_VALID,uM
ETO,ETO-P018,10.0,1,0.216710182767624,0.783289817232376,INCLUDED_VALID,uM
ETO,ETO-P018,2.0,1,0.558390695466413,0.441609304533587,INCLUDED_VALID,uM
ETO,ETO-P018,0.0,1,-0.15441058540497,1.15441058540497,INCLUDED_VALID,uM
ETO,ETO-P018,500.0,2,0.465701400427249,0.534298599572751,INCLUDED_VALID,uM
ETO,ETO-P018,50.0,2,0.444576311417042,0.555423688582958,INCLUDED_VALID,uM
ETO,ETO-P018,10.0,2,0.30595774982198,0.69404225017802,INCLUDED_VALID,uM
ETO,ETO-P018,2.0,2,0.460716828863043,0.539283171136957,INCLUDED_VALID,uM
ETO,ETO-P018,0.0,2,0.120689655172413,0.879310344827587,INCLUDED_VALID,uM
ETO,ETO-P018,0.0,3,-0.00693664795509008,1.00693664795509,INCLUDED_VALID,uM
CARBO_A,CarboA-P001,40.0,1,0.993249,0.006751,INCLUDED_VALID,uM
CARBO_A,CarboA-P001,4.0,1,-0.209283,1.209283,INCLUDED_VALID,uM
CARBO_A,CarboA-P001,0.0,1,-0.12827,1.12827,INCLUDED_VALID,uM
CARBO_A,CarboA-P001,80.0,1,0.994937,0.005063,INCLUDED_VALID,uM
CARBO_A,CarboA-P001,16.0,1,-0.397046,1.397046,INCLUDED_VALID,uM
CARBO_A,CarboA-P001,160.0,1,0.994937,0.005063,INCLUDED_VALID,uM
CARBO_A,CarboA-P001,8.0,1,-0.202532,1.202532,INCLUDED_VALID,uM
CARBO_A,CarboA-P001,2.0,1,-0.0531649999999999,1.053165,INCLUDED_VALID,uM
CARBO_A,CarboA-P001,40.0,2,0.984388,0.015612,INCLUDED_VALID,uM
CARBO_A,CarboA-P001,4.0,2,-0.212658,1.212658,INCLUDED_VALID,uM
CARBO_A,CarboA-P001,0.0,2,0.126582,0.873418,INCLUDED_VALID,uM
CARBO_A,CarboA-P001,80.0,2,0.991561,0.008439,INCLUDED_VALID,uM
CARBO_A,CarboA-P001,16.0,2,-0.110127,1.110127,INCLUDED_VALID,uM
CARBO_A,CarboA-P001,160.0,2,0.987764,0.012236,INCLUDED_VALID,uM
CARBO_A,CarboA-P001,8.0,2,-0.22616,1.22616,INCLUDED_VALID,uM
CARBO_A,CarboA-P001,2.0,2,-0.129958,1.129958,INCLUDED_VALID,uM
CARBO_A,CarboA-P001,4.0,3,-0.340928,1.340928,INCLUDED_VALID,uM
CARBO_A,CarboA-P001,0.0,3,0.077215,0.922785,INCLUDED_VALID,uM
CARBO_A,CarboA-P001,16.0,3,-0.44346,1.44346,INCLUDED_VALID,uM
CARBO_A,CarboA-P001,8.0,3,-0.149789,1.149789,INCLUDED_VALID,uM
CARBO_A,CarboA-P001,2.0,3,0.00337600000000005,0.996624,INCLUDED_VALID,uM
CARBO_A,CarboA-P002,400.0,1,0.99321,0.00679,INCLUDED_VALID,uM
CARBO_A,CarboA-P002,0.0,1,-0.0251760000000001,1.025176,INCLUDED_VALID,uM
CARBO_A,CarboA-P002,80.0,1,0.995759,0.004241,INCLUDED_VALID,uM
CARBO_A,CarboA-P002,16.0,1,0.396298,0.603702,INCLUDED_VALID,uM
CARBO_A,CarboA-P002,3.2,1,0.359584,0.640416,INCLUDED_VALID,uM
CARBO_A,CarboA-P002,400.0,2,0.993731,0.006269,INCLUDED_VALID,uM
CARBO_A,CarboA-P002,0.0,2,0.057836,0.942164,INCLUDED_VALID,uM
CARBO_A,CarboA-P002,80.0,2,0.993322,0.006678,INCLUDED_VALID,uM
CARBO_A,CarboA-P002,16.0,2,0.451128,0.548872,INCLUDED_VALID,uM
CARBO_A,CarboA-P002,3.2,2,0.387084,0.612916,INCLUDED_VALID,uM
CARBO_A,CarboA-P002,0.0,3,-0.028805,1.028805,INCLUDED_VALID,uM
CARBO_A,CarboA-P002,80.0,3,0.997211,0.002789,INCLUDED_VALID,uM
CARBO_A,CarboA-P003,400.0,1,0.991767,0.008233,INCLUDED_VALID,uM
CARBO_A,CarboA-P003,0.0,1,0.0176770000000001,0.982323,INCLUDED_VALID,uM
CARBO_A,CarboA-P003,80.0,1,0.98948,0.01052,INCLUDED_VALID,uM
CARBO_A,CarboA-P003,16.0,1,0.865069,0.134931,INCLUDED_VALID,uM
CARBO_A,CarboA-P003,3.2,1,0.847688,0.152312,INCLUDED_VALID,uM
CARBO_A,CarboA-P003,400.0,2,0.914925,0.085075,INCLUDED_VALID,uM
CARBO_A,CarboA-P003,80.0,2,0.915382,0.084618,INCLUDED_VALID,uM
CARBO_A,CarboA-P003,3.2,2,0.796917,0.203083,INCLUDED_VALID,uM
CARBO_A,CarboA-P004,400.0,1,0.635632,0.364368,INCLUDED_VALID,uM
CARBO_A,CarboA-P004,40.0,1,0.347126,0.652874,INCLUDED_VALID,uM
CARBO_A,CarboA-P004,4.0,1,-0.0448280000000001,1.044828,INCLUDED_VALID,uM
CARBO_A,CarboA-P004,0.0,1,-0.032184,1.032184,INCLUDED_VALID,uM
CARBO_A,CarboA-P004,400.0,2,0.603448,0.396552,INCLUDED_VALID,uM
CARBO_A,CarboA-P004,40.0,2,0.325287,0.674713,INCLUDED_VALID,uM
CARBO_A,CarboA-P004,4.0,2,0.078161,0.921839,INCLUDED_VALID,uM
CARBO_A,CarboA-P004,0.0,2,-0.18046,1.18046,INCLUDED_VALID,uM
CARBO_A,CarboA-P005,80.0,1,0.999536,0.000464,INCLUDED_VALID,uM
CARBO_A,CarboA-P005,16.0,1,0.999565,0.000435,INCLUDED_VALID,uM
CARBO_A,CarboA-P005,3.2,1,0.960832,0.039168,INCLUDED_VALID,uM
CARBO_A,CarboA-P005,320.0,1,0.99736,0.00264,INCLUDED_VALID,uM
CARBO_A,CarboA-P005,80.0,2,0.999507,0.000493,INCLUDED_VALID,uM
CARBO_A,CarboA-P005,16.0,2,0.999391,0.000609,INCLUDED_VALID,uM
CARBO_A,CarboA-P005,3.2,2,0.999159,0.000841,INCLUDED_VALID,uM
CARBO_A,CarboA-P005,320.0,2,0.998114,0.001886,INCLUDED_VALID,uM
CARBO_A,CarboA-P005,80.0,3,0.999594,0.000406,INCLUDED_VALID,uM
CARBO_A,CarboA-P005,16.0,3,0.836626,0.163374,INCLUDED_VALID,uM
CARBO_A,CarboA-P005,3.2,3,0.632547,0.367453,INCLUDED_VALID,uM
CARBO_A,CarboA-P005,320.0,3,0.998752,0.001248,INCLUDED_VALID,uM
CARBO_A,CarboA-P006,400.0,1,0.999283,0.000717,INCLUDED_VALID,uM
CARBO_A,CarboA-P006,0.0,1,0.0522359999999999,0.947764,INCLUDED_VALID,uM
CARBO_A,CarboA-P006,80.0,1,0.997283,0.002717,INCLUDED_VALID,uM
CARBO_A,CarboA-P006,16.0,1,0.117825,0.882175,INCLUDED_VALID,uM
CARBO_A,CarboA-P006,200.0,1,0.999132,0.000868,INCLUDED_VALID,uM
CARBO_A,CarboA-P006,400.0,2,0.999509,0.000491,INCLUDED_VALID,uM
CARBO_A,CarboA-P006,0.0,2,-0.014669,1.014669,INCLUDED_VALID,uM
CARBO_A,CarboA-P006,80.0,2,0.997396,0.002604,INCLUDED_VALID,uM
CARBO_A,CarboA-P006,16.0,2,0.07748,0.92252,INCLUDED_VALID,uM
CARBO_A,CarboA-P006,200.0,2,0.999396,0.000604,INCLUDED_VALID,uM
CARBO_A,CarboA-P006,0.0,3,-0.0375669999999999,1.037567,INCLUDED_VALID,uM
CARBO_A,CarboA-P007,0.0,1,-0.0123789999999999,1.012379,INCLUDED_VALID,uM
CARBO_A,CarboA-P007,16.0,1,0.978062,0.021938,INCLUDED_VALID,uM
CARBO_A,CarboA-P007,320.0,1,0.999005,0.000995,INCLUDED_VALID,uM
CARBO_A,CarboA-P007,160.0,1,0.999412,0.000588,INCLUDED_VALID,uM
CARBO_A,CarboA-P007,64.0,1,0.999457,0.000543,INCLUDED_VALID,uM
CARBO_A,CarboA-P007,0.0,2,0.041766,0.958234,INCLUDED_VALID,uM
CARBO_A,CarboA-P007,16.0,2,0.973855,0.026145,INCLUDED_VALID,uM
CARBO_A,CarboA-P007,320.0,2,0.99896,0.00104,INCLUDED_VALID,uM
CARBO_A,CarboA-P007,160.0,2,0.999548,0.000452,INCLUDED_VALID,uM
CARBO_A,CarboA-P007,64.0,2,0.999593,0.000407,INCLUDED_VALID,uM
CARBO_A,CarboA-P007,0.0,3,-0.0293870000000001,1.029387,INCLUDED_VALID,uM
CARBO_A,CarboA-P007,16.0,3,0.984213,0.015787,INCLUDED_VALID,uM
CARBO_A,CarboA-P007,320.0,3,0.999141,0.000859,INCLUDED_VALID,uM
CARBO_A,CarboA-P007,160.0,3,0.999548,0.000452,INCLUDED_VALID,uM
CARBO_A,CarboA-P007,64.0,3,0.999412,0.000588,INCLUDED_VALID,uM
CARBO_A,CarboA-P008,0.0,1,0.437797319,0.562202681,INCLUDED_VALID,uM
CARBO_A,CarboA-P008,80.0,1,0.993913,0.006087,INCLUDED_VALID,uM
CARBO_A,CarboA-P008,16.0,1,0.665081,0.334919,INCLUDED_VALID,uM
CARBO_A,CarboA-P008,320.0,1,0.997117,0.002883,INCLUDED_VALID,uM
CARBO_A,CarboA-P008,0.0,2,-0.11383403,1.11383403,INCLUDED_VALID,uM
CARBO_A,CarboA-P008,80.0,2,0.994234,0.005766,INCLUDED_VALID,uM
CARBO_A,CarboA-P008,16.0,2,0.57106,0.42894,INCLUDED_VALID,uM
CARBO_A,CarboA-P008,320.0,2,0.997117,0.002883,INCLUDED_VALID,uM
CARBO_A,CarboA-P008,0.0,3,-0.323979306,1.323979306,INCLUDED_VALID,uM
CARBO_A,CarboA-P008,80.0,3,0.991351,0.008649,INCLUDED_VALID,uM
CARBO_A,CarboA-P008,16.0,3,0.249756,0.750244,INCLUDED_VALID,uM
CARBO_A,CarboA-P008,320.0,3,0.995515,0.004485,INCLUDED_VALID,uM
CARBO_A,CarboA-P009,0.0,1,-0.0376460000000001,1.037646,INCLUDED_VALID,uM
CARBO_A,CarboA-P009,80.0,1,0.999394,0.000606,INCLUDED_VALID,uM
CARBO_A,CarboA-P009,16.0,1,0.981682,0.018318,INCLUDED_VALID,uM
CARBO_A,CarboA-P009,3.2,1,0.821881,0.178119,INCLUDED_VALID,uM
CARBO_A,CarboA-P009,320.0,1,0.999092,0.000908,INCLUDED_VALID,uM
CARBO_A,CarboA-P009,0.0,2,0.0378810000000001,0.962119,INCLUDED_VALID,uM
CARBO_A,CarboA-P009,80.0,2,0.999209,0.000791,INCLUDED_VALID,uM
CARBO_A,CarboA-P009,16.0,2,0.985231,0.014769,INCLUDED_VALID,uM
CARBO_A,CarboA-P009,3.2,2,0.850477,0.149523,INCLUDED_VALID,uM
CARBO_A,CarboA-P009,320.0,2,0.998637,0.001363,INCLUDED_VALID,uM
CARBO_A,CarboA-P009,0.0,3,-0.000234999999999985,1.000235,INCLUDED_VALID,uM
CARBO_A,CarboA-P010,40.0,1,0.956678,0.043322,INCLUDED_VALID,uM
CARBO_A,CarboA-P010,0.0,1,0.082115,0.917885,INCLUDED_VALID,uM
CARBO_A,CarboA-P010,200.0,1,0.92622,0.07378,INCLUDED_VALID,uM
CARBO_A,CarboA-P010,8.0,1,0.241957,0.758043,INCLUDED_VALID,uM
CARBO_A,CarboA-P010,40.0,2,0.961423,0.038577,INCLUDED_VALID,uM
CARBO_A,CarboA-P010,0.0,2,-0.0502290000000001,1.050229,INCLUDED_VALID,uM
CARBO_A,CarboA-P010,200.0,2,0.936614,0.063386,INCLUDED_VALID,uM
CARBO_A,CarboA-P010,8.0,2,0.265967,0.734033,INCLUDED_VALID,uM
CARBO_A,CarboA-P010,40.0,3,0.92729,0.07271,INCLUDED_VALID,uM
CARBO_A,CarboA-P010,0.0,3,-0.031884,1.031884,INCLUDED_VALID,uM
CARBO_A,CarboA-P010,200.0,3,0.943603,0.056397,INCLUDED_VALID,uM
CARBO_A,CarboA-P010,8.0,3,0.304168,0.695832,INCLUDED_VALID,uM
CARBO_A,CarboA-P011,320.0,1,0.998564419018234,0.00143558098176598,INCLUDED_VALID,uM
CARBO_A,CarboA-P011,160.0,1,0.999035803818217,0.00096419618178312,INCLUDED_VALID,uM
CARBO_A,CarboA-P011,80.0,1,0.995157592509267,0.004842407490733,INCLUDED_VALID,uM
CARBO_A,CarboA-P011,40.0,1,0.855070600587088,0.144929399412912,INCLUDED_VALID,uM
CARBO_A,CarboA-P011,20.0,1,0.722590045210088,0.277409954789912,INCLUDED_VALID,uM
CARBO_A,CarboA-P011,10.0,1,0.615478562704892,0.384521437295108,INCLUDED_VALID,uM
CARBO_A,CarboA-P011,4.0,1,0.394249105440209,0.605750894559791,INCLUDED_VALID,uM
CARBO_A,CarboA-P011,320.0,2,0.997428810181912,0.00257118981808832,INCLUDED_VALID,uM
CARBO_A,CarboA-P011,160.0,2,0.998992950654582,0.00100704934541793,INCLUDED_VALID,uM
CARBO_A,CarboA-P011,80.0,2,0.98952240149129,0.0104775985087099,INCLUDED_VALID,uM
CARBO_A,CarboA-P011,40.0,2,0.777399241499004,0.222600758500996,INCLUDED_VALID,uM
CARBO_A,CarboA-P011,20.0,2,0.539799875725825,0.460200124274175,INCLUDED_VALID,uM
CARBO_A,CarboA-P011,10.0,2,0.524758415290009,0.475241584709991,INCLUDED_VALID,uM
CARBO_A,CarboA-P011,4.0,2,0.430095776820724,0.569904223179276,INCLUDED_VALID,uM
CARBO_A,CarboA-P011,40.0,3,0.818259733024791,0.181740266975209,INCLUDED_VALID,uM
CARBO_A,CarboA-P011,20.0,3,0.757129695099741,0.242870304900259,INCLUDED_VALID,uM
CARBO_A,CarboA-P011,10.0,3,0.978487711855328,0.0215122881446723,INCLUDED_VALID,uM
CARBO_A,CarboA-P011,4.0,3,0.442201795547556,0.557798204452444,INCLUDED_VALID,uM
CARBO_A,CarboA-P012,0.0,1,-0.0745828844955401,1.07458288449554,INCLUDED_VALID,uM
CARBO_A,CarboA-P012,2.0,1,0.322985863716663,0.677014136283337,INCLUDED_VALID,uM
CARBO_A,CarboA-P012,4.0,1,0.473283899273269,0.526716100726731,INCLUDED_VALID,uM
CARBO_A,CarboA-P012,8.0,1,0.838421600154285,0.161578399845715,INCLUDED_VALID,uM
CARBO_A,CarboA-P012,16.0,1,0.922832053385862,0.0771679466141378,INCLUDED_VALID,uM
CARBO_A,CarboA-P012,40.0,1,0.986091823575359,0.0139081764246411,INCLUDED_VALID,uM
CARBO_A,CarboA-P012,80.0,1,0.995641677433753,0.00435832256624698,INCLUDED_VALID,uM
CARBO_A,CarboA-P012,160.0,1,0.993206144234968,0.00679385576503206,INCLUDED_VALID,uM
CARBO_A,CarboA-P012,0.0,2,-0.12463950102847,1.12463950102847,INCLUDED_VALID,uM
CARBO_A,CarboA-P012,2.0,2,0.371888806629111,0.628111193370889,INCLUDED_VALID,uM
CARBO_A,CarboA-P012,4.0,2,0.504945830857475,0.495054169142525,INCLUDED_VALID,uM
CARBO_A,CarboA-P012,8.0,2,0.822911099256759,0.177088900743241,INCLUDED_VALID,uM
CARBO_A,CarboA-P012,16.0,2,0.905591042057621,0.0944089579423795,INCLUDED_VALID,uM
CARBO_A,CarboA-P012,40.0,2,0.992116563593406,0.00788343640659381,INCLUDED_VALID,uM
CARBO_A,CarboA-P012,80.0,2,0.993975259981953,0.0060247400180473,INCLUDED_VALID,uM
CARBO_A,CarboA-P012,160.0,2,0.993142051256053,0.00685794874394746,INCLUDED_VALID,uM
CARBO_A,CarboA-P012,0.0,3,0.02854271857933,0.97145728142067,INCLUDED_VALID,uM
CARBO_A,CarboA-P012,2.0,3,0.249727588816365,0.750272411183635,INCLUDED_VALID,uM
CARBO_A,CarboA-P012,4.0,3,0.433802624261384,0.566197375738616,INCLUDED_VALID,uM
CARBO_A,CarboA-P012,8.0,3,0.804003670476717,0.195996329523283,INCLUDED_VALID,uM
CARBO_A,CarboA-P012,16.0,3,0.918601916777446,0.081398083222554,INCLUDED_VALID,uM
CARBO_A,CarboA-P013,0.0,1,-0.0892515475520601,1.08925154755206,INCLUDED_VALID,uM
CARBO_A,CarboA-P013,2.0,1,0.602250984805852,0.397749015194148,INCLUDED_VALID,uM
CARBO_A,CarboA-P013,4.0,1,0.502307259425998,0.497692740574002,INCLUDED_VALID,uM
CARBO_A,CarboA-P013,8.0,1,0.320652785593696,0.679347214406304,INCLUDED_VALID,uM
CARBO_A,CarboA-P013,16.0,1,0.525267304445694,0.474732695554306,INCLUDED_VALID,uM
CARBO_A,CarboA-P013,40.0,1,0.833202025886325,0.166797974113675,INCLUDED_VALID,uM
CARBO_A,CarboA-P013,80.0,1,0.799433423216622,0.200566576783378,INCLUDED_VALID,uM
CARBO_A,CarboA-P013,160.0,1,0.942599886158692,0.0574001138413081,INCLUDED_VALID,uM
CARBO_A,CarboA-P013,0.0,2,0.2274620146314,0.7725379853686,INCLUDED_VALID,uM
CARBO_A,CarboA-P013,2.0,2,0.434777715250421,0.565222284749579,INCLUDED_VALID,uM
CARBO_A,CarboA-P013,4.0,2,0.540123804164321,0.459876195835679,INCLUDED_VALID,uM
CARBO_A,CarboA-P013,8.0,2,0.199774901519413,0.800225098480587,INCLUDED_VALID,uM
CARBO_A,CarboA-P013,16.0,2,0.802813731007315,0.197186268992685,INCLUDED_VALID,uM
CARBO_A,CarboA-P013,40.0,2,0.831176139561058,0.168823860438942,INCLUDED_VALID,uM
CARBO_A,CarboA-P013,80.0,2,0.886458920939579,0.113541079060421,INCLUDED_VALID,uM
CARBO_A,CarboA-P013,160.0,2,0.950703431642171,0.0492965683578293,INCLUDED_VALID,uM
CARBO_A,CarboA-P013,0.0,3,-0.64501969611705,1.64501969611705,INCLUDED_VALID,uM
CARBO_A,CarboA-P013,2.0,3,0.525267304445694,0.474732695554306,INCLUDED_VALID,uM
CARBO_A,CarboA-P013,4.0,3,0.251097355092851,0.748902644907149,INCLUDED_VALID,uM
CARBO_A,CarboA-P013,8.0,3,-0.19729881823298,1.19729881823298,INCLUDED_VALID,uM
CARBO_A,CarboA-P013,16.0,3,0.613055711873944,0.386944288126056,INCLUDED_VALID,uM
CARBO_A,CarboA-P014,0.0,1,-0.11814577671138,1.11814577671138,INCLUDED_VALID,uM
CARBO_A,CarboA-P014,2.0,1,0.273948473497311,0.726051526502689,INCLUDED_VALID,uM
CARBO_A,CarboA-P014,4.0,1,0.538702931409916,0.461297068590084,INCLUDED_VALID,uM
CARBO_A,CarboA-P014,8.0,1,0.624587097420243,0.375412902579757,INCLUDED_VALID,uM
CARBO_A,CarboA-P014,16.0,1,0.803127065607096,0.196872934392904,INCLUDED_VALID,uM
CARBO_A,CarboA-P014,0.0,2,0.088141383571122,0.911858616428878,INCLUDED_VALID,uM
CARBO_A,CarboA-P014,2.0,2,0.557531383189103,0.442468616810897,INCLUDED_VALID,uM
CARBO_A,CarboA-P014,4.0,2,0.631358733586442,0.368641266413558,INCLUDED_VALID,uM
CARBO_A,CarboA-P014,8.0,2,0.626403877855077,0.373596122144923,INCLUDED_VALID,uM
CARBO_A,CarboA-P014,16.0,2,0.794703810863776,0.205296189136224,INCLUDED_VALID,uM
CARBO_A,CarboA-P014,0.0,3,0.030004409656439,0.969995590343561,INCLUDED_VALID,uM
CARBO_A,CarboA-P014,2.0,3,0.54134552113331,0.45865447886669,INCLUDED_VALID,uM
CARBO_A,CarboA-P014,4.0,3,0.478749177060399,0.521250822939601,INCLUDED_VALID,uM
CARBO_A,CarboA-P014,8.0,3,0.547786833584085,0.452213166415915,INCLUDED_VALID,uM
CARBO_A,CarboA-P014,16.0,3,0.709480292284297,0.290519707715703,INCLUDED_VALID,uM
CDDP_A,CDDPA-P001,200.0,1,0.98951,0.01049,INCLUDED_VALID,uM
CDDP_A,CDDPA-P001,100.0,1,0.971445,0.028555,INCLUDED_VALID,uM
CDDP_A,CDDPA-P001,50.0,1,0.980443,0.019557,INCLUDED_VALID,uM
CDDP_A,CDDPA-P001,25.0,1,0.980878,0.019122,INCLUDED_VALID,uM
CDDP_A,CDDPA-P001,10.0,1,0.978085,0.021915,INCLUDED_VALID,uM
CDDP_A,CDDPA-P001,2.0,1,0.572261,0.427739,INCLUDED_VALID,uM
CDDP_A,CDDPA-P001,1.0,1,0.408508,0.591492,INCLUDED_VALID,uM
CDDP_A,CDDPA-P001,0.0,1,0.035548000000000024,0.964452,INCLUDED_VALID,uM
CDDP_A,CDDPA-P001,50.0,2,0.98584,0.01416,INCLUDED_VALID,uM
CDDP_A,CDDPA-P001,25.0,2,0.973924,0.026076,INCLUDED_VALID,uM
CDDP_A,CDDPA-P001,10.0,2,0.980782,0.019218,INCLUDED_VALID,uM
CDDP_A,CDDPA-P001,2.0,2,0.594406,0.405594,INCLUDED_VALID,uM
CDDP_A,CDDPA-P001,0.0,2,-0.038461999999999996,1.038462,INCLUDED_VALID,uM
CDDP_A,CDDPA-P001,0.0,3,0.09615399999999996,0.903846,INCLUDED_VALID,uM
CDDP_A,CDDPA-P002,200.0,1,0.896586,0.103414,INCLUDED_VALID,uM
CDDP_A,CDDPA-P002,100.0,1,0.634538,0.365462,INCLUDED_VALID,uM
CDDP_A,CDDPA-P002,50.0,1,0.6385540000000001,0.361446,INCLUDED_VALID,uM
CDDP_A,CDDPA-P002,25.0,1,0.900602,0.099398,INCLUDED_VALID,uM
CDDP_A,CDDPA-P002,10.0,1,0.870482,0.129518,INCLUDED_VALID,uM
CDDP_A,CDDPA-P002,2.0,1,0.348394,0.651606,INCLUDED_VALID,uM
CDDP_A,CDDPA-P002,1.0,1,0.15261000000000002,0.84739,INCLUDED_VALID,uM
CDDP_A,CDDPA-P002,25.0,2,0.782129,0.217871,INCLUDED_VALID,uM
CDDP_A,CDDPA-P002,10.0,2,0.820281,0.179719,INCLUDED_VALID,uM
CDDP_A,CDDPA-P002,2.0,2,0.434739,0.565261,INCLUDED_VALID,uM
CDDP_A,CDDPA-P002,1.0,2,0.29919700000000005,0.700803,INCLUDED_VALID,uM
CDDP_A,CDDPA-P003,200.0,1,0.991983,0.008017,INCLUDED_VALID,uM
CDDP_A,CDDPA-P003,100.0,1,0.992827,0.007173,INCLUDED_VALID,uM
CDDP_A,CDDPA-P003,50.0,1,0.979747,0.020253,INCLUDED_VALID,uM
CDDP_A,CDDPA-P003,25.0,1,0.675527,0.324473,INCLUDED_VALID,uM
CDDP_A,CDDPA-P003,10.0,1,0.010970000000000035,0.98903,INCLUDED_VALID,uM
CDDP_A,CDDPA-P003,2.0,1,-0.02742599999999995,1.027426,INCLUDED_VALID,uM
CDDP_A,CDDPA-P003,1.0,1,0.0,1.0,INCLUDED_VALID,uM
CDDP_A,CDDPA-P003,0.0,1,-0.1282700000000001,1.12827,INCLUDED_VALID,uM
CDDP_A,CDDPA-P003,200.0,2,0.988608,0.011392,INCLUDED_VALID,uM
CDDP_A,CDDPA-P003,100.0,2,0.992405,0.007595,INCLUDED_VALID,uM
CDDP_A,CDDPA-P003,50.0,2,0.982278,0.017722,INCLUDED_VALID,uM
CDDP_A,CDDPA-P003,25.0,2,0.646835,0.353165,INCLUDED_VALID,uM
CDDP_A,CDDPA-P003,10.0,2,-0.057806000000000024,1.057806,INCLUDED_VALID,uM
CDDP_A,CDDPA-P003,2.0,2,-0.08016899999999993,1.080169,INCLUDED_VALID,uM
CDDP_A,CDDPA-P003,1.0,2,0.009283000000000041,0.990717,INCLUDED_VALID,uM
CDDP_A,CDDPA-P003,0.0,2,0.12658199999999997,0.873418,INCLUDED_VALID,uM
CDDP_A,CDDPA-P003,25.0,3,0.7173,0.2827,INCLUDED_VALID,uM
CDDP_A,CDDPA-P003,10.0,3,-0.24725700000000006,1.247257,INCLUDED_VALID,uM
CDDP_A,CDDPA-P003,2.0,3,-0.17172999999999994,1.17173,INCLUDED_VALID,uM
CDDP_A,CDDPA-P003,1.0,3,0.021518999999999955,0.978481,INCLUDED_VALID,uM
CDDP_A,CDDPA-P003,0.0,3,0.07721500000000003,0.922785,INCLUDED_VALID,uM
CDDP_A,CDDPA-P004,200.0,1,0.990314,0.009686,INCLUDED_VALID,uM
CDDP_A,CDDPA-P004,100.0,1,0.989622,0.010378,INCLUDED_VALID,uM
CDDP_A,CDDPA-P004,50.0,1,0.99239,0.00761,INCLUDED_VALID,uM
CDDP_A,CDDPA-P004,25.0,1,0.99207,0.00793,INCLUDED_VALID,uM
CDDP_A,CDDPA-P004,10.0,1,0.996718,0.003282,INCLUDED_VALID,uM
CDDP_A,CDDPA-P004,2.0,1,0.538536,0.461464,INCLUDED_VALID,uM
CDDP_A,CDDPA-P004,1.0,1,0.5253909999999999,0.474609,INCLUDED_VALID,uM
CDDP_A,CDDPA-P004,0.0,1,-0.047592999999999996,1.047593,INCLUDED_VALID,uM
CDDP_A,CDDPA-P004,200.0,2,0.995157,0.004843,INCLUDED_VALID,uM
CDDP_A,CDDPA-P004,100.0,2,0.98893,0.01107,INCLUDED_VALID,uM
CDDP_A,CDDPA-P004,50.0,2,0.986163,0.013837,INCLUDED_VALID,uM
CDDP_A,CDDPA-P004,25.0,2,0.996696,0.003304,INCLUDED_VALID,uM
CDDP_A,CDDPA-P004,10.0,2,0.983589,0.016411,INCLUDED_VALID,uM
CDDP_A,CDDPA-P004,2.0,2,0.524699,0.475301,INCLUDED_VALID,uM
CDDP_A,CDDPA-P004,1.0,2,0.391864,0.608136,INCLUDED_VALID,uM
CDDP_A,CDDPA-P004,0.0,2,0.047592999999999996,0.952407,INCLUDED_VALID,uM
CDDP_A,CDDPA-P004,25.0,3,0.996035,0.003965,INCLUDED_VALID,uM
CDDP_A,CDDPA-P004,10.0,3,0.9907,0.0093,INCLUDED_VALID,uM
CDDP_A,CDDPA-P005,200.0,1,0.990346,0.009654,INCLUDED_VALID,uM
CDDP_A,CDDPA-P005,100.0,1,0.985921,0.014079,INCLUDED_VALID,uM
CDDP_A,CDDPA-P005,50.0,1,0.995173,0.004827,INCLUDED_VALID,uM
CDDP_A,CDDPA-P005,25.0,1,0.994368,0.005632,INCLUDED_VALID,uM
CDDP_A,CDDPA-P005,10.0,1,0.848351,0.151649,INCLUDED_VALID,uM
CDDP_A,CDDPA-P005,1.0,1,0.23451299999999997,0.765487,INCLUDED_VALID,uM
CDDP_A,CDDPA-P005,50.0,2,0.995173,0.004827,INCLUDED_VALID,uM
CDDP_A,CDDPA-P005,10.0,2,0.802896,0.197104,INCLUDED_VALID,uM
CDDP_A,CDDPA-P005,2.0,2,0.40868899999999997,0.591311,INCLUDED_VALID,uM
CDDP_A,CDDPA-P005,1.0,2,0.303701,0.696299,INCLUDED_VALID,uM
CDDP_A,CDDPA-P005,25.0,3,0.988737,0.011263,INCLUDED_VALID,uM
CDDP_A,CDDPA-P005,2.0,3,0.35639600000000005,0.643604,INCLUDED_VALID,uM
CDDP_A,CDDPA-P006,200.0,1,0.998223,0.001777,INCLUDED_VALID,uM
CDDP_A,CDDPA-P006,100.0,1,0.998898,0.001102,INCLUDED_VALID,uM
CDDP_A,CDDPA-P006,50.0,1,0.998246,0.001754,INCLUDED_VALID,uM
CDDP_A,CDDPA-P006,25.0,1,0.978092,0.021908,INCLUDED_VALID,uM
CDDP_A,CDDPA-P006,10.0,1,0.938775,0.061225,INCLUDED_VALID,uM
CDDP_A,CDDPA-P006,5.0,1,0.741177,0.258823,INCLUDED_VALID,uM
CDDP_A,CDDPA-P006,2.0,1,0.546976,0.453024,INCLUDED_VALID,uM
CDDP_A,CDDPA-P006,200.0,2,0.999145,0.000855,INCLUDED_VALID,uM
CDDP_A,CDDPA-P006,100.0,2,0.998763,0.001237,INCLUDED_VALID,uM
CDDP_A,CDDPA-P006,50.0,2,0.998223,0.001777,INCLUDED_VALID,uM
CDDP_A,CDDPA-P006,25.0,2,0.983963,0.016037,INCLUDED_VALID,uM
CDDP_A,CDDPA-P006,10.0,2,0.951573,0.048427,INCLUDED_VALID,uM
CDDP_A,CDDPA-P006,5.0,2,0.677568,0.322432,INCLUDED_VALID,uM
CDDP_A,CDDPA-P006,2.0,2,0.568006,0.431994,INCLUDED_VALID,uM
CDDP_A,CDDPA-P006,25.0,3,0.96941,0.03059,INCLUDED_VALID,uM
CDDP_A,CDDPA-P006,10.0,3,0.928721,0.071279,INCLUDED_VALID,uM
CDDP_A,CDDPA-P006,5.0,3,0.6326499999999999,0.36735,INCLUDED_VALID,uM
CDDP_A,CDDPA-P006,2.0,3,0.44326200000000004,0.556738,INCLUDED_VALID,uM
CDDP_A,CDDPA-P007,200.0,1,0.9942316318976143,0.00576836810238571,INCLUDED_VALID,uM
CDDP_A,CDDPA-P007,100.0,1,0.9949366546656836,0.00506334533431635,INCLUDED_VALID,uM
CDDP_A,CDDPA-P007,50.0,1,0.9551349147592222,0.0448650852407778,INCLUDED_VALID,uM
CDDP_A,CDDPA-P007,25.0,1,0.79086460979906,0.20913539020094,INCLUDED_VALID,uM
CDDP_A,CDDPA-P007,10.0,1,0.617172636938335,0.382827363061665,INCLUDED_VALID,uM
CDDP_A,CDDPA-P007,5.0,1,0.5816010336402899,0.41839896635971,INCLUDED_VALID,uM
CDDP_A,CDDPA-P007,2.0,1,0.45617107390285805,0.543828926097142,INCLUDED_VALID,uM
CDDP_A,CDDPA-P007,0.0,1,-0.07458288449554007,1.07458288449554,INCLUDED_VALID,uM
CDDP_A,CDDPA-P007,200.0,2,0.9951930265813452,0.00480697341865476,INCLUDED_VALID,uM
CDDP_A,CDDPA-P007,100.0,2,0.9945520967921913,0.00544790320780873,INCLUDED_VALID,uM
CDDP_A,CDDPA-P007,50.0,2,0.9584677496628229,0.0415322503371771,INCLUDED_VALID,uM
CDDP_A,CDDPA-P007,25.0,2,0.748563243714898,0.251436756285102,INCLUDED_VALID,uM
CDDP_A,CDDPA-P007,10.0,2,0.514816149610446,0.485183850389554,INCLUDED_VALID,uM
CDDP_A,CDDPA-P007,5.0,2,0.46258037179439804,0.537419628205602,INCLUDED_VALID,uM
CDDP_A,CDDPA-P007,2.0,2,0.315294706246816,0.684705293753184,INCLUDED_VALID,uM
CDDP_A,CDDPA-P007,0.0,2,0.028542718579329995,0.97145728142067,INCLUDED_VALID,uM
CDDP_A,CDDPA-P007,25.0,3,0.7452945017902131,0.254705498209787,INCLUDED_VALID,uM
CDDP_A,CDDPA-P007,10.0,3,0.6123015705407651,0.387698429459235,INCLUDED_VALID,uM
CDDP_A,CDDPA-P007,5.0,3,0.46014483859561295,0.539855161404387,INCLUDED_VALID,uM
CDDP_A,CDDPA-P007,2.0,3,0.429508394674053,0.570491605325947,INCLUDED_VALID,uM
CDDP_A,CDDPA-P007,0.0,3,0.0019441323294410173,0.998055867670559,INCLUDED_VALID,uM
CDDP_A,CDDPA-P008,200.0,1,0.9628587498673888,0.0371412501326111,INCLUDED_VALID,uM
CDDP_A,CDDPA-P008,100.0,1,0.9619263447462061,0.0380736552537939,INCLUDED_VALID,uM
CDDP_A,CDDPA-P008,50.0,1,0.641418120427686,0.358581879572314,INCLUDED_VALID,uM
CDDP_A,CDDPA-P008,25.0,1,0.141024198086661,0.858975801913339,INCLUDED_VALID,uM
CDDP_A,CDDPA-P008,10.0,1,0.26460326392796696,0.735396736072033,INCLUDED_VALID,uM
CDDP_A,CDDPA-P008,5.0,1,0.097129994372536,0.902870005627464,INCLUDED_VALID,uM
CDDP_A,CDDPA-P008,2.0,1,0.409791783905457,0.590208216094543,INCLUDED_VALID,uM
CDDP_A,CDDPA-P008,0.0,1,-0.0892515475520601,1.08925154755206,INCLUDED_VALID,uM
CDDP_A,CDDPA-P008,200.0,2,0.9628587498673888,0.0371412501326111,INCLUDED_VALID,uM
CDDP_A,CDDPA-P008,100.0,2,0.9476487240260334,0.0523512759739666,INCLUDED_VALID,uM
CDDP_A,CDDPA-P008,50.0,2,0.8237478897017441,0.176252110298256,INCLUDED_VALID,uM
CDDP_A,CDDPA-P008,25.0,2,0.331457512661788,0.668542487338212,INCLUDED_VALID,uM
CDDP_A,CDDPA-P008,10.0,2,0.34496342149690296,0.655036578503097,INCLUDED_VALID,uM
CDDP_A,CDDPA-P008,5.0,2,0.455036578503094,0.544963421496906,INCLUDED_VALID,uM
CDDP_A,CDDPA-P008,2.0,2,0.45301069217782697,0.546989307822173,INCLUDED_VALID,uM
CDDP_A,CDDPA-P008,0.0,2,0.10388294879009397,0.896117051209906,INCLUDED_VALID,uM
CDDP_A,CDDPA-P008,25.0,3,0.22948790095666705,0.770512099043333,INCLUDED_VALID,uM
CDDP_A,CDDPA-P008,10.0,3,0.371299943725378,0.628700056274622,INCLUDED_VALID,uM
CDDP_A,CDDPA-P008,5.0,3,0.255824423185142,0.744175576814858,INCLUDED_VALID,uM
CDDP_A,CDDPA-P008,2.0,3,0.519189645469892,0.480810354530108,INCLUDED_VALID,uM
CDDP_A,CDDPA-P008,0.0,3,-0.2060776589758,1.2060776589758,INCLUDED_VALID,uM
CDDP_A,CDDPA-P009,100.0,1,0.9843096235173441,0.0156903764826559,INCLUDED_VALID,uM
CDDP_A,CDDPA-P009,50.0,1,0.9844747853750562,0.0155252146249438,INCLUDED_VALID,uM
CDDP_A,CDDPA-P009,25.0,1,0.9786941203551304,0.0213058796448696,INCLUDED_VALID,uM
CDDP_A,CDDPA-P009,10.0,1,0.965481171738157,0.034518828261843,INCLUDED_VALID,uM
CDDP_A,CDDPA-P009,2.0,1,0.575699187537441,0.424300812462559,INCLUDED_VALID,uM
CDDP_A,CDDPA-P009,1.0,1,0.388735964607267,0.611264035392733,INCLUDED_VALID,uM
CDDP_A,CDDPA-P009,100.0,2,0.9848051090904806,0.0151948909095194,INCLUDED_VALID,uM
CDDP_A,CDDPA-P009,50.0,2,0.979354767785979,0.020645232214021,INCLUDED_VALID,uM
CDDP_A,CDDPA-P009,25.0,2,0.9821625193670859,0.0178374806329141,INCLUDED_VALID,uM
CDDP_A,CDDPA-P009,10.0,2,0.9626734201570502,0.0373265798429499,INCLUDED_VALID,uM
CDDP_A,CDDPA-P009,2.0,2,0.749284299992929,0.250715700007071,INCLUDED_VALID,uM
CDDP_A,CDDPA-P009,1.0,2,0.649691699792492,0.350308300207508,INCLUDED_VALID,uM
CDDP_A,CDDPA-P009,10.0,3,0.9492953096823645,0.0507046903176355,INCLUDED_VALID,uM
CDDP_A,CDDPA-P009,2.0,3,0.7359061895182439,0.264093810481756,INCLUDED_VALID,uM
CDDP_A,CDDPA-P009,1.0,3,0.699240257106143,0.300759742893857,INCLUDED_VALID,uM
CDDP_A,CDDPA-P010,250.0,1,0.983249,0.016751,INCLUDED_VALID,uM
CDDP_A,CDDPA-P010,50.0,1,0.42120500000000005,0.578795,INCLUDED_VALID,uM
CDDP_A,CDDPA-P010,10.0,1,0.057972000000000024,0.942028,INCLUDED_VALID,uM
CDDP_A,CDDPA-P010,2.0,1,-0.282705,1.282705,INCLUDED_VALID,uM
CDDP_A,CDDPA-P010,0.0,1,-0.025176000000000087,1.025176,INCLUDED_VALID,uM
CDDP_A,CDDPA-P010,250.0,2,0.978403,0.021597,INCLUDED_VALID,uM
CDDP_A,CDDPA-P010,50.0,2,0.390451,0.609549,INCLUDED_VALID,uM
CDDP_A,CDDPA-P010,10.0,2,0.25809400000000005,0.741906,INCLUDED_VALID,uM
CDDP_A,CDDPA-P010,2.0,2,-0.12834199999999996,1.128342,INCLUDED_VALID,uM
CDDP_A,CDDPA-P010,0.0,2,0.057836,0.942164,INCLUDED_VALID,uM
CDDP_A,CDDPA-P010,0.0,3,-0.02880499999999997,1.028805,INCLUDED_VALID,uM
CDDP_A,CDDPA-P011,250.0,1,0.996341,0.003659,INCLUDED_VALID,uM
CDDP_A,CDDPA-P011,50.0,1,0.90166,0.09834,INCLUDED_VALID,uM
CDDP_A,CDDPA-P011,10.0,1,0.65604,0.34396,INCLUDED_VALID,uM
CDDP_A,CDDPA-P011,2.0,1,0.23935399999999996,0.760646,INCLUDED_VALID,uM
CDDP_A,CDDPA-P011,0.0,1,0.017677000000000054,0.982323,INCLUDED_VALID,uM
CDDP_A,CDDPA-P011,250.0,2,0.993139,0.006861,INCLUDED_VALID,uM
CDDP_A,CDDPA-P011,50.0,2,0.640946,0.359054,INCLUDED_VALID,uM
CDDP_A,CDDPA-P011,10.0,2,0.5453509999999999,0.454649,INCLUDED_VALID,uM
CDDP_A,CDDPA-P011,2.0,2,0.27640299999999995,0.723597,INCLUDED_VALID,uM
CDDP_A,CDDPA-P012,250.0,1,0.998453,0.001547,INCLUDED_VALID,uM
CDDP_A,CDDPA-P012,50.0,1,0.990791,0.009209,INCLUDED_VALID,uM
CDDP_A,CDDPA-P012,10.0,1,0.481036,0.518964,INCLUDED_VALID,uM
CDDP_A,CDDPA-P012,2.0,1,0.435974,0.564026,INCLUDED_VALID,uM
CDDP_A,CDDPA-P012,0.0,1,0.05223599999999995,0.947764,INCLUDED_VALID,uM
CDDP_A,CDDPA-P012,250.0,2,0.99732,0.00268,INCLUDED_VALID,uM
CDDP_A,CDDPA-P012,50.0,2,0.9853190000000001,0.014681,INCLUDED_VALID,uM
CDDP_A,CDDPA-P012,10.0,2,0.38393,0.61607,INCLUDED_VALID,uM
CDDP_A,CDDPA-P012,2.0,2,0.512813,0.487187,INCLUDED_VALID,uM
CDDP_A,CDDPA-P012,0.0,2,-0.014669000000000043,1.014669,INCLUDED_VALID,uM
CDDP_A,CDDPA-P012,0.0,3,-0.037566999999999906,1.037567,INCLUDED_VALID,uM
CDDP_A,CDDPA-P013,200.0,1,0.996879,0.003121,INCLUDED_VALID,uM
CDDP_A,CDDPA-P013,100.0,1,0.998643,0.001357,INCLUDED_VALID,uM
CDDP_A,CDDPA-P013,40.0,1,0.959335,0.040665,INCLUDED_VALID,uM
CDDP_A,CDDPA-P013,8.0,1,0.763336,0.236664,INCLUDED_VALID,uM
CDDP_A,CDDPA-P013,0.0,1,-0.012378999999999918,1.012379,INCLUDED_VALID,uM
CDDP_A,CDDPA-P013,200.0,2,0.997015,0.002985,INCLUDED_VALID,uM
CDDP_A,CDDPA-P013,100.0,2,0.999095,0.000905,INCLUDED_VALID,uM
CDDP_A,CDDPA-P013,40.0,2,0.957299,0.042701,INCLUDED_VALID,uM
CDDP_A,CDDPA-P013,8.0,2,0.857423,0.142577,INCLUDED_VALID,uM
CDDP_A,CDDPA-P013,0.0,2,0.04176599999999997,0.958234,INCLUDED_VALID,uM
CDDP_A,CDDPA-P013,200.0,3,0.997015,0.002985,INCLUDED_VALID,uM
CDDP_A,CDDPA-P013,100.0,3,0.999276,0.000724,INCLUDED_VALID,uM
CDDP_A,CDDPA-P013,40.0,3,0.961461,0.038539,INCLUDED_VALID,uM
CDDP_A,CDDPA-P013,8.0,3,0.818024,0.181976,INCLUDED_VALID,uM
CDDP_A,CDDPA-P013,0.0,3,-0.029387000000000052,1.029387,INCLUDED_VALID,uM
CDDP_A,CDDPA-P014,200.0,1,0.993488,0.006512,INCLUDED_VALID,uM
CDDP_A,CDDPA-P014,40.0,1,0.745897,0.254103,INCLUDED_VALID,uM
CDDP_A,CDDPA-P014,8.0,1,0.38826499999999997,0.611735,INCLUDED_VALID,uM
CDDP_A,CDDPA-P014,1.6,1,0.40261800000000003,0.597382,INCLUDED_VALID,uM
CDDP_A,CDDPA-P014,0.0,1,0.01893800000000001,0.981062,INCLUDED_VALID,uM
CDDP_A,CDDPA-P014,200.0,2,0.995614,0.004386,INCLUDED_VALID,uM
CDDP_A,CDDPA-P014,40.0,2,0.703236,0.296764,INCLUDED_VALID,uM
CDDP_A,CDDPA-P014,8.0,2,0.388664,0.611336,INCLUDED_VALID,uM
CDDP_A,CDDPA-P014,1.6,2,0.375772,0.624228,INCLUDED_VALID,uM
CDDP_A,CDDPA-P014,0.0,2,-0.0189379999999999,1.018938,INCLUDED_VALID,uM
CDDP_A,CDDPA-P014,200.0,3,0.99402,0.00598,INCLUDED_VALID,uM
CDDP_A,CDDPA-P014,40.0,3,0.644495,0.355505,INCLUDED_VALID,uM
CDDP_A,CDDPA-P014,8.0,3,0.5557179999999999,0.444282,INCLUDED_VALID,uM
CDDP_A,CDDPA-P014,1.6,3,0.548276,0.451724,INCLUDED_VALID,uM
CDDP_A,CDDPA-P015,200.0,1,0.998217,0.001783,INCLUDED_VALID,uM
CDDP_A,CDDPA-P015,40.0,1,0.993642,0.006358,INCLUDED_VALID,uM
CDDP_A,CDDPA-P015,8.0,1,0.853707,0.146293,INCLUDED_VALID,uM
CDDP_A,CDDPA-P015,1.6,1,0.848442,0.151558,INCLUDED_VALID,uM
CDDP_A,CDDPA-P015,0.0,1,-0.03764600000000007,1.037646,INCLUDED_VALID,uM
CDDP_A,CDDPA-P015,200.0,2,0.998503,0.001497,INCLUDED_VALID,uM
CDDP_A,CDDPA-P015,40.0,2,0.991943,0.008057,INCLUDED_VALID,uM
CDDP_A,CDDPA-P015,8.0,2,0.838029,0.161971,INCLUDED_VALID,uM
CDDP_A,CDDPA-P015,1.6,2,0.868509,0.131491,INCLUDED_VALID,uM
CDDP_A,CDDPA-P015,0.0,2,0.037881000000000054,0.962119,INCLUDED_VALID,uM
CDDP_A,CDDPA-P015,0.0,3,-0.00023499999999998522,1.000235,INCLUDED_VALID,uM
CDDP_A,CDDPA-P016,200.0,1,0.999362,0.000638,INCLUDED_VALID,uM
CDDP_A,CDDPA-P016,40.0,1,0.99971,0.00029,INCLUDED_VALID,uM
CDDP_A,CDDPA-P016,8.0,1,0.961238,0.038762,INCLUDED_VALID,uM
CDDP_A,CDDPA-P016,1.6,1,0.852816,0.147184,INCLUDED_VALID,uM
CDDP_A,CDDPA-P016,200.0,2,0.999304,0.000696,INCLUDED_VALID,uM
CDDP_A,CDDPA-P016,40.0,2,0.999565,0.000435,INCLUDED_VALID,uM
CDDP_A,CDDPA-P016,8.0,2,0.955291,0.044709,INCLUDED_VALID,uM
CDDP_A,CDDPA-P016,1.6,2,0.854382,0.145618,INCLUDED_VALID,uM
CDDP_A,CDDPA-P016,200.0,3,0.998694,0.001306,INCLUDED_VALID,uM
CDDP_A,CDDPA-P016,40.0,3,0.999536,0.000464,INCLUDED_VALID,uM
CDDP_A,CDDPA-P016,8.0,3,0.958656,0.041344,INCLUDED_VALID,uM
CDDP_A,CDDPA-P016,1.6,3,0.907245,0.092755,INCLUDED_VALID,uM
CDDP_A,CDDPA-P017,200.0,1,0.621082,0.378918,INCLUDED_VALID,uM
CDDP_A,CDDPA-P017,40.0,1,0.453642,0.546358,INCLUDED_VALID,uM
CDDP_A,CDDPA-P017,8.0,1,0.166566,0.833434,INCLUDED_VALID,uM
CDDP_A,CDDPA-P017,1.6,1,-0.05217099999999997,1.052171,INCLUDED_VALID,uM
CDDP_A,CDDPA-P017,0.0,1,0.08211500000000005,0.917885,INCLUDED_VALID,uM
CDDP_A,CDDPA-P017,200.0,2,0.6244730000000001,0.375527,INCLUDED_VALID,uM
CDDP_A,CDDPA-P017,40.0,2,0.5241100000000001,0.47589,INCLUDED_VALID,uM
CDDP_A,CDDPA-P017,8.0,2,0.11505200000000004,0.884948,INCLUDED_VALID,uM
CDDP_A,CDDPA-P017,1.6,2,0.11792100000000005,0.882079,INCLUDED_VALID,uM
CDDP_A,CDDPA-P017,0.0,2,-0.05022900000000008,1.050229,INCLUDED_VALID,uM
CDDP_A,CDDPA-P017,200.0,3,0.643499,0.356501,INCLUDED_VALID,uM
CDDP_A,CDDPA-P017,40.0,3,0.543803,0.456197,INCLUDED_VALID,uM
CDDP_A,CDDPA-P017,8.0,3,0.08809900000000004,0.911901,INCLUDED_VALID,uM
CDDP_A,CDDPA-P017,1.6,3,0.01929700000000001,0.980703,INCLUDED_VALID,uM
CDDP_A,CDDPA-P017,0.0,3,-0.03188400000000002,1.031884,INCLUDED_VALID,uM
CDDP_A,CDDPA-P018,50.0,1,0.993079,0.006921,INCLUDED_VALID,uM
CDDP_A,CDDPA-P018,5.0,1,0.551882,0.448118,INCLUDED_VALID,uM
CDDP_A,CDDPA-P018,0.5,1,0.04433200000000004,0.955668,INCLUDED_VALID,uM
CDDP_A,CDDPA-P018,0.0,1,-0.10261100000000001,1.102611,INCLUDED_VALID,uM
CDDP_A,CDDPA-P018,50.0,2,0.937395,0.062605,INCLUDED_VALID,uM
CDDP_A,CDDPA-P018,5.0,2,0.468986,0.531014,INCLUDED_VALID,uM
CDDP_A,CDDPA-P018,0.5,2,0.478398,0.521602,INCLUDED_VALID,uM
CDDP_A,CDDPA-P018,0.0,2,-0.26109000000000004,1.26109,INCLUDED_VALID,uM
CDDP_A,CDDPA-P018,0.0,3,-0.161729,1.161729,INCLUDED_VALID,uM
