method_id,regimen,n_profiles,valid,invalid_reason,P_fit,LOO_fold_count,LOO_failure_count,tau1,tau2,group_n_L,group_n_I,group_n_H,S_BW,S_tau,S_match,I_SF,C_task,full_labels,D_transport,A_LOO,S_tau_conditional_valid_folds,M_left_conditional_valid_folds,M_ret_conditional_valid_folds,S_match_conditional_valid_folds,minimum_group_size
EMAX|IC50|TERTILES,5FU,22,False,NONFINITE_REQUIRED_PROFILE_SCORE,0.13167182636791161,22,0,,,,,,,,,,,,,,,,,,
EMAX|IC50|TERTILES,CARBO,24,True,,0.084619106849999182,24,0,-14.964316496893121,-6.293889385099531,8,8,8,0.88160628978564703,0.95797933419427572,0.97777777777777775,1,0.78039650172153996,Carbo-P001:H|Carbo-P002:L|Carbo-P003:I|Carbo-P004:I|Carbo-P005:I|Carbo-P006:H|Carbo-P007:H|Carbo-P008:H|Carbo-P009:L|Carbo-P010:H|Carbo-P011:I|Carbo-P012:I|Carbo-P013:L|Carbo-P014:L|Carbo-P015:H|Carbo-P016:L|Carbo-P017:L|Carbo-P018:L|Carbo-P019:H|Carbo-P020:H|Carbo-P021:L|Carbo-P022:I|Carbo-P023:I|Carbo-P024:I,,1,0.95797933419427594,1,0.95652173913043492,0.97777777777777775,
EMAX|IC50|TERTILES,CARBO_A,13,True,,0.22036109613263755,13,0,-13.441234731208835,-4.4308220237123779,4,4,5,0.53680232070412648,0.98669384436389185,0.92307692307692302,1,0.73338683685551576,CarboA-P001:L|CarboA-P002:I|CarboA-P003:H|CarboA-P004:L|CarboA-P005:H|CarboA-P006:L|CarboA-P007:H|CarboA-P008:L|CarboA-P009:H|CarboA-P010:I|CarboA-P011:I|CarboA-P012:H|CarboA-P013:I,,1,0.98669384436389274,0.92307692307692313,0.92307692307692291,0.92307692307692302,
EMAX|IC50|TERTILES,CDDP,18,True,,0.09639235660279119,18,0,-19.477927145371847,-6.0999982673331159,6,6,6,0.57497163232527271,0.94941062157246747,0.91428571428571426,1,0.70701206495724911,CDDP-P001:H|CDDP-P002:H|CDDP-P003:I|CDDP-P004:L|CDDP-P005:L|CDDP-P006:I|CDDP-P007:I|CDDP-P008:I|CDDP-P009:I|CDDP-P010:L|CDDP-P011:L|CDDP-P012:H|CDDP-P013:H|CDDP-P014:L|CDDP-P015:L|CDDP-P016:H|CDDP-P017:I|CDDP-P018:H,,1,0.94941062157246769,0.88888888888888884,0.94117647058823528,0.91428571428571426,
EMAX|IC50|TERTILES,CDDP_A,18,True,,0.11581500686234447,18,0,-6.7310848779418153,-1.9303241160265696,6,6,6,0.57571681400904162,0.97978595358102816,0.91428571428571426,1,0.71712069774762566,CDDPA-P001:H|CDDPA-P002:I|CDDPA-P003:L|CDDPA-P004:H|CDDPA-P005:I|CDDPA-P006:I|CDDPA-P007:I|CDDPA-P008:L|CDDPA-P009:H|CDDPA-P010:L|CDDPA-P011:L|CDDPA-P012:I|CDDPA-P013:H|CDDPA-P014:L|CDDPA-P015:H|CDDPA-P016:H|CDDPA-P017:L|CDDPA-P018:I,,1,0.97978595358102871,0.88888888888888884,0.94117647058823506,0.91428571428571415,
EMAX|IC50|TERTILES,ETO,18,False,NONFINITE_REQUIRED_PROFILE_SCORE,0.15259379459060601,18,0,,,,,,,,,,,,,,,,,,
EMAX|IC50|JENKS,5FU,22,False,NONFINITE_REQUIRED_PROFILE_SCORE,0.13167182636791161,22,0,,,,,,,,,,,,,,,,,,
EMAX|IC50|JENKS,CARBO,24,True,,0.084619106849999182,24,0,-19.056450713567344,-8.0899025860171854,6,6,12,0.90276576149253085,0.93263029714690715,0.82792207792207784,1,0.74958744868230298,Carbo-P001:H|Carbo-P002:I|Carbo-P003:H|Carbo-P004:I|Carbo-P005:H|Carbo-P006:H|Carbo-P007:H|Carbo-P008:H|Carbo-P009:L|Carbo-P010:H|Carbo-P011:I|Carbo-P012:I|Carbo-P013:L|Carbo-P014:I|Carbo-P015:H|Carbo-P016:L|Carbo-P017:L|Carbo-P018:L|Carbo-P019:H|Carbo-P020:H|Carbo-P021:L|Carbo-P022:H|Carbo-P023:I|Carbo-P024:H,,1,0.93263029714690726,0.75,0.92391304347826075,0.82792207792207784,
EMAX|IC50|JENKS,CARBO_A,13,True,,0.22036109613263755,13,0,-72.888221784611659,-23.164750733621268,1,2,10,0.9651159574056063,0.90949911950446694,0.98039215686274506,0,0.61507366598109114,CarboA-P001:I|CarboA-P002:H|CarboA-P003:H|CarboA-P004:L|CarboA-P005:H|CarboA-P006:I|CarboA-P007:H|CarboA-P008:H|CarboA-P009:H|CarboA-P010:H|CarboA-P011:H|CarboA-P012:H|CarboA-P013:H,,1,0.90949911950446694,1,0.96153846153846156,0.98039215686274506,
EMAX|IC50|JENKS,CDDP,18,True,,0.09639235660279119,18,0,-101.97173983628336,-31.595156718481164,1,4,13,0.95370783041426144,0.94776381907394236,0.99836333878887074,0,0.59924546897597319,CDDP-P001:H|CDDP-P002:H|CDDP-P003:H|CDDP-P004:I|CDDP-P005:I|CDDP-P006:H|CDDP-P007:H|CDDP-P008:H|CDDP-P009:H|CDDP-P010:H|CDDP-P011:I|CDDP-P012:H|CDDP-P013:H|CDDP-P014:L|CDDP-P015:I|CDDP-P016:H|CDDP-P017:H|CDDP-P018:H,,1,0.94776381907394236,1,0.99673202614379086,0.99836333878887074,
EMAX|IC50|JENKS,CDDP_A,18,True,,0.11581500686234447,18,0,-41.658164139262617,-17.067015524808113,2,2,14,0.96475590274924095,0.97954358322324653,1,1,0.81202289856696641,CDDPA-P001:H|CDDPA-P002:H|CDDPA-P003:I|CDDPA-P004:H|CDDPA-P005:H|CDDPA-P006:H|CDDPA-P007:H|CDDPA-P008:I|CDDPA-P009:H|CDDPA-P010:L|CDDPA-P011:H|CDDPA-P012:H|CDDPA-P013:H|CDDPA-P014:H|CDDPA-P015:H|CDDPA-P016:H|CDDPA-P017:L|CDDPA-P018:H,,1,0.97954358322324675,1,1,1,
EMAX|IC50|JENKS,ETO,18,False,NONFINITE_REQUIRED_PROFILE_SCORE,0.15259379459060601,18,0,,,,,,,,,,,,,,,,,,
EMAX|IC50|KMEANS,5FU,22,False,NONFINITE_REQUIRED_PROFILE_SCORE,0.13167182636791161,22,0,,,,,,,,,,,,,,,,,,
EMAX|IC50|KMEANS,CARBO,24,True,,0.084619106849999182,24,0,-19.056450713567344,-8.0899025860171854,6,6,12,0.90276576149253085,0.93263029714690715,0.82792207792207784,1,0.74958744868230298,Carbo-P001:H|Carbo-P002:I|Carbo-P003:H|Carbo-P004:I|Carbo-P005:H|Carbo-P006:H|Carbo-P007:H|Carbo-P008:H|Carbo-P009:L|Carbo-P010:H|Carbo-P011:I|Carbo-P012:I|Carbo-P013:L|Carbo-P014:I|Carbo-P015:H|Carbo-P016:L|Carbo-P017:L|Carbo-P018:L|Carbo-P019:H|Carbo-P020:H|Carbo-P021:L|Carbo-P022:H|Carbo-P023:I|Carbo-P024:H,,1,0.93263029714690726,0.75,0.92391304347826075,0.82792207792207784,
EMAX|IC50|KMEANS,CARBO_A,13,True,,0.22036109613263755,13,0,-72.888221784611659,-23.164750733621268,1,2,10,0.9651159574056063,0.90949911950446694,0.98039215686274506,0,0.61507366598109114,CarboA-P001:I|CarboA-P002:H|CarboA-P003:H|CarboA-P004:L|CarboA-P005:H|CarboA-P006:I|CarboA-P007:H|CarboA-P008:H|CarboA-P009:H|CarboA-P010:H|CarboA-P011:H|CarboA-P012:H|CarboA-P013:H,,1,0.90949911950446694,1,0.96153846153846156,0.98039215686274506,
EMAX|IC50|KMEANS,CDDP,18,True,,0.09639235660279119,18,0,-101.97173983628336,-31.595156718481164,1,4,13,0.95370783041426144,0.94776381907394236,0.99836333878887074,0,0.59924546897597319,CDDP-P001:H|CDDP-P002:H|CDDP-P003:H|CDDP-P004:I|CDDP-P005:I|CDDP-P006:H|CDDP-P007:H|CDDP-P008:H|CDDP-P009:H|CDDP-P010:H|CDDP-P011:I|CDDP-P012:H|CDDP-P013:H|CDDP-P014:L|CDDP-P015:I|CDDP-P016:H|CDDP-P017:H|CDDP-P018:H,,1,0.94776381907394236,1,0.99673202614379086,0.99836333878887074,
EMAX|IC50|KMEANS,CDDP_A,18,True,,0.11581500686234447,18,0,-41.658164139262617,-17.067015524808113,2,2,14,0.96475590274924095,0.97954358322324653,1,1,0.81202289856696641,CDDPA-P001:H|CDDPA-P002:H|CDDPA-P003:I|CDDPA-P004:H|CDDPA-P005:H|CDDPA-P006:H|CDDPA-P007:H|CDDPA-P008:I|CDDPA-P009:H|CDDPA-P010:L|CDDPA-P011:H|CDDPA-P012:H|CDDPA-P013:H|CDDPA-P014:H|CDDPA-P015:H|CDDPA-P016:H|CDDPA-P017:L|CDDPA-P018:H,,1,0.97954358322324675,1,1,1,
EMAX|IC50|KMEANS,ETO,18,False,NONFINITE_REQUIRED_PROFILE_SCORE,0.15259379459060601,18,0,,,,,,,,,,,,,,,,,,
EMAX|IC50|WARD,5FU,22,False,NONFINITE_REQUIRED_PROFILE_SCORE,0.13167182636791161,22,0,,,,,,,,,,,,,,,,,,
EMAX|IC50|WARD,CARBO,24,True,,0.084619106849999182,24,0,-21.795639998951984,-12.60178469325065,5,4,15,0.89544904329867303,0.93053270857906156,0.937037037037037,1,0.76952757915295411,Carbo-P001:H|Carbo-P002:I|Carbo-P003:H|Carbo-P004:H|Carbo-P005:H|Carbo-P006:H|Carbo-P007:H|Carbo-P008:H|Carbo-P009:L|Carbo-P010:H|Carbo-P011:H|Carbo-P012:H|Carbo-P013:L|Carbo-P014:I|Carbo-P015:H|Carbo-P016:L|Carbo-P017:L|Carbo-P018:I|Carbo-P019:H|Carbo-P020:H|Carbo-P021:L|Carbo-P022:H|Carbo-P023:I|Carbo-P024:H,,1,0.93053270857906156,0.91666666666666663,0.95833333333333337,0.937037037037037,
EMAX|IC50|WARD,CARBO_A,13,True,,0.22036109613263755,13,0,-72.888221784611659,-23.164750733621268,1,2,10,0.9651159574056063,0.90949911950446694,0.98039215686274506,0,0.61507366598109114,CarboA-P001:I|CarboA-P002:H|CarboA-P003:H|CarboA-P004:L|CarboA-P005:H|CarboA-P006:I|CarboA-P007:H|CarboA-P008:H|CarboA-P009:H|CarboA-P010:H|CarboA-P011:H|CarboA-P012:H|CarboA-P013:H,,1,0.90949911950446694,1,0.96153846153846156,0.98039215686274506,
EMAX|IC50|WARD,CDDP,18,True,,0.09639235660279119,18,0,-101.97173983628336,-31.595156718481164,1,4,13,0.95370783041426144,0.94776381907394236,0.99836333878887074,0,0.59924546897597319,CDDP-P001:H|CDDP-P002:H|CDDP-P003:H|CDDP-P004:I|CDDP-P005:I|CDDP-P006:H|CDDP-P007:H|CDDP-P008:H|CDDP-P009:H|CDDP-P010:H|CDDP-P011:I|CDDP-P012:H|CDDP-P013:H|CDDP-P014:L|CDDP-P015:I|CDDP-P016:H|CDDP-P017:H|CDDP-P018:H,,1,0.94776381907394236,1,0.99673202614379086,0.99836333878887074,
EMAX|IC50|WARD,CDDP_A,18,True,,0.11581500686234447,18,0,-41.658164139262617,-17.067015524808113,2,2,14,0.96475590274924095,0.97954358322324653,1,1,0.81202289856696641,CDDPA-P001:H|CDDPA-P002:H|CDDPA-P003:I|CDDPA-P004:H|CDDPA-P005:H|CDDPA-P006:H|CDDPA-P007:H|CDDPA-P008:I|CDDPA-P009:H|CDDPA-P010:L|CDDPA-P011:H|CDDPA-P012:H|CDDPA-P013:H|CDDPA-P014:H|CDDPA-P015:H|CDDPA-P016:H|CDDPA-P017:L|CDDPA-P018:H,,1,0.97954358322324675,1,1,1,
EMAX|IC50|WARD,ETO,18,False,NONFINITE_REQUIRED_PROFILE_SCORE,0.15259379459060601,18,0,,,,,,,,,,,,,,,,,,
EMAX|IC50|TIED_GMM,5FU,22,False,NONFINITE_REQUIRED_PROFILE_SCORE,0.13167182636791161,22,0,,,,,,,,,,,,,,,,,,
EMAX|IC50|TIED_GMM,CARBO,24,True,,0.084619106849999182,24,0,-21.795639998951984,-12.60178469325065,5,4,15,0.89544904329867303,0.96092564207219056,0.96908099688473515,1,0.78201495782111952,Carbo-P001:H|Carbo-P002:I|Carbo-P003:H|Carbo-P004:H|Carbo-P005:H|Carbo-P006:H|Carbo-P007:H|Carbo-P008:H|Carbo-P009:L|Carbo-P010:H|Carbo-P011:H|Carbo-P012:H|Carbo-P013:L|Carbo-P014:I|Carbo-P015:H|Carbo-P016:L|Carbo-P017:L|Carbo-P018:I|Carbo-P019:H|Carbo-P020:H|Carbo-P021:L|Carbo-P022:H|Carbo-P023:I|Carbo-P024:H,,1,0.960925642072191,0.95833333333333337,0.98007246376811585,0.96908099688473515,
EMAX|IC50|TIED_GMM,CARBO_A,13,True,,0.22036109613263755,13,0,-72.888221784611659,-23.164750733621268,1,2,10,0.9651159574056063,0.90949911950446694,0.98039215686274506,0,0.61507366598109114,CarboA-P001:I|CarboA-P002:H|CarboA-P003:H|CarboA-P004:L|CarboA-P005:H|CarboA-P006:I|CarboA-P007:H|CarboA-P008:H|CarboA-P009:H|CarboA-P010:H|CarboA-P011:H|CarboA-P012:H|CarboA-P013:H,,1,0.90949911950446694,1,0.96153846153846156,0.98039215686274506,
EMAX|IC50|TIED_GMM,CDDP,18,True,,0.09639235660279119,18,0,-101.97173983628336,-31.595156718481164,1,4,13,0.95370783041426144,0.94776381907394236,0.99836333878887074,0,0.59924546897597319,CDDP-P001:H|CDDP-P002:H|CDDP-P003:H|CDDP-P004:I|CDDP-P005:I|CDDP-P006:H|CDDP-P007:H|CDDP-P008:H|CDDP-P009:H|CDDP-P010:H|CDDP-P011:I|CDDP-P012:H|CDDP-P013:H|CDDP-P014:L|CDDP-P015:I|CDDP-P016:H|CDDP-P017:H|CDDP-P018:H,,1,0.94776381907394236,1,0.99673202614379086,0.99836333878887074,
EMAX|IC50|TIED_GMM,CDDP_A,18,True,,0.11581500686234447,18,0,-41.658164139262617,-17.067015524808113,2,2,14,0.96475590274924095,0.97954358322324653,1,1,0.81202289856696641,CDDPA-P001:H|CDDPA-P002:H|CDDPA-P003:I|CDDPA-P004:H|CDDPA-P005:H|CDDPA-P006:H|CDDPA-P007:H|CDDPA-P008:I|CDDPA-P009:H|CDDPA-P010:L|CDDPA-P011:H|CDDPA-P012:H|CDDPA-P013:H|CDDPA-P014:H|CDDPA-P015:H|CDDPA-P016:H|CDDPA-P017:L|CDDPA-P018:H,,1,0.97954358322324675,1,1,1,
EMAX|IC50|TIED_GMM,ETO,18,False,NONFINITE_REQUIRED_PROFILE_SCORE,0.15259379459060601,18,0,,,,,,,,,,,,,,,,,,
EMAX|EC50|TERTILES,5FU,22,True,,0.13167182636791164,22,0,-8.0895976880448472,-3.7296258211856439,7,7,8,0.63561899290968671,0.99478825287514827,0.93126385809312628,1,0.73866858604917462,5FU-P001:H|5FU-P002:I|5FU-P003:I|5FU-P004:H|5FU-P005:H|5FU-P006:I|5FU-P007:I|5FU-P008:H|5FU-P009:H|5FU-P010:L|5FU-P011:L|5FU-P012:H|5FU-P013:L|5FU-P014:L|5FU-P015:L|5FU-P016:L|5FU-P017:H|5FU-P018:I|5FU-P019:I|5FU-P020:L|5FU-P021:I|5FU-P022:H,,1,0.99478825287514827,0.90909090909090906,0.95454545454545459,0.93126385809312628,
EMAX|EC50|TERTILES,CARBO,24,True,,0.084619106849999182,24,0,-16.82648697910189,-6.8800272631166335,8,8,8,0.79249397635380081,0.98476960369481303,0.97777777777777775,1,0.76793209293527809,Carbo-P001:H|Carbo-P002:L|Carbo-P003:H|Carbo-P004:I|Carbo-P005:I|Carbo-P006:H|Carbo-P007:H|Carbo-P008:H|Carbo-P009:L|Carbo-P010:H|Carbo-P011:I|Carbo-P012:I|Carbo-P013:L|Carbo-P014:L|Carbo-P015:H|Carbo-P016:L|Carbo-P017:I|Carbo-P018:L|Carbo-P019:H|Carbo-P020:L|Carbo-P021:L|Carbo-P022:I|Carbo-P023:I|Carbo-P024:I,,1,0.98476960369481437,1,0.95652173913043492,0.97777777777777775,
EMAX|EC50|TERTILES,CARBO_A,13,True,,0.22036109613263755,13,0,-13.738723174958109,-6.5949497017391376,4,4,5,0.7638662347192503,0.96783580253750423,0.88294314381270889,1,0.76700125544042019,CarboA-P001:L|CarboA-P002:I|CarboA-P003:H|CarboA-P004:L|CarboA-P005:H|CarboA-P006:L|CarboA-P007:H|CarboA-P008:L|CarboA-P009:H|CarboA-P010:I|CarboA-P011:I|CarboA-P012:H|CarboA-P013:I,,1,0.96783580253750467,0.84615384615384615,0.92307692307692291,0.88294314381270889,
EMAX|EC50|TERTILES,CDDP,18,True,,0.09639235660279119,18,0,-16.61186893428486,-6.2780335196249286,6,6,6,0.59814570312090831,0.9740884036955858,0.91428571428571426,1,0.71658243554099987,CDDP-P001:H|CDDP-P002:H|CDDP-P003:I|CDDP-P004:L|CDDP-P005:L|CDDP-P006:I|CDDP-P007:I|CDDP-P008:I|CDDP-P009:I|CDDP-P010:L|CDDP-P011:L|CDDP-P012:H|CDDP-P013:H|CDDP-P014:L|CDDP-P015:L|CDDP-P016:H|CDDP-P017:H|CDDP-P018:I,,1,0.97408840369558625,0.88888888888888884,0.94117647058823528,0.91428571428571426,
EMAX|EC50|TERTILES,CDDP_A,18,True,,0.11581500686234447,18,0,-5.8303204181482506,-1.4977954977570846,6,6,6,0.78845160133018999,0.91716215172455506,0.94280762564991327,1,0.75284727711340049,CDDPA-P001:H|CDDPA-P002:H|CDDPA-P003:L|CDDPA-P004:H|CDDPA-P005:I|CDDPA-P006:I|CDDPA-P007:I|CDDPA-P008:L|CDDPA-P009:H|CDDPA-P010:L|CDDPA-P011:I|CDDPA-P012:L|CDDPA-P013:I|CDDPA-P014:L|CDDPA-P015:H|CDDPA-P016:I|CDDPA-P017:L|CDDPA-P018:H,,1,0.91716215172455529,0.94444444444444442,0.94117647058823528,0.94280762564991327,
EMAX|EC50|TERTILES,ETO,18,True,,0.15259379459060607,18,0,-23.157927717848057,-3.452603206167653,6,6,6,0.71263806483623193,0.95560828674483256,0.94280762564991327,1,0.75272955436431688,ETO-P001:I|ETO-P002:H|ETO-P003:I|ETO-P004:H|ETO-P005:L|ETO-P006:I|ETO-P007:H|ETO-P008:L|ETO-P009:L|ETO-P010:I|ETO-P011:I|ETO-P012:L|ETO-P013:L|ETO-P014:L|ETO-P015:H|ETO-P016:I|ETO-P017:H|ETO-P018:H,,1,0.95560828674483322,0.94444444444444442,0.94117647058823528,0.94280762564991327,
EMAX|EC50|JENKS,5FU,22,True,,0.13167182636791164,22,0,-44.588856359853565,-12.078193077103336,1,5,16,0.94777178732012157,0.93581512305677184,0.9956521739130435,0,0.60218218213156971,5FU-P001:H|5FU-P002:H|5FU-P003:H|5FU-P004:H|5FU-P005:H|5FU-P006:H|5FU-P007:H|5FU-P008:H|5FU-P009:H|5FU-P010:I|5FU-P011:L|5FU-P012:H|5FU-P013:I|5FU-P014:I|5FU-P015:H|5FU-P016:I|5FU-P017:H|5FU-P018:H|5FU-P019:H|5FU-P020:I|5FU-P021:H|5FU-P022:H,,1,0.93581512305677206,1,0.99134199134199141,0.9956521739130435,
EMAX|EC50|JENKS,CARBO,24,True,,0.084619106849999182,24,0,-30.236319141815731,-14.216361330385691,1,8,15,0.8689755782932429,0.92982878894409993,0.98342541436464093,0,0.57336977769039654,Carbo-P001:H|Carbo-P002:I|Carbo-P003:H|Carbo-P004:H|Carbo-P005:H|Carbo-P006:H|Carbo-P007:H|Carbo-P008:H|Carbo-P009:I|Carbo-P010:H|Carbo-P011:H|Carbo-P012:H|Carbo-P013:I|Carbo-P014:I|Carbo-P015:H|Carbo-P016:I|Carbo-P017:I|Carbo-P018:I|Carbo-P019:H|Carbo-P020:I|Carbo-P021:L|Carbo-P022:H|Carbo-P023:H|Carbo-P024:H,,1,0.92982878894409993,1,0.96739130434782616,0.98342541436464093,
EMAX|EC50|JENKS,CARBO_A,13,True,,0.22036109613263755,13,0,-24.441864461610606,-9.283622238744643,2,5,6,0.88302448363191033,0.9497066659503981,0.90850202429149796,1,0.79231885400128876,CarboA-P001:L|CarboA-P002:I|CarboA-P003:H|CarboA-P004:I|CarboA-P005:H|CarboA-P006:L|CarboA-P007:H|CarboA-P008:I|CarboA-P009:H|CarboA-P010:I|CarboA-P011:I|CarboA-P012:H|CarboA-P013:H,,1,0.9497066659503981,0.84615384615384615,0.98076923076923073,0.90850202429149796,
EMAX|EC50|JENKS,CDDP,18,True,,0.09639235660279119,18,0,-76.134089722620303,-31.7034494401512,1,3,14,0.93604515669656274,0.92222243174481355,0.9850746268656716,0,0.58794691438196778,CDDP-P001:H|CDDP-P002:H|CDDP-P003:H|CDDP-P004:H|CDDP-P005:I|CDDP-P006:H|CDDP-P007:H|CDDP-P008:H|CDDP-P009:H|CDDP-P010:H|CDDP-P011:I|CDDP-P012:H|CDDP-P013:H|CDDP-P014:L|CDDP-P015:I|CDDP-P016:H|CDDP-P017:H|CDDP-P018:H,,1,0.92222243174481378,1,0.97058823529411753,0.9850746268656716,
EMAX|EC50|JENKS,CDDP_A,18,True,,0.11581500686234447,18,0,-16.631705277190164,-8.6031067949713176,2,3,13,0.93352962924911287,0.8995828643178243,0.99009900990099009,1,0.78780530206605437,CDDPA-P001:H|CDDPA-P002:H|CDDPA-P003:I|CDDPA-P004:H|CDDPA-P005:H|CDDPA-P006:H|CDDPA-P007:H|CDDPA-P008:L|CDDPA-P009:H|CDDPA-P010:L|CDDPA-P011:H|CDDPA-P012:H|CDDPA-P013:H|CDDPA-P014:I|CDDPA-P015:H|CDDPA-P016:H|CDDPA-P017:I|CDDPA-P018:H,,1,0.8995828643178243,1,0.98039215686274517,0.99009900990099009,
EMAX|EC50|JENKS,ETO,18,True,,0.15259379459060607,18,0,-97.7541429219267,-33.035083506412015,3,2,13,0.9602741224822241,0.96130594661985991,0.96833427018924489,1,0.80850162677638693,ETO-P001:H|ETO-P002:H|ETO-P003:H|ETO-P004:H|ETO-P005:L|ETO-P006:H|ETO-P007:H|ETO-P008:L|ETO-P009:I|ETO-P010:H|ETO-P011:H|ETO-P012:I|ETO-P013:L|ETO-P014:H|ETO-P015:H|ETO-P016:H|ETO-P017:H|ETO-P018:H,,1,0.96130594661985991,0.94444444444444442,0.99346405228758172,0.96833427018924489,
EMAX|EC50|KMEANS,5FU,22,True,,0.13167182636791164,22,0,-44.588856359853565,-12.078193077103336,1,5,16,0.94777178732012157,0.93581512305677184,0.9956521739130435,0,0.60218218213156971,5FU-P001:H|5FU-P002:H|5FU-P003:H|5FU-P004:H|5FU-P005:H|5FU-P006:H|5FU-P007:H|5FU-P008:H|5FU-P009:H|5FU-P010:I|5FU-P011:L|5FU-P012:H|5FU-P013:I|5FU-P014:I|5FU-P015:H|5FU-P016:I|5FU-P017:H|5FU-P018:H|5FU-P019:H|5FU-P020:I|5FU-P021:H|5FU-P022:H,,1,0.93581512305677206,1,0.99134199134199141,0.9956521739130435,
EMAX|EC50|KMEANS,CARBO,24,True,,0.084619106849999182,24,0,-30.236319141815731,-14.216361330385691,1,8,15,0.8689755782932429,0.92982878894409993,0.98342541436464093,0,0.57336977769039654,Carbo-P001:H|Carbo-P002:I|Carbo-P003:H|Carbo-P004:H|Carbo-P005:H|Carbo-P006:H|Carbo-P007:H|Carbo-P008:H|Carbo-P009:I|Carbo-P010:H|Carbo-P011:H|Carbo-P012:H|Carbo-P013:I|Carbo-P014:I|Carbo-P015:H|Carbo-P016:I|Carbo-P017:I|Carbo-P018:I|Carbo-P019:H|Carbo-P020:I|Carbo-P021:L|Carbo-P022:H|Carbo-P023:H|Carbo-P024:H,,1,0.92982878894409993,1,0.96739130434782616,0.98342541436464093,
EMAX|EC50|KMEANS,CARBO_A,13,True,,0.22036109613263755,13,0,-24.441864461610606,-9.283622238744643,2,5,6,0.88302448363191033,0.9497066659503981,0.90850202429149796,1,0.79231885400128876,CarboA-P001:L|CarboA-P002:I|CarboA-P003:H|CarboA-P004:I|CarboA-P005:H|CarboA-P006:L|CarboA-P007:H|CarboA-P008:I|CarboA-P009:H|CarboA-P010:I|CarboA-P011:I|CarboA-P012:H|CarboA-P013:H,,1,0.9497066659503981,0.84615384615384615,0.98076923076923073,0.90850202429149796,
EMAX|EC50|KMEANS,CDDP,18,True,,0.09639235660279119,18,0,-76.134089722620303,-31.7034494401512,1,3,14,0.93604515669656274,0.92057908779689879,0.98338870431893699,0,0.5872810610830379,CDDP-P001:H|CDDP-P002:H|CDDP-P003:H|CDDP-P004:H|CDDP-P005:I|CDDP-P006:H|CDDP-P007:H|CDDP-P008:H|CDDP-P009:H|CDDP-P010:H|CDDP-P011:I|CDDP-P012:H|CDDP-P013:H|CDDP-P014:L|CDDP-P015:I|CDDP-P016:H|CDDP-P017:H|CDDP-P018:H,,1,0.92057908779689879,1,0.96732026143790839,0.98338870431893677,
EMAX|EC50|KMEANS,CDDP_A,18,True,,0.11581500686234447,18,0,-16.631705277190164,-8.6031067949713176,2,3,13,0.93352962924911287,0.8995828643178243,0.99009900990099009,1,0.78780530206605437,CDDPA-P001:H|CDDPA-P002:H|CDDPA-P003:I|CDDPA-P004:H|CDDPA-P005:H|CDDPA-P006:H|CDDPA-P007:H|CDDPA-P008:L|CDDPA-P009:H|CDDPA-P010:L|CDDPA-P011:H|CDDPA-P012:H|CDDPA-P013:H|CDDPA-P014:I|CDDPA-P015:H|CDDPA-P016:H|CDDPA-P017:I|CDDPA-P018:H,,1,0.8995828643178243,1,0.98039215686274517,0.99009900990099009,
EMAX|EC50|KMEANS,ETO,18,True,,0.15259379459060607,18,0,-97.7541429219267,-33.035083506412015,3,2,13,0.9602741224822241,0.95936954985926703,0.96677927927927931,1,0.80780334924227526,ETO-P001:H|ETO-P002:H|ETO-P003:H|ETO-P004:H|ETO-P005:L|ETO-P006:H|ETO-P007:H|ETO-P008:L|ETO-P009:I|ETO-P010:H|ETO-P011:H|ETO-P012:I|ETO-P013:L|ETO-P014:H|ETO-P015:H|ETO-P016:H|ETO-P017:H|ETO-P018:H,,1,0.95936954985926703,0.94444444444444442,0.99019607843137258,0.96677927927927931,
EMAX|EC50|WARD,5FU,22,True,,0.13167182636791164,22,0,-44.588856359853565,-12.078193077103336,1,5,16,0.94777178732012157,0.93307759613967356,0.99455930359085964,0,0.60141610268371326,5FU-P001:H|5FU-P002:H|5FU-P003:H|5FU-P004:H|5FU-P005:H|5FU-P006:H|5FU-P007:H|5FU-P008:H|5FU-P009:H|5FU-P010:I|5FU-P011:L|5FU-P012:H|5FU-P013:I|5FU-P014:I|5FU-P015:H|5FU-P016:I|5FU-P017:H|5FU-P018:H|5FU-P019:H|5FU-P020:I|5FU-P021:H|5FU-P022:H,,1,0.93307759613967356,1,0.98917748917748927,0.99455930359085964,
EMAX|EC50|WARD,CARBO,24,True,,0.084619106849999182,24,0,-30.236319141815731,-14.216361330385691,1,8,15,0.8689755782932429,0.92883827509573835,0.98154981549815501,0,0.57279655514742711,Carbo-P001:H|Carbo-P002:I|Carbo-P003:H|Carbo-P004:H|Carbo-P005:H|Carbo-P006:H|Carbo-P007:H|Carbo-P008:H|Carbo-P009:I|Carbo-P010:H|Carbo-P011:H|Carbo-P012:H|Carbo-P013:I|Carbo-P014:I|Carbo-P015:H|Carbo-P016:I|Carbo-P017:I|Carbo-P018:I|Carbo-P019:H|Carbo-P020:I|Carbo-P021:L|Carbo-P022:H|Carbo-P023:H|Carbo-P024:H,,1,0.92883827509573857,1,0.96376811594202894,0.98154981549815501,
EMAX|EC50|WARD,CARBO_A,13,True,,0.22036109613263755,13,0,-17.772433733029903,-9.283622238744643,3,4,6,0.86644797420961006,0.93229522288483346,0.90574214517876495,1,0.78496928768116914,CarboA-P001:L|CarboA-P002:I|CarboA-P003:H|CarboA-P004:L|CarboA-P005:H|CarboA-P006:L|CarboA-P007:H|CarboA-P008:I|CarboA-P009:H|CarboA-P010:I|CarboA-P011:I|CarboA-P012:H|CarboA-P013:H,,1,0.93229522288483346,0.84615384615384615,0.97435897435897434,0.90574214517876495,
EMAX|EC50|WARD,CDDP,18,True,,0.09639235660279119,18,0,-76.134089722620303,-31.7034494401512,1,3,14,0.93604515669656274,0.92222243174481355,0.9850746268656716,0,0.58794691438196778,CDDP-P001:H|CDDP-P002:H|CDDP-P003:H|CDDP-P004:H|CDDP-P005:I|CDDP-P006:H|CDDP-P007:H|CDDP-P008:H|CDDP-P009:H|CDDP-P010:H|CDDP-P011:I|CDDP-P012:H|CDDP-P013:H|CDDP-P014:L|CDDP-P015:I|CDDP-P016:H|CDDP-P017:H|CDDP-P018:H,,1,0.92222243174481378,1,0.97058823529411753,0.9850746268656716,
EMAX|EC50|WARD,CDDP_A,18,True,,0.11581500686234447,18,0,-16.631705277190164,-8.6031067949713176,2,3,13,0.93352962924911287,0.8995828643178243,0.99009900990099009,1,0.78780530206605437,CDDPA-P001:H|CDDPA-P002:H|CDDPA-P003:I|CDDPA-P004:H|CDDPA-P005:H|CDDPA-P006:H|CDDPA-P007:H|CDDPA-P008:L|CDDPA-P009:H|CDDPA-P010:L|CDDPA-P011:H|CDDPA-P012:H|CDDPA-P013:H|CDDPA-P014:I|CDDPA-P015:H|CDDPA-P016:H|CDDPA-P017:I|CDDPA-P018:H,,1,0.8995828643178243,1,0.98039215686274517,0.99009900990099009,
EMAX|EC50|WARD,ETO,18,True,,0.15259379459060607,18,0,-97.7541429219267,-23.157927717848057,3,3,12,0.95765677040651831,0.91955218736742539,0.93092041253162083,1,0.7921446329792341,ETO-P001:H|ETO-P002:H|ETO-P003:H|ETO-P004:H|ETO-P005:L|ETO-P006:H|ETO-P007:H|ETO-P008:L|ETO-P009:I|ETO-P010:H|ETO-P011:H|ETO-P012:I|ETO-P013:L|ETO-P014:I|ETO-P015:H|ETO-P016:H|ETO-P017:H|ETO-P018:H,,1,0.91955218736742561,0.88888888888888884,0.97712418300653581,0.93092041253162083,
EMAX|EC50|TIED_GMM,5FU,22,True,,0.13167182636791164,22,0,-44.588856359853565,-12.078193077103336,1,5,16,0.94777178732012157,0.93273977378250117,0.99455930359085964,0,0.60134853821227885,5FU-P001:H|5FU-P002:H|5FU-P003:H|5FU-P004:H|5FU-P005:H|5FU-P006:H|5FU-P007:H|5FU-P008:H|5FU-P009:H|5FU-P010:I|5FU-P011:L|5FU-P012:H|5FU-P013:I|5FU-P014:I|5FU-P015:H|5FU-P016:I|5FU-P017:H|5FU-P018:H|5FU-P019:H|5FU-P020:I|5FU-P021:H|5FU-P022:H,,1,0.93273977378250139,1,0.98917748917748927,0.99455930359085964,
EMAX|EC50|TIED_GMM,CARBO,24,True,,0.084619106849999182,24,0,-30.236319141815731,-14.216361330385691,1,8,15,0.8689755782932429,0.92982878894409993,0.98342541436464093,0,0.57336977769039654,Carbo-P001:H|Carbo-P002:I|Carbo-P003:H|Carbo-P004:H|Carbo-P005:H|Carbo-P006:H|Carbo-P007:H|Carbo-P008:H|Carbo-P009:I|Carbo-P010:H|Carbo-P011:H|Carbo-P012:H|Carbo-P013:I|Carbo-P014:I|Carbo-P015:H|Carbo-P016:I|Carbo-P017:I|Carbo-P018:I|Carbo-P019:H|Carbo-P020:I|Carbo-P021:L|Carbo-P022:H|Carbo-P023:H|Carbo-P024:H,,1,0.92982878894409993,1,0.96739130434782616,0.98342541436464093,
EMAX|EC50|TIED_GMM,CARBO_A,13,True,,0.22036109613263755,13,0,-33.263159606518656,-17.772433733029903,1,2,10,0.81983285903542891,0.87999222303399116,0.90676814351726009,0,0.56539086434386354,CarboA-P001:L|CarboA-P002:H|CarboA-P003:H|CarboA-P004:I|CarboA-P005:H|CarboA-P006:I|CarboA-P007:H|CarboA-P008:H|CarboA-P009:H|CarboA-P010:H|CarboA-P011:H|CarboA-P012:H|CarboA-P013:H,,1,0.87999222303399116,0.92307692307692313,0.89102564102564097,0.90676814351726009,
EMAX|EC50|TIED_GMM,CDDP,18,True,,0.09639235660279119,18,0,-76.134089722620303,-31.7034494401512,1,3,14,0.93604515669656274,0.9248501968881333,0.99009900990099009,0,0.58947734401769547,CDDP-P001:H|CDDP-P002:H|CDDP-P003:H|CDDP-P004:H|CDDP-P005:I|CDDP-P006:H|CDDP-P007:H|CDDP-P008:H|CDDP-P009:H|CDDP-P010:H|CDDP-P011:I|CDDP-P012:H|CDDP-P013:H|CDDP-P014:L|CDDP-P015:I|CDDP-P016:H|CDDP-P017:H|CDDP-P018:H,,1,0.92485019688813352,1,0.98039215686274517,0.99009900990099009,
EMAX|EC50|TIED_GMM,CDDP_A,18,True,,0.11581500686234447,18,0,-16.631705277190164,-8.6031067949713176,2,3,13,0.93352962924911287,0.92865360251672779,1,1,0.79559964772563707,CDDPA-P001:H|CDDPA-P002:H|CDDPA-P003:I|CDDPA-P004:H|CDDPA-P005:H|CDDPA-P006:H|CDDPA-P007:H|CDDPA-P008:L|CDDPA-P009:H|CDDPA-P010:L|CDDPA-P011:H|CDDPA-P012:H|CDDPA-P013:H|CDDPA-P014:I|CDDPA-P015:H|CDDPA-P016:H|CDDPA-P017:I|CDDPA-P018:H,,1,0.92865360251672802,1,1,1,
EMAX|EC50|TIED_GMM,ETO,18,True,,0.15259379459060607,18,0,-97.7541429219267,-55.930776470459456,3,1,14,0.9516601611680735,0.9355027902261327,0.99342105263157898,0,0.60663555972327821,ETO-P001:H|ETO-P002:H|ETO-P003:H|ETO-P004:H|ETO-P005:L|ETO-P006:H|ETO-P007:H|ETO-P008:L|ETO-P009:I|ETO-P010:H|ETO-P011:H|ETO-P012:H|ETO-P013:L|ETO-P014:H|ETO-P015:H|ETO-P016:H|ETO-P017:H|ETO-P018:H,,1,0.9355027902261327,1,0.98692810457516345,0.99342105263157898,
EMAX|EMAX|TERTILES,5FU,22,True,,0.13167182636791164,22,0,0.85819978359681748,1.0016943781745451,7,7,8,0.51736936354675955,0.99602140635856118,0.93126385809312628,1,0.71526529087327173,5FU-P001:I|5FU-P002:H|5FU-P003:L|5FU-P004:L|5FU-P005:L|5FU-P006:I|5FU-P007:L|5FU-P008:L|5FU-P009:I|5FU-P010:H|5FU-P011:I|5FU-P012:L|5FU-P013:L|5FU-P014:I|5FU-P015:I|5FU-P016:H|5FU-P017:H|5FU-P018:H|5FU-P019:H|5FU-P020:H|5FU-P021:H|5FU-P022:I,,1,0.99602140635856118,0.90909090909090906,0.95454545454545459,0.93126385809312628,
EMAX|EMAX|TERTILES,CARBO,24,True,,0.084619106849999182,24,0,1.0134395047945013,1.0513482331573789,8,8,8,0.44704807495661342,0.98306838500166738,0.93005517689061989,1,0.6889581487397799,Carbo-P001:I|Carbo-P002:H|Carbo-P003:I|Carbo-P004:I|Carbo-P005:I|Carbo-P006:H|Carbo-P007:H|Carbo-P008:H|Carbo-P009:H|Carbo-P010:L|Carbo-P011:I|Carbo-P012:I|Carbo-P013:L|Carbo-P014:L|Carbo-P015:L|Carbo-P016:I|Carbo-P017:L|Carbo-P018:I|Carbo-P019:L|Carbo-P020:L|Carbo-P021:L|Carbo-P022:H|Carbo-P023:H|Carbo-P024:H,,1,0.98306838500166782,0.91666666666666663,0.9438405797101449,0.93005517689061989,
EMAX|EMAX|TERTILES,CARBO_A,13,True,,0.22036109613263755,13,0,0.96859459623558475,0.99904045911457484,4,4,5,0.43583286356010409,0.98710052079311417,0.95999999999999985,1,0.72065889609717115,CarboA-P001:H|CarboA-P002:I|CarboA-P003:L|CarboA-P004:L|CarboA-P005:H|CarboA-P006:L|CarboA-P007:H|CarboA-P008:I|CarboA-P009:H|CarboA-P010:I|CarboA-P011:I|CarboA-P012:H|CarboA-P013:L,,1,0.98710052079311439,1,0.92307692307692291,0.95999999999999985,
EMAX|EMAX|TERTILES,CDDP,18,True,,0.09639235660279119,18,0,0.96579736834687202,1.0328612622948603,6,6,6,0.74299968488177626,0.95346634217592929,0.94280762564991327,1,0.74713320186208199,CDDP-P001:I|CDDP-P002:H|CDDP-P003:H|CDDP-P004:L|CDDP-P005:H|CDDP-P006:H|CDDP-P007:I|CDDP-P008:L|CDDP-P009:I|CDDP-P010:L|CDDP-P011:I|CDDP-P012:I|CDDP-P013:L|CDDP-P014:L|CDDP-P015:L|CDDP-P016:H|CDDP-P017:I|CDDP-P018:H,,1,0.95346634217592974,0.94444444444444442,0.94117647058823528,0.94280762564991327,
EMAX|EMAX|TERTILES,CDDP_A,18,True,,0.11581500686234447,18,0,0.82628482767819078,0.98362138278572675,6,6,6,0.72737485899434617,0.96700828793951588,0.94280762564991327,1,0.75060115588922405,CDDPA-P001:H|CDDPA-P002:L|CDDPA-P003:L|CDDPA-P004:H|CDDPA-P005:H|CDDPA-P006:H|CDDPA-P007:I|CDDPA-P008:L|CDDPA-P009:H|CDDPA-P010:L|CDDPA-P011:I|CDDPA-P012:I|CDDPA-P013:I|CDDPA-P014:L|CDDPA-P015:I|CDDPA-P016:H|CDDPA-P017:L|CDDPA-P018:I,,1,0.96700828793951654,0.94444444444444442,0.94117647058823528,0.94280762564991327,
EMAX|EMAX|TERTILES,ETO,18,True,,0.15259379459060607,18,0,0.29880811710155458,0.60664263941963126,6,6,6,0.85965166472058896,0.96560119582056336,0.94280762564991327,1,0.78413085615633438,ETO-P001:L|ETO-P002:I|ETO-P003:L|ETO-P004:H|ETO-P005:H|ETO-P006:H|ETO-P007:H|ETO-P008:L|ETO-P009:I|ETO-P010:I|ETO-P011:I|ETO-P012:H|ETO-P013:L|ETO-P014:L|ETO-P015:H|ETO-P016:I|ETO-P017:L|ETO-P018:I,,1,0.96560119582056358,0.94444444444444442,0.94117647058823506,0.94280762564991316,
EMAX|EMAX|JENKS,5FU,22,True,,0.13167182636791164,22,0,0.42461392225034839,0.92154696253954238,1,9,12,0.94340405611813871,0.94114947856702069,0.99783080260303691,0,0.60281123273122161,5FU-P001:I|5FU-P002:H|5FU-P003:I|5FU-P004:I|5FU-P005:I|5FU-P006:I|5FU-P007:I|5FU-P008:I|5FU-P009:H|5FU-P010:H|5FU-P011:I|5FU-P012:L|5FU-P013:I|5FU-P014:H|5FU-P015:H|5FU-P016:H|5FU-P017:H|5FU-P018:H|5FU-P019:H|5FU-P020:H|5FU-P021:H|5FU-P022:H,,1,0.94114947856702069,1,0.99567099567099571,0.99783080260303691,
EMAX|EMAX|JENKS,CARBO,24,True,,0.084619106849999182,24,0,0.87400260326764767,1.0266909943919418,1,10,13,0.93041354046606994,0.94778517465960299,0.99270072992700731,0,0.59110371038053588,Carbo-P001:I|Carbo-P002:H|Carbo-P003:H|Carbo-P004:H|Carbo-P005:H|Carbo-P006:H|Carbo-P007:H|Carbo-P008:H|Carbo-P009:H|Carbo-P010:I|Carbo-P011:H|Carbo-P012:H|Carbo-P013:I|Carbo-P014:I|Carbo-P015:I|Carbo-P016:I|Carbo-P017:L|Carbo-P018:I|Carbo-P019:I|Carbo-P020:I|Carbo-P021:I|Carbo-P022:H|Carbo-P023:H|Carbo-P024:H,,1,0.94778517465960299,1,0.98550724637681153,0.99270072992700731,
EMAX|EMAX|JENKS,CARBO_A,13,True,,0.22036109613263755,13,0,0.7226283562898983,1.1098633703414924,1,11,1,0.93078121304600869,0.91715890688094726,0.96345514950166111,0,0.6063512731122509,CarboA-P001:H|CarboA-P002:I|CarboA-P003:I|CarboA-P004:L|CarboA-P005:I|CarboA-P006:I|CarboA-P007:I|CarboA-P008:I|CarboA-P009:I|CarboA-P010:I|CarboA-P011:I|CarboA-P012:I|CarboA-P013:I,,1,0.91715890688094748,1,0.9294871794871794,0.96345514950166111,
EMAX|EMAX|JENKS,CDDP,18,True,,0.09639235660279119,18,0,0.81318565321544545,0.96579736834687202,2,4,12,0.93716025978298401,0.98418740653503778,1,1,0.80354800458416276,CDDP-P001:H|CDDP-P002:H|CDDP-P003:H|CDDP-P004:L|CDDP-P005:H|CDDP-P006:H|CDDP-P007:H|CDDP-P008:I|CDDP-P009:H|CDDP-P010:I|CDDP-P011:H|CDDP-P012:H|CDDP-P013:I|CDDP-P014:L|CDDP-P015:I|CDDP-P016:H|CDDP-P017:H|CDDP-P018:H,,1,0.984187406535038,1,1,1,
EMAX|EMAX|JENKS,CDDP_A,18,True,,0.11581500686234447,18,0,0.69678620911376443,0.93355143347660763,3,7,8,0.9240562111267685,0.96990841919992687,0.9573378839590444,1,0.79342350422961683,CDDPA-P001:H|CDDPA-P002:I|CDDPA-P003:I|CDDPA-P004:H|CDDPA-P005:H|CDDPA-P006:H|CDDPA-P007:I|CDDPA-P008:L|CDDPA-P009:H|CDDPA-P010:L|CDDPA-P011:I|CDDPA-P012:I|CDDPA-P013:H|CDDPA-P014:I|CDDPA-P015:H|CDDPA-P016:H|CDDPA-P017:L|CDDPA-P018:I,,1,0.9699084191999271,0.94444444444444442,0.97058823529411775,0.9573378839590444,
EMAX|EMAX|JENKS,ETO,18,True,,0.15259379459060607,18,0,0.36096870670060538,0.79778278809567271,7,7,4,0.9106633886751605,0.95483212288370023,0.89393939393939403,1,0.78240574001777219,ETO-P001:L|ETO-P002:I|ETO-P003:L|ETO-P004:H|ETO-P005:H|ETO-P006:H|ETO-P007:H|ETO-P008:L|ETO-P009:I|ETO-P010:I|ETO-P011:L|ETO-P012:I|ETO-P013:L|ETO-P014:L|ETO-P015:I|ETO-P016:I|ETO-P017:L|ETO-P018:I,,1,0.95483212288370045,0.83333333333333337,0.96405228758169925,0.89393939393939403,
EMAX|EMAX|KMEANS,5FU,22,True,,0.13167182636791164,22,0,0.42461392225034839,0.92154696253954238,1,9,12,0.94340405611813871,0.94114947856702069,0.99783080260303691,0,0.60281123273122161,5FU-P001:I|5FU-P002:H|5FU-P003:I|5FU-P004:I|5FU-P005:I|5FU-P006:I|5FU-P007:I|5FU-P008:I|5FU-P009:H|5FU-P010:H|5FU-P011:I|5FU-P012:L|5FU-P013:I|5FU-P014:H|5FU-P015:H|5FU-P016:H|5FU-P017:H|5FU-P018:H|5FU-P019:H|5FU-P020:H|5FU-P021:H|5FU-P022:H,,1,0.94114947856702069,1,0.99567099567099571,0.99783080260303691,
EMAX|EMAX|KMEANS,CARBO,24,True,,0.084619106849999182,24,0,0.87400260326764767,1.0266909943919418,1,10,13,0.93041354046606994,0.94778517465960299,0.99270072992700731,0,0.59110371038053588,Carbo-P001:I|Carbo-P002:H|Carbo-P003:H|Carbo-P004:H|Carbo-P005:H|Carbo-P006:H|Carbo-P007:H|Carbo-P008:H|Carbo-P009:H|Carbo-P010:I|Carbo-P011:H|Carbo-P012:H|Carbo-P013:I|Carbo-P014:I|Carbo-P015:I|Carbo-P016:I|Carbo-P017:L|Carbo-P018:I|Carbo-P019:I|Carbo-P020:I|Carbo-P021:I|Carbo-P022:H|Carbo-P023:H|Carbo-P024:H,,1,0.94778517465960299,1,0.98550724637681153,0.99270072992700731,
EMAX|EMAX|KMEANS,CARBO_A,13,True,,0.22036109613263755,13,0,0.7226283562898983,1.1098633703414924,1,11,1,0.93078121304600869,0.91715890688094726,0.96345514950166111,0,0.6063512731122509,CarboA-P001:H|CarboA-P002:I|CarboA-P003:I|CarboA-P004:L|CarboA-P005:I|CarboA-P006:I|CarboA-P007:I|CarboA-P008:I|CarboA-P009:I|CarboA-P010:I|CarboA-P011:I|CarboA-P012:I|CarboA-P013:I,,1,0.91715890688094748,1,0.9294871794871794,0.96345514950166111,
EMAX|EMAX|KMEANS,CDDP,18,True,,0.09639235660279119,18,0,0.81318565321544545,0.96579736834687202,2,4,12,0.93716025978298401,0.98418740653503778,1,1,0.80354800458416276,CDDP-P001:H|CDDP-P002:H|CDDP-P003:H|CDDP-P004:L|CDDP-P005:H|CDDP-P006:H|CDDP-P007:H|CDDP-P008:I|CDDP-P009:H|CDDP-P010:I|CDDP-P011:H|CDDP-P012:H|CDDP-P013:I|CDDP-P014:L|CDDP-P015:I|CDDP-P016:H|CDDP-P017:H|CDDP-P018:H,,1,0.984187406535038,1,1,1,
EMAX|EMAX|KMEANS,CDDP_A,18,True,,0.11581500686234447,18,0,0.69678620911376443,0.93355143347660763,3,7,8,0.9240562111267685,0.96990841919992687,0.9573378839590444,1,0.79342350422961683,CDDPA-P001:H|CDDPA-P002:I|CDDPA-P003:I|CDDPA-P004:H|CDDPA-P005:H|CDDPA-P006:H|CDDPA-P007:I|CDDPA-P008:L|CDDPA-P009:H|CDDPA-P010:L|CDDPA-P011:I|CDDPA-P012:I|CDDPA-P013:H|CDDPA-P014:I|CDDPA-P015:H|CDDPA-P016:H|CDDPA-P017:L|CDDPA-P018:I,,1,0.9699084191999271,0.94444444444444442,0.97058823529411775,0.9573378839590444,
EMAX|EMAX|KMEANS,ETO,18,True,,0.15259379459060607,18,0,0.36096870670060538,0.79778278809567271,7,7,4,0.9106633886751605,0.95483212288370023,0.89393939393939403,1,0.78240574001777219,ETO-P001:L|ETO-P002:I|ETO-P003:L|ETO-P004:H|ETO-P005:H|ETO-P006:H|ETO-P007:H|ETO-P008:L|ETO-P009:I|ETO-P010:I|ETO-P011:L|ETO-P012:I|ETO-P013:L|ETO-P014:L|ETO-P015:I|ETO-P016:I|ETO-P017:L|ETO-P018:I,,1,0.95483212288370045,0.83333333333333337,0.96405228758169925,0.89393939393939403,
EMAX|EMAX|WARD,5FU,22,True,,0.13167182636791164,22,0,0.42461392225034839,0.92154696253954238,1,9,12,0.94340405611813871,0.9519107672743321,0.99891657638136511,0,0.60518064522834947,5FU-P001:I|5FU-P002:H|5FU-P003:I|5FU-P004:I|5FU-P005:I|5FU-P006:I|5FU-P007:I|5FU-P008:I|5FU-P009:H|5FU-P010:H|5FU-P011:I|5FU-P012:L|5FU-P013:I|5FU-P014:H|5FU-P015:H|5FU-P016:H|5FU-P017:H|5FU-P018:H|5FU-P019:H|5FU-P020:H|5FU-P021:H|5FU-P022:H,,1,0.9519107672743321,1,0.99783549783549785,0.99891657638136511,
EMAX|EMAX|WARD,CARBO,24,True,,0.084619106849999182,24,0,0.87400260326764767,1.0266909943919418,1,10,13,0.93041354046606994,0.9468670019735741,0.97261018001241473,0,0.58690196586041155,Carbo-P001:I|Carbo-P002:H|Carbo-P003:H|Carbo-P004:H|Carbo-P005:H|Carbo-P006:H|Carbo-P007:H|Carbo-P008:H|Carbo-P009:H|Carbo-P010:I|Carbo-P011:H|Carbo-P012:H|Carbo-P013:I|Carbo-P014:I|Carbo-P015:I|Carbo-P016:I|Carbo-P017:L|Carbo-P018:I|Carbo-P019:I|Carbo-P020:I|Carbo-P021:I|Carbo-P022:H|Carbo-P023:H|Carbo-P024:H,,1,0.9468670019735741,0.95833333333333337,0.98731884057971009,0.97261018001241473,
EMAX|EMAX|WARD,CARBO_A,13,True,,0.22036109613263755,13,0,0.7226283562898983,1.1098633703414924,1,11,1,0.93078121304600869,0.91715890688094726,0.96345514950166111,0,0.6063512731122509,CarboA-P001:H|CarboA-P002:I|CarboA-P003:I|CarboA-P004:L|CarboA-P005:I|CarboA-P006:I|CarboA-P007:I|CarboA-P008:I|CarboA-P009:I|CarboA-P010:I|CarboA-P011:I|CarboA-P012:I|CarboA-P013:I,,1,0.91715890688094748,1,0.9294871794871794,0.96345514950166111,
EMAX|EMAX|WARD,CDDP,18,True,,0.09639235660279119,18,0,0.81318565321544545,0.96579736834687202,2,4,12,0.93716025978298401,0.97830129272557076,0.99836333878887074,1,0.80204344958004337,CDDP-P001:H|CDDP-P002:H|CDDP-P003:H|CDDP-P004:L|CDDP-P005:H|CDDP-P006:H|CDDP-P007:H|CDDP-P008:I|CDDP-P009:H|CDDP-P010:I|CDDP-P011:H|CDDP-P012:H|CDDP-P013:I|CDDP-P014:L|CDDP-P015:I|CDDP-P016:H|CDDP-P017:H|CDDP-P018:H,,1,0.97830129272557076,1,0.99673202614379086,0.99836333878887074,
EMAX|EMAX|WARD,CDDP_A,18,True,,0.11581500686234447,18,0,0.69678620911376443,0.93355143347660763,3,7,8,0.9240562111267685,0.97717653138245486,0.99342105263157898,1,0.80209376040062919,CDDPA-P001:H|CDDPA-P002:I|CDDPA-P003:I|CDDPA-P004:H|CDDPA-P005:H|CDDPA-P006:H|CDDPA-P007:I|CDDPA-P008:L|CDDPA-P009:H|CDDPA-P010:L|CDDPA-P011:I|CDDPA-P012:I|CDDPA-P013:H|CDDPA-P014:I|CDDPA-P015:H|CDDPA-P016:H|CDDPA-P017:L|CDDPA-P018:I,,1,0.97717653138245486,1,0.98692810457516345,0.99342105263157898,
EMAX|EMAX|WARD,ETO,18,True,,0.15259379459060607,18,0,0.36096870670060538,0.79778278809567271,7,7,4,0.9106633886751605,0.95892051823486102,0.96050642479213899,1,0.7965368252585534,ETO-P001:L|ETO-P002:I|ETO-P003:L|ETO-P004:H|ETO-P005:H|ETO-P006:H|ETO-P007:H|ETO-P008:L|ETO-P009:I|ETO-P010:I|ETO-P011:L|ETO-P012:I|ETO-P013:L|ETO-P014:L|ETO-P015:I|ETO-P016:I|ETO-P017:L|ETO-P018:I,,1,0.95892051823486102,0.94444444444444442,0.97712418300653581,0.96050642479213899,
EMAX|EMAX|TIED_GMM,5FU,22,True,,0.13167182636791164,22,0,0.42461392225034839,0.92154696253954238,1,9,12,0.94340405611813871,0.94114947856702069,0.99783080260303691,0,0.60281123273122161,5FU-P001:I|5FU-P002:H|5FU-P003:I|5FU-P004:I|5FU-P005:I|5FU-P006:I|5FU-P007:I|5FU-P008:I|5FU-P009:H|5FU-P010:H|5FU-P011:I|5FU-P012:L|5FU-P013:I|5FU-P014:H|5FU-P015:H|5FU-P016:H|5FU-P017:H|5FU-P018:H|5FU-P019:H|5FU-P020:H|5FU-P021:H|5FU-P022:H,,1,0.94114947856702069,1,0.99567099567099571,0.99783080260303691,
EMAX|EMAX|TIED_GMM,CARBO,24,True,,0.084619106849999182,24,0,0.87400260326764767,1.0266909943919418,1,10,13,0.93041354046606994,0.94402303396575671,0.95560821484992098,0,0.58293277922634934,Carbo-P001:I|Carbo-P002:H|Carbo-P003:H|Carbo-P004:H|Carbo-P005:H|Carbo-P006:H|Carbo-P007:H|Carbo-P008:H|Carbo-P009:H|Carbo-P010:I|Carbo-P011:H|Carbo-P012:H|Carbo-P013:I|Carbo-P014:I|Carbo-P015:I|Carbo-P016:I|Carbo-P017:L|Carbo-P018:I|Carbo-P019:I|Carbo-P020:I|Carbo-P021:I|Carbo-P022:H|Carbo-P023:H|Carbo-P024:H,,1,0.94402303396575693,0.95833333333333337,0.95289855072463769,0.95560821484992098,
EMAX|EMAX|TIED_GMM,CARBO_A,13,True,,0.22036109613263755,13,0,0.7226283562898983,1.1098633703414924,1,11,1,0.93078121304600869,0.91875453661752804,0.96345514950166111,0,0.6066703990595671,CarboA-P001:H|CarboA-P002:I|CarboA-P003:I|CarboA-P004:L|CarboA-P005:I|CarboA-P006:I|CarboA-P007:I|CarboA-P008:I|CarboA-P009:I|CarboA-P010:I|CarboA-P011:I|CarboA-P012:I|CarboA-P013:I,,1,0.91875453661752815,1,0.9294871794871794,0.96345514950166111,
EMAX|EMAX|TIED_GMM,CDDP,18,True,,0.09639235660279119,18,0,0.81318565321544545,0.96579736834687202,2,4,12,0.93716025978298401,0.98418740653503778,1,1,0.80354800458416276,CDDP-P001:H|CDDP-P002:H|CDDP-P003:H|CDDP-P004:L|CDDP-P005:H|CDDP-P006:H|CDDP-P007:H|CDDP-P008:I|CDDP-P009:H|CDDP-P010:I|CDDP-P011:H|CDDP-P012:H|CDDP-P013:I|CDDP-P014:L|CDDP-P015:I|CDDP-P016:H|CDDP-P017:H|CDDP-P018:H,,1,0.984187406535038,1,1,1,
EMAX|EMAX|TIED_GMM,CDDP_A,18,True,,0.11581500686234447,18,0,0.69678620911376443,0.89196325614408523,3,5,10,0.92258868457896293,0.96970543671018117,0.96365348399246709,1,0.79435252242879106,CDDPA-P001:H|CDDPA-P002:I|CDDPA-P003:I|CDDPA-P004:H|CDDPA-P005:H|CDDPA-P006:H|CDDPA-P007:H|CDDPA-P008:L|CDDPA-P009:H|CDDPA-P010:L|CDDPA-P011:I|CDDPA-P012:H|CDDPA-P013:H|CDDPA-P014:I|CDDPA-P015:H|CDDPA-P016:H|CDDPA-P017:L|CDDPA-P018:I,,1,0.96970543671018139,0.94444444444444442,0.98366013071895431,0.96365348399246709,
EMAX|EMAX|TIED_GMM,ETO,18,True,,0.15259379459060607,18,0,0.53743790677451286,0.79778278809567271,11,3,4,0.90026867176697911,0.95427736171629673,0.98507462686567171,1,0.79844289098791077,ETO-P001:L|ETO-P002:I|ETO-P003:L|ETO-P004:H|ETO-P005:H|ETO-P006:H|ETO-P007:H|ETO-P008:L|ETO-P009:L|ETO-P010:L|ETO-P011:L|ETO-P012:I|ETO-P013:L|ETO-P014:L|ETO-P015:I|ETO-P016:L|ETO-P017:L|ETO-P018:L,,1,0.95427736171629696,1,0.97058823529411753,0.9850746268656716,
HILL|IC50|TERTILES,5FU,22,False,NONFINITE_REQUIRED_PROFILE_SCORE,0.1069927440285553,22,0,,,,,,,,,,,,,,,,,,
HILL|IC50|TERTILES,CARBO,24,True,,0.08363204650100424,24,0,-14.16037910040512,-7.1838963830337184,8,8,8,0.80039891209328673,0.9712234580648188,0.97777777777777775,1,0.76660643888737745,Carbo-P001:H|Carbo-P002:L|Carbo-P003:H|Carbo-P004:I|Carbo-P005:I|Carbo-P006:I|Carbo-P007:H|Carbo-P008:H|Carbo-P009:L|Carbo-P010:H|Carbo-P011:I|Carbo-P012:I|Carbo-P013:L|Carbo-P014:L|Carbo-P015:H|Carbo-P016:L|Carbo-P017:L|Carbo-P018:L|Carbo-P019:H|Carbo-P020:H|Carbo-P021:L|Carbo-P022:I|Carbo-P023:I|Carbo-P024:I,,1,0.97122345806481958,1,0.95652173913043492,0.97777777777777775,
HILL|IC50|TERTILES,CARBO_A,13,True,,0.052183521099441771,13,0,-13.854726539069574,-6.7003992658531537,4,4,5,0.44187440693195673,0.98631248051203024,0.96000000000000008,1,0.68807408170868567,CarboA-P001:L|CarboA-P002:I|CarboA-P003:H|CarboA-P004:L|CarboA-P005:H|CarboA-P006:L|CarboA-P007:I|CarboA-P008:L|CarboA-P009:H|CarboA-P010:I|CarboA-P011:H|CarboA-P012:H|CarboA-P013:I,,1,0.9863124805120318,1,0.92307692307692291,0.95999999999999985,
HILL|IC50|TERTILES,CDDP,18,True,,0.076272302007871579,18,0,-19.543379538857657,-6.1846260685964083,6,6,6,0.51481967829494579,0.9526703736966684,0.91428571428571426,1,0.69160961365703999,CDDP-P001:H|CDDP-P002:H|CDDP-P003:I|CDDP-P004:L|CDDP-P005:L|CDDP-P006:I|CDDP-P007:I|CDDP-P008:I|CDDP-P009:I|CDDP-P010:L|CDDP-P011:L|CDDP-P012:H|CDDP-P013:H|CDDP-P014:L|CDDP-P015:L|CDDP-P016:H|CDDP-P017:I|CDDP-P018:H,,1,0.95267037369666885,0.88888888888888884,0.94117647058823528,0.91428571428571426,
HILL|IC50|TERTILES,CDDP_A,18,True,,0.058291111148597405,18,0,-5.8830326622722575,-1.6363046521364455,6,6,6,0.57956212414479902,0.9872314947882882,0.96969696969696972,1,0.71895633995573083,CDDPA-P001:H|CDDPA-P002:I|CDDPA-P003:L|CDDPA-P004:H|CDDPA-P005:I|CDDPA-P006:H|CDDPA-P007:I|CDDPA-P008:L|CDDPA-P009:H|CDDPA-P010:L|CDDPA-P011:L|CDDPA-P012:I|CDDPA-P013:I|CDDPA-P014:L|CDDPA-P015:H|CDDPA-P016:H|CDDPA-P017:L|CDDPA-P018:I,,1,0.98723149478828931,1,0.94117647058823528,0.96969696969696972,
HILL|IC50|TERTILES,ETO,18,False,NONFINITE_REQUIRED_PROFILE_SCORE,0.084483310955755203,18,0,,,,,,,,,,,,,,,,,,
HILL|IC50|JENKS,5FU,22,False,NONFINITE_REQUIRED_PROFILE_SCORE,0.1069927440285553,22,0,,,,,,,,,,,,,,,,,,
HILL|IC50|JENKS,CARBO,24,True,,0.08363204650100424,24,0,-24.309572450700283,-11.473829719115381,2,8,14,0.84281015013400629,0.94159540747993054,0.97588126159554733,1,0.76878377314209767,Carbo-P001:H|Carbo-P002:I|Carbo-P003:H|Carbo-P004:I|Carbo-P005:H|Carbo-P006:H|Carbo-P007:H|Carbo-P008:H|Carbo-P009:I|Carbo-P010:H|Carbo-P011:I|Carbo-P012:H|Carbo-P013:I|Carbo-P014:I|Carbo-P015:H|Carbo-P016:I|Carbo-P017:L|Carbo-P018:I|Carbo-P019:H|Carbo-P020:H|Carbo-P021:L|Carbo-P022:H|Carbo-P023:H|Carbo-P024:H,,1,0.94159540747993054,1,0.95289855072463769,0.97588126159554733,
HILL|IC50|JENKS,CARBO_A,13,True,,0.052183521099441771,13,0,-76.467424808087543,-20.272225521604305,1,2,10,0.97184491716854349,0.90967505731611187,0.92627096087303684,0,0.57199489129142678,CarboA-P001:I|CarboA-P002:H|CarboA-P003:H|CarboA-P004:L|CarboA-P005:H|CarboA-P006:I|CarboA-P007:H|CarboA-P008:H|CarboA-P009:H|CarboA-P010:H|CarboA-P011:H|CarboA-P012:H|CarboA-P013:H,,1,0.90967505731611187,0.92307692307692313,0.9294871794871794,0.92627096087303684,
HILL|IC50|JENKS,CDDP,18,True,,0.076272302007871579,18,0,-94.924683086065599,-31.416956095072958,1,4,13,0.9735988555097681,0.92485212616935653,0.9850746268656716,0,0.59195958211053357,CDDP-P001:H|CDDP-P002:H|CDDP-P003:H|CDDP-P004:I|CDDP-P005:I|CDDP-P006:H|CDDP-P007:H|CDDP-P008:H|CDDP-P009:H|CDDP-P010:H|CDDP-P011:I|CDDP-P012:H|CDDP-P013:H|CDDP-P014:L|CDDP-P015:I|CDDP-P016:H|CDDP-P017:H|CDDP-P018:H,,1,0.92485212616935653,1,0.97058823529411753,0.9850746268656716,
HILL|IC50|JENKS,CDDP_A,18,True,,0.058291111148597405,18,0,-43.199721004006506,-15.778071593755213,2,2,14,0.94991352808003693,0.94697448445666188,0.93827160493827155,1,0.77869014572471362,CDDPA-P001:H|CDDPA-P002:H|CDDPA-P003:I|CDDPA-P004:H|CDDPA-P005:H|CDDPA-P006:H|CDDPA-P007:H|CDDPA-P008:L|CDDPA-P009:H|CDDPA-P010:L|CDDPA-P011:H|CDDPA-P012:H|CDDPA-P013:H|CDDPA-P014:H|CDDPA-P015:H|CDDPA-P016:H|CDDPA-P017:I|CDDPA-P018:H,,1,0.94697448445666199,0.88888888888888884,0.99346405228758172,0.93827160493827155,
HILL|IC50|JENKS,ETO,18,False,NONFINITE_REQUIRED_PROFILE_SCORE,0.084483310955755203,18,0,,,,,,,,,,,,,,,,,,
HILL|IC50|KMEANS,5FU,22,False,NONFINITE_REQUIRED_PROFILE_SCORE,0.1069927440285553,22,0,,,,,,,,,,,,,,,,,,
HILL|IC50|KMEANS,CARBO,24,True,,0.08363204650100424,24,0,-24.309572450700283,-11.473829719115381,2,8,14,0.84281015013400629,0.94159540747993054,0.97588126159554733,1,0.76878377314209767,Carbo-P001:H|Carbo-P002:I|Carbo-P003:H|Carbo-P004:I|Carbo-P005:H|Carbo-P006:H|Carbo-P007:H|Carbo-P008:H|Carbo-P009:I|Carbo-P010:H|Carbo-P011:I|Carbo-P012:H|Carbo-P013:I|Carbo-P014:I|Carbo-P015:H|Carbo-P016:I|Carbo-P017:L|Carbo-P018:I|Carbo-P019:H|Carbo-P020:H|Carbo-P021:L|Carbo-P022:H|Carbo-P023:H|Carbo-P024:H,,1,0.94159540747993054,1,0.95289855072463769,0.97588126159554733,
HILL|IC50|KMEANS,CARBO_A,13,True,,0.052183521099441771,13,0,-76.467424808087543,-20.272225521604305,1,2,10,0.97184491716854349,0.90967505731611187,0.92627096087303684,0,0.57199489129142678,CarboA-P001:I|CarboA-P002:H|CarboA-P003:H|CarboA-P004:L|CarboA-P005:H|CarboA-P006:I|CarboA-P007:H|CarboA-P008:H|CarboA-P009:H|CarboA-P010:H|CarboA-P011:H|CarboA-P012:H|CarboA-P013:H,,1,0.90967505731611187,0.92307692307692313,0.9294871794871794,0.92627096087303684,
HILL|IC50|KMEANS,CDDP,18,True,,0.076272302007871579,18,0,-94.924683086065599,-31.416956095072958,1,4,13,0.9735988555097681,0.92485212616935653,0.9850746268656716,0,0.59195958211053357,CDDP-P001:H|CDDP-P002:H|CDDP-P003:H|CDDP-P004:I|CDDP-P005:I|CDDP-P006:H|CDDP-P007:H|CDDP-P008:H|CDDP-P009:H|CDDP-P010:H|CDDP-P011:I|CDDP-P012:H|CDDP-P013:H|CDDP-P014:L|CDDP-P015:I|CDDP-P016:H|CDDP-P017:H|CDDP-P018:H,,1,0.92485212616935653,1,0.97058823529411753,0.9850746268656716,
HILL|IC50|KMEANS,CDDP_A,18,True,,0.058291111148597405,18,0,-43.199721004006506,-15.778071593755213,2,2,14,0.94991352808003693,0.94697448445666188,0.93827160493827155,1,0.77869014572471362,CDDPA-P001:H|CDDPA-P002:H|CDDPA-P003:I|CDDPA-P004:H|CDDPA-P005:H|CDDPA-P006:H|CDDPA-P007:H|CDDPA-P008:L|CDDPA-P009:H|CDDPA-P010:L|CDDPA-P011:H|CDDPA-P012:H|CDDPA-P013:H|CDDPA-P014:H|CDDPA-P015:H|CDDPA-P016:H|CDDPA-P017:I|CDDPA-P018:H,,1,0.94697448445666199,0.88888888888888884,0.99346405228758172,0.93827160493827155,
HILL|IC50|KMEANS,ETO,18,False,NONFINITE_REQUIRED_PROFILE_SCORE,0.084483310955755203,18,0,,,,,,,,,,,,,,,,,,
HILL|IC50|WARD,5FU,22,False,NONFINITE_REQUIRED_PROFILE_SCORE,0.1069927440285553,22,0,,,,,,,,,,,,,,,,,,
HILL|IC50|WARD,CARBO,24,True,,0.08363204650100424,24,0,-18.355630291771689,-3.422696413408421,6,13,5,0.82160980791791394,0.86253135825556415,0.62222222222222223,1,0.67799908697934086,Carbo-P001:H|Carbo-P002:L|Carbo-P003:I|Carbo-P004:I|Carbo-P005:I|Carbo-P006:I|Carbo-P007:I|Carbo-P008:I|Carbo-P009:L|Carbo-P010:H|Carbo-P011:I|Carbo-P012:I|Carbo-P013:I|Carbo-P014:I|Carbo-P015:H|Carbo-P016:L|Carbo-P017:L|Carbo-P018:L|Carbo-P019:H|Carbo-P020:H|Carbo-P021:L|Carbo-P022:I|Carbo-P023:I|Carbo-P024:I,,1,0.86253135825556415,0.58333333333333337,0.66666666666666652,0.62222222222222212,
HILL|IC50|WARD,CARBO_A,13,True,,0.052183521099441771,13,0,-76.467424808087543,-20.272225521604305,1,2,10,0.97184491716854349,0.909056659404199,0.92307692307692313,0,0.57123240414982146,CarboA-P001:I|CarboA-P002:H|CarboA-P003:H|CarboA-P004:L|CarboA-P005:H|CarboA-P006:I|CarboA-P007:H|CarboA-P008:H|CarboA-P009:H|CarboA-P010:H|CarboA-P011:H|CarboA-P012:H|CarboA-P013:H,,1,0.909056659404199,0.92307692307692313,0.92307692307692313,0.92307692307692313,
HILL|IC50|WARD,CDDP,18,True,,0.076272302007871579,18,0,-94.924683086065599,-31.416956095072958,1,4,13,0.9735988555097681,0.92572676262385223,0.98338870431893699,0,0.59179732489208581,CDDP-P001:H|CDDP-P002:H|CDDP-P003:H|CDDP-P004:I|CDDP-P005:I|CDDP-P006:H|CDDP-P007:H|CDDP-P008:H|CDDP-P009:H|CDDP-P010:H|CDDP-P011:I|CDDP-P012:H|CDDP-P013:H|CDDP-P014:L|CDDP-P015:I|CDDP-P016:H|CDDP-P017:H|CDDP-P018:H,,1,0.92572676262385223,1,0.96732026143790861,0.98338870431893699,
HILL|IC50|WARD,CDDP_A,18,True,,0.058291111148597405,18,0,-31.390495089036445,-15.778071593755213,3,1,14,0.93815361652567386,0.92217402944004589,0.96677927927927931,0,0.57707960727871943,CDDPA-P001:H|CDDPA-P002:H|CDDPA-P003:I|CDDPA-P004:H|CDDPA-P005:H|CDDPA-P006:H|CDDPA-P007:H|CDDPA-P008:L|CDDPA-P009:H|CDDPA-P010:L|CDDPA-P011:H|CDDPA-P012:H|CDDPA-P013:H|CDDPA-P014:H|CDDPA-P015:H|CDDPA-P016:H|CDDPA-P017:L|CDDPA-P018:H,,1,0.92217402944004612,0.94444444444444442,0.99019607843137258,0.96677927927927931,
HILL|IC50|WARD,ETO,18,False,NONFINITE_REQUIRED_PROFILE_SCORE,0.084483310955755203,18,0,,,,,,,,,,,,,,,,,,
HILL|IC50|TIED_GMM,5FU,22,False,NONFINITE_REQUIRED_PROFILE_SCORE,0.1069927440285553,22,0,,,,,,,,,,,,,,,,,,
HILL|IC50|TIED_GMM,CARBO,24,True,,0.08363204650100424,24,0,-24.309572450700283,-12.769780721253239,2,7,15,0.83363369380486541,0.95165136709449094,0.93790218790218782,1,0.76136385906050963,Carbo-P001:H|Carbo-P002:I|Carbo-P003:H|Carbo-P004:I|Carbo-P005:H|Carbo-P006:H|Carbo-P007:H|Carbo-P008:H|Carbo-P009:I|Carbo-P010:H|Carbo-P011:H|Carbo-P012:H|Carbo-P013:I|Carbo-P014:I|Carbo-P015:H|Carbo-P016:I|Carbo-P017:L|Carbo-P018:I|Carbo-P019:H|Carbo-P020:H|Carbo-P021:L|Carbo-P022:H|Carbo-P023:H|Carbo-P024:H,,1,0.95165136709449116,0.91666666666666663,0.96014492753623182,0.93790218790218782,
HILL|IC50|TIED_GMM,CARBO_A,13,True,,0.052183521099441771,13,0,-76.467424808087543,-20.272225521604305,1,2,10,0.97184491716854349,0.92694872153509644,0.95703627476202735,0,0.58160268691302186,CarboA-P001:I|CarboA-P002:H|CarboA-P003:H|CarboA-P004:L|CarboA-P005:H|CarboA-P006:I|CarboA-P007:H|CarboA-P008:H|CarboA-P009:H|CarboA-P010:H|CarboA-P011:H|CarboA-P012:H|CarboA-P013:H,,1,0.92694872153509655,0.92307692307692313,0.9935897435897435,0.95703627476202735,
HILL|IC50|TIED_GMM,CDDP,18,True,,0.076272302007871579,18,0,-94.924683086065599,-31.416956095072958,1,4,13,0.9735988555097681,0.92889624177441588,0.99176276771004945,0,0.5941060334004209,CDDP-P001:H|CDDP-P002:H|CDDP-P003:H|CDDP-P004:I|CDDP-P005:I|CDDP-P006:H|CDDP-P007:H|CDDP-P008:H|CDDP-P009:H|CDDP-P010:H|CDDP-P011:I|CDDP-P012:H|CDDP-P013:H|CDDP-P014:L|CDDP-P015:I|CDDP-P016:H|CDDP-P017:H|CDDP-P018:H,,1,0.92889624177441588,1,0.98366013071895431,0.99176276771004945,
HILL|IC50|TIED_GMM,CDDP_A,18,True,,0.058291111148597405,18,0,-43.199721004006506,-15.778071593755213,2,2,14,0.94991352808003693,0.94697448445666188,0.93827160493827155,1,0.77869014572471362,CDDPA-P001:H|CDDPA-P002:H|CDDPA-P003:I|CDDPA-P004:H|CDDPA-P005:H|CDDPA-P006:H|CDDPA-P007:H|CDDPA-P008:L|CDDPA-P009:H|CDDPA-P010:L|CDDPA-P011:H|CDDPA-P012:H|CDDPA-P013:H|CDDPA-P014:H|CDDPA-P015:H|CDDPA-P016:H|CDDPA-P017:I|CDDPA-P018:H,,1,0.94697448445666199,0.88888888888888884,0.99346405228758172,0.93827160493827155,
HILL|IC50|TIED_GMM,ETO,18,False,NONFINITE_REQUIRED_PROFILE_SCORE,0.084483310955755203,18,0,,,,,,,,,,,,,,,,,,
HILL|EC50|TERTILES,5FU,22,True,,0.10699274402855535,22,0,-7.5552008545886418,-4.2410126208146242,7,7,8,0.65847734363327315,0.99148826648386446,0.9767441860465117,1,0.74674050803844083,5FU-P001:H|5FU-P002:I|5FU-P003:L|5FU-P004:H|5FU-P005:H|5FU-P006:I|5FU-P007:I|5FU-P008:H|5FU-P009:H|5FU-P010:L|5FU-P011:L|5FU-P012:H|5FU-P013:L|5FU-P014:L|5FU-P015:I|5FU-P016:L|5FU-P017:H|5FU-P018:I|5FU-P019:I|5FU-P020:L|5FU-P021:I|5FU-P022:H,,1,0.99148826648386623,1,0.95454545454545459,0.9767441860465117,
HILL|EC50|TERTILES,CARBO,24,True,,0.08363204650100424,24,0,-14.85105582483942,-8.0251655581422536,8,8,8,0.68737642293233581,0.98328607579618998,0.95742667928098402,1,0.74234424490210271,Carbo-P001:H|Carbo-P002:L|Carbo-P003:H|Carbo-P004:I|Carbo-P005:I|Carbo-P006:H|Carbo-P007:H|Carbo-P008:H|Carbo-P009:L|Carbo-P010:H|Carbo-P011:I|Carbo-P012:I|Carbo-P013:L|Carbo-P014:L|Carbo-P015:H|Carbo-P016:L|Carbo-P017:I|Carbo-P018:L|Carbo-P019:H|Carbo-P020:L|Carbo-P021:L|Carbo-P022:I|Carbo-P023:I|Carbo-P024:I,,1,0.98328607579619109,0.95833333333333337,0.95652173913043492,0.95742667928098402,
HILL|EC50|TERTILES,CARBO_A,13,True,,0.052183521099441771,13,0,-15.77315871801393,-6.1222053417257891,4,4,5,0.8103586505426017,0.95615994234639234,0.92307692307692313,1,0.74835580741307173,CarboA-P001:L|CarboA-P002:I|CarboA-P003:H|CarboA-P004:L|CarboA-P005:I|CarboA-P006:L|CarboA-P007:I|CarboA-P008:L|CarboA-P009:H|CarboA-P010:I|CarboA-P011:H|CarboA-P012:H|CarboA-P013:H,,1,0.95615994234639279,0.92307692307692313,0.92307692307692291,0.92307692307692302,
HILL|EC50|TERTILES,CDDP,18,True,,0.076272302007871579,18,0,-17.246036226309908,-6.4058395108609725,6,6,6,0.56652683207158883,0.97980569747134061,0.94280762564991327,1,0.71308249144014291,CDDP-P001:H|CDDP-P002:H|CDDP-P003:I|CDDP-P004:L|CDDP-P005:L|CDDP-P006:I|CDDP-P007:I|CDDP-P008:I|CDDP-P009:I|CDDP-P010:L|CDDP-P011:L|CDDP-P012:H|CDDP-P013:H|CDDP-P014:L|CDDP-P015:L|CDDP-P016:H|CDDP-P017:H|CDDP-P018:I,,1,0.97980569747134127,0.94444444444444442,0.94117647058823528,0.94280762564991327,
HILL|EC50|TERTILES,CDDP_A,18,True,,0.058291111148597405,18,0,-5.1704639014100557,-2.0156745615367262,6,6,6,0.52276391560504465,0.98168150702349588,0.88108441158348749,1,0.68876418907212522,CDDPA-P001:H|CDDPA-P002:I|CDDPA-P003:L|CDDPA-P004:H|CDDPA-P005:I|CDDPA-P006:L|CDDPA-P007:I|CDDPA-P008:L|CDDPA-P009:I|CDDPA-P010:L|CDDPA-P011:I|CDDPA-P012:I|CDDPA-P013:H|CDDPA-P014:H|CDDPA-P015:H|CDDPA-P016:L|CDDPA-P017:L|CDDPA-P018:H,,1,0.98168150702349699,0.83333333333333337,0.934640522875817,0.88108441158348749,
HILL|EC50|TERTILES,ETO,18,True,,0.084483310955755203,18,0,-18.194238103545679,-2.9112587759954884,6,6,6,0.3704344888613742,0.99047000702289278,0.94280762564991327,1,0.6776390864979871,ETO-P001:I|ETO-P002:H|ETO-P003:L|ETO-P004:H|ETO-P005:L|ETO-P006:I|ETO-P007:I|ETO-P008:L|ETO-P009:L|ETO-P010:I|ETO-P011:I|ETO-P012:L|ETO-P013:H|ETO-P014:L|ETO-P015:H|ETO-P016:I|ETO-P017:H|ETO-P018:H,,1,0.99047000702289434,0.94444444444444442,0.94117647058823528,0.94280762564991327,
HILL|EC50|JENKS,5FU,22,True,,0.10699274402855535,22,0,-31.530295922842409,-11.753923888037152,2,4,16,0.94153055255615681,0.98770311585650827,1,1,0.80724528248824401,5FU-P001:H|5FU-P002:H|5FU-P003:H|5FU-P004:H|5FU-P005:H|5FU-P006:H|5FU-P007:H|5FU-P008:H|5FU-P009:H|5FU-P010:I|5FU-P011:I|5FU-P012:H|5FU-P013:I|5FU-P014:L|5FU-P015:H|5FU-P016:L|5FU-P017:H|5FU-P018:H|5FU-P019:H|5FU-P020:I|5FU-P021:H|5FU-P022:H,,1,0.9877031158565085,1,1,1,
HILL|EC50|JENKS,CARBO,24,True,,0.08363204650100424,24,0,-33.384867754009434,-11.645029329922874,1,10,13,0.85904690740530187,0.94018430524836494,0.98622589531680438,0,0.57381783089429506,Carbo-P001:H|Carbo-P002:I|Carbo-P003:H|Carbo-P004:I|Carbo-P005:H|Carbo-P006:H|Carbo-P007:H|Carbo-P008:H|Carbo-P009:I|Carbo-P010:H|Carbo-P011:I|Carbo-P012:H|Carbo-P013:I|Carbo-P014:I|Carbo-P015:H|Carbo-P016:I|Carbo-P017:I|Carbo-P018:I|Carbo-P019:H|Carbo-P020:I|Carbo-P021:L|Carbo-P022:H|Carbo-P023:H|Carbo-P024:H,,1,0.94018430524836494,1,0.97282608695652184,0.98622589531680438,
HILL|EC50|JENKS,CARBO_A,13,True,,0.052183521099441771,13,0,-21.915881722687679,-9.5606589284336785,2,5,6,0.88368390245426209,0.94098322718262206,0.89734464823432791,1,0.7548390597941308,CarboA-P001:L|CarboA-P002:I|CarboA-P003:H|CarboA-P004:I|CarboA-P005:I|CarboA-P006:L|CarboA-P007:I|CarboA-P008:I|CarboA-P009:H|CarboA-P010:H|CarboA-P011:H|CarboA-P012:H|CarboA-P013:H,,1,0.94098322718262228,0.84615384615384615,0.95512820512820495,0.89734464823432791,
HILL|EC50|JENKS,CDDP,18,True,,0.076272302007871579,18,0,-80.270362095644231,-32.53848357572295,1,3,14,0.95160132829021915,0.92740095236726083,0.98842975206611561,0,0.58874086694629335,CDDP-P001:H|CDDP-P002:H|CDDP-P003:H|CDDP-P004:H|CDDP-P005:I|CDDP-P006:H|CDDP-P007:H|CDDP-P008:H|CDDP-P009:H|CDDP-P010:H|CDDP-P011:I|CDDP-P012:H|CDDP-P013:H|CDDP-P014:L|CDDP-P015:I|CDDP-P016:H|CDDP-P017:H|CDDP-P018:H,,1,0.92740095236726106,1,0.97712418300653581,0.98842975206611561,
HILL|EC50|JENKS,CDDP_A,18,True,,0.058291111148597405,18,0,-35.786884036780151,-11.607352194127207,1,3,14,0.96487113309304751,0.91625483399294105,0.98842975206611561,0,0.58556936606014032,CDDPA-P001:H|CDDPA-P002:H|CDDPA-P003:I|CDDPA-P004:H|CDDPA-P005:H|CDDPA-P006:H|CDDPA-P007:H|CDDPA-P008:L|CDDPA-P009:H|CDDPA-P010:I|CDDPA-P011:H|CDDPA-P012:H|CDDPA-P013:H|CDDPA-P014:H|CDDPA-P015:H|CDDPA-P016:H|CDDPA-P017:I|CDDPA-P018:H,,1,0.91625483399294105,1,0.97712418300653581,0.98842975206611561,
HILL|EC50|JENKS,ETO,18,True,,0.084483310955755203,18,0,-156.075506770012,-30.712259788454084,1,3,14,0.97479160093450079,0.92807354923029384,0.96365348399246709,0,0.59020038902260341,ETO-P001:H|ETO-P002:H|ETO-P003:H|ETO-P004:H|ETO-P005:I|ETO-P006:H|ETO-P007:H|ETO-P008:L|ETO-P009:I|ETO-P010:H|ETO-P011:H|ETO-P012:I|ETO-P013:H|ETO-P014:H|ETO-P015:H|ETO-P016:H|ETO-P017:H|ETO-P018:H,,1,0.92807354923029384,0.94444444444444442,0.98366013071895431,0.96365348399246709,
HILL|EC50|KMEANS,5FU,22,True,,0.10699274402855535,22,0,-31.530295922842409,-11.753923888037152,2,4,16,0.94153055255615681,0.98770311585650827,1,1,0.80724528248824401,5FU-P001:H|5FU-P002:H|5FU-P003:H|5FU-P004:H|5FU-P005:H|5FU-P006:H|5FU-P007:H|5FU-P008:H|5FU-P009:H|5FU-P010:I|5FU-P011:I|5FU-P012:H|5FU-P013:I|5FU-P014:L|5FU-P015:H|5FU-P016:L|5FU-P017:H|5FU-P018:H|5FU-P019:H|5FU-P020:I|5FU-P021:H|5FU-P022:H,,1,0.9877031158565085,1,1,1,
HILL|EC50|KMEANS,CARBO,24,True,,0.08363204650100424,24,0,-33.384867754009434,-11.645029329922874,1,10,13,0.85904690740530187,0.94018430524836494,0.98622589531680438,0,0.57381783089429506,Carbo-P001:H|Carbo-P002:I|Carbo-P003:H|Carbo-P004:I|Carbo-P005:H|Carbo-P006:H|Carbo-P007:H|Carbo-P008:H|Carbo-P009:I|Carbo-P010:H|Carbo-P011:I|Carbo-P012:H|Carbo-P013:I|Carbo-P014:I|Carbo-P015:H|Carbo-P016:I|Carbo-P017:I|Carbo-P018:I|Carbo-P019:H|Carbo-P020:I|Carbo-P021:L|Carbo-P022:H|Carbo-P023:H|Carbo-P024:H,,1,0.94018430524836494,1,0.97282608695652184,0.98622589531680438,
HILL|EC50|KMEANS,CARBO_A,13,True,,0.052183521099441771,13,0,-21.915881722687679,-9.5606589284336785,2,5,6,0.88368390245426209,0.94098322718262206,0.89734464823432791,1,0.7548390597941308,CarboA-P001:L|CarboA-P002:I|CarboA-P003:H|CarboA-P004:I|CarboA-P005:I|CarboA-P006:L|CarboA-P007:I|CarboA-P008:I|CarboA-P009:H|CarboA-P010:H|CarboA-P011:H|CarboA-P012:H|CarboA-P013:H,,1,0.94098322718262228,0.84615384615384615,0.95512820512820495,0.89734464823432791,
HILL|EC50|KMEANS,CDDP,18,True,,0.076272302007871579,18,0,-80.270362095644231,-32.53848357572295,1,3,14,0.95160132829021915,0.92740095236726083,0.98842975206611561,0,0.58874086694629335,CDDP-P001:H|CDDP-P002:H|CDDP-P003:H|CDDP-P004:H|CDDP-P005:I|CDDP-P006:H|CDDP-P007:H|CDDP-P008:H|CDDP-P009:H|CDDP-P010:H|CDDP-P011:I|CDDP-P012:H|CDDP-P013:H|CDDP-P014:L|CDDP-P015:I|CDDP-P016:H|CDDP-P017:H|CDDP-P018:H,,1,0.92740095236726106,1,0.97712418300653581,0.98842975206611561,
HILL|EC50|KMEANS,CDDP_A,18,True,,0.058291111148597405,18,0,-35.786884036780151,-11.607352194127207,1,3,14,0.96487113309304751,0.91625483399294105,0.98842975206611561,0,0.58556936606014032,CDDPA-P001:H|CDDPA-P002:H|CDDPA-P003:I|CDDPA-P004:H|CDDPA-P005:H|CDDPA-P006:H|CDDPA-P007:H|CDDPA-P008:L|CDDPA-P009:H|CDDPA-P010:I|CDDPA-P011:H|CDDPA-P012:H|CDDPA-P013:H|CDDPA-P014:H|CDDPA-P015:H|CDDPA-P016:H|CDDPA-P017:I|CDDPA-P018:H,,1,0.91625483399294105,1,0.97712418300653581,0.98842975206611561,
HILL|EC50|KMEANS,ETO,18,True,,0.084483310955755203,18,0,-156.075506770012,-30.712259788454084,1,3,14,0.97479160093450079,0.92807354923029384,0.96365348399246709,0,0.59020038902260341,ETO-P001:H|ETO-P002:H|ETO-P003:H|ETO-P004:H|ETO-P005:I|ETO-P006:H|ETO-P007:H|ETO-P008:L|ETO-P009:I|ETO-P010:H|ETO-P011:H|ETO-P012:I|ETO-P013:H|ETO-P014:H|ETO-P015:H|ETO-P016:H|ETO-P017:H|ETO-P018:H,,1,0.92807354923029384,0.94444444444444442,0.98366013071895431,0.96365348399246709,
HILL|EC50|WARD,5FU,22,True,,0.10699274402855535,22,0,-31.530295922842409,-11.753923888037152,2,4,16,0.94153055255615681,0.98770311585650827,1,1,0.80724528248824401,5FU-P001:H|5FU-P002:H|5FU-P003:H|5FU-P004:H|5FU-P005:H|5FU-P006:H|5FU-P007:H|5FU-P008:H|5FU-P009:H|5FU-P010:I|5FU-P011:I|5FU-P012:H|5FU-P013:I|5FU-P014:L|5FU-P015:H|5FU-P016:L|5FU-P017:H|5FU-P018:H|5FU-P019:H|5FU-P020:I|5FU-P021:H|5FU-P022:H,,1,0.9877031158565085,1,1,1,
HILL|EC50|WARD,CARBO,24,True,,0.08363204650100424,24,0,-33.384867754009434,-9.447219434071469,1,12,11,0.84227303702552181,0.93434476582183568,0.93443152454780365,0,0.55893627477923302,Carbo-P001:H|Carbo-P002:I|Carbo-P003:H|Carbo-P004:I|Carbo-P005:H|Carbo-P006:H|Carbo-P007:H|Carbo-P008:H|Carbo-P009:I|Carbo-P010:H|Carbo-P011:I|Carbo-P012:H|Carbo-P013:I|Carbo-P014:I|Carbo-P015:H|Carbo-P016:I|Carbo-P017:I|Carbo-P018:I|Carbo-P019:H|Carbo-P020:I|Carbo-P021:L|Carbo-P022:I|Carbo-P023:I|Carbo-P024:H,,1,0.93434476582183568,0.91666666666666663,0.95289855072463769,0.93443152454780365,
HILL|EC50|WARD,CARBO_A,13,True,,0.052183521099441771,13,0,-29.837551200712618,-6.1222053417257891,1,7,5,0.85066090082359924,0.86287634649649669,0.84293653114945888,0,0.52173145991379932,CarboA-P001:L|CarboA-P002:I|CarboA-P003:H|CarboA-P004:I|CarboA-P005:I|CarboA-P006:I|CarboA-P007:I|CarboA-P008:I|CarboA-P009:H|CarboA-P010:I|CarboA-P011:H|CarboA-P012:H|CarboA-P013:H,,1,0.8628763464964968,0.84615384615384615,0.83974358974358965,0.84293653114945888,
HILL|EC50|WARD,CDDP,18,True,,0.076272302007871579,18,0,-80.270362095644231,-32.53848357572295,1,3,14,0.95160132829021915,0.92740095236726083,0.98842975206611561,0,0.58874086694629335,CDDP-P001:H|CDDP-P002:H|CDDP-P003:H|CDDP-P004:H|CDDP-P005:I|CDDP-P006:H|CDDP-P007:H|CDDP-P008:H|CDDP-P009:H|CDDP-P010:H|CDDP-P011:I|CDDP-P012:H|CDDP-P013:H|CDDP-P014:L|CDDP-P015:I|CDDP-P016:H|CDDP-P017:H|CDDP-P018:H,,1,0.92740095236726106,1,0.97712418300653581,0.98842975206611561,
HILL|EC50|WARD,CDDP_A,18,True,,0.058291111148597405,18,0,-35.786884036780151,-11.607352194127207,1,3,14,0.96487113309304751,0.91625483399294105,0.98842975206611561,0,0.58556936606014032,CDDPA-P001:H|CDDPA-P002:H|CDDPA-P003:I|CDDPA-P004:H|CDDPA-P005:H|CDDPA-P006:H|CDDPA-P007:H|CDDPA-P008:L|CDDPA-P009:H|CDDPA-P010:I|CDDPA-P011:H|CDDPA-P012:H|CDDPA-P013:H|CDDPA-P014:H|CDDPA-P015:H|CDDPA-P016:H|CDDPA-P017:I|CDDPA-P018:H,,1,0.91625483399294105,1,0.97712418300653581,0.98842975206611561,
HILL|EC50|WARD,ETO,18,True,,0.084483310955755203,18,0,-156.075506770012,-30.712259788454084,1,3,14,0.97479160093450079,0.91722710548597186,0.93092041253162083,0,0.58148448598156965,ETO-P001:H|ETO-P002:H|ETO-P003:H|ETO-P004:H|ETO-P005:I|ETO-P006:H|ETO-P007:H|ETO-P008:L|ETO-P009:I|ETO-P010:H|ETO-P011:H|ETO-P012:I|ETO-P013:H|ETO-P014:H|ETO-P015:H|ETO-P016:H|ETO-P017:H|ETO-P018:H,,1,0.91722710548597186,0.88888888888888884,0.97712418300653581,0.93092041253162083,
HILL|EC50|TIED_GMM,5FU,22,True,,0.10699274402855535,22,0,-31.530295922842409,-11.753923888037152,2,4,16,0.94153055255615681,0.98770311585650827,1,1,0.80724528248824401,5FU-P001:H|5FU-P002:H|5FU-P003:H|5FU-P004:H|5FU-P005:H|5FU-P006:H|5FU-P007:H|5FU-P008:H|5FU-P009:H|5FU-P010:I|5FU-P011:I|5FU-P012:H|5FU-P013:I|5FU-P014:L|5FU-P015:H|5FU-P016:L|5FU-P017:H|5FU-P018:H|5FU-P019:H|5FU-P020:I|5FU-P021:H|5FU-P022:H,,1,0.9877031158565085,1,1,1,
HILL|EC50|TIED_GMM,CARBO,24,True,,0.08363204650100424,24,0,-33.384867754009434,-13.436276580133006,1,8,15,0.8509892682302288,0.9375659496750598,0.95469639468690703,0,0.5653767318186399,Carbo-P001:H|Carbo-P002:I|Carbo-P003:H|Carbo-P004:I|Carbo-P005:H|Carbo-P006:H|Carbo-P007:H|Carbo-P008:H|Carbo-P009:I|Carbo-P010:H|Carbo-P011:H|Carbo-P012:H|Carbo-P013:I|Carbo-P014:I|Carbo-P015:H|Carbo-P016:I|Carbo-P017:H|Carbo-P018:I|Carbo-P019:H|Carbo-P020:I|Carbo-P021:L|Carbo-P022:H|Carbo-P023:H|Carbo-P024:H,,1,0.93756594967505991,0.95833333333333337,0.95108695652173925,0.95469639468690703,
HILL|EC50|TIED_GMM,CARBO_A,13,True,,0.052183521099441771,13,0,-29.837551200712618,-9.5606589284336785,1,6,6,0.86775878665166761,0.90930890311151169,0.88876591034864416,0,0.54360342424225305,CarboA-P001:L|CarboA-P002:I|CarboA-P003:H|CarboA-P004:I|CarboA-P005:I|CarboA-P006:I|CarboA-P007:I|CarboA-P008:I|CarboA-P009:H|CarboA-P010:H|CarboA-P011:H|CarboA-P012:H|CarboA-P013:H,,1,0.90930890311151191,0.84615384615384615,0.9358974358974359,0.88876591034864427,
HILL|EC50|TIED_GMM,CDDP,18,True,,0.076272302007871579,18,0,-80.270362095644231,-32.53848357572295,1,3,14,0.95160132829021915,0.92740095236726083,0.98842975206611561,0,0.58874086694629335,CDDP-P001:H|CDDP-P002:H|CDDP-P003:H|CDDP-P004:H|CDDP-P005:I|CDDP-P006:H|CDDP-P007:H|CDDP-P008:H|CDDP-P009:H|CDDP-P010:H|CDDP-P011:I|CDDP-P012:H|CDDP-P013:H|CDDP-P014:L|CDDP-P015:I|CDDP-P016:H|CDDP-P017:H|CDDP-P018:H,,1,0.92740095236726106,1,0.97712418300653581,0.98842975206611561,
HILL|EC50|TIED_GMM,CDDP_A,18,True,,0.058291111148597405,18,0,-35.786884036780151,-11.607352194127207,1,3,14,0.96487113309304751,0.94977121213032056,0.99836333878887074,0,0.59425935903216731,CDDPA-P001:H|CDDPA-P002:H|CDDPA-P003:I|CDDPA-P004:H|CDDPA-P005:H|CDDPA-P006:H|CDDPA-P007:H|CDDPA-P008:L|CDDPA-P009:H|CDDPA-P010:I|CDDPA-P011:H|CDDPA-P012:H|CDDPA-P013:H|CDDPA-P014:H|CDDPA-P015:H|CDDPA-P016:H|CDDPA-P017:I|CDDPA-P018:H,,1,0.94977121213032056,1,0.99673202614379086,0.99836333878887074,
HILL|EC50|TIED_GMM,ETO,18,True,,0.084483310955755203,18,0,-156.075506770012,-30.712259788454084,1,3,14,0.97479160093450079,0.92854840330087418,0.96521902613273169,0,0.59060846826477231,ETO-P001:H|ETO-P002:H|ETO-P003:H|ETO-P004:H|ETO-P005:I|ETO-P006:H|ETO-P007:H|ETO-P008:L|ETO-P009:I|ETO-P010:H|ETO-P011:H|ETO-P012:I|ETO-P013:H|ETO-P014:H|ETO-P015:H|ETO-P016:H|ETO-P017:H|ETO-P018:H,,1,0.92854840330087418,0.94444444444444442,0.98692810457516345,0.96521902613273169,
HILL|EMAX|TERTILES,5FU,22,True,,0.10699274402855535,22,0,0.96205109992746418,0.99491083268815261,7,7,8,0.41851832664647287,0.99541211070954427,0.9767441860465117,1,0.69953347348621686,5FU-P001:H|5FU-P002:H|5FU-P003:L|5FU-P004:L|5FU-P005:I|5FU-P006:L|5FU-P007:L|5FU-P008:I|5FU-P009:H|5FU-P010:I|5FU-P011:L|5FU-P012:L|5FU-P013:L|5FU-P014:I|5FU-P015:I|5FU-P016:H|5FU-P017:H|5FU-P018:I|5FU-P019:I|5FU-P020:H|5FU-P021:H|5FU-P022:H,,1,0.99541211070954427,1,0.95454545454545459,0.9767441860465117,
HILL|EMAX|TERTILES,CARBO,24,True,,0.08363204650100424,24,0,0.98913524145116083,1.007290716495254,8,8,8,0.38764664336025773,0.99511116134519062,0.97397769516728627,1,0.68807350927474775,Carbo-P001:H|Carbo-P002:I|Carbo-P003:H|Carbo-P004:L|Carbo-P005:H|Carbo-P006:H|Carbo-P007:I|Carbo-P008:L|Carbo-P009:L|Carbo-P010:H|Carbo-P011:H|Carbo-P012:L|Carbo-P013:L|Carbo-P014:I|Carbo-P015:L|Carbo-P016:I|Carbo-P017:L|Carbo-P018:I|Carbo-P019:I|Carbo-P020:I|Carbo-P021:H|Carbo-P022:I|Carbo-P023:L|Carbo-P024:H,,1,0.99511116134519062,1,0.94927536231884069,0.97397769516728627,
HILL|EMAX|TERTILES,CARBO_A,13,True,,0.052183521099441771,13,0,0.97162424635028,0.99755994455448005,4,4,5,0.3179849393425993,0.99217285291041302,0.96000000000000008,1,0.66446826267049075,CarboA-P001:I|CarboA-P002:I|CarboA-P003:L|CarboA-P004:L|CarboA-P005:H|CarboA-P006:H|CarboA-P007:H|CarboA-P008:I|CarboA-P009:H|CarboA-P010:L|CarboA-P011:I|CarboA-P012:H|CarboA-P013:L,,1,0.99217285291041324,1,0.92307692307692313,0.96000000000000008,
HILL|EMAX|TERTILES,CDDP,18,True,,0.076272302007871579,18,0,0.96903897750842882,0.99132193475704877,6,6,6,0.49044877820992405,0.98857437812774429,0.91428571428571426,1,0.69391623452625084,CDDP-P001:I|CDDP-P002:H|CDDP-P003:H|CDDP-P004:L|CDDP-P005:H|CDDP-P006:I|CDDP-P007:H|CDDP-P008:L|CDDP-P009:H|CDDP-P010:L|CDDP-P011:I|CDDP-P012:I|CDDP-P013:L|CDDP-P014:L|CDDP-P015:L|CDDP-P016:I|CDDP-P017:I|CDDP-P018:H,,1,0.9885743781277454,0.88888888888888884,0.94117647058823528,0.91428571428571426,
HILL|EMAX|TERTILES,CDDP_A,18,True,,0.058291111148597405,18,0,0.83017483085699395,0.98549550071496184,6,6,6,0.71535867195732372,0.96528719442880007,0.91119076065312621,1,0.73002554763756955,CDDPA-P001:H|CDDPA-P002:L|CDDPA-P003:H|CDDPA-P004:H|CDDPA-P005:H|CDDPA-P006:H|CDDPA-P007:I|CDDPA-P008:L|CDDPA-P009:I|CDDPA-P010:L|CDDPA-P011:L|CDDPA-P012:I|CDDPA-P013:I|CDDPA-P014:L|CDDPA-P015:I|CDDPA-P016:H|CDDPA-P017:L|CDDPA-P018:I,,1,0.96528719442880062,0.88888888888888884,0.934640522875817,0.91119076065312621,
HILL|EMAX|TERTILES,ETO,18,True,,0.084483310955755203,18,0,0.2806707857981976,0.65619264653246367,6,6,6,0.87524931231431857,0.95205934920734292,0.91428571428571426,1,0.76521553735262615,ETO-P001:L|ETO-P002:H|ETO-P003:L|ETO-P004:H|ETO-P005:H|ETO-P006:H|ETO-P007:H|ETO-P008:L|ETO-P009:I|ETO-P010:I|ETO-P011:I|ETO-P012:H|ETO-P013:L|ETO-P014:L|ETO-P015:I|ETO-P016:I|ETO-P017:L|ETO-P018:I,,1,0.95205934920734314,0.88888888888888884,0.94117647058823506,0.91428571428571415,
HILL|EMAX|JENKS,5FU,22,True,,0.10699274402855535,22,0,0.4564418337040656,0.90107294091296575,1,4,17,0.96693016400458287,0.94348325981920156,0.99783080260303691,0,0.60304739409107522,5FU-P001:H|5FU-P002:H|5FU-P003:H|5FU-P004:I|5FU-P005:H|5FU-P006:I|5FU-P007:H|5FU-P008:H|5FU-P009:H|5FU-P010:H|5FU-P011:I|5FU-P012:L|5FU-P013:I|5FU-P014:H|5FU-P015:H|5FU-P016:H|5FU-P017:H|5FU-P018:H|5FU-P019:H|5FU-P020:H|5FU-P021:H|5FU-P022:H,,1,0.94348325981920156,1,0.99567099567099571,0.99783080260303691,
HILL|EMAX|JENKS,CARBO,24,True,,0.08363204650100424,24,0,0.86499014985371692,0.99454271357628343,1,9,14,0.92471852469385307,0.93758329307347399,0.96104304115614192,0,0.58139538108489464,Carbo-P001:H|Carbo-P002:H|Carbo-P003:H|Carbo-P004:I|Carbo-P005:H|Carbo-P006:H|Carbo-P007:H|Carbo-P008:I|Carbo-P009:I|Carbo-P010:H|Carbo-P011:H|Carbo-P012:I|Carbo-P013:I|Carbo-P014:I|Carbo-P015:I|Carbo-P016:H|Carbo-P017:L|Carbo-P018:H|Carbo-P019:H|Carbo-P020:H|Carbo-P021:H|Carbo-P022:I|Carbo-P023:I|Carbo-P024:H,,1,0.93758329307347399,0.95833333333333337,0.96376811594202894,0.96104304115614192,
HILL|EMAX|JENKS,CARBO_A,13,True,,0.052183521099441771,13,0,0.73972109657000307,0.97162424635028,1,3,9,0.99488296807914978,0.91700935593987865,0.94802494802494808,0,0.58242015862868368,CarboA-P001:H|CarboA-P002:H|CarboA-P003:I|CarboA-P004:L|CarboA-P005:H|CarboA-P006:H|CarboA-P007:H|CarboA-P008:H|CarboA-P009:H|CarboA-P010:I|CarboA-P011:H|CarboA-P012:H|CarboA-P013:I,,1,0.91700935593987887,0.92307692307692313,0.97435897435897434,0.94802494802494808,
HILL|EMAX|JENKS,CDDP,18,True,,0.076272302007871579,18,0,0.67714912689912754,0.89577646932909305,1,2,15,0.91418827766060284,0.91157069705679084,0.95093547155402824,0,0.57059334965585873,CDDP-P001:H|CDDP-P002:H|CDDP-P003:H|CDDP-P004:L|CDDP-P005:H|CDDP-P006:H|CDDP-P007:H|CDDP-P008:H|CDDP-P009:H|CDDP-P010:H|CDDP-P011:H|CDDP-P012:H|CDDP-P013:H|CDDP-P014:I|CDDP-P015:I|CDDP-P016:H|CDDP-P017:H|CDDP-P018:H,,1,0.91157069705679084,0.94444444444444442,0.95751633986928097,0.95093547155402824,
HILL|EMAX|JENKS,CDDP_A,18,True,,0.058291111148597405,18,0,0.63765183821961025,0.9185021406783388,2,6,10,0.94728924364595946,0.96899834232422299,0.99507389162561577,1,0.79393051774887913,CDDPA-P001:H|CDDPA-P002:I|CDDPA-P003:H|CDDPA-P004:H|CDDPA-P005:H|CDDPA-P006:H|CDDPA-P007:I|CDDPA-P008:I|CDDPA-P009:H|CDDPA-P010:L|CDDPA-P011:I|CDDPA-P012:I|CDDPA-P013:H|CDDPA-P014:I|CDDPA-P015:H|CDDPA-P016:H|CDDPA-P017:L|CDDPA-P018:H,,1,0.96899834232422322,1,0.99019607843137258,0.99507389162561577,
HILL|EMAX|JENKS,ETO,18,True,,0.084483310955755203,18,0,0.39131348881465422,0.81131959641409002,8,6,4,0.90947588915327038,0.97868743034578864,0.93534649632210609,1,0.78159862535538394,ETO-P001:L|ETO-P002:I|ETO-P003:L|ETO-P004:H|ETO-P005:H|ETO-P006:H|ETO-P007:H|ETO-P008:L|ETO-P009:I|ETO-P010:L|ETO-P011:L|ETO-P012:I|ETO-P013:L|ETO-P014:L|ETO-P015:I|ETO-P016:I|ETO-P017:L|ETO-P018:I,,1,0.97868743034578887,0.88888888888888884,0.98692810457516345,0.93534649632210609,
HILL|EMAX|KMEANS,5FU,22,True,,0.10699274402855535,22,0,0.4564418337040656,0.90107294091296575,1,4,17,0.96693016400458287,0.94348325981920156,0.99783080260303691,0,0.60304739409107522,5FU-P001:H|5FU-P002:H|5FU-P003:H|5FU-P004:I|5FU-P005:H|5FU-P006:I|5FU-P007:H|5FU-P008:H|5FU-P009:H|5FU-P010:H|5FU-P011:I|5FU-P012:L|5FU-P013:I|5FU-P014:H|5FU-P015:H|5FU-P016:H|5FU-P017:H|5FU-P018:H|5FU-P019:H|5FU-P020:H|5FU-P021:H|5FU-P022:H,,1,0.94348325981920156,1,0.99567099567099571,0.99783080260303691,
HILL|EMAX|KMEANS,CARBO,24,True,,0.08363204650100424,24,0,0.86499014985371692,0.99454271357628343,1,9,14,0.92471852469385307,0.93758329307347399,0.96104304115614192,0,0.58139538108489464,Carbo-P001:H|Carbo-P002:H|Carbo-P003:H|Carbo-P004:I|Carbo-P005:H|Carbo-P006:H|Carbo-P007:H|Carbo-P008:I|Carbo-P009:I|Carbo-P010:H|Carbo-P011:H|Carbo-P012:I|Carbo-P013:I|Carbo-P014:I|Carbo-P015:I|Carbo-P016:H|Carbo-P017:L|Carbo-P018:H|Carbo-P019:H|Carbo-P020:H|Carbo-P021:H|Carbo-P022:I|Carbo-P023:I|Carbo-P024:H,,1,0.93758329307347399,0.95833333333333337,0.96376811594202894,0.96104304115614192,
HILL|EMAX|KMEANS,CARBO_A,13,True,,0.052183521099441771,13,0,0.73972109657000307,0.97162424635028,1,3,9,0.99488296807914978,0.91700935593987865,0.94802494802494808,0,0.58242015862868368,CarboA-P001:H|CarboA-P002:H|CarboA-P003:I|CarboA-P004:L|CarboA-P005:H|CarboA-P006:H|CarboA-P007:H|CarboA-P008:H|CarboA-P009:H|CarboA-P010:I|CarboA-P011:H|CarboA-P012:H|CarboA-P013:I,,1,0.91700935593987887,0.92307692307692313,0.97435897435897434,0.94802494802494808,
HILL|EMAX|KMEANS,CDDP,18,True,,0.076272302007871579,18,0,0.67714912689912754,0.89577646932909305,1,2,15,0.91418827766060284,0.89233686967937642,0.95918367346938782,0,0.56839622456344774,CDDP-P001:H|CDDP-P002:H|CDDP-P003:H|CDDP-P004:L|CDDP-P005:H|CDDP-P006:H|CDDP-P007:H|CDDP-P008:H|CDDP-P009:H|CDDP-P010:H|CDDP-P011:H|CDDP-P012:H|CDDP-P013:H|CDDP-P014:I|CDDP-P015:I|CDDP-P016:H|CDDP-P017:H|CDDP-P018:H,,1,0.89233686967937642,1,0.92156862745098023,0.95918367346938771,
HILL|EMAX|KMEANS,CDDP_A,18,True,,0.058291111148597405,18,0,0.63765183821961025,0.9185021406783388,2,6,10,0.94728924364595946,0.96899834232422299,0.99507389162561577,1,0.79393051774887913,CDDPA-P001:H|CDDPA-P002:I|CDDPA-P003:H|CDDPA-P004:H|CDDPA-P005:H|CDDPA-P006:H|CDDPA-P007:I|CDDPA-P008:I|CDDPA-P009:H|CDDPA-P010:L|CDDPA-P011:I|CDDPA-P012:I|CDDPA-P013:H|CDDPA-P014:I|CDDPA-P015:H|CDDPA-P016:H|CDDPA-P017:L|CDDPA-P018:H,,1,0.96899834232422322,1,0.99019607843137258,0.99507389162561577,
HILL|EMAX|KMEANS,ETO,18,True,,0.084483310955755203,18,0,0.39131348881465422,0.81131959641409002,8,6,4,0.90947588915327038,0.97868743034578864,0.93534649632210609,1,0.78159862535538394,ETO-P001:L|ETO-P002:I|ETO-P003:L|ETO-P004:H|ETO-P005:H|ETO-P006:H|ETO-P007:H|ETO-P008:L|ETO-P009:I|ETO-P010:L|ETO-P011:L|ETO-P012:I|ETO-P013:L|ETO-P014:L|ETO-P015:I|ETO-P016:I|ETO-P017:L|ETO-P018:I,,1,0.97868743034578887,0.88888888888888884,0.98692810457516345,0.93534649632210609,
HILL|EMAX|WARD,5FU,22,True,,0.10699274402855535,22,0,0.4564418337040656,0.90107294091296575,1,4,17,0.96693016400458287,0.94348325981920156,0.99783080260303691,0,0.60304739409107522,5FU-P001:H|5FU-P002:H|5FU-P003:H|5FU-P004:I|5FU-P005:H|5FU-P006:I|5FU-P007:H|5FU-P008:H|5FU-P009:H|5FU-P010:H|5FU-P011:I|5FU-P012:L|5FU-P013:I|5FU-P014:H|5FU-P015:H|5FU-P016:H|5FU-P017:H|5FU-P018:H|5FU-P019:H|5FU-P020:H|5FU-P021:H|5FU-P022:H,,1,0.94348325981920156,1,0.99567099567099571,0.99783080260303691,
HILL|EMAX|WARD,CARBO,24,True,,0.08363204650100424,24,0,0.86499014985371692,0.97152921540185322,1,3,20,0.9177274584337024,0.92598387805688087,0.93798262548262545,0,0.57306520169484254,Carbo-P001:H|Carbo-P002:H|Carbo-P003:H|Carbo-P004:H|Carbo-P005:H|Carbo-P006:H|Carbo-P007:H|Carbo-P008:I|Carbo-P009:I|Carbo-P010:H|Carbo-P011:H|Carbo-P012:H|Carbo-P013:H|Carbo-P014:H|Carbo-P015:H|Carbo-P016:H|Carbo-P017:L|Carbo-P018:H|Carbo-P019:H|Carbo-P020:H|Carbo-P021:H|Carbo-P022:H|Carbo-P023:I|Carbo-P024:H,,1,0.92598387805688098,0.95833333333333337,0.91847826086956508,0.93798262548262545,
HILL|EMAX|WARD,CARBO_A,13,True,,0.052183521099441771,13,0,0.73972109657000307,0.98775017644991925,1,5,7,0.99228063353964346,0.91580479342640331,0.93259318001586056,0,0.57857242561626987,CarboA-P001:H|CarboA-P002:I|CarboA-P003:I|CarboA-P004:L|CarboA-P005:H|CarboA-P006:H|CarboA-P007:H|CarboA-P008:H|CarboA-P009:H|CarboA-P010:I|CarboA-P011:I|CarboA-P012:H|CarboA-P013:I,,1,0.91580479342640342,0.92307692307692313,0.94230769230769229,0.93259318001586045,
HILL|EMAX|WARD,CDDP,18,True,,0.076272302007871579,18,0,0.67714912689912754,0.89577646932909305,1,2,15,0.91418827766060284,0.91289693195697974,0.95254431103487702,0,0.57118036453206622,CDDP-P001:H|CDDP-P002:H|CDDP-P003:H|CDDP-P004:L|CDDP-P005:H|CDDP-P006:H|CDDP-P007:H|CDDP-P008:H|CDDP-P009:H|CDDP-P010:H|CDDP-P011:H|CDDP-P012:H|CDDP-P013:H|CDDP-P014:I|CDDP-P015:I|CDDP-P016:H|CDDP-P017:H|CDDP-P018:H,,1,0.91289693195697996,0.94444444444444442,0.96078431372549011,0.95254431103487702,
HILL|EMAX|WARD,CDDP_A,18,True,,0.058291111148597405,18,0,0.63765183821961025,0.9185021406783388,2,6,10,0.94728924364595946,0.96899834232422299,0.99507389162561577,1,0.79393051774887913,CDDPA-P001:H|CDDPA-P002:I|CDDPA-P003:H|CDDPA-P004:H|CDDPA-P005:H|CDDPA-P006:H|CDDPA-P007:I|CDDPA-P008:I|CDDPA-P009:H|CDDPA-P010:L|CDDPA-P011:I|CDDPA-P012:I|CDDPA-P013:H|CDDPA-P014:I|CDDPA-P015:H|CDDPA-P016:H|CDDPA-P017:L|CDDPA-P018:H,,1,0.96899834232422322,1,0.99019607843137258,0.99507389162561577,
HILL|EMAX|WARD,ETO,18,True,,0.084483310955755203,18,0,0.3280003461923891,0.81131959641409002,7,7,4,0.90116725108434526,0.91529011264601701,0.88685015290519886,1,0.75755816551826327,ETO-P001:L|ETO-P002:I|ETO-P003:L|ETO-P004:H|ETO-P005:H|ETO-P006:H|ETO-P007:H|ETO-P008:L|ETO-P009:I|ETO-P010:I|ETO-P011:L|ETO-P012:I|ETO-P013:L|ETO-P014:L|ETO-P015:I|ETO-P016:I|ETO-P017:L|ETO-P018:I,,1,0.91529011264601723,0.83333333333333337,0.94771241830065356,0.88685015290519886,
HILL|EMAX|TIED_GMM,5FU,22,True,,0.10699274402855535,22,0,0.4564418337040656,0.90107294091296575,1,4,17,0.96693016400458287,0.94348325981920156,0.99783080260303691,0,0.60304739409107522,5FU-P001:H|5FU-P002:H|5FU-P003:H|5FU-P004:I|5FU-P005:H|5FU-P006:I|5FU-P007:H|5FU-P008:H|5FU-P009:H|5FU-P010:H|5FU-P011:I|5FU-P012:L|5FU-P013:I|5FU-P014:H|5FU-P015:H|5FU-P016:H|5FU-P017:H|5FU-P018:H|5FU-P019:H|5FU-P020:H|5FU-P021:H|5FU-P022:H,,1,0.94348325981920156,1,0.99567099567099571,0.99783080260303691,
HILL|EMAX|TIED_GMM,CARBO,24,True,,0.08363204650100424,24,0,0.86499014985371692,0.97152921540185322,1,3,20,0.9177274584337024,0.93574223554329872,0.98529411764705888,0,0.58447917162501284,Carbo-P001:H|Carbo-P002:H|Carbo-P003:H|Carbo-P004:H|Carbo-P005:H|Carbo-P006:H|Carbo-P007:H|Carbo-P008:I|Carbo-P009:I|Carbo-P010:H|Carbo-P011:H|Carbo-P012:H|Carbo-P013:H|Carbo-P014:H|Carbo-P015:H|Carbo-P016:H|Carbo-P017:L|Carbo-P018:H|Carbo-P019:H|Carbo-P020:H|Carbo-P021:H|Carbo-P022:H|Carbo-P023:I|Carbo-P024:H,,1,0.93574223554329872,1,0.97101449275362317,0.98529411764705888,
HILL|EMAX|TIED_GMM,CARBO_A,13,True,,0.052183521099441771,13,0,0.73972109657000307,0.97162424635028,1,3,9,0.99488296807914978,0.91700935593987865,0.94802494802494808,0,0.58242015862868368,CarboA-P001:H|CarboA-P002:H|CarboA-P003:I|CarboA-P004:L|CarboA-P005:H|CarboA-P006:H|CarboA-P007:H|CarboA-P008:H|CarboA-P009:H|CarboA-P010:I|CarboA-P011:H|CarboA-P012:H|CarboA-P013:I,,1,0.91700935593987887,0.92307692307692313,0.97435897435897434,0.94802494802494808,
HILL|EMAX|TIED_GMM,CDDP,18,True,,0.076272302007871579,18,1,0.67714912689912754,0.89577646932909305,1,2,15,0.91418827766060284,0.89556336751314525,0.94280762564991338,0,0.56576631456630655,CDDP-P001:H|CDDP-P002:H|CDDP-P003:H|CDDP-P004:L|CDDP-P005:H|CDDP-P006:H|CDDP-P007:H|CDDP-P008:H|CDDP-P009:H|CDDP-P010:H|CDDP-P011:H|CDDP-P012:H|CDDP-P013:H|CDDP-P014:I|CDDP-P015:I|CDDP-P016:H|CDDP-P017:H|CDDP-P018:H,,0.94444444444444442,0.94824356560215406,1,0.99653979238754331,0.99826689774696709,
HILL|EMAX|TIED_GMM,CDDP_A,18,True,,0.058291111148597405,18,0,0.63765183821961025,0.9185021406783388,2,6,10,0.94728924364595946,0.96021023919667825,0.99176276771004945,1,0.79151067234025696,CDDPA-P001:H|CDDPA-P002:I|CDDPA-P003:H|CDDPA-P004:H|CDDPA-P005:H|CDDPA-P006:H|CDDPA-P007:I|CDDPA-P008:I|CDDPA-P009:H|CDDPA-P010:L|CDDPA-P011:I|CDDPA-P012:I|CDDPA-P013:H|CDDPA-P014:I|CDDPA-P015:H|CDDPA-P016:H|CDDPA-P017:L|CDDPA-P018:H,,1,0.96021023919667825,1,0.98366013071895431,0.99176276771004945,
HILL|EMAX|TIED_GMM,ETO,18,True,,0.084483310955755203,18,0,0.4452784820140025,0.81131959641409002,9,5,4,0.90692153367410733,0.95960122701131612,0.95892485330304755,1,0.7819861849888452,ETO-P001:L|ETO-P002:I|ETO-P003:L|ETO-P004:H|ETO-P005:H|ETO-P006:H|ETO-P007:H|ETO-P008:L|ETO-P009:I|ETO-P010:L|ETO-P011:L|ETO-P012:I|ETO-P013:L|ETO-P014:L|ETO-P015:I|ETO-P016:L|ETO-P017:L|ETO-P018:I,,1,0.95960122701131634,0.94444444444444442,0.97385620915032667,0.95892485330304744,
LOGISTIC|IC50|TERTILES,5FU,22,False,NONFINITE_REQUIRED_PROFILE_SCORE,0.058425197232597502,22,0,,,,,,,,,,,,,,,,,,
LOGISTIC|IC50|TERTILES,CARBO,24,True,,0.12898214161917967,24,0,-14.882700569393329,-8.0817566889542398,8,8,8,0.82715495144211471,0.94811294514474032,0.95742667928098402,1,0.77233534349740374,Carbo-P001:H|Carbo-P002:L|Carbo-P003:H|Carbo-P004:I|Carbo-P005:I|Carbo-P006:I|Carbo-P007:H|Carbo-P008:H|Carbo-P009:L|Carbo-P010:H|Carbo-P011:I|Carbo-P012:I|Carbo-P013:L|Carbo-P014:L|Carbo-P015:H|Carbo-P016:L|Carbo-P017:L|Carbo-P018:L|Carbo-P019:H|Carbo-P020:H|Carbo-P021:L|Carbo-P022:I|Carbo-P023:I|Carbo-P024:I,,1,0.94811294514474076,0.95833333333333337,0.95652173913043492,0.95742667928098402,
LOGISTIC|IC50|TERTILES,CARBO_A,13,True,,0.0470307616675412,13,0,-16.041015920335077,-6.9943359496592521,4,4,5,0.6382156870566047,0.97841839776083384,0.92307692307692313,1,0.71734835391238061,CarboA-P001:L|CarboA-P002:I|CarboA-P003:H|CarboA-P004:L|CarboA-P005:H|CarboA-P006:L|CarboA-P007:I|CarboA-P008:L|CarboA-P009:H|CarboA-P010:I|CarboA-P011:H|CarboA-P012:H|CarboA-P013:I,,1,0.97841839776083428,0.92307692307692313,0.92307692307692291,0.92307692307692302,
LOGISTIC|IC50|TERTILES,CDDP,18,True,,0.10908903181917252,18,0,-21.097591862027716,-6.7872239699249359,6,6,6,0.4950642390394091,0.96747164059055546,0.91428571428571426,1,0.69718212514697031,CDDP-P001:H|CDDP-P002:H|CDDP-P003:I|CDDP-P004:L|CDDP-P005:L|CDDP-P006:I|CDDP-P007:I|CDDP-P008:I|CDDP-P009:I|CDDP-P010:L|CDDP-P011:L|CDDP-P012:H|CDDP-P013:H|CDDP-P014:L|CDDP-P015:L|CDDP-P016:H|CDDP-P017:H|CDDP-P018:I,,1,0.96747164059055579,0.88888888888888884,0.94117647058823528,0.91428571428571426,
LOGISTIC|IC50|TERTILES,CDDP_A,18,True,,0.070835348230344305,18,0,-8.0504472072773012,-1.890921493945803,6,6,6,0.64497030399442057,0.96177794888392487,0.91428571428571426,1,0.71837386307888074,CDDPA-P001:H|CDDPA-P002:I|CDDPA-P003:L|CDDPA-P004:H|CDDPA-P005:I|CDDPA-P006:H|CDDPA-P007:I|CDDPA-P008:L|CDDPA-P009:H|CDDPA-P010:L|CDDPA-P011:I|CDDPA-P012:L|CDDPA-P013:I|CDDPA-P014:L|CDDPA-P015:H|CDDPA-P016:H|CDDPA-P017:L|CDDPA-P018:I,,1,0.96177794888392554,0.88888888888888884,0.94117647058823528,0.91428571428571426,
LOGISTIC|IC50|TERTILES,ETO,18,False,NONFINITE_REQUIRED_PROFILE_SCORE,0.052649999157459,18,0,,,,,,,,,,,,,,,,,,
LOGISTIC|IC50|JENKS,5FU,22,False,NONFINITE_REQUIRED_PROFILE_SCORE,0.058425197232597502,22,0,,,,,,,,,,,,,,,,,,
LOGISTIC|IC50|JENKS,CARBO,24,True,,0.12898214161917967,24,0,-18.147491322115247,-6.3868484019854304,7,11,6,0.85083828061884625,0.945701518702739,0.91028192371475958,1,0.76716077293110485,Carbo-P001:H|Carbo-P002:L|Carbo-P003:I|Carbo-P004:I|Carbo-P005:I|Carbo-P006:I|Carbo-P007:H|Carbo-P008:I|Carbo-P009:L|Carbo-P010:H|Carbo-P011:I|Carbo-P012:I|Carbo-P013:I|Carbo-P014:L|Carbo-P015:H|Carbo-P016:L|Carbo-P017:L|Carbo-P018:L|Carbo-P019:H|Carbo-P020:H|Carbo-P021:L|Carbo-P022:I|Carbo-P023:I|Carbo-P024:I,,1,0.94570151870273922,0.91666666666666663,0.90398550724637683,0.91028192371475947,
LOGISTIC|IC50|JENKS,CARBO_A,13,True,,0.0470307616675412,13,0,-57.662962968538203,-24.195659484164857,1,2,10,0.9292114311358769,0.90589578265350934,0.96345514950166111,0,0.56911862499171773,CarboA-P001:I|CarboA-P002:H|CarboA-P003:H|CarboA-P004:L|CarboA-P005:H|CarboA-P006:I|CarboA-P007:H|CarboA-P008:H|CarboA-P009:H|CarboA-P010:H|CarboA-P011:H|CarboA-P012:H|CarboA-P013:H,,1,0.90589578265350934,1,0.9294871794871794,0.96345514950166111,
LOGISTIC|IC50|JENKS,CDDP,18,True,,0.10908903181917252,18,0,-98.918317476566116,-21.097591862027716,1,5,12,0.96832194504136426,0.93347731971764225,0.96521902613273169,0,0.59522146454218217,CDDP-P001:H|CDDP-P002:H|CDDP-P003:H|CDDP-P004:I|CDDP-P005:I|CDDP-P006:H|CDDP-P007:H|CDDP-P008:H|CDDP-P009:H|CDDP-P010:I|CDDP-P011:I|CDDP-P012:H|CDDP-P013:H|CDDP-P014:L|CDDP-P015:I|CDDP-P016:H|CDDP-P017:H|CDDP-P018:H,,1,0.93347731971764247,0.94444444444444442,0.98692810457516345,0.96521902613273169,
LOGISTIC|IC50|JENKS,CDDP_A,18,True,,0.070835348230344305,18,0,-31.853144281642763,-12.116082456520408,3,2,13,0.93232117741656917,0.90978079063850836,0.90090090090090091,1,0.76276764343726455,CDDPA-P001:H|CDDPA-P002:H|CDDPA-P003:I|CDDPA-P004:H|CDDPA-P005:H|CDDPA-P006:H|CDDPA-P007:H|CDDPA-P008:L|CDDPA-P009:H|CDDPA-P010:L|CDDPA-P011:H|CDDPA-P012:H|CDDPA-P013:H|CDDPA-P014:I|CDDPA-P015:H|CDDPA-P016:H|CDDPA-P017:L|CDDPA-P018:H,,1,0.90978079063850847,0.83333333333333337,0.98039215686274517,0.90090090090090091,
LOGISTIC|IC50|JENKS,ETO,18,False,NONFINITE_REQUIRED_PROFILE_SCORE,0.052649999157459,18,0,,,,,,,,,,,,,,,,,,
LOGISTIC|IC50|KMEANS,5FU,22,False,NONFINITE_REQUIRED_PROFILE_SCORE,0.058425197232597502,22,0,,,,,,,,,,,,,,,,,,
LOGISTIC|IC50|KMEANS,CARBO,24,True,,0.12898214161917967,24,0,-18.147491322115247,-6.3868484019854304,7,11,6,0.85083828061884625,0.945701518702739,0.91028192371475958,1,0.76716077293110485,Carbo-P001:H|Carbo-P002:L|Carbo-P003:I|Carbo-P004:I|Carbo-P005:I|Carbo-P006:I|Carbo-P007:H|Carbo-P008:I|Carbo-P009:L|Carbo-P010:H|Carbo-P011:I|Carbo-P012:I|Carbo-P013:I|Carbo-P014:L|Carbo-P015:H|Carbo-P016:L|Carbo-P017:L|Carbo-P018:L|Carbo-P019:H|Carbo-P020:H|Carbo-P021:L|Carbo-P022:I|Carbo-P023:I|Carbo-P024:I,,1,0.94570151870273922,0.91666666666666663,0.90398550724637683,0.91028192371475947,
LOGISTIC|IC50|KMEANS,CARBO_A,13,True,,0.0470307616675412,13,0,-57.662962968538203,-24.195659484164857,1,2,10,0.9292114311358769,0.90589578265350934,0.96345514950166111,0,0.56911862499171773,CarboA-P001:I|CarboA-P002:H|CarboA-P003:H|CarboA-P004:L|CarboA-P005:H|CarboA-P006:I|CarboA-P007:H|CarboA-P008:H|CarboA-P009:H|CarboA-P010:H|CarboA-P011:H|CarboA-P012:H|CarboA-P013:H,,1,0.90589578265350934,1,0.9294871794871794,0.96345514950166111,
LOGISTIC|IC50|KMEANS,CDDP,18,True,,0.10908903181917252,18,0,-98.918317476566116,-21.097591862027716,1,5,12,0.96832194504136426,0.93347731971764225,0.96521902613273169,0,0.59522146454218217,CDDP-P001:H|CDDP-P002:H|CDDP-P003:H|CDDP-P004:I|CDDP-P005:I|CDDP-P006:H|CDDP-P007:H|CDDP-P008:H|CDDP-P009:H|CDDP-P010:I|CDDP-P011:I|CDDP-P012:H|CDDP-P013:H|CDDP-P014:L|CDDP-P015:I|CDDP-P016:H|CDDP-P017:H|CDDP-P018:H,,1,0.93347731971764247,0.94444444444444442,0.98692810457516345,0.96521902613273169,
LOGISTIC|IC50|KMEANS,CDDP_A,18,True,,0.070835348230344305,18,0,-31.853144281642763,-12.116082456520408,3,2,13,0.93232117741656917,0.90978079063850836,0.90090090090090091,1,0.76276764343726455,CDDPA-P001:H|CDDPA-P002:H|CDDPA-P003:I|CDDPA-P004:H|CDDPA-P005:H|CDDPA-P006:H|CDDPA-P007:H|CDDPA-P008:L|CDDPA-P009:H|CDDPA-P010:L|CDDPA-P011:H|CDDPA-P012:H|CDDPA-P013:H|CDDPA-P014:I|CDDPA-P015:H|CDDPA-P016:H|CDDPA-P017:L|CDDPA-P018:H,,1,0.90978079063850847,0.83333333333333337,0.98039215686274517,0.90090090090090091,
LOGISTIC|IC50|KMEANS,ETO,18,False,NONFINITE_REQUIRED_PROFILE_SCORE,0.052649999157459,18,0,,,,,,,,,,,,,,,,,,
LOGISTIC|IC50|WARD,5FU,22,False,NONFINITE_REQUIRED_PROFILE_SCORE,0.058425197232597502,22,0,,,,,,,,,,,,,,,,,,
LOGISTIC|IC50|WARD,CARBO,24,True,,0.12898214161917967,24,0,-18.147491322115247,-10.330810235124074,7,5,12,0.84166694287133836,0.93537064456232244,0.87465564738292012,1,0.75613507528715218,Carbo-P001:H|Carbo-P002:L|Carbo-P003:H|Carbo-P004:I|Carbo-P005:H|Carbo-P006:H|Carbo-P007:H|Carbo-P008:H|Carbo-P009:L|Carbo-P010:H|Carbo-P011:I|Carbo-P012:H|Carbo-P013:I|Carbo-P014:L|Carbo-P015:H|Carbo-P016:L|Carbo-P017:L|Carbo-P018:L|Carbo-P019:H|Carbo-P020:H|Carbo-P021:L|Carbo-P022:I|Carbo-P023:I|Carbo-P024:H,,1,0.93537064456232266,0.83333333333333337,0.92028985507246386,0.87465564738292012,
LOGISTIC|IC50|WARD,CARBO_A,13,True,,0.0470307616675412,13,0,-57.662962968538203,-24.195659484164857,1,2,10,0.9292114311358769,0.90304842585623213,0.96000000000000008,0,0.56785812373193001,CarboA-P001:I|CarboA-P002:H|CarboA-P003:H|CarboA-P004:L|CarboA-P005:H|CarboA-P006:I|CarboA-P007:H|CarboA-P008:H|CarboA-P009:H|CarboA-P010:H|CarboA-P011:H|CarboA-P012:H|CarboA-P013:H,,1,0.90304842585623224,1,0.92307692307692313,0.96000000000000008,
LOGISTIC|IC50|WARD,CDDP,18,True,,0.10908903181917252,18,0,-98.918317476566116,-21.097591862027716,1,5,12,0.96832194504136426,0.93347731971764225,0.96521902613273169,0,0.59522146454218217,CDDP-P001:H|CDDP-P002:H|CDDP-P003:H|CDDP-P004:I|CDDP-P005:I|CDDP-P006:H|CDDP-P007:H|CDDP-P008:H|CDDP-P009:H|CDDP-P010:I|CDDP-P011:I|CDDP-P012:H|CDDP-P013:H|CDDP-P014:L|CDDP-P015:I|CDDP-P016:H|CDDP-P017:H|CDDP-P018:H,,1,0.93347731971764247,0.94444444444444442,0.98692810457516345,0.96521902613273169,
LOGISTIC|IC50|WARD,CDDP_A,18,True,,0.070835348230344305,18,0,-31.853144281642763,-19.90528264412897,3,1,14,0.91743490269426686,0.9063875492016612,0.86225551394090705,0,0.55138266281343584,CDDPA-P001:H|CDDPA-P002:H|CDDPA-P003:I|CDDPA-P004:H|CDDPA-P005:H|CDDPA-P006:H|CDDPA-P007:H|CDDPA-P008:L|CDDPA-P009:H|CDDPA-P010:L|CDDPA-P011:H|CDDPA-P012:H|CDDPA-P013:H|CDDPA-P014:H|CDDPA-P015:H|CDDPA-P016:H|CDDPA-P017:L|CDDPA-P018:H,,1,0.90638754920166131,0.77777777777777779,0.96732026143790839,0.86225551394090705,
LOGISTIC|IC50|WARD,ETO,18,False,NONFINITE_REQUIRED_PROFILE_SCORE,0.052649999157459,18,0,,,,,,,,,,,,,,,,,,
LOGISTIC|IC50|TIED_GMM,5FU,22,False,NONFINITE_REQUIRED_PROFILE_SCORE,0.058425197232597502,22,0,,,,,,,,,,,,,,,,,,
LOGISTIC|IC50|TIED_GMM,CARBO,24,True,,0.12898214161917967,24,0,-31.278942085902628,-14.882700569393329,1,7,16,0.80610079470741347,0.93861599394001549,0.96463223787167451,0,0.56766623362765667,Carbo-P001:H|Carbo-P002:I|Carbo-P003:H|Carbo-P004:H|Carbo-P005:H|Carbo-P006:H|Carbo-P007:H|Carbo-P008:H|Carbo-P009:I|Carbo-P010:H|Carbo-P011:H|Carbo-P012:H|Carbo-P013:I|Carbo-P014:I|Carbo-P015:H|Carbo-P016:I|Carbo-P017:I|Carbo-P018:I|Carbo-P019:H|Carbo-P020:H|Carbo-P021:L|Carbo-P022:H|Carbo-P023:H|Carbo-P024:H,,1,0.9386159939400156,0.95833333333333337,0.97101449275362317,0.96463223787167451,
LOGISTIC|IC50|TIED_GMM,CARBO_A,13,True,,0.0470307616675412,13,0,-57.662962968538203,-24.195659484164857,1,2,10,0.9292114311358769,0.91092490444719099,0.9770491803278688,0,0.57284325551569559,CarboA-P001:I|CarboA-P002:H|CarboA-P003:H|CarboA-P004:L|CarboA-P005:H|CarboA-P006:I|CarboA-P007:H|CarboA-P008:H|CarboA-P009:H|CarboA-P010:H|CarboA-P011:H|CarboA-P012:H|CarboA-P013:H,,1,0.91092490444719099,1,0.95512820512820507,0.9770491803278688,
LOGISTIC|IC50|TIED_GMM,CDDP,18,True,,0.10908903181917252,18,0,-98.918317476566116,-29.495247347048423,1,4,13,0.96733723509942782,0.9334949781354096,0.99176276771004945,0,0.60033680255281197,CDDP-P001:H|CDDP-P002:H|CDDP-P003:H|CDDP-P004:I|CDDP-P005:I|CDDP-P006:H|CDDP-P007:H|CDDP-P008:H|CDDP-P009:H|CDDP-P010:H|CDDP-P011:I|CDDP-P012:H|CDDP-P013:H|CDDP-P014:L|CDDP-P015:I|CDDP-P016:H|CDDP-P017:H|CDDP-P018:H,,1,0.9334949781354096,1,0.98366013071895408,0.99176276771004934,
LOGISTIC|IC50|TIED_GMM,CDDP_A,18,True,,0.070835348230344305,18,0,-43.647390565278243,-19.90528264412897,2,2,14,0.92854885926755593,0.9407250541909139,0.90365050867743868,1,0.76875195407325059,CDDPA-P001:H|CDDPA-P002:H|CDDPA-P003:I|CDDPA-P004:H|CDDPA-P005:H|CDDPA-P006:H|CDDPA-P007:H|CDDPA-P008:L|CDDPA-P009:H|CDDPA-P010:L|CDDPA-P011:H|CDDPA-P012:H|CDDPA-P013:H|CDDPA-P014:H|CDDPA-P015:H|CDDPA-P016:H|CDDPA-P017:I|CDDPA-P018:H,,1,0.9407250541909139,0.83333333333333337,0.98692810457516345,0.90365050867743868,
LOGISTIC|IC50|TIED_GMM,ETO,18,False,NONFINITE_REQUIRED_PROFILE_SCORE,0.052649999157459,18,0,,,,,,,,,,,,,,,,,,
LOGISTIC|EC50|TERTILES,5FU,22,True,,0.058425197232597668,22,0,-14.359614367274032,-4.8634687155171807,7,7,8,0.77480588470700573,0.96304237364010581,0.9767441860465117,1,0.75460352832524413,5FU-P001:H|5FU-P002:I|5FU-P003:L|5FU-P004:H|5FU-P005:H|5FU-P006:I|5FU-P007:I|5FU-P008:H|5FU-P009:H|5FU-P010:L|5FU-P011:L|5FU-P012:H|5FU-P013:L|5FU-P014:L|5FU-P015:I|5FU-P016:L|5FU-P017:H|5FU-P018:I|5FU-P019:I|5FU-P020:L|5FU-P021:I|5FU-P022:H,,1,0.96304237364010625,1,0.95454545454545459,0.9767441860465117,
LOGISTIC|EC50|TERTILES,CARBO,24,True,,0.12898214161917967,24,0,-17.754396018386238,-8.5048843614085641,8,8,8,0.75715603796584885,0.97467936420766832,0.97777777777777775,1,0.76771906431409487,Carbo-P001:H|Carbo-P002:L|Carbo-P003:H|Carbo-P004:I|Carbo-P005:I|Carbo-P006:I|Carbo-P007:H|Carbo-P008:H|Carbo-P009:L|Carbo-P010:H|Carbo-P011:I|Carbo-P012:H|Carbo-P013:I|Carbo-P014:L|Carbo-P015:H|Carbo-P016:L|Carbo-P017:L|Carbo-P018:L|Carbo-P019:H|Carbo-P020:L|Carbo-P021:L|Carbo-P022:I|Carbo-P023:I|Carbo-P024:I,,1,0.97467936420766876,1,0.95652173913043492,0.97777777777777775,
LOGISTIC|EC50|TERTILES,CARBO_A,13,True,,0.0470307616675412,13,0,-19.253129311107489,-12.509658193883624,4,4,5,0.81712485176879435,0.96448295537208817,0.88294314381270911,1,0.74231634252422662,CarboA-P001:L|CarboA-P002:I|CarboA-P003:H|CarboA-P004:L|CarboA-P005:I|CarboA-P006:L|CarboA-P007:I|CarboA-P008:I|CarboA-P009:H|CarboA-P010:H|CarboA-P011:L|CarboA-P012:H|CarboA-P013:H,,1,0.9644829553720885,0.84615384615384615,0.92307692307692313,0.88294314381270911,
LOGISTIC|EC50|TERTILES,CDDP,18,True,,0.10908903181917252,18,0,-19.5574863880652,-6.9191325059488014,6,6,6,0.56677144652163503,0.98405421102419555,0.96969696969696972,1,0.72592233181239463,CDDP-P001:H|CDDP-P002:H|CDDP-P003:I|CDDP-P004:L|CDDP-P005:L|CDDP-P006:I|CDDP-P007:I|CDDP-P008:I|CDDP-P009:I|CDDP-P010:L|CDDP-P011:L|CDDP-P012:H|CDDP-P013:H|CDDP-P014:L|CDDP-P015:L|CDDP-P016:H|CDDP-P017:H|CDDP-P018:I,,1,0.98405421102419688,1,0.94117647058823528,0.96969696969696972,
LOGISTIC|EC50|TERTILES,CDDP_A,18,True,,0.070835348230344305,18,0,-8.9608363628453134,-3.4221072227342666,6,6,6,0.6463887984470944,0.94067667780343767,0.91428571428571426,1,0.71443730775331815,CDDPA-P001:H|CDDPA-P002:H|CDDPA-P003:L|CDDPA-P004:H|CDDPA-P005:I|CDDPA-P006:I|CDDPA-P007:I|CDDPA-P008:L|CDDPA-P009:H|CDDPA-P010:L|CDDPA-P011:I|CDDPA-P012:L|CDDPA-P013:H|CDDPA-P014:L|CDDPA-P015:H|CDDPA-P016:I|CDDPA-P017:L|CDDPA-P018:I,,1,0.94067667780343789,0.88888888888888884,0.94117647058823506,0.91428571428571415,
LOGISTIC|EC50|TERTILES,ETO,18,True,,0.052649999157459167,18,0,-26.200342199271681,-5.5598950743299485,6,6,6,0.56864729715418127,0.97710598632184631,0.91428571428571426,1,0.7025377993838402,ETO-P001:I|ETO-P002:H|ETO-P003:L|ETO-P004:H|ETO-P005:L|ETO-P006:I|ETO-P007:H|ETO-P008:L|ETO-P009:L|ETO-P010:H|ETO-P011:I|ETO-P012:L|ETO-P013:L|ETO-P014:I|ETO-P015:H|ETO-P016:I|ETO-P017:H|ETO-P018:I,,1,0.97710598632184675,0.88888888888888884,0.94117647058823506,0.91428571428571415,
LOGISTIC|EC50|JENKS,5FU,22,True,,0.058425197232597668,22,0,-35.707211190254938,-14.359614367274032,3,4,15,0.93844118491317297,0.96120167141729329,0.97571054222938924,1,0.78675571915849063,5FU-P001:H|5FU-P002:H|5FU-P003:I|5FU-P004:H|5FU-P005:H|5FU-P006:H|5FU-P007:H|5FU-P008:H|5FU-P009:H|5FU-P010:I|5FU-P011:L|5FU-P012:H|5FU-P013:I|5FU-P014:L|5FU-P015:H|5FU-P016:L|5FU-P017:H|5FU-P018:H|5FU-P019:H|5FU-P020:I|5FU-P021:H|5FU-P022:H,,1,0.96120167141729329,0.95454545454545459,0.99783549783549785,0.97571054222938924,
LOGISTIC|EC50|JENKS,CARBO,24,True,,0.12898214161917967,24,0,-35.898424688137688,-15.121690236310116,1,8,15,0.84936583050217074,0.94040805086713131,0.96908099688473515,0,0.57756740397464335,Carbo-P001:H|Carbo-P002:I|Carbo-P003:H|Carbo-P004:H|Carbo-P005:H|Carbo-P006:H|Carbo-P007:H|Carbo-P008:H|Carbo-P009:I|Carbo-P010:H|Carbo-P011:H|Carbo-P012:H|Carbo-P013:I|Carbo-P014:I|Carbo-P015:H|Carbo-P016:I|Carbo-P017:I|Carbo-P018:I|Carbo-P019:H|Carbo-P020:I|Carbo-P021:L|Carbo-P022:H|Carbo-P023:H|Carbo-P024:H,,1,0.94040805086713131,0.95833333333333337,0.98007246376811585,0.96908099688473515,
LOGISTIC|EC50|JENKS,CARBO_A,13,True,,0.0470307616675412,13,0,-24.298164721568025,-6.3890032824999992,3,7,3,0.91198007196111341,0.96051225565556209,0.99029126213592222,1,0.78196287028402778,CarboA-P001:L|CarboA-P002:I|CarboA-P003:H|CarboA-P004:L|CarboA-P005:I|CarboA-P006:L|CarboA-P007:I|CarboA-P008:I|CarboA-P009:H|CarboA-P010:I|CarboA-P011:I|CarboA-P012:H|CarboA-P013:I,,1,0.96051225565556253,1,0.98076923076923062,0.99029126213592222,
LOGISTIC|EC50|JENKS,CDDP,18,True,,0.10908903181917252,18,0,-83.574357721278432,-35.80561185420688,1,3,14,0.95464527340647876,0.92763492601389963,0.98675496688741726,0,0.5956248396253937,CDDP-P001:H|CDDP-P002:H|CDDP-P003:H|CDDP-P004:H|CDDP-P005:I|CDDP-P006:H|CDDP-P007:H|CDDP-P008:H|CDDP-P009:H|CDDP-P010:H|CDDP-P011:I|CDDP-P012:H|CDDP-P013:H|CDDP-P014:L|CDDP-P015:I|CDDP-P016:H|CDDP-P017:H|CDDP-P018:H,,1,0.92763492601389963,1,0.97385620915032689,0.98675496688741726,
LOGISTIC|EC50|JENKS,CDDP_A,18,True,,0.070835348230344305,18,0,-36.476718261521889,-13.859633311189905,1,4,13,0.94507935632718243,0.91907486012316963,0.98338870431893677,0,0.58367565379992659,CDDPA-P001:H|CDDPA-P002:H|CDDPA-P003:I|CDDPA-P004:H|CDDPA-P005:H|CDDPA-P006:H|CDDPA-P007:H|CDDPA-P008:L|CDDPA-P009:H|CDDPA-P010:I|CDDPA-P011:H|CDDPA-P012:H|CDDPA-P013:H|CDDPA-P014:I|CDDPA-P015:H|CDDPA-P016:H|CDDPA-P017:I|CDDPA-P018:H,,1,0.91907486012316963,1,0.96732026143790839,0.98338870431893677,
LOGISTIC|EC50|JENKS,ETO,18,True,,0.052649999157459167,18,0,-151.2377576838503,-58.202000186234187,2,2,14,0.93223014104099944,0.93659446669675073,0.93534649632210609,1,0.77136422064346299,ETO-P001:H|ETO-P002:H|ETO-P003:H|ETO-P004:H|ETO-P005:L|ETO-P006:H|ETO-P007:H|ETO-P008:L|ETO-P009:I|ETO-P010:H|ETO-P011:H|ETO-P012:H|ETO-P013:I|ETO-P014:H|ETO-P015:H|ETO-P016:H|ETO-P017:H|ETO-P018:H,,1,0.93659446669675073,0.88888888888888884,0.98692810457516345,0.93534649632210609,
LOGISTIC|EC50|KMEANS,5FU,22,True,,0.058425197232597668,22,0,-35.707211190254938,-14.359614367274032,3,4,15,0.93844118491317297,0.96120167141729329,0.97571054222938924,1,0.78675571915849063,5FU-P001:H|5FU-P002:H|5FU-P003:I|5FU-P004:H|5FU-P005:H|5FU-P006:H|5FU-P007:H|5FU-P008:H|5FU-P009:H|5FU-P010:I|5FU-P011:L|5FU-P012:H|5FU-P013:I|5FU-P014:L|5FU-P015:H|5FU-P016:L|5FU-P017:H|5FU-P018:H|5FU-P019:H|5FU-P020:I|5FU-P021:H|5FU-P022:H,,1,0.96120167141729329,0.95454545454545459,0.99783549783549785,0.97571054222938924,
LOGISTIC|EC50|KMEANS,CARBO,24,True,,0.12898214161917967,24,0,-35.898424688137688,-15.121690236310116,1,8,15,0.84936583050217074,0.94040805086713131,0.96908099688473515,0,0.57756740397464335,Carbo-P001:H|Carbo-P002:I|Carbo-P003:H|Carbo-P004:H|Carbo-P005:H|Carbo-P006:H|Carbo-P007:H|Carbo-P008:H|Carbo-P009:I|Carbo-P010:H|Carbo-P011:H|Carbo-P012:H|Carbo-P013:I|Carbo-P014:I|Carbo-P015:H|Carbo-P016:I|Carbo-P017:I|Carbo-P018:I|Carbo-P019:H|Carbo-P020:I|Carbo-P021:L|Carbo-P022:H|Carbo-P023:H|Carbo-P024:H,,1,0.94040805086713131,0.95833333333333337,0.98007246376811585,0.96908099688473515,
LOGISTIC|EC50|KMEANS,CARBO_A,13,True,,0.0470307616675412,13,0,-24.298164721568025,-6.3890032824999992,3,7,3,0.91198007196111341,0.96051225565556209,0.99029126213592222,1,0.78196287028402778,CarboA-P001:L|CarboA-P002:I|CarboA-P003:H|CarboA-P004:L|CarboA-P005:I|CarboA-P006:L|CarboA-P007:I|CarboA-P008:I|CarboA-P009:H|CarboA-P010:I|CarboA-P011:I|CarboA-P012:H|CarboA-P013:I,,1,0.96051225565556253,1,0.98076923076923062,0.99029126213592222,
LOGISTIC|EC50|KMEANS,CDDP,18,True,,0.10908903181917252,18,0,-83.574357721278432,-35.80561185420688,1,3,14,0.95464527340647876,0.92763492601389963,0.98675496688741726,0,0.5956248396253937,CDDP-P001:H|CDDP-P002:H|CDDP-P003:H|CDDP-P004:H|CDDP-P005:I|CDDP-P006:H|CDDP-P007:H|CDDP-P008:H|CDDP-P009:H|CDDP-P010:H|CDDP-P011:I|CDDP-P012:H|CDDP-P013:H|CDDP-P014:L|CDDP-P015:I|CDDP-P016:H|CDDP-P017:H|CDDP-P018:H,,1,0.92763492601389963,1,0.97385620915032689,0.98675496688741726,
LOGISTIC|EC50|KMEANS,CDDP_A,18,True,,0.070835348230344305,18,0,-36.476718261521889,-13.859633311189905,1,4,13,0.94507935632718243,0.91907486012316963,0.98338870431893677,0,0.58367565379992659,CDDPA-P001:H|CDDPA-P002:H|CDDPA-P003:I|CDDPA-P004:H|CDDPA-P005:H|CDDPA-P006:H|CDDPA-P007:H|CDDPA-P008:L|CDDPA-P009:H|CDDPA-P010:I|CDDPA-P011:H|CDDPA-P012:H|CDDPA-P013:H|CDDPA-P014:I|CDDPA-P015:H|CDDPA-P016:H|CDDPA-P017:I|CDDPA-P018:H,,1,0.91907486012316963,1,0.96732026143790839,0.98338870431893677,
LOGISTIC|EC50|KMEANS,ETO,18,True,,0.052649999157459167,18,0,-151.2377576838503,-58.202000186234187,2,2,14,0.93223014104099944,0.93659446669675073,0.93534649632210609,1,0.77136422064346299,ETO-P001:H|ETO-P002:H|ETO-P003:H|ETO-P004:H|ETO-P005:L|ETO-P006:H|ETO-P007:H|ETO-P008:L|ETO-P009:I|ETO-P010:H|ETO-P011:H|ETO-P012:H|ETO-P013:I|ETO-P014:H|ETO-P015:H|ETO-P016:H|ETO-P017:H|ETO-P018:H,,1,0.93659446669675073,0.88888888888888884,0.98692810457516345,0.93534649632210609,
LOGISTIC|EC50|WARD,5FU,22,True,,0.058425197232597668,22,0,-35.707211190254938,-14.359614367274032,3,4,15,0.93844118491317297,0.96120167141729329,0.97571054222938924,1,0.78675571915849063,5FU-P001:H|5FU-P002:H|5FU-P003:I|5FU-P004:H|5FU-P005:H|5FU-P006:H|5FU-P007:H|5FU-P008:H|5FU-P009:H|5FU-P010:I|5FU-P011:L|5FU-P012:H|5FU-P013:I|5FU-P014:L|5FU-P015:H|5FU-P016:L|5FU-P017:H|5FU-P018:H|5FU-P019:H|5FU-P020:I|5FU-P021:H|5FU-P022:H,,1,0.96120167141729329,0.95454545454545459,0.99783549783549785,0.97571054222938924,
LOGISTIC|EC50|WARD,CARBO,24,True,,0.12898214161917967,24,0,-35.898424688137688,-17.754396018386238,1,7,16,0.840931099504999,0.92819464837440924,0.95560821484992098,0,0.57074322086970175,Carbo-P001:H|Carbo-P002:I|Carbo-P003:H|Carbo-P004:H|Carbo-P005:H|Carbo-P006:H|Carbo-P007:H|Carbo-P008:H|Carbo-P009:I|Carbo-P010:H|Carbo-P011:H|Carbo-P012:H|Carbo-P013:H|Carbo-P014:I|Carbo-P015:H|Carbo-P016:I|Carbo-P017:I|Carbo-P018:I|Carbo-P019:H|Carbo-P020:I|Carbo-P021:L|Carbo-P022:H|Carbo-P023:H|Carbo-P024:H,,1,0.92819464837440946,0.95833333333333337,0.95289855072463769,0.95560821484992098,
LOGISTIC|EC50|WARD,CARBO_A,13,True,,0.0470307616675412,13,0,-24.298164721568025,-6.3890032824999992,3,7,3,0.91198007196111341,0.98736117361123799,1,1,0.78927440144797856,CarboA-P001:L|CarboA-P002:I|CarboA-P003:H|CarboA-P004:L|CarboA-P005:I|CarboA-P006:L|CarboA-P007:I|CarboA-P008:I|CarboA-P009:H|CarboA-P010:I|CarboA-P011:I|CarboA-P012:H|CarboA-P013:I,,1,0.98736117361123865,1,1,1,
LOGISTIC|EC50|WARD,CDDP,18,True,,0.10908903181917252,18,0,-83.574357721278432,-35.80561185420688,1,3,14,0.95464527340647876,0.92763492601389963,0.98675496688741726,0,0.5956248396253937,CDDP-P001:H|CDDP-P002:H|CDDP-P003:H|CDDP-P004:H|CDDP-P005:I|CDDP-P006:H|CDDP-P007:H|CDDP-P008:H|CDDP-P009:H|CDDP-P010:H|CDDP-P011:I|CDDP-P012:H|CDDP-P013:H|CDDP-P014:L|CDDP-P015:I|CDDP-P016:H|CDDP-P017:H|CDDP-P018:H,,1,0.92763492601389963,1,0.97385620915032689,0.98675496688741726,
LOGISTIC|EC50|WARD,CDDP_A,18,True,,0.070835348230344305,18,0,-36.476718261521889,-13.859633311189905,1,4,13,0.94507935632718243,0.91907486012316963,0.98338870431893677,0,0.58367565379992659,CDDPA-P001:H|CDDPA-P002:H|CDDPA-P003:I|CDDPA-P004:H|CDDPA-P005:H|CDDPA-P006:H|CDDPA-P007:H|CDDPA-P008:L|CDDPA-P009:H|CDDPA-P010:I|CDDPA-P011:H|CDDPA-P012:H|CDDPA-P013:H|CDDPA-P014:I|CDDPA-P015:H|CDDPA-P016:H|CDDPA-P017:I|CDDPA-P018:H,,1,0.91907486012316963,1,0.96732026143790839,0.98338870431893677,
LOGISTIC|EC50|WARD,ETO,18,True,,0.052649999157459167,18,0,-209.94420085607609,-98.875988261313836,1,2,15,0.91536705228284609,0.88096587116986846,0.97829716193656091,0,0.56545601690934688,ETO-P001:H|ETO-P002:H|ETO-P003:H|ETO-P004:H|ETO-P005:I|ETO-P006:H|ETO-P007:H|ETO-P008:L|ETO-P009:H|ETO-P010:H|ETO-P011:H|ETO-P012:H|ETO-P013:I|ETO-P014:H|ETO-P015:H|ETO-P016:H|ETO-P017:H|ETO-P018:H,,1,0.88096587116986869,1,0.95751633986928097,0.97829716193656091,
LOGISTIC|EC50|TIED_GMM,5FU,22,True,,0.058425197232597668,22,0,-35.707211190254938,-14.359614367274032,3,4,15,0.93844118491317297,0.95623619176360231,0.97467460397538086,1,0.78555543557695073,5FU-P001:H|5FU-P002:H|5FU-P003:I|5FU-P004:H|5FU-P005:H|5FU-P006:H|5FU-P007:H|5FU-P008:H|5FU-P009:H|5FU-P010:I|5FU-P011:L|5FU-P012:H|5FU-P013:I|5FU-P014:L|5FU-P015:H|5FU-P016:L|5FU-P017:H|5FU-P018:H|5FU-P019:H|5FU-P020:I|5FU-P021:H|5FU-P022:H,,1,0.95623619176360231,0.95454545454545459,0.99567099567099571,0.97467460397538086,
LOGISTIC|EC50|TIED_GMM,CARBO,24,True,,0.12898214161917967,24,0,-35.898424688137688,-15.121690236310116,1,8,15,0.84936583050217074,0.93307139583809229,0.95742667928098391,0,0.57376920944808529,Carbo-P001:H|Carbo-P002:I|Carbo-P003:H|Carbo-P004:H|Carbo-P005:H|Carbo-P006:H|Carbo-P007:H|Carbo-P008:H|Carbo-P009:I|Carbo-P010:H|Carbo-P011:H|Carbo-P012:H|Carbo-P013:I|Carbo-P014:I|Carbo-P015:H|Carbo-P016:I|Carbo-P017:I|Carbo-P018:I|Carbo-P019:H|Carbo-P020:I|Carbo-P021:L|Carbo-P022:H|Carbo-P023:H|Carbo-P024:H,,1,0.93307139583809229,0.95833333333333337,0.9565217391304347,0.95742667928098391,
LOGISTIC|EC50|TIED_GMM,CARBO_A,13,True,,0.0470307616675412,13,0,-24.298164721568025,-6.3890032824999992,3,7,3,0.91198007196111341,0.98736117361123799,1,1,0.78927440144797856,CarboA-P001:L|CarboA-P002:I|CarboA-P003:H|CarboA-P004:L|CarboA-P005:I|CarboA-P006:L|CarboA-P007:I|CarboA-P008:I|CarboA-P009:H|CarboA-P010:I|CarboA-P011:I|CarboA-P012:H|CarboA-P013:I,,1,0.98736117361123865,1,1,1,
LOGISTIC|EC50|TIED_GMM,CDDP,18,True,,0.10908903181917252,18,0,-83.574357721278432,-35.80561185420688,1,3,14,0.95464527340647876,0.92763492601389963,0.98675496688741726,0,0.5956248396253937,CDDP-P001:H|CDDP-P002:H|CDDP-P003:H|CDDP-P004:H|CDDP-P005:I|CDDP-P006:H|CDDP-P007:H|CDDP-P008:H|CDDP-P009:H|CDDP-P010:H|CDDP-P011:I|CDDP-P012:H|CDDP-P013:H|CDDP-P014:L|CDDP-P015:I|CDDP-P016:H|CDDP-P017:H|CDDP-P018:H,,1,0.92763492601389963,1,0.97385620915032689,0.98675496688741726,
LOGISTIC|EC50|TIED_GMM,CDDP_A,18,True,,0.070835348230344305,18,0,-36.476718261521889,-13.859633311189905,1,4,13,0.94507935632718243,0.92235711928508746,0.99009900990099009,0,0.58567416674872086,CDDPA-P001:H|CDDPA-P002:H|CDDPA-P003:I|CDDPA-P004:H|CDDPA-P005:H|CDDPA-P006:H|CDDPA-P007:H|CDDPA-P008:L|CDDPA-P009:H|CDDPA-P010:I|CDDPA-P011:H|CDDPA-P012:H|CDDPA-P013:H|CDDPA-P014:I|CDDPA-P015:H|CDDPA-P016:H|CDDPA-P017:I|CDDPA-P018:H,,1,0.92235711928508768,1,0.98039215686274517,0.99009900990099009,
LOGISTIC|EC50|TIED_GMM,ETO,18,True,,0.052649999157459167,18,0,-209.94420085607609,-98.875988261313836,1,2,15,0.91536705228284609,0.89165348491363616,0.98675496688741726,0,0.56928510064827176,ETO-P001:H|ETO-P002:H|ETO-P003:H|ETO-P004:H|ETO-P005:I|ETO-P006:H|ETO-P007:H|ETO-P008:L|ETO-P009:H|ETO-P010:H|ETO-P011:H|ETO-P012:H|ETO-P013:I|ETO-P014:H|ETO-P015:H|ETO-P016:H|ETO-P017:H|ETO-P018:H,,1,0.89165348491363627,1,0.97385620915032689,0.98675496688741726,
LOGISTIC|EMAX|TERTILES,5FU,22,True,,0.058425197232597668,22,0,0.82077766538316155,0.96652400761217905,7,7,8,0.53748004678085137,0.9799009835992899,0.93126385809312628,1,0.70141401714117302,5FU-P001:L|5FU-P002:H|5FU-P003:I|5FU-P004:L|5FU-P005:I|5FU-P006:L|5FU-P007:L|5FU-P008:L|5FU-P009:I|5FU-P010:H|5FU-P011:I|5FU-P012:L|5FU-P013:L|5FU-P014:H|5FU-P015:I|5FU-P016:H|5FU-P017:H|5FU-P018:H|5FU-P019:H|5FU-P020:H|5FU-P021:I|5FU-P022:I,,1,0.97990098359929068,0.90909090909090906,0.95454545454545459,0.93126385809312628,
LOGISTIC|EMAX|TERTILES,CARBO,24,True,,0.12898214161917967,24,0,0.98434761920795477,1.0023761296199061,8,8,8,0.41510159199465407,0.98419147483729119,0.95742667928098391,1,0.69714037754642177,Carbo-P001:I|Carbo-P002:I|Carbo-P003:H|Carbo-P004:L|Carbo-P005:H|Carbo-P006:H|Carbo-P007:I|Carbo-P008:L|Carbo-P009:L|Carbo-P010:L|Carbo-P011:H|Carbo-P012:L|Carbo-P013:I|Carbo-P014:H|Carbo-P015:L|Carbo-P016:I|Carbo-P017:L|Carbo-P018:H|Carbo-P019:I|Carbo-P020:I|Carbo-P021:H|Carbo-P022:I|Carbo-P023:L|Carbo-P024:H,,1,0.9841914748372923,0.95833333333333337,0.9565217391304347,0.95742667928098391,
LOGISTIC|EMAX|TERTILES,CARBO_A,13,True,,0.0470307616675412,13,0,0.96373686016878135,0.99699027073637325,4,4,5,0.44870821780656073,0.97656858261711721,0.92307692307692313,1,0.6790768970336285,CarboA-P001:I|CarboA-P002:H|CarboA-P003:L|CarboA-P004:L|CarboA-P005:H|CarboA-P006:H|CarboA-P007:H|CarboA-P008:I|CarboA-P009:I|CarboA-P010:L|CarboA-P011:H|CarboA-P012:I|CarboA-P013:L,,1,0.97656858261711743,0.92307692307692313,0.92307692307692313,0.92307692307692313,
LOGISTIC|EMAX|TERTILES,CDDP,18,True,,0.10908903181917252,18,0,0.93293216453458416,0.99140776999288382,6,6,6,0.63254937804749478,0.94902308909813704,0.94280762564991327,1,0.72669382492294354,CDDP-P001:I|CDDP-P002:H|CDDP-P003:H|CDDP-P004:L|CDDP-P005:H|CDDP-P006:I|CDDP-P007:H|CDDP-P008:L|CDDP-P009:H|CDDP-P010:L|CDDP-P011:I|CDDP-P012:I|CDDP-P013:L|CDDP-P014:L|CDDP-P015:L|CDDP-P016:H|CDDP-P017:I|CDDP-P018:I,,1,0.94902308909813715,0.94444444444444442,0.94117647058823528,0.94280762564991327,
LOGISTIC|EMAX|TERTILES,CDDP_A,18,True,,0.070835348230344305,18,0,0.90846925544155965,0.98378144347961438,6,6,6,0.67778194638182643,0.9358061801467803,0.9395169082125604,1,0.72478807659430233,CDDPA-P001:I|CDDPA-P002:L|CDDPA-P003:H|CDDPA-P004:H|CDDPA-P005:H|CDDPA-P006:H|CDDPA-P007:I|CDDPA-P008:L|CDDPA-P009:I|CDDPA-P010:L|CDDPA-P011:L|CDDPA-P012:I|CDDPA-P013:H|CDDPA-P014:L|CDDPA-P015:I|CDDPA-P016:H|CDDPA-P017:L|CDDPA-P018:I,,1,0.93580618014678041,0.94444444444444442,0.934640522875817,0.9395169082125604,
LOGISTIC|EMAX|TERTILES,ETO,18,True,,0.052649999157459167,18,0,0.28067078526295208,0.57552251775443686,6,6,6,0.86298097939528573,0.97768433073095162,0.91428571428571426,1,0.76152020471388215,ETO-P001:L|ETO-P002:I|ETO-P003:L|ETO-P004:H|ETO-P005:H|ETO-P006:H|ETO-P007:H|ETO-P008:L|ETO-P009:I|ETO-P010:I|ETO-P011:I|ETO-P012:H|ETO-P013:L|ETO-P014:L|ETO-P015:H|ETO-P016:I|ETO-P017:L|ETO-P018:I,,1,0.97768433073095207,0.88888888888888884,0.94117647058823506,0.91428571428571415,
LOGISTIC|EMAX|JENKS,5FU,22,True,,0.058425197232597668,22,0,0.41142661830094662,0.86081140888768448,1,7,14,0.94273253309950977,0.94801299681219375,0.99891657638136511,0,0.58961746070513321,5FU-P001:I|5FU-P002:H|5FU-P003:H|5FU-P004:I|5FU-P005:I|5FU-P006:I|5FU-P007:I|5FU-P008:I|5FU-P009:H|5FU-P010:H|5FU-P011:H|5FU-P012:L|5FU-P013:I|5FU-P014:H|5FU-P015:H|5FU-P016:H|5FU-P017:H|5FU-P018:H|5FU-P019:H|5FU-P020:H|5FU-P021:H|5FU-P022:H,,1,0.94801299681219375,1,0.99783549783549785,0.99891657638136511,
LOGISTIC|EMAX|JENKS,CARBO,24,True,,0.12898214161917967,24,0,0.85748988790635394,0.97801317808309141,1,6,17,0.96549735343055887,0.93680425965581327,0.97173035104069583,0,0.60060282114924957,Carbo-P001:H|Carbo-P002:H|Carbo-P003:H|Carbo-P004:H|Carbo-P005:H|Carbo-P006:H|Carbo-P007:H|Carbo-P008:I|Carbo-P009:I|Carbo-P010:I|Carbo-P011:H|Carbo-P012:I|Carbo-P013:H|Carbo-P014:H|Carbo-P015:I|Carbo-P016:H|Carbo-P017:L|Carbo-P018:H|Carbo-P019:H|Carbo-P020:H|Carbo-P021:H|Carbo-P022:H|Carbo-P023:I|Carbo-P024:H,,1,0.93680425965581327,0.95833333333333337,0.98550724637681153,0.97173035104069583,
LOGISTIC|EMAX|JENKS,CARBO_A,13,True,,0.0470307616675412,13,0,0.74994814194479875,0.96373686016878135,1,3,9,0.98921050376742781,0.92609475854390377,0.99678456591639863,0,0.59182411797905432,CarboA-P001:H|CarboA-P002:H|CarboA-P003:I|CarboA-P004:L|CarboA-P005:H|CarboA-P006:H|CarboA-P007:H|CarboA-P008:H|CarboA-P009:H|CarboA-P010:I|CarboA-P011:H|CarboA-P012:H|CarboA-P013:I,,1,0.926094758543904,1,0.9935897435897435,0.99678456591639863,
LOGISTIC|EMAX|JENKS,CDDP,18,True,,0.10908903181917252,18,0,0.66933242377516355,0.89412847890875458,1,4,13,0.92204699296684411,0.94341446512123384,0.99507389162561577,0,0.5939248763065732,CDDP-P001:H|CDDP-P002:H|CDDP-P003:H|CDDP-P004:L|CDDP-P005:H|CDDP-P006:H|CDDP-P007:H|CDDP-P008:I|CDDP-P009:H|CDDP-P010:I|CDDP-P011:H|CDDP-P012:H|CDDP-P013:H|CDDP-P014:I|CDDP-P015:I|CDDP-P016:H|CDDP-P017:H|CDDP-P018:H,,1,0.94341446512123384,1,0.99019607843137258,0.99507389162561577,
LOGISTIC|EMAX|JENKS,CDDP_A,18,True,,0.070835348230344305,18,0,0.64623140799900358,0.83909126045000437,2,3,13,0.94642341157859133,0.9511042047623296,0.99176276771004945,1,0.79202514645626299,CDDPA-P001:H|CDDPA-P002:I|CDDPA-P003:H|CDDPA-P004:H|CDDPA-P005:H|CDDPA-P006:H|CDDPA-P007:H|CDDPA-P008:I|CDDPA-P009:H|CDDPA-P010:L|CDDPA-P011:H|CDDPA-P012:H|CDDPA-P013:H|CDDPA-P014:I|CDDPA-P015:H|CDDPA-P016:H|CDDPA-P017:L|CDDPA-P018:H,,1,0.9511042047623296,1,0.98366013071895431,0.99176276771004945,
LOGISTIC|EMAX|JENKS,ETO,18,True,,0.052649999157459167,18,0,0.32800034617351997,0.66318853490018714,7,6,5,0.92243900816513091,0.96224731066282132,0.96521902613273169,1,0.78051106882362864,ETO-P001:L|ETO-P002:I|ETO-P003:L|ETO-P004:H|ETO-P005:H|ETO-P006:H|ETO-P007:H|ETO-P008:L|ETO-P009:I|ETO-P010:I|ETO-P011:L|ETO-P012:H|ETO-P013:L|ETO-P014:L|ETO-P015:I|ETO-P016:I|ETO-P017:L|ETO-P018:I,,1,0.96224731066282154,0.94444444444444442,0.98692810457516345,0.96521902613273169,
LOGISTIC|EMAX|KMEANS,5FU,22,True,,0.058425197232597668,22,0,0.41142661830094662,0.86081140888768448,1,7,14,0.94273253309950977,0.94801299681219375,0.99891657638136511,0,0.58961746070513321,5FU-P001:I|5FU-P002:H|5FU-P003:H|5FU-P004:I|5FU-P005:I|5FU-P006:I|5FU-P007:I|5FU-P008:I|5FU-P009:H|5FU-P010:H|5FU-P011:H|5FU-P012:L|5FU-P013:I|5FU-P014:H|5FU-P015:H|5FU-P016:H|5FU-P017:H|5FU-P018:H|5FU-P019:H|5FU-P020:H|5FU-P021:H|5FU-P022:H,,1,0.94801299681219375,1,0.99783549783549785,0.99891657638136511,
LOGISTIC|EMAX|KMEANS,CARBO,24,True,,0.12898214161917967,24,0,0.85748988790635394,0.97801317808309141,1,6,17,0.96549735343055887,0.93680425965581327,0.97173035104069583,0,0.60060282114924957,Carbo-P001:H|Carbo-P002:H|Carbo-P003:H|Carbo-P004:H|Carbo-P005:H|Carbo-P006:H|Carbo-P007:H|Carbo-P008:I|Carbo-P009:I|Carbo-P010:I|Carbo-P011:H|Carbo-P012:I|Carbo-P013:H|Carbo-P014:H|Carbo-P015:I|Carbo-P016:H|Carbo-P017:L|Carbo-P018:H|Carbo-P019:H|Carbo-P020:H|Carbo-P021:H|Carbo-P022:H|Carbo-P023:I|Carbo-P024:H,,1,0.93680425965581327,0.95833333333333337,0.98550724637681153,0.97173035104069583,
LOGISTIC|EMAX|KMEANS,CARBO_A,13,True,,0.0470307616675412,13,0,0.74994814194479875,0.96373686016878135,1,3,9,0.98921050376742781,0.92609475854390377,0.99678456591639863,0,0.59182411797905432,CarboA-P001:H|CarboA-P002:H|CarboA-P003:I|CarboA-P004:L|CarboA-P005:H|CarboA-P006:H|CarboA-P007:H|CarboA-P008:H|CarboA-P009:H|CarboA-P010:I|CarboA-P011:H|CarboA-P012:H|CarboA-P013:I,,1,0.926094758543904,1,0.9935897435897435,0.99678456591639863,
LOGISTIC|EMAX|KMEANS,CDDP,18,True,,0.10908903181917252,18,0,0.66933242377516355,0.89412847890875458,1,4,13,0.92204699296684411,0.94341446512123384,0.99507389162561577,0,0.5939248763065732,CDDP-P001:H|CDDP-P002:H|CDDP-P003:H|CDDP-P004:L|CDDP-P005:H|CDDP-P006:H|CDDP-P007:H|CDDP-P008:I|CDDP-P009:H|CDDP-P010:I|CDDP-P011:H|CDDP-P012:H|CDDP-P013:H|CDDP-P014:I|CDDP-P015:I|CDDP-P016:H|CDDP-P017:H|CDDP-P018:H,,1,0.94341446512123384,1,0.99019607843137258,0.99507389162561577,
LOGISTIC|EMAX|KMEANS,CDDP_A,18,True,,0.070835348230344305,18,0,0.64623140799900358,0.83909126045000437,2,3,13,0.94642341157859133,0.9511042047623296,0.99176276771004945,1,0.79202514645626299,CDDPA-P001:H|CDDPA-P002:I|CDDPA-P003:H|CDDPA-P004:H|CDDPA-P005:H|CDDPA-P006:H|CDDPA-P007:H|CDDPA-P008:I|CDDPA-P009:H|CDDPA-P010:L|CDDPA-P011:H|CDDPA-P012:H|CDDPA-P013:H|CDDPA-P014:I|CDDPA-P015:H|CDDPA-P016:H|CDDPA-P017:L|CDDPA-P018:H,,1,0.9511042047623296,1,0.98366013071895431,0.99176276771004945,
LOGISTIC|EMAX|KMEANS,ETO,18,True,,0.052649999157459167,18,0,0.32800034617351997,0.66318853490018714,7,6,5,0.92243900816513091,0.96224731066282132,0.96521902613273169,1,0.78051106882362864,ETO-P001:L|ETO-P002:I|ETO-P003:L|ETO-P004:H|ETO-P005:H|ETO-P006:H|ETO-P007:H|ETO-P008:L|ETO-P009:I|ETO-P010:I|ETO-P011:L|ETO-P012:H|ETO-P013:L|ETO-P014:L|ETO-P015:I|ETO-P016:I|ETO-P017:L|ETO-P018:I,,1,0.96224731066282154,0.94444444444444442,0.98692810457516345,0.96521902613273169,
LOGISTIC|EMAX|WARD,5FU,22,True,,0.058425197232597668,22,0,0.41142661830094662,0.86081140888768448,1,7,14,0.94273253309950977,0.94801299681219375,0.99891657638136511,0,0.58961746070513321,5FU-P001:I|5FU-P002:H|5FU-P003:H|5FU-P004:I|5FU-P005:I|5FU-P006:I|5FU-P007:I|5FU-P008:I|5FU-P009:H|5FU-P010:H|5FU-P011:H|5FU-P012:L|5FU-P013:I|5FU-P014:H|5FU-P015:H|5FU-P016:H|5FU-P017:H|5FU-P018:H|5FU-P019:H|5FU-P020:H|5FU-P021:H|5FU-P022:H,,1,0.94801299681219375,1,0.99783549783549785,0.99891657638136511,
LOGISTIC|EMAX|WARD,CARBO,24,True,,0.12898214161917967,24,0,0.85748988790635394,0.97801317808309141,1,6,17,0.96549735343055887,0.93019770329086238,0.9673064918851435,0,0.59839673804514892,Carbo-P001:H|Carbo-P002:H|Carbo-P003:H|Carbo-P004:H|Carbo-P005:H|Carbo-P006:H|Carbo-P007:H|Carbo-P008:I|Carbo-P009:I|Carbo-P010:I|Carbo-P011:H|Carbo-P012:I|Carbo-P013:H|Carbo-P014:H|Carbo-P015:I|Carbo-P016:H|Carbo-P017:L|Carbo-P018:H|Carbo-P019:H|Carbo-P020:H|Carbo-P021:H|Carbo-P022:H|Carbo-P023:I|Carbo-P024:H,,1,0.93019770329086238,0.95833333333333337,0.97644927536231874,0.9673064918851435,
LOGISTIC|EMAX|WARD,CARBO_A,13,True,,0.0470307616675412,13,0,0.74994814194479875,0.96373686016878135,1,3,9,0.98921050376742781,0.92609475854390377,0.99678456591639863,0,0.59182411797905432,CarboA-P001:H|CarboA-P002:H|CarboA-P003:I|CarboA-P004:L|CarboA-P005:H|CarboA-P006:H|CarboA-P007:H|CarboA-P008:H|CarboA-P009:H|CarboA-P010:I|CarboA-P011:H|CarboA-P012:H|CarboA-P013:I,,1,0.926094758543904,1,0.9935897435897435,0.99678456591639863,
LOGISTIC|EMAX|WARD,CDDP,18,True,,0.10908903181917252,18,0,0.66933242377516355,0.89412847890875458,1,4,13,0.92204699296684411,0.93864854247703444,0.99342105263157898,0,0.59264112397892599,CDDP-P001:H|CDDP-P002:H|CDDP-P003:H|CDDP-P004:L|CDDP-P005:H|CDDP-P006:H|CDDP-P007:H|CDDP-P008:I|CDDP-P009:H|CDDP-P010:I|CDDP-P011:H|CDDP-P012:H|CDDP-P013:H|CDDP-P014:I|CDDP-P015:I|CDDP-P016:H|CDDP-P017:H|CDDP-P018:H,,1,0.93864854247703466,1,0.98692810457516345,0.99342105263157898,
LOGISTIC|EMAX|WARD,CDDP_A,18,True,,0.070835348230344305,18,0,0.64623140799900358,0.83909126045000437,2,3,13,0.94642341157859133,0.95933504772544198,0.99507389162561577,1,0.79433353983199873,CDDPA-P001:H|CDDPA-P002:I|CDDPA-P003:H|CDDPA-P004:H|CDDPA-P005:H|CDDPA-P006:H|CDDPA-P007:H|CDDPA-P008:I|CDDPA-P009:H|CDDPA-P010:L|CDDPA-P011:H|CDDPA-P012:H|CDDPA-P013:H|CDDPA-P014:I|CDDPA-P015:H|CDDPA-P016:H|CDDPA-P017:L|CDDPA-P018:H,,1,0.9593350477254422,1,0.99019607843137258,0.99507389162561577,
LOGISTIC|EMAX|WARD,ETO,18,True,,0.052649999157459167,18,0,0.44657777592253067,0.81425769910410895,9,5,4,0.90706267907863747,0.91633670720500804,0.91428571428571426,1,0.75806701994536385,ETO-P001:L|ETO-P002:I|ETO-P003:L|ETO-P004:H|ETO-P005:H|ETO-P006:H|ETO-P007:H|ETO-P008:L|ETO-P009:I|ETO-P010:L|ETO-P011:L|ETO-P012:I|ETO-P013:L|ETO-P014:L|ETO-P015:I|ETO-P016:L|ETO-P017:L|ETO-P018:I,,1,0.91633670720500804,0.88888888888888884,0.94117647058823528,0.91428571428571426,
LOGISTIC|EMAX|TIED_GMM,5FU,22,True,,0.058425197232597668,22,0,0.41142661830094662,0.86081140888768448,1,7,14,0.94273253309950977,0.94801299681219375,0.99891657638136511,0,0.58961746070513321,5FU-P001:I|5FU-P002:H|5FU-P003:H|5FU-P004:I|5FU-P005:I|5FU-P006:I|5FU-P007:I|5FU-P008:I|5FU-P009:H|5FU-P010:H|5FU-P011:H|5FU-P012:L|5FU-P013:I|5FU-P014:H|5FU-P015:H|5FU-P016:H|5FU-P017:H|5FU-P018:H|5FU-P019:H|5FU-P020:H|5FU-P021:H|5FU-P022:H,,1,0.94801299681219375,1,0.99783549783549785,0.99891657638136511,
LOGISTIC|EMAX|TIED_GMM,CARBO,24,True,,0.12898214161917967,24,0,0.85748988790635394,0.97801317808309141,1,6,17,0.96549735343055887,0.94609353888948589,0.97698486252703121,0,0.60351157929325105,Carbo-P001:H|Carbo-P002:H|Carbo-P003:H|Carbo-P004:H|Carbo-P005:H|Carbo-P006:H|Carbo-P007:H|Carbo-P008:I|Carbo-P009:I|Carbo-P010:I|Carbo-P011:H|Carbo-P012:I|Carbo-P013:H|Carbo-P014:H|Carbo-P015:I|Carbo-P016:H|Carbo-P017:L|Carbo-P018:H|Carbo-P019:H|Carbo-P020:H|Carbo-P021:H|Carbo-P022:H|Carbo-P023:I|Carbo-P024:H,,1,0.94609353888948589,0.95833333333333337,0.99637681159420277,0.97698486252703121,
LOGISTIC|EMAX|TIED_GMM,CARBO_A,13,True,,0.0470307616675412,13,0,0.74994814194479875,0.96373686016878135,1,3,9,0.98921050376742781,0.92609475854390377,0.99678456591639863,0,0.59182411797905432,CarboA-P001:H|CarboA-P002:H|CarboA-P003:I|CarboA-P004:L|CarboA-P005:H|CarboA-P006:H|CarboA-P007:H|CarboA-P008:H|CarboA-P009:H|CarboA-P010:I|CarboA-P011:H|CarboA-P012:H|CarboA-P013:I,,1,0.926094758543904,1,0.9935897435897435,0.99678456591639863,
LOGISTIC|EMAX|TIED_GMM,CDDP,18,True,,0.10908903181917252,18,0,0.66933242377516355,0.89412847890875458,1,4,13,0.92204699296684411,0.94341446512123384,0.99507389162561577,0,0.5939248763065732,CDDP-P001:H|CDDP-P002:H|CDDP-P003:H|CDDP-P004:L|CDDP-P005:H|CDDP-P006:H|CDDP-P007:H|CDDP-P008:I|CDDP-P009:H|CDDP-P010:I|CDDP-P011:H|CDDP-P012:H|CDDP-P013:H|CDDP-P014:I|CDDP-P015:I|CDDP-P016:H|CDDP-P017:H|CDDP-P018:H,,1,0.94341446512123384,1,0.99019607843137258,0.99507389162561577,
LOGISTIC|EMAX|TIED_GMM,CDDP_A,18,True,,0.070835348230344305,18,0,0.64623140799900358,0.83909126045000437,2,3,13,0.94642341157859133,0.96486545395413115,0.99672131147540988,1,0.79576910504769538,CDDPA-P001:H|CDDPA-P002:I|CDDPA-P003:H|CDDPA-P004:H|CDDPA-P005:H|CDDPA-P006:H|CDDPA-P007:H|CDDPA-P008:I|CDDPA-P009:H|CDDPA-P010:L|CDDPA-P011:H|CDDPA-P012:H|CDDPA-P013:H|CDDPA-P014:I|CDDPA-P015:H|CDDPA-P016:H|CDDPA-P017:L|CDDPA-P018:H,,1,0.96486545395413115,1,0.99346405228758172,0.99672131147540988,
LOGISTIC|EMAX|TIED_GMM,ETO,18,True,,0.052649999157459167,18,0,0.39131354817550668,0.66318853490018714,8,5,5,0.9200136367777183,0.97396370582183289,0.9368115942028985,1,0.77668778719198184,ETO-P001:L|ETO-P002:I|ETO-P003:L|ETO-P004:H|ETO-P005:H|ETO-P006:H|ETO-P007:H|ETO-P008:L|ETO-P009:I|ETO-P010:L|ETO-P011:L|ETO-P012:H|ETO-P013:L|ETO-P014:L|ETO-P015:I|ETO-P016:I|ETO-P017:L|ETO-P018:I,,1,0.97396370582183334,0.88888888888888884,0.99019607843137258,0.9368115942028985,
WEIBULL|IC50|TERTILES,5FU,22,False,NONFINITE_REQUIRED_PROFILE_SCORE,0.12913039696212841,22,0,,,,,,,,,,,,,,,,,,
WEIBULL|IC50|TERTILES,CARBO,24,True,,0.10664259368342242,24,0,-15.087304802729491,-7.9301239526919822,8,8,8,0.8152618834148303,0.97225553127754183,0.97777777777777775,1,0.77438755723071451,Carbo-P001:H|Carbo-P002:L|Carbo-P003:H|Carbo-P004:I|Carbo-P005:I|Carbo-P006:I|Carbo-P007:H|Carbo-P008:H|Carbo-P009:L|Carbo-P010:H|Carbo-P011:I|Carbo-P012:I|Carbo-P013:L|Carbo-P014:L|Carbo-P015:H|Carbo-P016:L|Carbo-P017:L|Carbo-P018:L|Carbo-P019:H|Carbo-P020:H|Carbo-P021:L|Carbo-P022:I|Carbo-P023:I|Carbo-P024:I,,1,0.97225553127754272,1,0.95652173913043492,0.97777777777777775,
WEIBULL|IC50|TERTILES,CARBO_A,13,True,,0.05879513418506592,13,0,-14.330942890405836,-5.1961296995334258,4,4,5,0.54973778603635859,0.98849562365334076,0.92307692307692302,1,0.70402109339033769,CarboA-P001:L|CarboA-P002:I|CarboA-P003:H|CarboA-P004:L|CarboA-P005:H|CarboA-P006:L|CarboA-P007:H|CarboA-P008:L|CarboA-P009:H|CarboA-P010:I|CarboA-P011:I|CarboA-P012:H|CarboA-P013:I,,1,0.98849562365334098,0.92307692307692313,0.92307692307692291,0.92307692307692302,
WEIBULL|IC50|TERTILES,CDDP,18,True,,0.10980936361222922,18,0,-20.531393366591811,-6.4027493857669535,6,6,6,0.50943922083850335,0.9619085234473147,0.91428571428571426,1,0.69908856443675227,CDDP-P001:H|CDDP-P002:H|CDDP-P003:I|CDDP-P004:L|CDDP-P005:L|CDDP-P006:I|CDDP-P007:I|CDDP-P008:I|CDDP-P009:I|CDDP-P010:L|CDDP-P011:L|CDDP-P012:H|CDDP-P013:H|CDDP-P014:L|CDDP-P015:L|CDDP-P016:H|CDDP-P017:I|CDDP-P018:H,,1,0.96190852344731514,0.88888888888888884,0.94117647058823528,0.91428571428571426,
WEIBULL|IC50|TERTILES,CDDP_A,18,True,,0.085845583480379878,18,0,-6.1101074897707122,-1.4562690353457235,6,6,6,0.58209640127262585,0.98653517737189955,0.94280762564991327,1,0.71945695755496375,CDDPA-P001:I|CDDPA-P002:I|CDDPA-P003:L|CDDPA-P004:H|CDDPA-P005:I|CDDPA-P006:H|CDDPA-P007:I|CDDPA-P008:L|CDDPA-P009:H|CDDPA-P010:L|CDDPA-P011:L|CDDPA-P012:I|CDDPA-P013:H|CDDPA-P014:L|CDDPA-P015:H|CDDPA-P016:H|CDDPA-P017:L|CDDPA-P018:I,,1,0.98653517737190088,0.94444444444444442,0.94117647058823528,0.94280762564991327,
WEIBULL|IC50|TERTILES,ETO,18,False,NONFINITE_REQUIRED_PROFILE_SCORE,0.083334409799331599,18,0,,,,,,,,,,,,,,,,,,
WEIBULL|IC50|JENKS,5FU,22,False,NONFINITE_REQUIRED_PROFILE_SCORE,0.12913039696212841,22,0,,,,,,,,,,,,,,,,,,
WEIBULL|IC50|JENKS,CARBO,24,True,,0.10664259368342242,24,0,-21.903303878493649,-10.735194086078298,4,8,12,0.85729340024444234,0.93685214479565526,0.89187817258883251,1,0.75853326226247053,Carbo-P001:H|Carbo-P002:I|Carbo-P003:H|Carbo-P004:I|Carbo-P005:H|Carbo-P006:H|Carbo-P007:H|Carbo-P008:H|Carbo-P009:I|Carbo-P010:H|Carbo-P011:I|Carbo-P012:H|Carbo-P013:I|Carbo-P014:I|Carbo-P015:H|Carbo-P016:L|Carbo-P017:L|Carbo-P018:L|Carbo-P019:H|Carbo-P020:H|Carbo-P021:L|Carbo-P022:I|Carbo-P023:I|Carbo-P024:H,,1,0.93685214479565537,0.875,0.90942028985507228,0.8918781725888324,
WEIBULL|IC50|JENKS,CARBO_A,13,True,,0.05879513418506592,13,0,-68.643222068227075,-25.002836791369734,1,2,10,0.96699914781635321,0.91493233804790519,0.98039215686274506,0,0.58422375538241389,CarboA-P001:I|CarboA-P002:H|CarboA-P003:H|CarboA-P004:L|CarboA-P005:H|CarboA-P006:I|CarboA-P007:H|CarboA-P008:H|CarboA-P009:H|CarboA-P010:H|CarboA-P011:H|CarboA-P012:H|CarboA-P013:H,,1,0.91493233804790519,1,0.96153846153846156,0.98039215686274506,
WEIBULL|IC50|JENKS,CDDP,18,True,,0.10980936361222922,18,0,-95.844381017281037,-29.966404177988249,1,4,13,0.96895887116438584,0.92376615247080018,0.9850746268656716,0,0.59752180282261735,CDDP-P001:H|CDDP-P002:H|CDDP-P003:H|CDDP-P004:I|CDDP-P005:I|CDDP-P006:H|CDDP-P007:H|CDDP-P008:H|CDDP-P009:H|CDDP-P010:H|CDDP-P011:I|CDDP-P012:H|CDDP-P013:H|CDDP-P014:L|CDDP-P015:I|CDDP-P016:H|CDDP-P017:H|CDDP-P018:H,,1,0.92376615247080018,1,0.97058823529411753,0.9850746268656716,
WEIBULL|IC50|JENKS,CDDP_A,18,True,,0.085845583480379878,18,0,-44.295239673609181,-16.318314604430995,2,2,14,0.95533487498133007,0.94711732696130946,0.93827160493827155,1,0.78531387807225816,CDDPA-P001:H|CDDPA-P002:H|CDDPA-P003:I|CDDPA-P004:H|CDDPA-P005:H|CDDPA-P006:H|CDDPA-P007:H|CDDPA-P008:L|CDDPA-P009:H|CDDPA-P010:L|CDDPA-P011:H|CDDPA-P012:H|CDDPA-P013:H|CDDPA-P014:H|CDDPA-P015:H|CDDPA-P016:H|CDDPA-P017:I|CDDPA-P018:H,,1,0.94711732696130946,0.88888888888888884,0.99346405228758172,0.93827160493827155,
WEIBULL|IC50|JENKS,ETO,18,False,NONFINITE_REQUIRED_PROFILE_SCORE,0.083334409799331599,18,0,,,,,,,,,,,,,,,,,,
WEIBULL|IC50|KMEANS,5FU,22,False,NONFINITE_REQUIRED_PROFILE_SCORE,0.12913039696212841,22,0,,,,,,,,,,,,,,,,,,
WEIBULL|IC50|KMEANS,CARBO,24,True,,0.10664259368342242,24,0,-21.903303878493649,-10.735194086078298,4,8,12,0.85729340024444234,0.93685214479565526,0.89187817258883251,1,0.75853326226247053,Carbo-P001:H|Carbo-P002:I|Carbo-P003:H|Carbo-P004:I|Carbo-P005:H|Carbo-P006:H|Carbo-P007:H|Carbo-P008:H|Carbo-P009:I|Carbo-P010:H|Carbo-P011:I|Carbo-P012:H|Carbo-P013:I|Carbo-P014:I|Carbo-P015:H|Carbo-P016:L|Carbo-P017:L|Carbo-P018:L|Carbo-P019:H|Carbo-P020:H|Carbo-P021:L|Carbo-P022:I|Carbo-P023:I|Carbo-P024:H,,1,0.93685214479565537,0.875,0.90942028985507228,0.8918781725888324,
WEIBULL|IC50|KMEANS,CARBO_A,13,True,,0.05879513418506592,13,0,-68.643222068227075,-25.002836791369734,1,2,10,0.96699914781635321,0.91493233804790519,0.98039215686274506,0,0.58422375538241389,CarboA-P001:I|CarboA-P002:H|CarboA-P003:H|CarboA-P004:L|CarboA-P005:H|CarboA-P006:I|CarboA-P007:H|CarboA-P008:H|CarboA-P009:H|CarboA-P010:H|CarboA-P011:H|CarboA-P012:H|CarboA-P013:H,,1,0.91493233804790519,1,0.96153846153846156,0.98039215686274506,
WEIBULL|IC50|KMEANS,CDDP,18,True,,0.10980936361222922,18,0,-95.844381017281037,-29.966404177988249,1,4,13,0.96895887116438584,0.92376615247080018,0.9850746268656716,0,0.59752180282261735,CDDP-P001:H|CDDP-P002:H|CDDP-P003:H|CDDP-P004:I|CDDP-P005:I|CDDP-P006:H|CDDP-P007:H|CDDP-P008:H|CDDP-P009:H|CDDP-P010:H|CDDP-P011:I|CDDP-P012:H|CDDP-P013:H|CDDP-P014:L|CDDP-P015:I|CDDP-P016:H|CDDP-P017:H|CDDP-P018:H,,1,0.92376615247080018,1,0.97058823529411753,0.9850746268656716,
WEIBULL|IC50|KMEANS,CDDP_A,18,True,,0.085845583480379878,18,0,-44.295239673609181,-16.318314604430995,2,2,14,0.95533487498133007,0.94711732696130946,0.93827160493827155,1,0.78531387807225816,CDDPA-P001:H|CDDPA-P002:H|CDDPA-P003:I|CDDPA-P004:H|CDDPA-P005:H|CDDPA-P006:H|CDDPA-P007:H|CDDPA-P008:L|CDDPA-P009:H|CDDPA-P010:L|CDDPA-P011:H|CDDPA-P012:H|CDDPA-P013:H|CDDPA-P014:H|CDDPA-P015:H|CDDPA-P016:H|CDDPA-P017:I|CDDPA-P018:H,,1,0.94711732696130946,0.88888888888888884,0.99346405228758172,0.93827160493827155,
WEIBULL|IC50|KMEANS,ETO,18,False,NONFINITE_REQUIRED_PROFILE_SCORE,0.083334409799331599,18,0,,,,,,,,,,,,,,,,,,
WEIBULL|IC50|WARD,5FU,22,False,NONFINITE_REQUIRED_PROFILE_SCORE,0.12913039696212841,22,0,,,,,,,,,,,,,,,,,,
WEIBULL|IC50|WARD,CARBO,24,True,,0.10664259368342242,24,0,-24.342073471543031,-10.735194086078298,3,9,12,0.85358015351036409,0.94075775410828655,0.93962748876043667,1,0.7681215980125019,Carbo-P001:H|Carbo-P002:I|Carbo-P003:H|Carbo-P004:I|Carbo-P005:H|Carbo-P006:H|Carbo-P007:H|Carbo-P008:H|Carbo-P009:I|Carbo-P010:H|Carbo-P011:I|Carbo-P012:H|Carbo-P013:I|Carbo-P014:I|Carbo-P015:H|Carbo-P016:L|Carbo-P017:L|Carbo-P018:I|Carbo-P019:H|Carbo-P020:H|Carbo-P021:L|Carbo-P022:I|Carbo-P023:I|Carbo-P024:H,,1,0.94075775410828655,0.91666666666666663,0.96376811594202894,0.93962748876043667,
WEIBULL|IC50|WARD,CARBO_A,13,True,,0.05879513418506592,13,0,-68.643222068227075,-25.002836791369734,1,2,10,0.96699914781635321,0.91493233804790519,0.98039215686274506,0,0.58422375538241389,CarboA-P001:I|CarboA-P002:H|CarboA-P003:H|CarboA-P004:L|CarboA-P005:H|CarboA-P006:I|CarboA-P007:H|CarboA-P008:H|CarboA-P009:H|CarboA-P010:H|CarboA-P011:H|CarboA-P012:H|CarboA-P013:H,,1,0.91493233804790519,1,0.96153846153846156,0.98039215686274506,
WEIBULL|IC50|WARD,CDDP,18,True,,0.10980936361222922,18,0,-95.844381017281037,-29.966404177988249,1,4,13,0.96895887116438584,0.92590274518471571,0.99009900990099009,0,0.59895399797246418,CDDP-P001:H|CDDP-P002:H|CDDP-P003:H|CDDP-P004:I|CDDP-P005:I|CDDP-P006:H|CDDP-P007:H|CDDP-P008:H|CDDP-P009:H|CDDP-P010:H|CDDP-P011:I|CDDP-P012:H|CDDP-P013:H|CDDP-P014:L|CDDP-P015:I|CDDP-P016:H|CDDP-P017:H|CDDP-P018:H,,1,0.92590274518471571,1,0.98039215686274517,0.99009900990099009,
WEIBULL|IC50|WARD,CDDP_A,18,True,,0.085845583480379878,18,0,-31.792179886985288,-16.318314604430995,3,1,14,0.94071074992652093,0.92133288958608639,0.96677927927927931,0,0.58293370045445336,CDDPA-P001:H|CDDPA-P002:H|CDDPA-P003:I|CDDPA-P004:H|CDDPA-P005:H|CDDPA-P006:H|CDDPA-P007:H|CDDPA-P008:L|CDDPA-P009:H|CDDPA-P010:L|CDDPA-P011:H|CDDPA-P012:H|CDDPA-P013:H|CDDPA-P014:H|CDDPA-P015:H|CDDPA-P016:H|CDDPA-P017:L|CDDPA-P018:H,,1,0.92133288958608639,0.94444444444444442,0.99019607843137258,0.96677927927927931,
WEIBULL|IC50|WARD,ETO,18,False,NONFINITE_REQUIRED_PROFILE_SCORE,0.083334409799331599,18,0,,,,,,,,,,,,,,,,,,
WEIBULL|IC50|TIED_GMM,5FU,22,False,NONFINITE_REQUIRED_PROFILE_SCORE,0.12913039696212841,22,0,,,,,,,,,,,,,,,,,,
WEIBULL|IC50|TIED_GMM,CARBO,24,True,,0.10664259368342242,24,0,-24.342073471543031,-10.735194086078298,3,9,12,0.85358015351036409,0.95106239616782973,0.96014150943396226,1,0.77428533055911575,Carbo-P001:H|Carbo-P002:I|Carbo-P003:H|Carbo-P004:I|Carbo-P005:H|Carbo-P006:H|Carbo-P007:H|Carbo-P008:H|Carbo-P009:I|Carbo-P010:H|Carbo-P011:I|Carbo-P012:H|Carbo-P013:I|Carbo-P014:I|Carbo-P015:H|Carbo-P016:L|Carbo-P017:L|Carbo-P018:I|Carbo-P019:H|Carbo-P020:H|Carbo-P021:L|Carbo-P022:I|Carbo-P023:I|Carbo-P024:H,,1,0.95106239616782995,0.95833333333333337,0.96195652173913038,0.96014150943396226,
WEIBULL|IC50|TIED_GMM,CARBO_A,13,True,,0.05879513418506592,13,0,-68.643222068227075,-25.002836791369734,1,2,10,0.96699914781635321,0.91493233804790519,0.98039215686274506,0,0.58422375538241389,CarboA-P001:I|CarboA-P002:H|CarboA-P003:H|CarboA-P004:L|CarboA-P005:H|CarboA-P006:I|CarboA-P007:H|CarboA-P008:H|CarboA-P009:H|CarboA-P010:H|CarboA-P011:H|CarboA-P012:H|CarboA-P013:H,,1,0.91493233804790519,1,0.96153846153846156,0.98039215686274506,
WEIBULL|IC50|TIED_GMM,CDDP,18,True,,0.10980936361222922,18,0,-95.844381017281037,-29.966404177988249,1,4,13,0.96895887116438584,0.92590274518471571,0.99009900990099009,0,0.59895399797246418,CDDP-P001:H|CDDP-P002:H|CDDP-P003:H|CDDP-P004:I|CDDP-P005:I|CDDP-P006:H|CDDP-P007:H|CDDP-P008:H|CDDP-P009:H|CDDP-P010:H|CDDP-P011:I|CDDP-P012:H|CDDP-P013:H|CDDP-P014:L|CDDP-P015:I|CDDP-P016:H|CDDP-P017:H|CDDP-P018:H,,1,0.92590274518471571,1,0.98039215686274517,0.99009900990099009,
WEIBULL|IC50|TIED_GMM,CDDP_A,18,True,,0.085845583480379878,18,0,-44.295239673609181,-16.318314604430995,2,2,14,0.95533487498133007,0.94711732696130946,0.93827160493827155,1,0.78531387807225816,CDDPA-P001:H|CDDPA-P002:H|CDDPA-P003:I|CDDPA-P004:H|CDDPA-P005:H|CDDPA-P006:H|CDDPA-P007:H|CDDPA-P008:L|CDDPA-P009:H|CDDPA-P010:L|CDDPA-P011:H|CDDPA-P012:H|CDDPA-P013:H|CDDPA-P014:H|CDDPA-P015:H|CDDPA-P016:H|CDDPA-P017:I|CDDPA-P018:H,,1,0.94711732696130946,0.88888888888888884,0.99346405228758172,0.93827160493827155,
WEIBULL|IC50|TIED_GMM,ETO,18,False,NONFINITE_REQUIRED_PROFILE_SCORE,0.083334409799331599,18,0,,,,,,,,,,,,,,,,,,
WEIBULL|EC50|TERTILES,5FU,22,True,,0.12913039696212844,22,0,-7.5470036428163647,-3.8834280672298567,7,7,8,0.65702987935283985,0.99430043155438286,0.9767441860465117,1,0.75144097878317262,5FU-P001:H|5FU-P002:I|5FU-P003:L|5FU-P004:H|5FU-P005:H|5FU-P006:I|5FU-P007:I|5FU-P008:H|5FU-P009:H|5FU-P010:L|5FU-P011:L|5FU-P012:I|5FU-P013:L|5FU-P014:L|5FU-P015:I|5FU-P016:L|5FU-P017:H|5FU-P018:I|5FU-P019:H|5FU-P020:L|5FU-P021:I|5FU-P022:H,,1,0.99430043155438286,1,0.95454545454545459,0.9767441860465117,
WEIBULL|EC50|TERTILES,CARBO,24,True,,0.10664259368342242,24,0,-15.357216713181916,-8.316088738009114,8,8,8,0.72839230657399312,0.96995237698715775,0.95742667928098402,1,0.75248279130511142,Carbo-P001:H|Carbo-P002:L|Carbo-P003:H|Carbo-P004:I|Carbo-P005:I|Carbo-P006:I|Carbo-P007:H|Carbo-P008:H|Carbo-P009:L|Carbo-P010:H|Carbo-P011:I|Carbo-P012:H|Carbo-P013:L|Carbo-P014:L|Carbo-P015:H|Carbo-P016:L|Carbo-P017:I|Carbo-P018:L|Carbo-P019:H|Carbo-P020:L|Carbo-P021:L|Carbo-P022:I|Carbo-P023:I|Carbo-P024:I,,1,0.96995237698715797,0.95833333333333337,0.95652173913043492,0.95742667928098402,
WEIBULL|EC50|TERTILES,CARBO_A,13,True,,0.05879513418506592,13,0,-15.063011863304268,-4.6231585926720884,4,4,5,0.80314614578925747,0.98209749804555591,0.96000000000000008,1,0.76080775560397584,CarboA-P001:L|CarboA-P002:I|CarboA-P003:H|CarboA-P004:L|CarboA-P005:I|CarboA-P006:L|CarboA-P007:I|CarboA-P008:L|CarboA-P009:H|CarboA-P010:I|CarboA-P011:H|CarboA-P012:H|CarboA-P013:H,,1,0.98209749804555735,1,0.92307692307692291,0.95999999999999985,
WEIBULL|EC50|TERTILES,CDDP,18,True,,0.10980936361222922,18,0,-18.228790279018817,-6.3198546087927241,6,6,6,0.56513840599329335,0.98385545685776288,0.91428571428571426,1,0.71461778814979993,CDDP-P001:H|CDDP-P002:H|CDDP-P003:I|CDDP-P004:L|CDDP-P005:L|CDDP-P006:I|CDDP-P007:I|CDDP-P008:I|CDDP-P009:I|CDDP-P010:L|CDDP-P011:L|CDDP-P012:H|CDDP-P013:H|CDDP-P014:L|CDDP-P015:L|CDDP-P016:H|CDDP-P017:H|CDDP-P018:I,,1,0.98385545685776377,0.88888888888888884,0.94117647058823528,0.91428571428571426,
WEIBULL|EC50|TERTILES,CDDP_A,18,True,,0.085845583480379878,18,0,-5.1368667139431965,-2.0868689075533258,6,6,6,0.51123057029080965,0.99033346526997335,0.93620321892573199,1,0.70472256759337903,CDDPA-P001:H|CDDPA-P002:I|CDDPA-P003:L|CDDPA-P004:H|CDDPA-P005:I|CDDPA-P006:L|CDDPA-P007:I|CDDPA-P008:L|CDDPA-P009:I|CDDPA-P010:L|CDDPA-P011:I|CDDPA-P012:I|CDDPA-P013:H|CDDPA-P014:H|CDDPA-P015:H|CDDPA-P016:L|CDDPA-P017:L|CDDPA-P018:H,,1,0.99033346526997501,0.94444444444444442,0.92810457516339873,0.93620321892573199,
WEIBULL|EC50|TERTILES,ETO,18,True,,0.083334409799331766,18,0,-14.003373979748927,-3.5649160656370791,6,6,6,0.35731071631409139,0.98039982639637835,0.94280762564991327,1,0.67277051563194301,ETO-P001:I|ETO-P002:H|ETO-P003:L|ETO-P004:H|ETO-P005:L|ETO-P006:I|ETO-P007:H|ETO-P008:H|ETO-P009:L|ETO-P010:I|ETO-P011:I|ETO-P012:L|ETO-P013:I|ETO-P014:L|ETO-P015:I|ETO-P016:L|ETO-P017:H|ETO-P018:H,,1,0.98039982639637901,0.94444444444444442,0.94117647058823528,0.94280762564991327,
WEIBULL|EC50|JENKS,5FU,22,True,,0.12913039696212844,22,0,-33.76379736135798,-11.753924764777004,2,4,16,0.94152281223658796,0.98961296450631442,1,1,0.81205323474100621,5FU-P001:H|5FU-P002:H|5FU-P003:H|5FU-P004:H|5FU-P005:H|5FU-P006:H|5FU-P007:H|5FU-P008:H|5FU-P009:H|5FU-P010:I|5FU-P011:I|5FU-P012:H|5FU-P013:I|5FU-P014:L|5FU-P015:H|5FU-P016:L|5FU-P017:H|5FU-P018:H|5FU-P019:H|5FU-P020:I|5FU-P021:H|5FU-P022:H,,1,0.98961296450631464,1,1,1,
WEIBULL|EC50|JENKS,CARBO,24,True,,0.10664259368342242,24,0,-23.25592952358372,-10.615130879437702,4,9,11,0.81153724275952421,0.86321603211543618,0.82381997804610319,1,0.72104316932089718,Carbo-P001:H|Carbo-P002:I|Carbo-P003:H|Carbo-P004:I|Carbo-P005:H|Carbo-P006:H|Carbo-P007:H|Carbo-P008:H|Carbo-P009:I|Carbo-P010:H|Carbo-P011:I|Carbo-P012:H|Carbo-P013:I|Carbo-P014:I|Carbo-P015:H|Carbo-P016:L|Carbo-P017:I|Carbo-P018:L|Carbo-P019:H|Carbo-P020:L|Carbo-P021:L|Carbo-P022:I|Carbo-P023:I|Carbo-P024:H,,1,0.86321603211543618,0.79166666666666663,0.85869565217391308,0.82381997804610319,
WEIBULL|EC50|JENKS,CARBO_A,13,True,,0.05879513418506592,13,0,-27.965156475659363,-7.7772307885516589,2,5,6,0.94137767422270191,0.9799796681375107,1,1,0.79603049530905579,CarboA-P001:L|CarboA-P002:I|CarboA-P003:H|CarboA-P004:I|CarboA-P005:I|CarboA-P006:L|CarboA-P007:H|CarboA-P008:I|CarboA-P009:H|CarboA-P010:I|CarboA-P011:H|CarboA-P012:H|CarboA-P013:H,,1,0.97997966813751092,1,1,1,
WEIBULL|EC50|JENKS,CDDP,18,True,,0.10980936361222922,18,0,-80.626062642468213,-32.552366793782738,1,3,14,0.94936828220538994,0.92718965911323492,0.98842975206611561,0,0.5949594113993939,CDDP-P001:H|CDDP-P002:H|CDDP-P003:H|CDDP-P004:H|CDDP-P005:I|CDDP-P006:H|CDDP-P007:H|CDDP-P008:H|CDDP-P009:H|CDDP-P010:H|CDDP-P011:I|CDDP-P012:H|CDDP-P013:H|CDDP-P014:L|CDDP-P015:I|CDDP-P016:H|CDDP-P017:H|CDDP-P018:H,,1,0.92718965911323492,1,0.97712418300653581,0.98842975206611561,
WEIBULL|EC50|JENKS,CDDP_A,18,True,,0.085845583480379878,18,0,-37.079680549226737,-11.870005553786664,1,3,14,0.97490066774981576,0.915670681555662,0.9850746268656716,0,0.59229831193030591,CDDPA-P001:H|CDDPA-P002:H|CDDPA-P003:I|CDDPA-P004:H|CDDPA-P005:H|CDDPA-P006:H|CDDPA-P007:H|CDDPA-P008:L|CDDPA-P009:H|CDDPA-P010:I|CDDPA-P011:H|CDDPA-P012:H|CDDPA-P013:H|CDDPA-P014:H|CDDPA-P015:H|CDDPA-P016:H|CDDPA-P017:I|CDDPA-P018:H,,1,0.915670681555662,1,0.97058823529411753,0.9850746268656716,
WEIBULL|EC50|JENKS,ETO,18,True,,0.083334409799331766,18,0,-155.44345643586988,-32.368014768351145,1,3,14,0.97393018469724291,0.9351338355768537,0.99507389162561577,0,0.5974944643398088,ETO-P001:H|ETO-P002:H|ETO-P003:I|ETO-P004:H|ETO-P005:L|ETO-P006:H|ETO-P007:H|ETO-P008:H|ETO-P009:I|ETO-P010:H|ETO-P011:H|ETO-P012:I|ETO-P013:H|ETO-P014:H|ETO-P015:H|ETO-P016:H|ETO-P017:H|ETO-P018:H,,1,0.9351338355768537,1,0.99019607843137258,0.99507389162561577,
WEIBULL|EC50|KMEANS,5FU,22,True,,0.12913039696212844,22,0,-33.76379736135798,-11.753924764777004,2,4,16,0.94152281223658796,0.98961296450631442,1,1,0.81205323474100621,5FU-P001:H|5FU-P002:H|5FU-P003:H|5FU-P004:H|5FU-P005:H|5FU-P006:H|5FU-P007:H|5FU-P008:H|5FU-P009:H|5FU-P010:I|5FU-P011:I|5FU-P012:H|5FU-P013:I|5FU-P014:L|5FU-P015:H|5FU-P016:L|5FU-P017:H|5FU-P018:H|5FU-P019:H|5FU-P020:I|5FU-P021:H|5FU-P022:H,,1,0.98961296450631464,1,1,1,
WEIBULL|EC50|KMEANS,CARBO,24,True,,0.10664259368342242,24,0,-23.25592952358372,-10.615130879437702,4,9,11,0.81153724275952421,0.86321603211543618,0.82381997804610319,1,0.72104316932089718,Carbo-P001:H|Carbo-P002:I|Carbo-P003:H|Carbo-P004:I|Carbo-P005:H|Carbo-P006:H|Carbo-P007:H|Carbo-P008:H|Carbo-P009:I|Carbo-P010:H|Carbo-P011:I|Carbo-P012:H|Carbo-P013:I|Carbo-P014:I|Carbo-P015:H|Carbo-P016:L|Carbo-P017:I|Carbo-P018:L|Carbo-P019:H|Carbo-P020:L|Carbo-P021:L|Carbo-P022:I|Carbo-P023:I|Carbo-P024:H,,1,0.86321603211543618,0.79166666666666663,0.85869565217391308,0.82381997804610319,
WEIBULL|EC50|KMEANS,CARBO_A,13,True,,0.05879513418506592,13,0,-27.965156475659363,-7.7772307885516589,2,5,6,0.94137767422270191,0.9799796681375107,1,1,0.79603049530905579,CarboA-P001:L|CarboA-P002:I|CarboA-P003:H|CarboA-P004:I|CarboA-P005:I|CarboA-P006:L|CarboA-P007:H|CarboA-P008:I|CarboA-P009:H|CarboA-P010:I|CarboA-P011:H|CarboA-P012:H|CarboA-P013:H,,1,0.97997966813751092,1,1,1,
WEIBULL|EC50|KMEANS,CDDP,18,True,,0.10980936361222922,18,0,-80.626062642468213,-32.552366793782738,1,3,14,0.94936828220538994,0.92718965911323492,0.98842975206611561,0,0.5949594113993939,CDDP-P001:H|CDDP-P002:H|CDDP-P003:H|CDDP-P004:H|CDDP-P005:I|CDDP-P006:H|CDDP-P007:H|CDDP-P008:H|CDDP-P009:H|CDDP-P010:H|CDDP-P011:I|CDDP-P012:H|CDDP-P013:H|CDDP-P014:L|CDDP-P015:I|CDDP-P016:H|CDDP-P017:H|CDDP-P018:H,,1,0.92718965911323492,1,0.97712418300653581,0.98842975206611561,
WEIBULL|EC50|KMEANS,CDDP_A,18,True,,0.085845583480379878,18,0,-37.079680549226737,-11.870005553786664,1,3,14,0.97490066774981576,0.915670681555662,0.9850746268656716,0,0.59229831193030591,CDDPA-P001:H|CDDPA-P002:H|CDDPA-P003:I|CDDPA-P004:H|CDDPA-P005:H|CDDPA-P006:H|CDDPA-P007:H|CDDPA-P008:L|CDDPA-P009:H|CDDPA-P010:I|CDDPA-P011:H|CDDPA-P012:H|CDDPA-P013:H|CDDPA-P014:H|CDDPA-P015:H|CDDPA-P016:H|CDDPA-P017:I|CDDPA-P018:H,,1,0.915670681555662,1,0.97058823529411753,0.9850746268656716,
WEIBULL|EC50|KMEANS,ETO,18,True,,0.083334409799331766,18,0,-155.44345643586988,-32.368014768351145,1,3,14,0.97393018469724291,0.93481223136736247,0.99342105263157898,0,0.59709957569910321,ETO-P001:H|ETO-P002:H|ETO-P003:I|ETO-P004:H|ETO-P005:L|ETO-P006:H|ETO-P007:H|ETO-P008:H|ETO-P009:I|ETO-P010:H|ETO-P011:H|ETO-P012:I|ETO-P013:H|ETO-P014:H|ETO-P015:H|ETO-P016:H|ETO-P017:H|ETO-P018:H,,1,0.93481223136736258,1,0.98692810457516345,0.99342105263157898,
WEIBULL|EC50|WARD,5FU,22,True,,0.12913039696212844,22,0,-33.76379736135798,-11.753924764777004,2,4,16,0.94152281223658796,0.98961296450631442,1,1,0.81205323474100621,5FU-P001:H|5FU-P002:H|5FU-P003:H|5FU-P004:H|5FU-P005:H|5FU-P006:H|5FU-P007:H|5FU-P008:H|5FU-P009:H|5FU-P010:I|5FU-P011:I|5FU-P012:H|5FU-P013:I|5FU-P014:L|5FU-P015:H|5FU-P016:L|5FU-P017:H|5FU-P018:H|5FU-P019:H|5FU-P020:I|5FU-P021:H|5FU-P022:H,,1,0.98961296450631464,1,1,1,
WEIBULL|EC50|WARD,CARBO,24,True,,0.10664259368342242,24,0,-36.725087391295645,-10.615130879437702,1,12,11,0.81077347011386092,0.90405286615448521,0.83531531531531533,0,0.53135684905341674,Carbo-P001:H|Carbo-P002:I|Carbo-P003:H|Carbo-P004:I|Carbo-P005:H|Carbo-P006:H|Carbo-P007:H|Carbo-P008:H|Carbo-P009:I|Carbo-P010:H|Carbo-P011:I|Carbo-P012:H|Carbo-P013:I|Carbo-P014:I|Carbo-P015:H|Carbo-P016:I|Carbo-P017:I|Carbo-P018:I|Carbo-P019:H|Carbo-P020:I|Carbo-P021:L|Carbo-P022:I|Carbo-P023:I|Carbo-P024:H,,1,0.90405286615448532,0.79166666666666663,0.88405797101449268,0.83531531531531533,
WEIBULL|EC50|WARD,CARBO_A,13,True,,0.05879513418506592,13,0,-27.965156475659363,-7.7772307885516589,2,5,6,0.94137767422270191,0.9799796681375107,1,1,0.79603049530905579,CarboA-P001:L|CarboA-P002:I|CarboA-P003:H|CarboA-P004:I|CarboA-P005:I|CarboA-P006:L|CarboA-P007:H|CarboA-P008:I|CarboA-P009:H|CarboA-P010:I|CarboA-P011:H|CarboA-P012:H|CarboA-P013:H,,1,0.97997966813751092,1,1,1,
WEIBULL|EC50|WARD,CDDP,18,True,,0.10980936361222922,18,0,-80.626062642468213,-32.552366793782738,1,3,14,0.94936828220538994,0.92848201437943567,0.99009900990099009,0,0.59555173401960892,CDDP-P001:H|CDDP-P002:H|CDDP-P003:H|CDDP-P004:H|CDDP-P005:I|CDDP-P006:H|CDDP-P007:H|CDDP-P008:H|CDDP-P009:H|CDDP-P010:H|CDDP-P011:I|CDDP-P012:H|CDDP-P013:H|CDDP-P014:L|CDDP-P015:I|CDDP-P016:H|CDDP-P017:H|CDDP-P018:H,,1,0.92848201437943567,1,0.98039215686274517,0.99009900990099009,
WEIBULL|EC50|WARD,CDDP_A,18,True,,0.085845583480379878,18,0,-37.079680549226737,-11.870005553786664,1,3,14,0.97490066774981576,0.915670681555662,0.9850746268656716,0,0.59229831193030591,CDDPA-P001:H|CDDPA-P002:H|CDDPA-P003:I|CDDPA-P004:H|CDDPA-P005:H|CDDPA-P006:H|CDDPA-P007:H|CDDPA-P008:L|CDDPA-P009:H|CDDPA-P010:I|CDDPA-P011:H|CDDPA-P012:H|CDDPA-P013:H|CDDPA-P014:H|CDDPA-P015:H|CDDPA-P016:H|CDDPA-P017:I|CDDPA-P018:H,,1,0.915670681555662,1,0.97058823529411753,0.9850746268656716,
WEIBULL|EC50|WARD,ETO,18,True,,0.083334409799331766,18,0,-155.44345643586988,-14.003373979748927,1,5,12,0.96497562814167481,0.93010440648665571,0.90227817745803351,0,0.57613852437713908,ETO-P001:H|ETO-P002:H|ETO-P003:I|ETO-P004:H|ETO-P005:L|ETO-P006:H|ETO-P007:H|ETO-P008:H|ETO-P009:I|ETO-P010:H|ETO-P011:H|ETO-P012:I|ETO-P013:H|ETO-P014:I|ETO-P015:H|ETO-P016:I|ETO-P017:H|ETO-P018:H,,1,0.93010440648665571,0.83333333333333337,0.98366013071895408,0.90227817745803363,
WEIBULL|EC50|TIED_GMM,5FU,22,True,,0.12913039696212844,22,0,-33.76379736135798,-11.753924764777004,2,4,16,0.94152281223658796,0.98961296450631442,1,1,0.81205323474100621,5FU-P001:H|5FU-P002:H|5FU-P003:H|5FU-P004:H|5FU-P005:H|5FU-P006:H|5FU-P007:H|5FU-P008:H|5FU-P009:H|5FU-P010:I|5FU-P011:I|5FU-P012:H|5FU-P013:I|5FU-P014:L|5FU-P015:H|5FU-P016:L|5FU-P017:H|5FU-P018:H|5FU-P019:H|5FU-P020:I|5FU-P021:H|5FU-P022:H,,1,0.98961296450631464,1,1,1,
WEIBULL|EC50|TIED_GMM,CARBO,24,True,,0.10664259368342242,24,0,-36.725087391295645,-17.696145931771103,1,6,17,0.79768964725475255,0.92784398978749028,0.96918767507002801,0,0.5602727811591387,Carbo-P001:H|Carbo-P002:I|Carbo-P003:H|Carbo-P004:H|Carbo-P005:H|Carbo-P006:H|Carbo-P007:H|Carbo-P008:H|Carbo-P009:I|Carbo-P010:H|Carbo-P011:H|Carbo-P012:H|Carbo-P013:H|Carbo-P014:I|Carbo-P015:H|Carbo-P016:I|Carbo-P017:H|Carbo-P018:I|Carbo-P019:H|Carbo-P020:I|Carbo-P021:L|Carbo-P022:H|Carbo-P023:H|Carbo-P024:H,,1,0.9278439897874905,1,0.940217391304348,0.96918767507002801,
WEIBULL|EC50|TIED_GMM,CARBO_A,13,True,,0.05879513418506592,13,0,-27.965156475659363,-7.7772307885516589,2,5,6,0.94137767422270191,0.9799796681375107,1,1,0.79603049530905579,CarboA-P001:L|CarboA-P002:I|CarboA-P003:H|CarboA-P004:I|CarboA-P005:I|CarboA-P006:L|CarboA-P007:H|CarboA-P008:I|CarboA-P009:H|CarboA-P010:I|CarboA-P011:H|CarboA-P012:H|CarboA-P013:H,,1,0.97997966813751092,1,1,1,
WEIBULL|EC50|TIED_GMM,CDDP,18,True,,0.10980936361222922,18,0,-80.626062642468213,-32.552366793782738,1,3,14,0.94936828220538994,0.92718965911323492,0.98842975206611561,0,0.5949594113993939,CDDP-P001:H|CDDP-P002:H|CDDP-P003:H|CDDP-P004:H|CDDP-P005:I|CDDP-P006:H|CDDP-P007:H|CDDP-P008:H|CDDP-P009:H|CDDP-P010:H|CDDP-P011:I|CDDP-P012:H|CDDP-P013:H|CDDP-P014:L|CDDP-P015:I|CDDP-P016:H|CDDP-P017:H|CDDP-P018:H,,1,0.92718965911323492,1,0.97712418300653581,0.98842975206611561,
WEIBULL|EC50|TIED_GMM,CDDP_A,18,True,,0.085845583480379878,18,0,-37.079680549226737,-11.870005553786664,1,3,14,0.97490066774981576,0.94955971580603349,0.99836333878887074,0,0.60173386116501992,CDDPA-P001:H|CDDPA-P002:H|CDDPA-P003:I|CDDPA-P004:H|CDDPA-P005:H|CDDPA-P006:H|CDDPA-P007:H|CDDPA-P008:L|CDDPA-P009:H|CDDPA-P010:I|CDDPA-P011:H|CDDPA-P012:H|CDDPA-P013:H|CDDPA-P014:H|CDDPA-P015:H|CDDPA-P016:H|CDDPA-P017:I|CDDPA-P018:H,,1,0.94955971580603349,1,0.99673202614379086,0.99836333878887074,
WEIBULL|EC50|TIED_GMM,ETO,18,True,,0.083334409799331766,18,0,-155.44345643586988,-32.368014768351145,1,3,14,0.97393018469724291,0.93350540654153935,0.96521902613273169,0,0.59119780543416911,ETO-P001:H|ETO-P002:H|ETO-P003:I|ETO-P004:H|ETO-P005:L|ETO-P006:H|ETO-P007:H|ETO-P008:H|ETO-P009:I|ETO-P010:H|ETO-P011:H|ETO-P012:I|ETO-P013:H|ETO-P014:H|ETO-P015:H|ETO-P016:H|ETO-P017:H|ETO-P018:H,,1,0.93350540654153935,0.94444444444444442,0.98692810457516345,0.96521902613273169,
WEIBULL|EMAX|TERTILES,5FU,22,True,,0.12913039696212844,22,0,0.96191875826765316,0.99299812896400697,7,7,8,0.40689742012817381,0.99521446387142798,0.95454545454545459,1,0.69715754710143696,5FU-P001:H|5FU-P002:I|5FU-P003:L|5FU-P004:L|5FU-P005:I|5FU-P006:L|5FU-P007:L|5FU-P008:I|5FU-P009:H|5FU-P010:I|5FU-P011:L|5FU-P012:L|5FU-P013:L|5FU-P014:I|5FU-P015:I|5FU-P016:H|5FU-P017:H|5FU-P018:H|5FU-P019:I|5FU-P020:H|5FU-P021:H|5FU-P022:H,,1,0.99521446387142798,0.95454545454545459,0.95454545454545459,0.95454545454545459,
WEIBULL|EMAX|TERTILES,CARBO,24,True,,0.10664259368342242,24,0,0.99039182692785921,1.0046188743597375,8,8,8,0.36554171274009434,0.9964058688968821,0.95560821484992098,1,0.68483967803406398,Carbo-P001:I|Carbo-P002:I|Carbo-P003:H|Carbo-P004:L|Carbo-P005:H|Carbo-P006:H|Carbo-P007:I|Carbo-P008:L|Carbo-P009:L|Carbo-P010:H|Carbo-P011:H|Carbo-P012:L|Carbo-P013:L|Carbo-P014:H|Carbo-P015:L|Carbo-P016:I|Carbo-P017:L|Carbo-P018:H|Carbo-P019:I|Carbo-P020:I|Carbo-P021:I|Carbo-P022:I|Carbo-P023:L|Carbo-P024:H,,1,0.9964058688968821,0.95833333333333337,0.95289855072463769,0.95560821484992098,
WEIBULL|EMAX|TERTILES,CARBO_A,13,True,,0.05879513418506592,13,0,0.97191963617855515,0.99769637319755755,4,4,5,0.32706949213386793,0.99003997918559161,0.96000000000000008,1,0.66718092110090521,CarboA-P001:I|CarboA-P002:H|CarboA-P003:L|CarboA-P004:L|CarboA-P005:H|CarboA-P006:H|CarboA-P007:H|CarboA-P008:I|CarboA-P009:H|CarboA-P010:L|CarboA-P011:I|CarboA-P012:I|CarboA-P013:L,,1,0.99003997918559161,1,0.92307692307692313,0.96000000000000008,
WEIBULL|EMAX|TERTILES,CDDP,18,True,,0.10980936361222922,18,0,0.96214412945607564,0.99473815250598996,6,6,6,0.46591731891182836,0.99044320395091634,0.94280762564991327,1,0.70179550242497746,CDDP-P001:I|CDDP-P002:H|CDDP-P003:H|CDDP-P004:L|CDDP-P005:H|CDDP-P006:I|CDDP-P007:H|CDDP-P008:L|CDDP-P009:I|CDDP-P010:L|CDDP-P011:I|CDDP-P012:I|CDDP-P013:I|CDDP-P014:L|CDDP-P015:L|CDDP-P016:H|CDDP-P017:L|CDDP-P018:H,,1,0.99044320395091678,0.94444444444444442,0.94117647058823528,0.94280762564991327,
WEIBULL|EMAX|TERTILES,CDDP_A,18,True,,0.085845583480379878,18,0,0.84068165195025657,0.9833011907578042,6,6,6,0.72729322710037392,0.9563816545323669,0.91119076065312621,1,0.73614224515324944,CDDPA-P001:H|CDDPA-P002:L|CDDPA-P003:H|CDDPA-P004:H|CDDPA-P005:H|CDDPA-P006:H|CDDPA-P007:I|CDDPA-P008:L|CDDPA-P009:I|CDDPA-P010:L|CDDPA-P011:L|CDDPA-P012:I|CDDPA-P013:I|CDDPA-P014:L|CDDPA-P015:I|CDDPA-P016:H|CDDPA-P017:L|CDDPA-P018:I,,1,0.95638165453236712,0.88888888888888884,0.934640522875817,0.91119076065312621,
WEIBULL|EMAX|TERTILES,ETO,18,True,,0.083334409799331766,18,0,0.28067081608421812,0.63480920671787688,6,6,6,0.89160364581591633,0.95265580171863851,0.91428571428571426,1,0.76837591432392016,ETO-P001:L|ETO-P002:H|ETO-P003:L|ETO-P004:H|ETO-P005:H|ETO-P006:H|ETO-P007:H|ETO-P008:L|ETO-P009:I|ETO-P010:I|ETO-P011:I|ETO-P012:H|ETO-P013:L|ETO-P014:L|ETO-P015:I|ETO-P016:I|ETO-P017:L|ETO-P018:I,,1,0.95265580171863873,0.88888888888888884,0.94117647058823506,0.91428571428571415,
WEIBULL|EMAX|JENKS,5FU,22,True,,0.12913039696212844,22,0,0.4558681437242782,0.8903511852633007,1,4,17,0.97907278064780912,0.94111069895227772,0.99783080260303691,0,0.60942893583305047,5FU-P001:H|5FU-P002:H|5FU-P003:H|5FU-P004:I|5FU-P005:H|5FU-P006:I|5FU-P007:H|5FU-P008:H|5FU-P009:H|5FU-P010:H|5FU-P011:I|5FU-P012:L|5FU-P013:I|5FU-P014:H|5FU-P015:H|5FU-P016:H|5FU-P017:H|5FU-P018:H|5FU-P019:H|5FU-P020:H|5FU-P021:H|5FU-P022:H,,1,0.94111069895227772,1,0.99567099567099571,0.99783080260303691,
WEIBULL|EMAX|JENKS,CARBO,24,True,,0.10664259368342242,24,0,0.86602331409064115,0.97127962476197205,1,4,19,0.96607696018896771,0.93447973413829055,0.98993595608417206,0,0.59942704881897058,Carbo-P001:H|Carbo-P002:H|Carbo-P003:H|Carbo-P004:H|Carbo-P005:H|Carbo-P006:H|Carbo-P007:H|Carbo-P008:I|Carbo-P009:I|Carbo-P010:H|Carbo-P011:H|Carbo-P012:I|Carbo-P013:H|Carbo-P014:H|Carbo-P015:H|Carbo-P016:H|Carbo-P017:L|Carbo-P018:H|Carbo-P019:H|Carbo-P020:H|Carbo-P021:H|Carbo-P022:H|Carbo-P023:I|Carbo-P024:H,,1,0.93447973413829077,1,0.98007246376811585,0.98993595608417206,
WEIBULL|EMAX|JENKS,CARBO_A,13,True,,0.05879513418506592,13,0,0.7526632602312241,0.97191963617855515,1,3,9,0.99464703156161927,0.91752285350130613,0.95104895104895104,0,0.58440279405938855,CarboA-P001:H|CarboA-P002:H|CarboA-P003:I|CarboA-P004:L|CarboA-P005:H|CarboA-P006:H|CarboA-P007:H|CarboA-P008:H|CarboA-P009:H|CarboA-P010:I|CarboA-P011:H|CarboA-P012:H|CarboA-P013:I,,1,0.91752285350130613,0.92307692307692313,0.98076923076923073,0.95104895104895104,
WEIBULL|EMAX|JENKS,CDDP,18,True,,0.10980936361222922,18,0,0.66936463247028766,0.89140297005231317,1,2,15,0.93971769777706049,0.91386634796555777,0.95892485330304755,0,0.58446365253157895,CDDP-P001:H|CDDP-P002:H|CDDP-P003:H|CDDP-P004:L|CDDP-P005:H|CDDP-P006:H|CDDP-P007:H|CDDP-P008:H|CDDP-P009:H|CDDP-P010:H|CDDP-P011:H|CDDP-P012:H|CDDP-P013:H|CDDP-P014:I|CDDP-P015:I|CDDP-P016:H|CDDP-P017:H|CDDP-P018:H,,1,0.91386634796555799,0.94444444444444442,0.97385620915032689,0.95892485330304755,
WEIBULL|EMAX|JENKS,CDDP_A,18,True,,0.085845583480379878,18,0,0.64483753911757635,0.8789749041665208,2,5,11,0.93362688171273822,0.95717348487006126,0.93387628466162498,1,0.78210444694496084,CDDPA-P001:H|CDDPA-P002:I|CDDPA-P003:H|CDDPA-P004:H|CDDPA-P005:H|CDDPA-P006:H|CDDPA-P007:H|CDDPA-P008:I|CDDPA-P009:H|CDDPA-P010:L|CDDPA-P011:I|CDDPA-P012:I|CDDPA-P013:H|CDDPA-P014:I|CDDPA-P015:H|CDDPA-P016:H|CDDPA-P017:L|CDDPA-P018:H,,1,0.9571734848700616,0.88888888888888884,0.98366013071895408,0.93387628466162487,
WEIBULL|EMAX|JENKS,ETO,18,True,,0.083334409799331766,18,0,0.39131347153571577,0.71160895209460784,8,5,5,0.90598318024416424,0.93306837332765069,0.81481481481481488,1,0.74744015563719235,ETO-P001:L|ETO-P002:I|ETO-P003:L|ETO-P004:H|ETO-P005:H|ETO-P006:H|ETO-P007:H|ETO-P008:L|ETO-P009:I|ETO-P010:L|ETO-P011:L|ETO-P012:H|ETO-P013:L|ETO-P014:L|ETO-P015:I|ETO-P016:I|ETO-P017:L|ETO-P018:I,,1,0.93306837332765091,0.72222222222222221,0.93464052287581678,0.81481481481481466,
WEIBULL|EMAX|KMEANS,5FU,22,True,,0.12913039696212844,22,0,0.4558681437242782,0.8903511852633007,1,4,17,0.97907278064780912,0.94111069895227772,0.99783080260303691,0,0.60942893583305047,5FU-P001:H|5FU-P002:H|5FU-P003:H|5FU-P004:I|5FU-P005:H|5FU-P006:I|5FU-P007:H|5FU-P008:H|5FU-P009:H|5FU-P010:H|5FU-P011:I|5FU-P012:L|5FU-P013:I|5FU-P014:H|5FU-P015:H|5FU-P016:H|5FU-P017:H|5FU-P018:H|5FU-P019:H|5FU-P020:H|5FU-P021:H|5FU-P022:H,,1,0.94111069895227772,1,0.99567099567099571,0.99783080260303691,
WEIBULL|EMAX|KMEANS,CARBO,24,True,,0.10664259368342242,24,0,0.86602331409064115,0.97127962476197205,1,4,19,0.96607696018896771,0.93447973413829055,0.98993595608417206,0,0.59942704881897058,Carbo-P001:H|Carbo-P002:H|Carbo-P003:H|Carbo-P004:H|Carbo-P005:H|Carbo-P006:H|Carbo-P007:H|Carbo-P008:I|Carbo-P009:I|Carbo-P010:H|Carbo-P011:H|Carbo-P012:I|Carbo-P013:H|Carbo-P014:H|Carbo-P015:H|Carbo-P016:H|Carbo-P017:L|Carbo-P018:H|Carbo-P019:H|Carbo-P020:H|Carbo-P021:H|Carbo-P022:H|Carbo-P023:I|Carbo-P024:H,,1,0.93447973413829077,1,0.98007246376811585,0.98993595608417206,
WEIBULL|EMAX|KMEANS,CARBO_A,13,True,,0.05879513418506592,13,0,0.7526632602312241,0.97191963617855515,1,3,9,0.99464703156161927,0.91752285350130613,0.95104895104895104,0,0.58440279405938855,CarboA-P001:H|CarboA-P002:H|CarboA-P003:I|CarboA-P004:L|CarboA-P005:H|CarboA-P006:H|CarboA-P007:H|CarboA-P008:H|CarboA-P009:H|CarboA-P010:I|CarboA-P011:H|CarboA-P012:H|CarboA-P013:I,,1,0.91752285350130613,0.92307692307692313,0.98076923076923073,0.95104895104895104,
WEIBULL|EMAX|KMEANS,CDDP,18,True,,0.10980936361222922,18,0,0.66936463247028766,0.89140297005231317,1,2,15,0.93971769777706049,0.91386634796555777,0.95892485330304755,0,0.58446365253157895,CDDP-P001:H|CDDP-P002:H|CDDP-P003:H|CDDP-P004:L|CDDP-P005:H|CDDP-P006:H|CDDP-P007:H|CDDP-P008:H|CDDP-P009:H|CDDP-P010:H|CDDP-P011:H|CDDP-P012:H|CDDP-P013:H|CDDP-P014:I|CDDP-P015:I|CDDP-P016:H|CDDP-P017:H|CDDP-P018:H,,1,0.91386634796555799,0.94444444444444442,0.97385620915032689,0.95892485330304755,
WEIBULL|EMAX|KMEANS,CDDP_A,18,True,,0.085845583480379878,18,0,0.64483753911757635,0.8789749041665208,2,5,11,0.93362688171273822,0.95717348487006126,0.93387628466162498,1,0.78210444694496084,CDDPA-P001:H|CDDPA-P002:I|CDDPA-P003:H|CDDPA-P004:H|CDDPA-P005:H|CDDPA-P006:H|CDDPA-P007:H|CDDPA-P008:I|CDDPA-P009:H|CDDPA-P010:L|CDDPA-P011:I|CDDPA-P012:I|CDDPA-P013:H|CDDPA-P014:I|CDDPA-P015:H|CDDPA-P016:H|CDDPA-P017:L|CDDPA-P018:H,,1,0.9571734848700616,0.88888888888888884,0.98366013071895408,0.93387628466162487,
WEIBULL|EMAX|KMEANS,ETO,18,True,,0.083334409799331766,18,0,0.39131347153571577,0.71160895209460784,8,5,5,0.90598318024416424,0.93306837332765069,0.81481481481481488,1,0.74744015563719235,ETO-P001:L|ETO-P002:I|ETO-P003:L|ETO-P004:H|ETO-P005:H|ETO-P006:H|ETO-P007:H|ETO-P008:L|ETO-P009:I|ETO-P010:L|ETO-P011:L|ETO-P012:H|ETO-P013:L|ETO-P014:L|ETO-P015:I|ETO-P016:I|ETO-P017:L|ETO-P018:I,,1,0.93306837332765091,0.72222222222222221,0.93464052287581678,0.81481481481481466,
WEIBULL|EMAX|WARD,5FU,22,True,,0.12913039696212844,22,0,0.4558681437242782,0.8903511852633007,1,4,17,0.97907278064780912,0.94111069895227772,0.99783080260303691,0,0.60942893583305047,5FU-P001:H|5FU-P002:H|5FU-P003:H|5FU-P004:I|5FU-P005:H|5FU-P006:I|5FU-P007:H|5FU-P008:H|5FU-P009:H|5FU-P010:H|5FU-P011:I|5FU-P012:L|5FU-P013:I|5FU-P014:H|5FU-P015:H|5FU-P016:H|5FU-P017:H|5FU-P018:H|5FU-P019:H|5FU-P020:H|5FU-P021:H|5FU-P022:H,,1,0.94111069895227772,1,0.99567099567099571,0.99783080260303691,
WEIBULL|EMAX|WARD,CARBO,24,True,,0.10664259368342242,24,0,0.86602331409064115,0.97127962476197205,1,4,19,0.96607696018896771,0.93534519821904061,0.99178082191780825,0,0.59996911480184778,Carbo-P001:H|Carbo-P002:H|Carbo-P003:H|Carbo-P004:H|Carbo-P005:H|Carbo-P006:H|Carbo-P007:H|Carbo-P008:I|Carbo-P009:I|Carbo-P010:H|Carbo-P011:H|Carbo-P012:I|Carbo-P013:H|Carbo-P014:H|Carbo-P015:H|Carbo-P016:H|Carbo-P017:L|Carbo-P018:H|Carbo-P019:H|Carbo-P020:H|Carbo-P021:H|Carbo-P022:H|Carbo-P023:I|Carbo-P024:H,,1,0.93534519821904083,1,0.98369565217391308,0.99178082191780825,
WEIBULL|EMAX|WARD,CARBO_A,13,True,,0.05879513418506592,13,0,0.7526632602312241,0.97191963617855515,1,3,9,0.99464703156161927,0.9114415419784575,0.93572181243414121,0,0.58012110403185679,CarboA-P001:H|CarboA-P002:H|CarboA-P003:I|CarboA-P004:L|CarboA-P005:H|CarboA-P006:H|CarboA-P007:H|CarboA-P008:H|CarboA-P009:H|CarboA-P010:I|CarboA-P011:H|CarboA-P012:H|CarboA-P013:I,,1,0.9114415419784575,0.92307692307692313,0.94871794871794868,0.93572181243414121,
WEIBULL|EMAX|WARD,CDDP,18,True,,0.10980936361222922,18,0,0.66936463247028766,0.89140297005231317,1,2,15,0.93971769777706049,0.91461102688210527,0.96050642479213899,0,0.58492890261270669,CDDP-P001:H|CDDP-P002:H|CDDP-P003:H|CDDP-P004:L|CDDP-P005:H|CDDP-P006:H|CDDP-P007:H|CDDP-P008:H|CDDP-P009:H|CDDP-P010:H|CDDP-P011:H|CDDP-P012:H|CDDP-P013:H|CDDP-P014:I|CDDP-P015:I|CDDP-P016:H|CDDP-P017:H|CDDP-P018:H,,1,0.91461102688210527,0.94444444444444442,0.97712418300653581,0.96050642479213899,
WEIBULL|EMAX|WARD,CDDP_A,18,True,,0.085845583480379878,18,0,0.64483753911757635,0.92404896208655685,2,6,10,0.93281098595481782,0.95450311398983012,0.96208262591963778,1,0.78704846186893307,CDDPA-P001:H|CDDPA-P002:I|CDDPA-P003:H|CDDPA-P004:H|CDDPA-P005:H|CDDPA-P006:H|CDDPA-P007:I|CDDPA-P008:I|CDDPA-P009:H|CDDPA-P010:L|CDDPA-P011:I|CDDPA-P012:I|CDDPA-P013:H|CDDPA-P014:I|CDDPA-P015:H|CDDPA-P016:H|CDDPA-P017:L|CDDPA-P018:H,,1,0.95450311398983012,0.94444444444444442,0.98039215686274517,0.96208262591963778,
WEIBULL|EMAX|WARD,ETO,18,True,,0.083334409799331766,18,0,0.32800034615345608,0.82506718715835092,7,7,4,0.89733055847023557,0.92696036024216344,0.89253187613843354,1,0.76003144093003283,ETO-P001:L|ETO-P002:I|ETO-P003:L|ETO-P004:H|ETO-P005:H|ETO-P006:H|ETO-P007:H|ETO-P008:L|ETO-P009:I|ETO-P010:I|ETO-P011:L|ETO-P012:I|ETO-P013:L|ETO-P014:L|ETO-P015:I|ETO-P016:I|ETO-P017:L|ETO-P018:I,,1,0.92696036024216344,0.83333333333333337,0.96078431372549011,0.89253187613843354,
WEIBULL|EMAX|TIED_GMM,5FU,22,True,,0.12913039696212844,22,0,0.4558681437242782,0.8903511852633007,1,4,17,0.97907278064780912,0.94111069895227772,0.99783080260303691,0,0.60942893583305047,5FU-P001:H|5FU-P002:H|5FU-P003:H|5FU-P004:I|5FU-P005:H|5FU-P006:I|5FU-P007:H|5FU-P008:H|5FU-P009:H|5FU-P010:H|5FU-P011:I|5FU-P012:L|5FU-P013:I|5FU-P014:H|5FU-P015:H|5FU-P016:H|5FU-P017:H|5FU-P018:H|5FU-P019:H|5FU-P020:H|5FU-P021:H|5FU-P022:H,,1,0.94111069895227772,1,0.99567099567099571,0.99783080260303691,
WEIBULL|EMAX|TIED_GMM,CARBO,24,True,,0.10664259368342242,24,0,0.86602331409064115,0.97127962476197205,1,4,19,0.96607696018896771,0.93534519821904061,0.99178082191780825,0,0.59996911480184778,Carbo-P001:H|Carbo-P002:H|Carbo-P003:H|Carbo-P004:H|Carbo-P005:H|Carbo-P006:H|Carbo-P007:H|Carbo-P008:I|Carbo-P009:I|Carbo-P010:H|Carbo-P011:H|Carbo-P012:I|Carbo-P013:H|Carbo-P014:H|Carbo-P015:H|Carbo-P016:H|Carbo-P017:L|Carbo-P018:H|Carbo-P019:H|Carbo-P020:H|Carbo-P021:H|Carbo-P022:H|Carbo-P023:I|Carbo-P024:H,,1,0.93534519821904083,1,0.98369565217391308,0.99178082191780825,
WEIBULL|EMAX|TIED_GMM,CARBO_A,13,True,,0.05879513418506592,13,0,0.7526632602312241,0.97191963617855515,1,3,9,0.99464703156161927,0.91752285350130613,0.95104895104895104,0,0.58440279405938855,CarboA-P001:H|CarboA-P002:H|CarboA-P003:I|CarboA-P004:L|CarboA-P005:H|CarboA-P006:H|CarboA-P007:H|CarboA-P008:H|CarboA-P009:H|CarboA-P010:I|CarboA-P011:H|CarboA-P012:H|CarboA-P013:I,,1,0.91752285350130613,0.92307692307692313,0.98076923076923073,0.95104895104895104,
WEIBULL|EMAX|TIED_GMM,CDDP,18,True,,0.10980936361222922,18,0,0.66936463247028766,0.89140297005231317,1,2,15,0.93971769777706049,0.94626539775305551,0.96988402543958097,0,0.59313529691638522,CDDP-P001:H|CDDP-P002:H|CDDP-P003:H|CDDP-P004:L|CDDP-P005:H|CDDP-P006:H|CDDP-P007:H|CDDP-P008:H|CDDP-P009:H|CDDP-P010:H|CDDP-P011:H|CDDP-P012:H|CDDP-P013:H|CDDP-P014:I|CDDP-P015:I|CDDP-P016:H|CDDP-P017:H|CDDP-P018:H,,1,0.94626539775305574,0.94444444444444442,0.99673202614379086,0.96988402543958097,
WEIBULL|EMAX|TIED_GMM,CDDP_A,18,True,,0.085845583480379878,18,0,0.64483753911757635,0.84068165195025657,2,4,12,0.92835666529234029,0.95450812368490123,0.95892485330304755,1,0.78552704515213378,CDDPA-P001:H|CDDPA-P002:I|CDDPA-P003:H|CDDPA-P004:H|CDDPA-P005:H|CDDPA-P006:H|CDDPA-P007:H|CDDPA-P008:I|CDDPA-P009:H|CDDPA-P010:L|CDDPA-P011:I|CDDPA-P012:H|CDDPA-P013:H|CDDPA-P014:I|CDDPA-P015:H|CDDPA-P016:H|CDDPA-P017:L|CDDPA-P018:H,,1,0.95450812368490157,0.94444444444444442,0.97385620915032667,0.95892485330304744,
WEIBULL|EMAX|TIED_GMM,ETO,18,True,,0.083334409799331766,18,0,0.4452784500500831,0.82506718715835092,9,5,4,0.90210854316683808,0.92179999137447155,0.88397790055248626,1,0.75824416897862545,ETO-P001:L|ETO-P002:I|ETO-P003:L|ETO-P004:H|ETO-P005:H|ETO-P006:H|ETO-P007:H|ETO-P008:L|ETO-P009:I|ETO-P010:L|ETO-P011:L|ETO-P012:I|ETO-P013:L|ETO-P014:L|ETO-P015:I|ETO-P016:L|ETO-P017:L|ETO-P018:I,,1,0.92179999137447177,0.83333333333333337,0.94117647058823506,0.88397790055248604,
TRIOS,5FU,22,True,,0.57377983540880695,22,0,0.40523175136344197,0.58809116222431279,4,8,10,0.87116115766845192,0.9830174226760664,0.9956521739130435,1,0.88472211793327382,5FU-P001:H|5FU-P002:H|5FU-P003:I|5FU-P004:I|5FU-P005:H|5FU-P006:I|5FU-P007:I|5FU-P008:H|5FU-P009:H|5FU-P010:L|5FU-P011:I|5FU-P012:L|5FU-P013:L|5FU-P014:L|5FU-P015:I|5FU-P016:H|5FU-P017:H|5FU-P018:H|5FU-P019:H|5FU-P020:I|5FU-P021:I|5FU-P022:H,50,1,0.9830174226760664,,,0.9956521739130435,4
TRIOS,CARBO,24,True,,0.59612411134639454,24,0,0.5620397835916211,0.77417443883457981,9,10,5,0.8994305483313545,0.99098371994324308,0.97872340425531912,1,0.89305235677526229,Carbo-P001:H|Carbo-P002:L|Carbo-P003:I|Carbo-P004:I|Carbo-P005:I|Carbo-P006:I|Carbo-P007:H|Carbo-P008:I|Carbo-P009:L|Carbo-P010:I|Carbo-P011:I|Carbo-P012:I|Carbo-P013:L|Carbo-P014:L|Carbo-P015:H|Carbo-P016:L|Carbo-P017:L|Carbo-P018:L|Carbo-P019:H|Carbo-P020:H|Carbo-P021:L|Carbo-P022:I|Carbo-P023:L|Carbo-P024:I,64,1,0.99098371994324308,,,0.97872340425531912,5
TRIOS,CARBO_A,13,True,,0.62162948691531361,13,0,0.40954798958424676,0.73895312472557628,3,5,5,0.97157007560299513,0.92914238147628692,0.99029126213592222,1,0.9025266412261036,CarboA-P001:L|CarboA-P002:I|CarboA-P003:H|CarboA-P004:L|CarboA-P005:H|CarboA-P006:L|CarboA-P007:H|CarboA-P008:I|CarboA-P009:H|CarboA-P010:I|CarboA-P011:I|CarboA-P012:H|CarboA-P013:I,64,1,0.92914238147628692,,,0.99029126213592222,3
TRIOS,CDDP,18,True,,0.60843694595793552,18,0,0.28149793171550491,0.55820071622864154,4,7,7,0.90064812003921113,0.98995655172115626,0.97142857142857142,1,0.89409403782937491,CDDP-P001:H|CDDP-P002:H|CDDP-P003:I|CDDP-P004:L|CDDP-P005:L|CDDP-P006:I|CDDP-P007:I|CDDP-P008:I|CDDP-P009:I|CDDP-P010:I|CDDP-P011:I|CDDP-P012:H|CDDP-P013:H|CDDP-P014:L|CDDP-P015:L|CDDP-P016:H|CDDP-P017:H|CDDP-P018:H,40,1,0.98995655172115626,,,0.97142857142857142,4
TRIOS,CDDP_A,18,True,,0.66921295027833394,18,0,0.240515910024936,0.59347729069565913,3,6,9,0.92052805294684203,0.95364844016705175,0.95918367346938782,1,0.90051462337232313,CDDPA-P001:H|CDDPA-P002:H|CDDPA-P003:L|CDDPA-P004:H|CDDPA-P005:H|CDDPA-P006:H|CDDPA-P007:I|CDDPA-P008:I|CDDPA-P009:H|CDDPA-P010:L|CDDPA-P011:I|CDDPA-P012:I|CDDPA-P013:H|CDDPA-P014:I|CDDPA-P015:H|CDDPA-P016:H|CDDPA-P017:L|CDDPA-P018:I,25,1,0.95364844016705175,,,0.95918367346938782,3
TRIOS,ETO,18,True,,0.62693848549684772,18,0,0.25558407240824577,0.54647287954756241,11,4,3,0.92763616462453802,0.96398433394010419,0.9368115942028985,1,0.89107411565287753,ETO-P001:L|ETO-P002:I|ETO-P003:L|ETO-P004:H|ETO-P005:L|ETO-P006:H|ETO-P007:H|ETO-P008:L|ETO-P009:L|ETO-P010:I|ETO-P011:L|ETO-P012:L|ETO-P013:L|ETO-P014:L|ETO-P015:I|ETO-P016:L|ETO-P017:L|ETO-P018:I,50,1,0.96398433394010419,,,0.9368115942028985,3
