regimen,profile_id,candidate_uM,A_i,TRG_i,delta_obs,informative
5FU,5FU-P001,2,0.53252660294765919,0.096981912809317131,0.99043843100672713,True
5FU,5FU-P001,4,0.58994221694273119,0.032440948133595784,0.99043843100672713,True
5FU,5FU-P001,5,0.59174520072213366,0.013699830244696143,0.99043843100672713,True
5FU,5FU-P001,10,0.59800227087899416,0.0061979433043886445,0.99043843100672713,True
5FU,5FU-P001,20,0.64881903216625381,0.04337440025035634,0.99043843100672713,True
5FU,5FU-P001,25,0.67928756943940671,0.059212529563717822,0.99043843100672713,True
5FU,5FU-P001,50,0.80809295405501458,0.09914121917849153,0.99043843100672713,True
5FU,5FU-P001,100,0.93930461542842647,0.093598401086515223,0.99043843100672713,True
5FU,5FU-P001,250,1,0.015547806778884125,0.99043843100672713,True
5FU,5FU-P001,500,1.0058595625067652,0.004319480636550934,0.99043843100672713,True
5FU,5FU-P002,2,0.21329441065008423,0.068709538966757383,1.0129376453195025,True
5FU,5FU-P002,4,0.35086476877635092,0.10687138989251976,1.0129376453195025,True
5FU,5FU-P002,5,0.40764197440383898,0.12085848839343216,1.0129376453195025,True
5FU,5FU-P002,10,0.61524754661124725,0.15666222146437458,1.0129376453195025,True
5FU,5FU-P002,20,0.81633456671234705,0.14438401292778746,1.0129376453195025,True
5FU,5FU-P002,25,0.86719217646145952,0.12855656256692752,1.0129376453195025,True
5FU,5FU-P002,50,0.96676030855719786,0.064818078592317349,1.0129376453195025,True
5FU,5FU-P002,100,0.99661067654740398,0.017036666978602566,1.0129376453195025,True
5FU,5FU-P002,250,1,0.00050595826248997597,1.0129376453195025,True
5FU,5FU-P002,500,1.0000000000137099,1.010661076461373e-11,1.0129376453195025,True
5FU,5FU-P003,2,0.41868322279878117,0.083450975805850355,0.91350986599021555,True
5FU,5FU-P003,4,0.46999347796586893,0.029040990473945275,0.91350986599021555,True
5FU,5FU-P003,5,0.47160750107078575,0.012264027442169751,0.91350986599021555,True
5FU,5FU-P003,10,0.4716237979025279,1.2153377494415019e-16,0.91350986599021555,True
5FU,5FU-P003,20,0.50249734155092241,0.030676601973235216,0.91350986599021555,True
5FU,5FU-P003,25,0.54786973939284955,0.071434825869381144,0.91350986599021555,True
5FU,5FU-P003,50,0.77724839122755551,0.17765992446110712,0.91350986599021555,True
5FU,5FU-P003,100,0.95648737275753137,0.11775513656656555,0.91350986599021555,True
5FU,5FU-P003,250,1,0.0076387087046834333,0.91350986599021555,True
5FU,5FU-P003,500,1.0000857021979996,6.3176898333573971e-05,0.91350986599021555,True
5FU,5FU-P004,2,0.38169067250283989,0.099420892875616687,0.64902299959100218,True
5FU,5FU-P004,4,0.52272437991954879,0.10368826913084261,0.64902299959100218,True
5FU,5FU-P004,5,0.56579657088823565,0.10096554760202536,0.64902299959100218,True
5FU,5FU-P004,10,0.68388562518053475,0.08459350612610228,0.64902299959100218,True
5FU,5FU-P004,20,0.77811463732291097,0.06724821118135782,0.64902299959100218,True
5FU,5FU-P004,25,0.80389013252018726,0.062165401144889408,0.64902299959100218,True
5FU,5FU-P004,50,0.872840405616643,0.049325645781664262,0.64902299959100218,True
5FU,5FU-P004,100,0.9307324153497547,0.041886491255165498,0.64902299959100218,True
5FU,5FU-P004,250,1,0.038058621356622316,0.64902299959100218,True
5FU,5FU-P004,500,1.0512601134821151,0.037787303635342273,0.64902299959100218,True
5FU,5FU-P005,2,0.43316266059827679,0.096218635658193025,0.92882339137689662,True
5FU,5FU-P005,4,0.53193872675444376,0.067774168270511859,0.92882339137689662,True
5FU,5FU-P005,5,0.55318169562041597,0.055841126925524669,0.92882339137689662,True
5FU,5FU-P005,10,0.60502859102685747,0.037173262184993963,0.92882339137689662,True
5FU,5FU-P005,20,0.67665756501024654,0.05601197331650426,0.92882339137689662,True
5FU,5FU-P005,25,0.7056131374668253,0.062537277524373477,0.92882339137689662,True
5FU,5FU-P005,50,0.80350174663738716,0.072873335901687181,0.92882339137689662,True
5FU,5FU-P005,100,0.89752463060148213,0.068183620810886289,0.92882339137689662,True
5FU,5FU-P005,250,1,0.054307434828277747,0.92882339137689662,True
5FU,5FU-P005,500,1.071270734039014,0.052538488202637158,0.92882339137689662,True
5FU,5FU-P006,2,0.25058691503709907,0.072010626090547036,0.93617577990922873,True
5FU,5FU-P006,4,0.37130280650827802,0.091328428531538622,0.93617577990922873,True
5FU,5FU-P006,5,0.4143697195680956,0.095982838314861083,0.93617577990922873,True
5FU,5FU-P006,10,0.5524380144452421,0.1019963742856579,0.93617577990922873,True
5FU,5FU-P006,20,0.68140995557578488,0.093458909501029391,0.93617577990922873,True
5FU,5FU-P006,25,0.71866552640038472,0.088645133304243853,0.93617577990922873,True
5FU,5FU-P006,50,0.81975551933554436,0.07239966003782608,0.93617577990922873,True
5FU,5FU-P006,100,0.90310355560917088,0.060045077141387196,0.93617577990922873,True
5FU,5FU-P006,250,1,0.053002678416806982,0.93617577990922873,True
5FU,5FU-P006,500,1.0711935647028852,0.052481601455075487,0.93617577990922873,True
5FU,5FU-P007,2,0.39920750204827088,0.085601573513632623,0.92892298411864893,True
5FU,5FU-P007,4,0.48037860081207912,0.054559278549705152,0.92892298411864893,True
5FU,5FU-P007,5,0.49599402344378635,0.042688740164604562,0.92892298411864893,True
5FU,5FU-P007,10,0.5329145484161103,0.026468443525813068,0.92892298411864893,True
5FU,5FU-P007,20,0.59236500810586379,0.047860565687153113,0.92892298411864893,True
5FU,5FU-P007,25,0.62237591370759537,0.06012830670137051,0.92892298411864893,True
5FU,5FU-P007,50,0.74663420415749038,0.095606203490053401,0.92892298411864893,True
5FU,5FU-P007,100,0.87966443535440442,0.096183723974607879,0.92892298411864893,True
5FU,5FU-P007,250,1,0.058941150515983733,0.92892298411864893,True
5FU,5FU-P007,500,1.0726891805347822,0.053584121245271461,0.92892298411864893,True
5FU,5FU-P008,2,0.55197100855894743,0.10879199497047282,0.98829432269166773,True
5FU,5FU-P008,4,0.64320979690687941,0.059523257307920817,0.98829432269166773,True
5FU,5FU-P008,5,0.65916281993187942,0.044421396506460771,0.98829432269166773,True
5FU,5FU-P008,10,0.69715736438338194,0.026426126804015723,0.98829432269166773,True
5FU,5FU-P008,20,0.70621678169675528,0.0038464165992829966,0.98829432269166773,True
5FU,5FU-P008,25,0.70706734945699434,0.0016346572741094596,0.98829432269166773,True
5FU,5FU-P008,50,0.78313688582372953,0.070774015784109134,0.98829432269166773,True
5FU,5FU-P008,100,0.93956417997302299,0.11301939225673696,0.98829432269166773,True
5FU,5FU-P008,250,1,0.011085079352530273,0.98829432269166773,True
5FU,5FU-P008,500,1,0,0.98829432269166773,True
5FU,5FU-P009,2,0.44740900252596516,0.090309804211563871,0.98817361834935102,True
5FU,5FU-P009,4,0.53374219487621233,0.05903512753814464,0.98817361834935102,True
5FU,5FU-P009,5,0.55835525582630208,0.055487144900897054,0.98817361834935102,True
5FU,5FU-P009,10,0.6793899619512912,0.09662741374040329,0.98817361834935102,True
5FU,5FU-P009,20,0.85412187847053422,0.13055711526390396,0.98817361834935102,True
5FU,5FU-P009,25,0.90170227651573509,0.12013402323808253,0.98817361834935102,True
5FU,5FU-P009,50,0.98501654513580128,0.051797542792978296,0.98817361834935102,True
5FU,5FU-P009,100,0.99963107545673946,0.007123799132686813,0.98817361834935102,True
5FU,5FU-P009,250,1,5.4288231944608381e-11,0.98817361834935102,True
5FU,5FU-P009,500,1.0000000001475613,1.0877745984318406e-10,0.98817361834935102,True
5FU,5FU-P010,2,0.019061086748680196,0.0082142233521088539,0.97628645135673264,True
5FU,5FU-P010,4,0.048818639037938767,0.024888403202109159,0.97628645135673264,True
5FU,5FU-P010,5,0.068890053333276566,0.036723415636762013,0.97628645135673264,True
5FU,5FU-P010,10,0.19467016965568726,0.10300521184080835,0.97628645135673264,True
5FU,5FU-P010,20,0.43541234203985607,0.18755634239553856,0.97628645135673264,True
5FU,5FU-P010,25,0.526865824606359,0.20272325341584999,0.97628645135673264,True
5FU,5FU-P010,50,0.78571125489248705,0.18430968131654463,0.97628645135673264,True
5FU,5FU-P010,100,0.93722885660539557,0.09971372953008148,0.97628645135673264,True
5FU,5FU-P010,250,1,0.023021890122950688,0.97628645135673264,True
5FU,5FU-P010,500,1.0212425520320831,0.015659324747806978,0.97628645135673264,True
5FU,5FU-P011,2,0.1988317964099664,0.056129590364535881,0.6980416561109426,True
5FU,5FU-P011,4,0.29126836991567662,0.069786591704980194,0.6980416561109426,True
5FU,5FU-P011,5,0.32425794866013818,0.073367207676116319,0.6980416561109426,True
5FU,5FU-P011,10,0.43392716714974067,0.081777734896377074,0.6980416561109426,True
5FU,5FU-P011,20,0.55092120469687855,0.086769427974262084,0.6980416561109426,True
5FU,5FU-P011,25,0.58956549288323723,0.087845946188681814,0.6980416561109426,True
5FU,5FU-P011,50,0.711488403389961,0.090095416736646838,0.6980416561109426,True
5FU,5FU-P011,100,0.83517682077247646,0.091280860713488829,0.6980416561109426,True
5FU,5FU-P011,250,1,0.092012083358328417,0.6980416561109426,True
5FU,5FU-P011,500,1.1251459129862336,0.092253533819874667,0.6980416561109426,True
5FU,5FU-P012,2,0.081191577567775092,0.077401168641488355,0.18854156042033424,True
5FU,5FU-P012,4,0.5846934608344897,0.42295848839806938,0.18854156042033424,True
5FU,5FU-P012,5,0.78162936360257074,0.46157395221816439,0.18854156042033424,True
5FU,5FU-P012,10,0.98999061959637447,0.094373032252387037,0.18854156042033424,True
5FU,5FU-P012,20,0.99012876466029498,0,0.18854156042033424,True
5FU,5FU-P012,25,0.99012876466029465,0,0.18854156042033424,True
5FU,5FU-P012,50,0.99012876466029498,0,0.18854156042033424,True
5FU,5FU-P012,100,0.99035026014762906,0.00022149548733405253,0.18854156042033424,True
5FU,5FU-P012,250,1,0.0073074910552910167,0.18854156042033424,True
5FU,5FU-P012,500,1.0117134090911719,0.0086347476793535508,0.18854156042033424,True
5FU,5FU-P013,2,0.014737039219165979,0.014049044150255249,0.7754012929334223,True
5FU,5FU-P013,4,0.11497462117268037,0.085618194024606201,0.7754012929334223,True
5FU,5FU-P013,5,0.170428173523647,0.11170192415716552,0.7754012929334223,True
5FU,5FU-P013,10,0.36762569701854847,0.14654397424338805,0.7754012929334223,True
5FU,5FU-P013,20,0.50928529409788481,0.096210539268548945,0.7754012929334223,True
5FU,5FU-P013,25,0.54025893227231647,0.080001240241742475,0.7754012929334223,True
5FU,5FU-P013,50,0.63081063919089364,0.067739563991654511,0.7754012929334223,True
5FU,5FU-P013,100,0.76232644723702714,0.10225366954308716,0.7754012929334223,True
5FU,5FU-P013,250,1,0.1381444113529732,0.7754012929334223,True
5FU,5FU-P013,500,1.1924707686902427,0.1418832476826937,0.7754012929334223,True
5FU,5FU-P014,2,0.19509678295535759,0.055165143709368474,1.0193995394610658,True
5FU,5FU-P014,4,0.28622542918037458,0.068835490115955675,1.0193995394610658,True
5FU,5FU-P014,5,0.31885744593679072,0.072488696578981618,1.0193995394610658,True
5FU,5FU-P014,10,0.42785736686381198,0.081357386771062051,1.0193995394610658,True
5FU,5FU-P014,20,0.54509035840902531,0.087038796914678251,1.0193995394610658,True
5FU,5FU-P014,25,0.58400288788287869,0.088328287426822194,1.0193995394610658,True
5FU,5FU-P014,50,0.70720490645465017,0.091096715930377298,1.0193995394610658,True
5FU,5FU-P014,100,0.83260589392397866,0.092574090307707843,1.0193995394610658,True
5FU,5FU-P014,250,1,0.093470953380128174,1.0193995394610658,True
5FU,5FU-P014,500,1.1271498929492383,0.0937308032638378,1.0193995394610658,True
5FU,5FU-P015,2,0.24951803983034992,0.069380088811998794,0.99744058961033177,True
5FU,5FU-P015,4,0.36048838745057721,0.083353293361388428,0.99744058961033177,True
5FU,5FU-P015,5,0.39881616795753749,0.086211598311451657,0.99744058961033177,True
5FU,5FU-P015,10,0.52012611634944439,0.089527350983779175,0.99744058961033177,True
5FU,5FU-P015,20,0.63777690739732451,0.086064288244598428,0.99744058961033177,True
5FU,5FU-P015,25,0.67398197823172923,0.084178928786410576,0.99744058961033177,True
5FU,5FU-P015,50,0.78038926103160533,0.07752182547047376,0.99744058961033177,True
5FU,5FU-P015,100,0.87833037764678668,0.071442399661753239,0.99744058961033177,True
5FU,5FU-P015,250,1,0.067178408203862672,0.99744058961033177,True
5FU,5FU-P015,500,1.0907476782838736,0.066896263792149482,0.99744058961033177,True
5FU,5FU-P016,2,3.5549695061097026e-06,5.8234646674897035e-15,0.20971112504647671,True
5FU,5FU-P016,4,3.5549695061097026e-06,0,0.20971112504647671,True
5FU,5FU-P016,5,3.5549695061097026e-06,0,0.20971112504647671,True
5FU,5FU-P016,10,3.5549695061097026e-06,0,0.20971112504647671,True
5FU,5FU-P016,20,0.10554799805749793,0.10487117734103936,0.20971112504647671,True
5FU,5FU-P016,25,0.25809254180080615,0.24164168409770151,0.20971112504647671,True
5FU,5FU-P016,50,0.81354359612043747,0.39462815707487409,0.20971112504647671,True
5FU,5FU-P016,100,0.99471198356085511,0.098344086580075638,0.20971112504647671,True
5FU,5FU-P016,250,1,1.0588117577254007e-15,0.20971112504647671,True
5FU,5FU-P016,500,1,0,0.20971112504647671,True
5FU,5FU-P017,2,0.35067267386622369,0.10198183265899204,1.1739268738212716,True
5FU,5FU-P017,4,0.5262001435936472,0.13342139773156533,1.1739268738212716,True
5FU,5FU-P017,5,0.59005700236663905,0.14168308870106597,1.1739268738212716,True
5FU,5FU-P017,10,0.79017831180069809,0.14674408030019076,1.1739268738212716,True
5FU,5FU-P017,20,0.93936668459075667,0.10181061528084615,1.1739268738212716,True
5FU,5FU-P017,25,0.96732649094622725,0.078857484908949796,1.1739268738212716,True
5FU,5FU-P017,50,0.99954573772566502,0.016500133590498612,1.1739268738212716,True
5FU,5FU-P017,100,0.99999999999997036,1.7826162090714194e-06,1.1739268738212716,True
5FU,5FU-P017,250,0.99999999999999967,5.6744063845028876e-16,1.1739268738212716,True
5FU,5FU-P017,500,1,5.6744063845028876e-16,1.1739268738212716,True
5FU,5FU-P018,2,0.23760804165793661,0.08350142447595614,0.99603275681029635,True
5FU,5FU-P018,4,0.4208119401859165,0.14399613437055553,0.99603275681029635,True
5FU,5FU-P018,5,0.49874358980211692,0.16553328599352213,0.99603275681029635,True
5FU,5FU-P018,10,0.76486646767169264,0.19771965102118477,0.99603275681029635,True
5FU,5FU-P018,20,0.94984832205903125,0.12114296859960101,0.99603275681029635,True
5FU,5FU-P018,25,0.97513949986903592,0.081363097389243508,0.99603275681029635,True
5FU,5FU-P018,50,0.99966201311397629,0.012277231801017859,0.99603275681029635,True
5FU,5FU-P018,100,0.99999999997815647,1.3263278437153306e-06,0.99603275681029635,True
5FU,5FU-P018,250,0.99999999998622857,6.0728093944753789e-12,0.99603275681029635,True
5FU,5FU-P018,500,1,1.059291817471042e-11,0.99603275681029635,True
5FU,5FU-P019,2,0.33783478712962078,0.095099293084311781,0.88859912064473467,True
5FU,5FU-P019,4,0.4915812504171837,0.11561476938937472,0.88859912064473467,True
5FU,5FU-P019,5,0.54447932313946801,0.11933996943812251,0.88859912064473467,True
5FU,5FU-P019,10,0.70598679822554644,0.11807969371245837,0.88859912064473467,True
5FU,5FU-P019,20,0.84176460285667098,0.096514806263317654,0.88859912064473467,True
5FU,5FU-P019,25,0.87614128166665972,0.085996858337821822,0.88859912064473467,True
5FU,5FU-P019,50,0.95030444866802077,0.049914815610767521,0.88859912064473467,True
5FU,5FU-P019,100,0.98410862420948586,0.021793346820289244,0.88859912064473467,True
5FU,5FU-P019,250,1,0.0068042731291250453,0.88859912064473467,True
5FU,5FU-P019,500,1.0075894833283041,0.0055947225138715077,0.88859912064473467,True
5FU,5FU-P020,2,0.19874664363027014,0.056114305914612896,1.1180926869575942,True
5FU,5FU-P020,4,0.29117860128417727,0.069785503729009782,1.1180926869575942,True
5FU,5FU-P020,5,0.3241720229741375,0.073372122416025046,1.1180926869575942,True
5FU,5FU-P020,10,0.43386906340625248,0.081800561314594039,1.1180926869575942,True
5FU,5FU-P020,20,0.55091239316155216,0.086807408594045579,1.1180926869575942,True
5FU,5FU-P020,25,0.58957437592090822,0.087885882179720834,1.1180926869575942,True
5FU,5FU-P020,50,0.71154025777274643,0.090124558773153798,1.1180926869575942,True
5FU,5FU-P020,100,0.83523126397333602,0.091278147072227173,1.1180926869575942,True
5FU,5FU-P020,250,1,0.09197616439951771,1.1180926869575942,True
5FU,5FU-P020,500,1.1250923354997859,0.092214038223574268,1.1180926869575942,True
5FU,5FU-P021,2,0.4224296968898702,0.024505339357197831,1.1860957082025161,True
5FU,5FU-P021,4,0.42306983187546504,2.0470173562943724e-08,1.1860957082025161,True
5FU,5FU-P021,5,0.42306983187546487,1.8720631344457999e-16,1.1860957082025161,True
5FU,5FU-P021,10,0.47933956354685564,0.055900646217110439,1.1860957082025161,True
5FU,5FU-P021,20,0.80982570586913671,0.26417731165724045,1.1860957082025161,True
5FU,5FU-P021,25,0.89553741275440202,0.23704052115623894,1.1860957082025161,True
5FU,5FU-P021,50,0.99433522284695741,0.052958568217905941,1.1860957082025161,True
5FU,5FU-P021,100,0.99862983551810147,0.00059236148811903295,1.1860957082025161,True
5FU,5FU-P021,250,1,0.001110869154911018,1.1860957082025161,True
5FU,5FU-P021,500,1.0023303913031212,0.0017178893642309549,1.1860957082025161,True
5FU,5FU-P022,2,0.49666036968425331,0.028687693933314124,0.98009288365211999,True
5FU,5FU-P022,4,0.50777747148441221,0.010367738200944417,0.98009288365211999,True
5FU,5FU-P022,5,0.53087228471704861,0.032720546402291627,0.98009288365211999,True
5FU,5FU-P022,10,0.72506148524974845,0.15902736861360808,0.98009288365211999,True
5FU,5FU-P022,20,0.92043700000014617,0.13349104934044423,0.98009288365211999,True
5FU,5FU-P022,25,0.94732592794229487,0.092326105462462116,0.98009288365211999,True
5FU,5FU-P022,50,0.97127598733628528,0.01410711307605105,0.98009288365211999,True
5FU,5FU-P022,100,0.98816360591717922,0.010390379977385863,0.98009288365211999,True
5FU,5FU-P022,250,1,0.0085712353341958706,0.98009288365211999,True
5FU,5FU-P022,500,1.0140028838371153,0.010322474676302146,0.98009288365211999,True
CARBO,Carbo-P001,1.6000000000000001,0.70158488945249586,0.084458736716423524,1.0015166366584205,True
CARBO,Carbo-P001,3.2000000000000002,0.71744283377703955,0.0045763244445486441,1.0015166366584205,True
CARBO,Carbo-P001,4,0.7213056238161073,0.0043891716236934422,1.0015166366584205,True
CARBO,Carbo-P001,8,0.80479214821848566,0.074568507059930345,1.0015166366584205,True
CARBO,Carbo-P001,10,0.85438698016632608,0.10145310557630743,1.0015166366584205,True
CARBO,Carbo-P001,16,0.94408247277859914,0.098918288618429911,1.0015166366584205,True
CARBO,Carbo-P001,20,0.97130022531544313,0.07732241255753261,1.0015166366584205,True
CARBO,Carbo-P001,40,0.99986564901767894,0.0137276426855367,1.0015166366584205,True
CARBO,Carbo-P001,64,1,0.00029308893000065531,1.0015166366584205,True
CARBO,Carbo-P001,80,0.99999999999999978,2.2170835390801634e-16,1.0015166366584205,True
CARBO,Carbo-P001,160,1,2.2170835390801634e-16,1.0015166366584205,True
CARBO,Carbo-P001,200,1,2.2170835390801634e-16,1.0015166366584205,True
CARBO,Carbo-P001,320,1,2.2170835390801634e-16,1.0015166366584205,True
CARBO,Carbo-P001,400,1,0,1.0015166366584205,True
CARBO,Carbo-P002,1.6000000000000001,0.11901338624178238,0.014327161848644004,1.0115051561321711,True
CARBO,Carbo-P002,3.2000000000000002,0.12162933638332701,0.00070219200741469313,1.0115051561321711,True
CARBO,Carbo-P002,4,0.12162933639738857,1.5179760414968336e-05,1.0115051561321711,True
CARBO,Carbo-P002,8,0.12783143665348207,0.006202100245244156,1.0115051561321711,True
CARBO,Carbo-P002,10,0.15396268283826703,0.032330072571829419,1.0115051561321711,True
CARBO,Carbo-P002,16,0.33715349915846154,0.19019295544440123,1.0115051561321711,True
CARBO,Carbo-P002,20,0.47618058065289209,0.27457864161030432,1.0115051561321711,True
CARBO,Carbo-P002,40,0.88378415189699866,0.28710801590331858,1.0115051561321711,True
CARBO,Carbo-P002,64,0.99216990283399908,0.12611138296109575,1.0115051561321711,True
CARBO,Carbo-P002,80,0.99978794085978906,0.053361689028185673,1.0115051561321711,True
CARBO,Carbo-P002,160,1.0000000000000002,2.1951900450423136e-16,1.0115051561321711,True
CARBO,Carbo-P002,200,1.0000000000000004,2.1951900450423136e-16,1.0115051561321711,True
CARBO,Carbo-P002,320,1,4.3903800900846273e-16,1.0115051561321711,True
CARBO,Carbo-P002,400,1,2.1951900450423136e-16,1.0115051561321711,True
CARBO,Carbo-P003,1.6000000000000001,0.32087921896390414,0.076415600944003487,0.99727267453627189,True
CARBO,Carbo-P003,3.2000000000000002,0.39373319533653317,0.04808894602597058,0.99727267453627189,True
CARBO,Carbo-P003,4,0.40411429806187255,0.032727795521760757,0.99727267453627189,True
CARBO,Carbo-P003,8,0.45612391425446036,0.044804548805995624,0.99727267453627189,True
CARBO,Carbo-P003,10,0.5061920122829987,0.082678351509923365,0.99727267453627189,True
CARBO,Carbo-P003,16,0.71924656212571181,0.22436786541578671,0.99727267453627189,True
CARBO,Carbo-P003,20,0.84186474243927722,0.27067708573754129,0.99727267453627189,True
CARBO,Carbo-P003,40,0.99924730914588511,0.076908042316407729,0.99727267453627189,True
CARBO,Carbo-P003,64,0.999999999999302,0.0016420077656146023,0.99727267453627189,True
CARBO,Carbo-P003,80,0.99999999999959699,2.0254638701920458e-12,0.99727267453627189,True
CARBO,Carbo-P003,160,0.9999999999997059,8.750217665004661e-14,0.99727267453627189,True
CARBO,Carbo-P003,200,0.99999999999977984,1.3492702048327799e-13,0.99727267453627189,True
CARBO,Carbo-P003,320,1,2.3578830807226302e-13,0.99727267453627189,True
CARBO,Carbo-P003,400,1.0000000000042923,4.4360041131989915e-12,0.99727267453627189,True
CARBO,Carbo-P004,1.6000000000000001,0.19944788499730759,0.042229788149350751,0.99443174009751401,True
CARBO,Carbo-P004,3.2000000000000002,0.23558769388000239,0.023479692882660129,0.99443174009751401,True
CARBO,Carbo-P004,4,0.2408492213953479,0.016070994006791638,0.99443174009751401,True
CARBO,Carbo-P004,8,0.27731816493914407,0.03240360079525887,0.99443174009751401,True
CARBO,Carbo-P004,10,0.3294212253956052,0.077118099616480446,0.99443174009751401,True
CARBO,Carbo-P004,16,0.60648693242660134,0.28974365341539715,0.99443174009751401,True
CARBO,Carbo-P004,20,0.77707714977618036,0.36871040384351161,0.99443174009751401,True
CARBO,Carbo-P004,40,0.99893790557236783,0.10852211534931824,0.99443174009751401,True
CARBO,Carbo-P004,64,0.999999999999994,0.00231697687635036,0.99443174009751401,True
CARBO,Carbo-P004,80,0.999999999999994,0,0.99443174009751401,True
CARBO,Carbo-P004,160,0.99999999999999489,6.6986379045963761e-16,0.99443174009751401,True
CARBO,Carbo-P004,200,0.999999999999996,1.7863034412257002e-15,0.99443174009751401,True
CARBO,Carbo-P004,320,1,4.2424706729110383e-15,0.99443174009751401,True
CARBO,Carbo-P004,400,1.0000000000107612,1.0764152892860993e-11,0.99443174009751401,True
CARBO,Carbo-P005,1.6000000000000001,0.28747796633993394,0.068559650121959942,1.0002859343629975,True
CARBO,Carbo-P005,3.2000000000000002,0.35312770306102431,0.043411532185035434,1.0002859343629975,True
CARBO,Carbo-P005,4,0.36429462937684676,0.031453598619740071,1.0002859343629975,True
CARBO,Carbo-P005,8,0.45036203381646545,0.07534696201238629,1.0002859343629975,True
CARBO,Carbo-P005,10,0.51720089296242333,0.12041509807281768,1.0002859343629975,True
CARBO,Carbo-P005,16,0.73930462607093128,0.23618790148398927,1.0002859343629975,True
CARBO,Carbo-P005,20,0.85459833598933921,0.26336175699871617,1.0002859343629975,True
CARBO,Carbo-P005,40,0.99930907585900519,0.070596872998475516,1.0002859343629975,True
CARBO,Carbo-P005,64,0.99999999996411981,0.0015072625682535656,1.0002859343629975,True
CARBO,Carbo-P005,80,0.99999999996443023,4.1954434116436915e-13,1.0002859343629975,True
CARBO,Carbo-P005,160,0.99999999997064393,5.6991436058486843e-12,1.0002859343629975,True
CARBO,Carbo-P005,200,0.99999999997703071,1.0711921548797776e-11,1.0002859343629975,True
CARBO,Carbo-P005,320,1,2.4359765561214571e-11,1.0002859343629975,True
CARBO,Carbo-P005,400,1.0000000000213967,3.6963188343378265e-11,1.0002859343629975,True
CARBO,Carbo-P006,1.6000000000000001,0.29083896059326642,0.068370261049737396,1.0135158592368263,True
CARBO,Carbo-P006,3.2000000000000002,0.35555550926525331,0.042732482040990248,1.0135158592368263,True
CARBO,Carbo-P006,4,0.36680053932122664,0.031208787531656009,1.0135158592368263,True
CARBO,Carbo-P006,8,0.45712911590071531,0.079164330481984319,1.0135158592368263,True
CARBO,Carbo-P006,10,0.52570482838875665,0.12474248621466401,1.0135158592368263,True
CARBO,Carbo-P006,16,0.74614459462115967,0.23476837644353085,1.0135158592368263,True
CARBO,Carbo-P006,20,0.85865960383045437,0.25851426802956939,1.0135158592368263,True
CARBO,Carbo-P006,40,0.99932857487363325,0.068604516808182026,1.0135158592368263,True
CARBO,Carbo-P006,64,0.99999999999999956,0.0014647252179527731,1.0135158592368263,True
CARBO,Carbo-P006,80,0.99999999999999956,0,1.0135158592368263,True
CARBO,Carbo-P006,160,0.99999999999999956,2.1908350313554055e-16,1.0135158592368263,True
CARBO,Carbo-P006,200,1,4.381670062710811e-16,1.0135158592368263,True
CARBO,Carbo-P006,320,1,2.1908350313554055e-16,1.0135158592368263,True
CARBO,Carbo-P006,400,1.0000000000042235,4.2234917734469511e-12,1.0135158592368263,True
CARBO,Carbo-P007,1.6000000000000001,0.044678207948753032,0.031302042483408954,0.9980461194582293,True
CARBO,Carbo-P007,3.2000000000000002,0.23067603860567082,0.16024440988367003,0.9980461194582293,True
CARBO,Carbo-P007,4,0.348140029758086,0.22693368571807682,0.9980461194582293,True
CARBO,Carbo-P007,8,0.76351234969395299,0.30574599882665693,0.9980461194582293,True
CARBO,Carbo-P007,10,0.86977218358979747,0.27273030239500745,0.9980461194582293,True
CARBO,Carbo-P007,16,0.98700639226931741,0.13465879307521644,0.9980461194582293,True
CARBO,Carbo-P007,20,0.99893998581960464,0.064934092209727595,0.9980461194582293,True
CARBO,Carbo-P007,40,0.99999999995048805,2.1246773427515924e-14,0.9980461194582293,True
CARBO,Carbo-P007,64,0.99999999995067257,1.8877368851567813e-13,0.9980461194582293,True
CARBO,Carbo-P007,80,0.99999999995103694,5.1971165158824287e-13,0.9980461194582293,True
CARBO,Carbo-P007,160,0.9999999999586815,7.072505799727932e-12,0.9980461194582293,True
CARBO,Carbo-P007,200,0.99999999996707534,1.3854342390209271e-11,0.9980461194582293,True
CARBO,Carbo-P007,320,1,3.4780189423283397e-11,0.9980461194582293,True
CARBO,Carbo-P007,400,1.0000000000192999,4.2066275353801018e-11,0.9980461194582293,True
CARBO,Carbo-P008,1.6000000000000001,0.0078394324850910562,0.0078314050514489419,1.0449571734850729,True
CARBO,Carbo-P008,3.2000000000000002,0.1250293984389301,0.10489906899253969,1.0449571734850729,True
CARBO,Carbo-P008,4,0.21604792527816405,0.16611390508999488,1.0449571734850729,True
CARBO,Carbo-P008,8,0.65421942629860486,0.34316610827639932,1.0449571734850729,True
CARBO,Carbo-P008,10,0.80367196271870389,0.35317081311399301,1.0449571734850729,True
CARBO,Carbo-P008,16,0.98028987673622003,0.20204913180096834,1.0449571734850729,True
CARBO,Carbo-P008,20,0.99839205475811743,0.098499122825812815,1.0449571734850729,True
CARBO,Carbo-P008,40,0.9999999999610214,2.1249158392250915e-16,1.0449571734850729,True
CARBO,Carbo-P008,64,0.99999999996102418,2.7623905909926187e-15,1.0449571734850729,True
CARBO,Carbo-P008,80,0.99999999996103262,1.1262053947892984e-14,1.0449571734850729,True
CARBO,Carbo-P008,160,0.99999999996230038,1.2496630050482763e-12,1.0449571734850729,True
CARBO,Carbo-P008,200,0.99999999996475231,3.514185814910456e-12,1.0449571734850729,True
CARBO,Carbo-P008,320,1,3.5982049871934161e-11,1.0449571734850729,True
CARBO,Carbo-P008,400,1.0000000000204818,4.9153659438746774e-11,1.0449571734850729,True
CARBO,Carbo-P009,1.6000000000000001,0,0,1.1303965233131299,True
CARBO,Carbo-P009,3.2000000000000002,0,0,1.1303965233131299,True
CARBO,Carbo-P009,4,0,0,1.1303965233131299,True
CARBO,Carbo-P009,8,0.0083846411897897793,0.0083846411897897793,1.1303965233131299,True
CARBO,Carbo-P009,10,0.043711565143070195,0.043707139216943997,1.1303965233131299,True
CARBO,Carbo-P009,16,0.28862371824690863,0.25437836970189265,1.1303965233131299,True
CARBO,Carbo-P009,20,0.46363075050290892,0.35551550673982113,1.1303965233131299,True
CARBO,Carbo-P009,40,0.87354915316116188,0.27111379792524337,1.1303965233131299,True
CARBO,Carbo-P009,64,0.97522701768859466,0.11678122850057905,1.1303965233131299,True
CARBO,Carbo-P009,80,0.99038642828190604,0.062601632057218581,1.1303965233131299,True
CARBO,Carbo-P009,160,0.99999723145744179,0.0040885978651640691,1.1303965233131299,True
CARBO,Carbo-P009,200,1,0.00089254655963813209,1.1303965233131299,True
CARBO,Carbo-P009,320,1,0,1.1303965233131299,True
CARBO,Carbo-P009,400,1.0000000000037867,3.7866932383129458e-12,1.1303965233131299,True
CARBO,Carbo-P010,1.6000000000000001,0.52065084138095152,0.11989674621172595,1.0050872561244804,True
CARBO,Carbo-P010,3.2000000000000002,0.63139185086088601,0.072681633836269341,1.0050872561244804,True
CARBO,Carbo-P010,4,0.64408667257607266,0.046195610384693706,1.0050872561244804,True
CARBO,Carbo-P010,8,0.64958909277118482,0.001575403542893906,1.0050872561244804,True
CARBO,Carbo-P010,10,0.65337295523250671,0.004681466283152089,1.0050872561244804,True
CARBO,Carbo-P010,16,0.6826298188584915,0.03027078891660686,1.0050872561244804,True
CARBO,Carbo-P010,20,0.71564064803227745,0.055369422737435309,1.0050872561244804,True
CARBO,Carbo-P010,40,0.91817834655396069,0.16111642797663792,1.0050872561244804,True
CARBO,Carbo-P010,64,0.99445950802332539,0.088337524301641046,1.0050872561244804,True
CARBO,Carbo-P010,80,0.99984994924839221,0.037758153398938697,1.0050872561244804,True
CARBO,Carbo-P010,160,1,0,1.0050872561244804,True
CARBO,Carbo-P010,200,1,0,1.0050872561244804,True
CARBO,Carbo-P010,320,1,0,1.0050872561244804,True
CARBO,Carbo-P010,400,1,0,1.0050872561244804,True
CARBO,Carbo-P011,1.6000000000000001,0.10125006434045983,0.033047786189426574,1.0044096438542662,True
CARBO,Carbo-P011,3.2000000000000002,0.1684632955836354,0.052413010474438658,1.0044096438542662,True
CARBO,Carbo-P011,4,0.19804059268566301,0.061270149903753145,1.0044096438542662,True
CARBO,Carbo-P011,8,0.33350646455859323,0.10708645002574035,1.0044096438542662,True
CARBO,Carbo-P011,10,0.39675765078255798,0.12918891922243811,1.0044096438542662,True
CARBO,Carbo-P011,16,0.57036540939026936,0.18606077187481915,1.0044096438542662,True
CARBO,Carbo-P011,20,0.66559804476608309,0.20795838021221316,1.0044096438542662,True
CARBO,Carbo-P011,40,0.92633612297856249,0.1828946451264396,1.0044096438542662,True
CARBO,Carbo-P011,64,0.99503747678239329,0.079946208355216208,1.0044096438542662,True
CARBO,Carbo-P011,80,0.99986560212670506,0.033819327540776441,1.0044096438542662,True
CARBO,Carbo-P011,160,1,0,1.0044096438542662,True
CARBO,Carbo-P011,200,1,0,1.0044096438542662,True
CARBO,Carbo-P011,320,1,0,1.0044096438542662,True
CARBO,Carbo-P011,400,1.0000000000042617,4.261782948756553e-12,1.0044096438542662,True
CARBO,Carbo-P012,1.6000000000000001,0.058762804916383672,0.037542230119666523,0.98962596320014473,True
CARBO,Carbo-P012,3.2000000000000002,0.17924874839332866,0.098158853549488639,0.98962596320014473,True
CARBO,Carbo-P012,4,0.23919159662349615,0.12211446155882835,0.98962596320014473,True
CARBO,Carbo-P012,8,0.4730422529836632,0.17820105575608866,0.98962596320014473,True
CARBO,Carbo-P012,10,0.55547971116893169,0.1859381606986697,0.98962596320014473,True
CARBO,Carbo-P012,16,0.72219774492226363,0.18178256565805198,0.98962596320014473,True
CARBO,Carbo-P012,20,0.79295522827706855,0.17092240759962182,0.98962596320014473,True
CARBO,Carbo-P012,40,0.94934126781653283,0.10483018784875721,0.98962596320014473,True
CARBO,Carbo-P012,64,0.99179789276925057,0.048434182349894328,0.98962596320014473,True
CARBO,Carbo-P012,80,0.99829635171712039,0.027014294001744907,0.98962596320014473,True
CARBO,Carbo-P012,160,0.99999999999997302,0.0001411783697319455,0.98962596320014473,True
CARBO,Carbo-P012,200,1,3.2309604131452955e-13,0.98962596320014473,True
CARBO,Carbo-P012,320,1,2.2437225091286774e-16,0.98962596320014473,True
CARBO,Carbo-P012,400,1,0,0.98962596320014473,True
CARBO,Carbo-P013,1.6000000000000001,0.0010646059688741085,0.0010645912493365847,1.2031599347007016,True
CARBO,Carbo-P013,3.2000000000000002,0.019975455110804015,0.017048423750682853,1.2031599347007016,True
CARBO,Carbo-P013,4,0.037193677881207643,0.029580595098211728,1.2031599347007016,True
CARBO,Carbo-P013,8,0.16716443785542767,0.10877973906860149,1.2031599347007016,True
CARBO,Carbo-P013,10,0.23930528660118253,0.14348764527023605,1.2031599347007016,True
CARBO,Carbo-P013,16,0.42381345054258934,0.1986509904904315,1.2031599347007016,True
CARBO,Carbo-P013,20,0.51899650202305259,0.21219714942768789,1.2031599347007016,True
CARBO,Carbo-P013,40,0.79462447848855977,0.19794167498905191,1.2031599347007016,True
CARBO,Carbo-P013,64,0.92153091798696407,0.14094705860365256,1.2031599347007016,True
CARBO,Carbo-P013,80,0.95781563478864773,0.10580809398164226,1.2031599347007016,True
CARBO,Carbo-P013,160,0.9992177393244539,0.021513295581493393,1.2031599347007016,True
CARBO,Carbo-P013,200,0.99999921729472052,0.0078649707045449508,1.2031599347007016,True
CARBO,Carbo-P013,320,1.0000000000000004,1.4515353472107301e-05,1.2031599347007016,True
CARBO,Carbo-P013,400,1,1.8455119599728626e-16,1.2031599347007016,True
CARBO,Carbo-P014,1.6000000000000001,0.292103243811489,0.051505909613521819,0.99405299503174871,True
CARBO,Carbo-P014,3.2000000000000002,0.32632243460715415,0.021225187936363153,0.99405299503174871,True
CARBO,Carbo-P014,4,0.33026236609713755,0.013410297108125345,0.99405299503174871,True
CARBO,Carbo-P014,8,0.33268611381268948,0.00094873959857381702,0.99405299503174871,True
CARBO,Carbo-P014,10,0.33617977005763078,0.0039912971155150623,0.99405299503174871,True
CARBO,Carbo-P014,16,0.36913024870685274,0.033958822212571786,0.99405299503174871,True
CARBO,Carbo-P014,20,0.41066367309820939,0.067110256992059372,0.99405299503174871,True
CARBO,Carbo-P014,40,0.75160730808428444,0.28420314908349886,0.99405299503174871,True
CARBO,Carbo-P014,64,0.96355083641119887,0.23752740286875274,0.99405299503174871,True
CARBO,Carbo-P014,80,0.99397973643922088,0.13662190672422045,0.99405299503174871,True
CARBO,Carbo-P014,160,1,0.00020891692566247562,0.99405299503174871,True
CARBO,Carbo-P014,200,0.99999999999999978,4.4674601059461519e-16,0.99405299503174871,True
CARBO,Carbo-P014,320,1,0,0.99405299503174871,True
CARBO,Carbo-P014,400,1,2.2337300529730759e-16,0.99405299503174871,True
CARBO,Carbo-P015,1.6000000000000001,0.61863429736799602,0.14890349558039526,0.97850995537242746,True
CARBO,Carbo-P015,3.2000000000000002,0.76871687505701791,0.10088365774600616,0.97850995537242746,True
CARBO,Carbo-P015,4,0.7890976634246617,0.068730297169262988,0.97850995537242746,True
CARBO,Carbo-P015,8,0.7994136333583356,0.0026859316007119527,0.97850995537242746,True
CARBO,Carbo-P015,10,0.80174092417631782,0.0026797433278530195,0.97850995537242746,True
CARBO,Carbo-P015,16,0.8230237564239582,0.021954537919264487,0.97850995537242746,True
CARBO,Carbo-P015,20,0.84377377439207346,0.037120913402185714,0.97850995537242746,True
CARBO,Carbo-P015,40,0.94264178978604629,0.077001366310855149,0.97850995537242746,True
CARBO,Carbo-P015,64,0.99167342136339687,0.055174298384003541,0.97850995537242746,True
CARBO,Carbo-P015,80,0.99862470923839464,0.031241229343580156,0.97850995537242746,True
CARBO,Carbo-P015,160,0.99999999999999956,4.7725737404438226e-05,0.97850995537242746,True
CARBO,Carbo-P015,200,0.99999999999999978,0,0.97850995537242746,True
CARBO,Carbo-P015,320,1.0000000000000002,6.8076345173367085e-16,0.97850995537242746,True
CARBO,Carbo-P015,400,1,2.269211505778903e-16,0.97850995537242746,True
CARBO,Carbo-P016,1.6000000000000001,3.6756296845814283e-11,1.0501514783259628e-11,0.99902033427926584,True
CARBO,Carbo-P016,3.2000000000000002,5.4445693262467011e-11,1.3410045692148136e-11,0.99902033427926584,True
CARBO,Carbo-P016,4,6.2376692271181805e-11,1.5751254970072041e-11,0.99902033427926584,True
CARBO,Carbo-P016,8,0.0031947327112462646,0.0031947326391481893,0.99902033427926584,True
CARBO,Carbo-P016,10,0.02583463853659464,0.025834638445762843,0.99902033427926584,True
CARBO,Carbo-P016,16,0.23026418427962242,0.21096390450636812,0.99902033427926584,True
CARBO,Carbo-P016,20,0.40505424933118056,0.33143624567515756,0.99902033427926584,True
CARBO,Carbo-P016,40,0.86502366555303167,0.309584833572014,0.99902033427926584,True
CARBO,Carbo-P016,64,0.98142354997727732,0.13350640791225651,0.99902033427926584,True
CARBO,Carbo-P016,80,0.9969317505766,0.070050365535931275,0.99902033427926584,True
CARBO,Carbo-P016,160,0.99999999999995737,0.00010647527813916711,0.99902033427926584,True
CARBO,Carbo-P016,200,0.99999999999997524,5.2565045237698116e-14,0.99902033427926584,True
CARBO,Carbo-P016,320,0.99999999999999556,2.3115284163723484e-14,0.99902033427926584,True
CARBO,Carbo-P016,400,1,1.4558183776191233e-14,0.99902033427926584,True
CARBO,Carbo-P017,1.6000000000000001,0.16557768691182118,0.048964898707008785,0.84724947509920756,True
CARBO,Carbo-P017,3.2000000000000002,0.24868002450249041,0.062988763137709514,0.84724947509920756,True
CARBO,Carbo-P017,4,0.27889228414522954,0.066828567087634336,0.84724947509920756,True
CARBO,Carbo-P017,8,0.38074297189588197,0.076132407224389034,0.84724947509920756,True
CARBO,Carbo-P017,10,0.41551401728629966,0.078317971727333749,0.84724947509920756,True
CARBO,Carbo-P017,16,0.4909416814755917,0.081845923642666629,0.84724947509920756,True
CARBO,Carbo-P017,20,0.52755441031154993,0.083094608484904381,0.84724947509920756,True
CARBO,Carbo-P017,40,0.64347488177726064,0.085711314084945103,0.84724947509920756,True
CARBO,Carbo-P017,64,0.72331423535998829,0.086736124528045522,0.84724947509920756,True
CARBO,Carbo-P017,80,0.76144090349640314,0.087083138943173363,0.84724947509920756,True
CARBO,Carbo-P017,160,0.88045599601966829,0.087784253010953314,0.84724947509920756,True
CARBO,Carbo-P017,200,0.91889915840061531,0.087925204494294654,0.84724947509920756,True
CARBO,Carbo-P017,320,1,0.088137096899021064,0.84724947509920756,True
CARBO,Carbo-P017,400,1.0385495865884762,0.088208217525035354,0.84724947509920756,True
CARBO,Carbo-P018,1.6000000000000001,0.10732371680770113,0.027798380396509656,1.0148808266147358,True
CARBO,Carbo-P018,3.2000000000000002,0.14332204110143562,0.025920185329609442,1.0148808266147358,True
CARBO,Carbo-P018,4,0.153916768915321,0.024617324776151618,1.0148808266147358,True
CARBO,Carbo-P018,8,0.20541644583949714,0.041896195022758008,1.0148808266147358,True
CARBO,Carbo-P018,10,0.23771016925463923,0.059624701187505236,1.0148808266147358,True
CARBO,Carbo-P018,16,0.35482758969043987,0.12395627686683819,1.0148808266147358,True
CARBO,Carbo-P018,20,0.43450727779172599,0.16012798374474865,1.0148808266147358,True
CARBO,Carbo-P018,40,0.73622880463134199,0.22728630264382388,1.0148808266147358,True
CARBO,Carbo-P018,64,0.90305161288064617,0.18440606059737563,1.0148808266147358,True
CARBO,Carbo-P018,80,0.95389408412106669,0.14421932413213268,1.0148808266147358,True
CARBO,Carbo-P018,160,0.99998653900169909,0.01987927140607881,1.0148808266147358,True
CARBO,Carbo-P018,200,1,0.0043396723979101806,1.0148808266147358,True
CARBO,Carbo-P018,320,1,0,1.0148808266147358,True
CARBO,Carbo-P018,400,1,0,1.0148808266147358,True
CARBO,Carbo-P019,1.6000000000000001,0.65611584011002011,0.16973439890737413,0.99877156117191856,True
CARBO,Carbo-P019,3.2000000000000002,0.86484610724319999,0.1480458731842714,0.99877156117191856,True
CARBO,Carbo-P019,4,0.91252598558258968,0.1255450006502617,0.99877156117191856,True
CARBO,Carbo-P019,8,0.98508996348809741,0.042531459147876052,0.99877156117191856,True
CARBO,Carbo-P019,10,0.98913587128977665,0.020873068770391086,0.99877156117191856,True
CARBO,Carbo-P019,16,0.98962932752443089,0.00083836044364962042,0.99877156117191856,True
CARBO,Carbo-P019,20,0.98997964375603709,0.00042458311265334468,0.99877156117191856,True
CARBO,Carbo-P019,40,0.99424189922390527,0.003610184140260412,0.99877156117191856,True
CARBO,Carbo-P019,64,0.99773680666811626,0.0038310134167424664,0.99877156117191856,True
CARBO,Carbo-P019,80,0.99890911968932972,0.0031936382253539308,0.99877156117191856,True
CARBO,Carbo-P019,160,0.99999968125145544,0.00047072908174208996,0.99877156117191856,True
CARBO,Carbo-P019,200,0.99999999999987799,0.00010276080888119503,0.99877156117191856,True
CARBO,Carbo-P019,320,1,1.4361723977529206e-13,0.99877156117191856,True
CARBO,Carbo-P019,400,1,5.4023203197207392e-14,0.99877156117191856,True
CARBO,Carbo-P020,1.6000000000000001,9.001363978844367e-09,1.1143897133709958e-09,0.19814057454480938,True
CARBO,Carbo-P020,3.2000000000000002,0.00014738852005650977,0.00014737936983712379,0.19814057454480938,True
CARBO,Carbo-P020,4,0.0014504311391153005,0.0014504219354592323,0.19814057454480938,True
CARBO,Carbo-P020,8,0.032936871208921178,0.028478107606176098,0.19814057454480938,True
CARBO,Carbo-P020,10,0.063670781065271104,0.051549374926012158,0.19814057454480938,True
CARBO,Carbo-P020,16,0.19451621975529901,0.1377090966483554,0.19814057454480938,True
CARBO,Carbo-P020,20,0.28959302610507559,0.18703665406052064,0.19814057454480938,True
CARBO,Carbo-P020,40,0.66401248122596568,0.28363929510538416,0.19814057454480938,True
CARBO,Carbo-P020,64,0.87578537321141536,0.23394295042602242,0.19814057454480938,True
CARBO,Carbo-P020,80,0.940854959786946,0.1839241876257362,0.19814057454480938,True
CARBO,Carbo-P020,160,0.99998273085234723,0.025503165921714459,0.19814057454480938,True
CARBO,Carbo-P020,200,1,0.0055673763363350047,0.19814057454480938,True
CARBO,Carbo-P020,320,1,0,0.19814057454480938,True
CARBO,Carbo-P020,400,1.0000000000216038,2.1603732115840332e-11,0.19814057454480938,True
CARBO,Carbo-P021,1.6000000000000001,2.2213647588303683e-06,2.6532881541872126e-07,0.73696526661191897,True
CARBO,Carbo-P021,3.2000000000000002,2.2698102884491044e-06,1.3004094460093562e-08,0.73696526661191897,True
CARBO,Carbo-P021,4,2.2698102884491044e-06,2.811177263887828e-10,0.73696526661191897,True
CARBO,Carbo-P021,8,0.0022029726637226485,0.0022007028534341993,0.73696526661191897,True
CARBO,Carbo-P021,10,0.011475171746219731,0.011471740270448541,0.73696526661191897,True
CARBO,Carbo-P021,16,0.079112624861744932,0.070122035270803601,0.73696526661191897,True
CARBO,Carbo-P021,20,0.14087555329065524,0.1124964549359454,0.73696526661191897,True
CARBO,Carbo-P021,40,0.45535058361738207,0.24857900138857611,0.73696526661191897,True
CARBO,Carbo-P021,64,0.71559519244504299,0.28250382992466605,0.73696526661191897,True
CARBO,Carbo-P021,80,0.82211627034790513,0.26498453816612499,0.73696526661191897,True
CARBO,Carbo-P021,160,0.98083461976276554,0.091921865541616132,0.73696526661191897,True
CARBO,Carbo-P021,200,0.99401799952871261,0.050602630860383808,0.73696526661191897,True
CARBO,Carbo-P021,320,1,0.0076779518390188749,0.73696526661191897,True
CARBO,Carbo-P021,400,1,0.0013732801834406331,0.73696526661191897,True
CARBO,Carbo-P022,1.6000000000000001,0.35588926611634669,0.042842937866894137,1.0252484249465215,True
CARBO,Carbo-P022,3.2000000000000002,0.36371181947252923,0.0020997855484969222,1.0252484249465215,True
CARBO,Carbo-P022,4,0.363711819472543,4.5392396766383578e-05,1.0252484249465215,True
CARBO,Carbo-P022,8,0.37193092684195583,0.0082191073694085244,1.0252484249465215,True
CARBO,Carbo-P022,10,0.40656040882342498,0.042844250803619192,1.0252484249465215,True
CARBO,Carbo-P022,16,0.64289793546890261,0.24561685641527384,1.0252484249465215,True
CARBO,Carbo-P022,20,0.79681095123705037,0.32711835373901171,1.0252484249465215,True
CARBO,Carbo-P022,40,0.99903120973681681,0.09898853242783559,1.0252484249465215,True
CARBO,Carbo-P022,64,1.0000000000000002,0.0021134322706565152,1.0252484249465215,True
CARBO,Carbo-P022,80,1.0000000000000002,0,1.0252484249465215,True
CARBO,Carbo-P022,160,1.0000000000000002,2.165763921428248e-16,1.0252484249465215,True
CARBO,Carbo-P022,200,1.0000000000000004,2.165763921428248e-16,1.0252484249465215,True
CARBO,Carbo-P022,320,1,2.165763921428248e-16,1.0252484249465215,True
CARBO,Carbo-P022,400,1,2.165763921428248e-16,1.0252484249465215,True
CARBO,Carbo-P023,1.6000000000000001,0.008876044846006825,0.0010685229200598321,1.0258837877460409,True
CARBO,Carbo-P023,3.2000000000000002,0.0097376389910755479,0.00071886563779332581,1.0258837877460409,True
CARBO,Carbo-P023,4,0.015630410963446563,0.00656040008353181,1.0258837877460409,True
CARBO,Carbo-P023,8,0.15021449146849575,0.12097944703723081,1.0258837877460409,True
CARBO,Carbo-P023,10,0.25630735083906531,0.19242352803692592,1.0258837877460409,True
CARBO,Carbo-P023,16,0.60084997785765448,0.36676753949026059,1.0258837877460409,True
CARBO,Carbo-P023,20,0.77764092573257693,0.40545184078195629,1.0258837877460409,True
CARBO,Carbo-P023,40,0.99894360307727381,0.10793995874641872,1.0258837877460409,True
CARBO,Carbo-P023,64,1,0.0023045476734825528,1.0258837877460409,True
CARBO,Carbo-P023,80,1,0,1.0258837877460409,True
CARBO,Carbo-P023,160,1,2.1644225942285655e-16,1.0258837877460409,True
CARBO,Carbo-P023,200,1.0000000000000002,2.1644225942285655e-16,1.0258837877460409,True
CARBO,Carbo-P023,320,1,0,1.0258837877460409,True
CARBO,Carbo-P023,400,1.0000000000041724,4.1724656560241175e-12,1.0258837877460409,True
CARBO,Carbo-P024,1.6000000000000001,0.26866445592849214,0.062721967337662818,1.0106047892655128,True
CARBO,Carbo-P024,3.2000000000000002,0.3277914861700974,0.0390450634423836,1.0106047892655128,True
CARBO,Carbo-P024,4,0.33897089049089341,0.029467052229291132,1.0106047892655128,True
CARBO,Carbo-P024,8,0.44173320068076322,0.090428201875933811,1.0106047892655128,True
CARBO,Carbo-P024,10,0.5171419299751856,0.13937499400163417,1.0106047892655128,True
CARBO,Carbo-P024,16,0.74587775776235499,0.2442687270525673,1.0106047892655128,True
CARBO,Carbo-P024,20,0.85898811523573915,0.26278081271230369,1.0106047892655128,True
CARBO,Carbo-P024,40,0.99933052451153692,0.068405307737757368,1.0106047892655128,True
CARBO,Carbo-P024,64,0.9999999999998701,0.0014604720497564283,1.0106047892655128,True
CARBO,Carbo-P024,80,0.99999999999987188,2.8562895156308483e-15,1.0106047892655128,True
CARBO,Carbo-P024,160,0.99999999999989964,2.4388318171924936e-14,1.0106047892655128,True
CARBO,Carbo-P024,200,0.99999999999992262,4.0866911531333673e-14,1.0106047892655128,True
CARBO,Carbo-P024,320,1,8.2392966797043702e-14,1.0106047892655128,True
CARBO,Carbo-P024,400,1.0000000000042357,4.2872905629619036e-12,1.0106047892655128,True
CARBO_A,CarboA-P001,2,0,0,1.2061506962326036,True
CARBO_A,CarboA-P001,3.2000000000000002,0,0,1.2061506962326036,True
CARBO_A,CarboA-P001,4,0,0,1.2061506962326036,True
CARBO_A,CarboA-P001,8,0,0,1.2061506962326036,True
CARBO_A,CarboA-P001,10,0.0013720713436143183,0.0013720713436143183,1.2061506962326036,True
CARBO_A,CarboA-P001,16,0.09600352760936115,0.095459928868855681,1.2061506962326036,True
CARBO_A,CarboA-P001,20,0.2336615380108254,0.21909993029299182,1.2061506962326036,True
CARBO_A,CarboA-P001,40,0.792340494250386,0.41244093448988495,1.2061506962326036,True
CARBO_A,CarboA-P001,64,0.98311631890957452,0.21876177768654126,1.2061506962326036,True
CARBO_A,CarboA-P001,80,0.99922969111164384,0.10172493302736432,1.2061506962326036,True
CARBO_A,CarboA-P001,160,1,0,1.2061506962326036,True
CARBO_A,CarboA-P001,200,1.0000000000040197,4.0196834140889684e-12,1.2061506962326036,True
CARBO_A,CarboA-P001,320,1.0000000000124996,9.2157248321178728e-12,1.2061506962326036,True
CARBO_A,CarboA-P001,400,1.0000000000165306,9.2232726690758614e-12,1.2061506962326036,True
CARBO_A,CarboA-P002,2,0.33872103545679244,0.056729051697693739,0.99568871849211749,True
CARBO_A,CarboA-P002,3.2000000000000002,0.36956689564368811,0.03459267525098618,0.99568871849211749,True
CARBO_A,CarboA-P002,4,0.37633130587625796,0.02289128106901827,0.99568871849211749,True
CARBO_A,CarboA-P002,8,0.38031568801304255,0.0014519624678190897,0.99568871849211749,True
CARBO_A,CarboA-P002,10,0.3850601659198048,0.0054219556254578955,0.99568871849211749,True
CARBO_A,CarboA-P002,16,0.42902424520329979,0.045333436605259542,0.99568871849211749,True
CARBO_A,CarboA-P002,20,0.47730230723938954,0.082228534279641774,0.99568871849211749,True
CARBO_A,CarboA-P002,40,0.78966420187458108,0.25401988507701706,0.99568871849211749,True
CARBO_A,CarboA-P002,64,0.96924122501646615,0.20151705250397803,0.99568871849211749,True
CARBO_A,CarboA-P002,80,0.99491961086100111,0.11532891064897106,0.99568871849211749,True
CARBO_A,CarboA-P002,160,0.99999999999807943,0.00017630118111022148,0.99568871849211749,True
CARBO_A,CarboA-P002,200,0.99999999999999778,1.9304964450792215e-11,0.99568871849211749,True
CARBO_A,CarboA-P002,320,1,3.5903973530069735e-14,0.99568871849211749,True
CARBO_A,CarboA-P002,400,1,2.2300604677061947e-16,0.99568871849211749,True
CARBO_A,CarboA-P003,2,0.71179016772366566,0.16211573801165327,0.92487008028425022,True
CARBO_A,CarboA-P003,3.2000000000000002,0.83368682940135341,0.13428783660409171,0.92487008028425022,True
CARBO_A,CarboA-P003,4,0.87332676226000472,0.10897914115789248,0.92487008028425022,True
CARBO_A,CarboA-P003,8,0.92974233762828551,0.03288455770498807,0.92487008028425022,True
CARBO_A,CarboA-P003,10,0.93390477183410525,0.017661820328117524,0.92487008028425022,True
CARBO_A,CarboA-P003,16,0.93496401484556002,0.0015121098543418058,0.92487008028425022,True
CARBO_A,CarboA-P003,20,0.93613296326425877,0.0013304695815423181,0.92487008028425022,True
CARBO_A,CarboA-P003,40,0.9585676333879144,0.019742551775538662,0.92487008028425022,True
CARBO_A,CarboA-P003,64,0.98127600245171787,0.02476375952537084,0.92487008028425022,True
CARBO_A,CarboA-P003,80,0.9893485816365204,0.021425444299323252,0.92487008028425022,True
CARBO_A,CarboA-P003,160,0.99979766606389731,0.0055554630121575034,0.92487008028425022,True
CARBO_A,CarboA-P003,200,0.99999979755106572,0.0020342969162682203,0.92487008028425022,True
CARBO_A,CarboA-P003,320,1.0000000000000002,3.7544372279416864e-06,0.92487008028425022,True
CARBO_A,CarboA-P003,400,1,0,0.92487008028425022,True
CARBO_A,CarboA-P004,2,0.18321695735275662,0.051727138803858382,0.74989220561731718,True
CARBO_A,CarboA-P004,3.2000000000000002,0.23933656318986604,0.060627508399682783,0.74989220561731718,True
CARBO_A,CarboA-P004,4,0.26841826139722685,0.06432601839589551,0.74989220561731718,True
CARBO_A,CarboA-P004,8,0.36646808953579246,0.073292852424243882,0.74989220561731718,True
CARBO_A,CarboA-P004,10,0.39994531526715094,0.075401098860733456,0.74989220561731718,True
CARBO_A,CarboA-P004,16,0.4725724745753464,0.078806736687259363,0.74989220561731718,True
CARBO_A,CarboA-P004,20,0.50782859126230251,0.080013162645381664,0.74989220561731718,True
CARBO_A,CarboA-P004,40,0.61946351192779558,0.082543899641433716,0.74989220561731718,True
CARBO_A,CarboA-P004,64,0.69635764840445691,0.083536280072523603,0.74989220561731718,True
CARBO_A,CarboA-P004,80,0.73307929897042456,0.083872661023562875,0.74989220561731718,True
CARBO_A,CarboA-P004,160,0.84771415353308199,0.084554253249257458,0.74989220561731718,True
CARBO_A,CarboA-P004,200,0.8847442351634176,0.084692008378273537,0.74989220561731718,True
CARBO_A,CarboA-P004,320,0.96286601131612048,0.08489945408093455,0.74989220561731718,True
CARBO_A,CarboA-P004,400,1,0.084968767827244635,0.74989220561731718,True
CARBO_A,CarboA-P005,2,0.19056614253596027,0.053799617333888154,0.18111571707178598,True
CARBO_A,CarboA-P005,3.2000000000000002,0.2489302730127626,0.063052524649872543,0.18111571707178598,True
CARBO_A,CarboA-P005,4,0.27917276852307493,0.066895866028830311,0.18111571707178598,True
CARBO_A,CarboA-P005,8,0.38111725606353397,0.076201049119021744,0.18111571707178598,True
CARBO_A,CarboA-P005,10,0.41591504160376785,0.078382669746771549,0.18111571707178598,True
CARBO_A,CarboA-P005,16,0.49138536025463508,0.081893228167784993,0.18111571707178598,True
CARBO_A,CarboA-P005,20,0.52800965464664151,0.083129700919574903,0.18111571707178598,True
CARBO_A,CarboA-P005,40,0.64392023726493486,0.085696955699045535,0.18111571707178598,True
CARBO_A,CarboA-P005,64,0.72370882081283128,0.08668267866081894,0.18111571707178598,True
CARBO_A,CarboA-P005,80,0.76179876878836217,0.087010977629589051,0.18111571707178598,True
CARBO_A,CarboA-P005,160,0.88065488824973481,0.08766105476565457,0.18111571707178598,True
CARBO_A,CarboA-P005,200,0.91903663949673653,0.087790769717828551,0.18111571707178598,True
CARBO_A,CarboA-P005,320,1,0.087988134572197771,0.18111571707178598,True
CARBO_A,CarboA-P005,400,1.0384828412467471,0.088056353569566481,0.18111571707178598,True
CARBO_A,CarboA-P006,2,2.1643300031217096e-19,1.0821650015608548e-19,1.0018824956653665,True
CARBO_A,CarboA-P006,3.2000000000000002,2.1643300031217096e-19,0,1.0018824956653665,True
CARBO_A,CarboA-P006,4,2.1643300031217096e-19,0,1.0018824956653665,True
CARBO_A,CarboA-P006,8,0.0013703573623032471,0.0013703573623032466,1.0018824956653665,True
CARBO_A,CarboA-P006,10,0.011081580693595492,0.011081580693595491,1.0018824956653665,True
CARBO_A,CarboA-P006,16,0.1003316796467885,0.092052964733860224,1.0018824956653665,True
CARBO_A,CarboA-P006,20,0.19149979240913406,0.15992188393665149,1.0018824956653665,True
CARBO_A,CarboA-P006,40,0.6890281710936802,0.39572868621621798,1.0018824956653665,True
CARBO_A,CarboA-P006,64,0.95468448102774139,0.29851024501109019,1.0018824956653665,True
CARBO_A,CarboA-P006,80,0.99251529141559403,0.16996375607458186,1.0018824956653665,True
CARBO_A,CarboA-P006,160,0.99999999999998024,0.00025973652003716198,1.0018824956653665,True
CARBO_A,CarboA-P006,200,0.99999999999998268,6.4271943772702291e-15,1.0018824956653665,True
CARBO_A,CarboA-P006,320,0.99999999999999267,1.0416487439024164e-14,1.0018824956653665,True
CARBO_A,CarboA-P006,400,1,1.4184153108458436e-14,1.0018824956653665,True
CARBO_A,CarboA-P007,2,0.51323495155953125,0.13632133096460247,0.99959086858597601,True
CARBO_A,CarboA-P007,3.2000000000000002,0.64804752826706302,0.14628280765817195,0.99959086858597601,True
CARBO_A,CarboA-P007,4,0.71122933245297859,0.14604812516705135,0.99959086858597601,True
CARBO_A,CarboA-P007,8,0.88182932547328108,0.12097781071208781,0.99959086858597601,True
CARBO_A,CarboA-P007,10,0.92261761864269343,0.1049752086763346,0.99959086858597601,True
CARBO_A,CarboA-P007,16,0.97685440625239017,0.061030715475803167,0.99959086858597601,True
CARBO_A,CarboA-P007,20,0.98909296733842578,0.040148668585482106,0.99959086858597601,True
CARBO_A,CarboA-P007,40,0.99994980164267144,0.005129130982907776,0.99959086858597601,True
CARBO_A,CarboA-P007,64,0.99999999990442756,0.00010950835195204274,0.99959086858597601,True
CARBO_A,CarboA-P007,80,0.9999999999069954,3.5170711740806953e-12,0.99959086858597601,True
CARBO_A,CarboA-P007,160,0.99999999993537081,2.4266747064365402e-11,0.99959086858597601,True
CARBO_A,CarboA-P007,200,0.99999999995266364,3.3430058060512865e-11,0.99959086858597601,True
CARBO_A,CarboA-P007,320,1,5.0801275320936314e-11,0.99959086858597601,True
CARBO_A,CarboA-P007,400,1.0000000000085645,3.900332637492565e-11,0.99959086858597601,True
CARBO_A,CarboA-P008,2,0.19046052920129047,0.053768809605055125,1.0798735292093369,True
CARBO_A,CarboA-P008,3.2000000000000002,0.24879007555795074,0.063015215561918247,1.0798735292093369,True
CARBO_A,CarboA-P008,4,0.27901446689573023,0.066855903137550798,1.0798735292093369,True
CARBO_A,CarboA-P008,8,0.3809026625341026,0.076159919412855867,1.0798735292093369,True
CARBO_A,CarboA-P008,10,0.41568507068112337,0.078344666303268043,1.0798735292093369,True
CARBO_A,CarboA-P008,16,0.49113415024642976,0.081869373160778205,1.0798735292093369,True
CARBO_A,CarboA-P008,20,0.52775506288035334,0.083115412228615959,1.0798735292093369,True
CARBO_A,CarboA-P008,40,0.64368560859710455,0.085716129232541974,1.0798735292093369,True
CARBO_A,CarboA-P008,64,0.72351044192710623,0.086721305832805948,1.0798735292093369,True
CARBO_A,CarboA-P008,80,0.76162247561261764,0.087057104183843922,1.0798735292093369,True
CARBO_A,CarboA-P008,160,0.88056088080472805,0.087723457292416429,1.0798735292093369,True
CARBO_A,CarboA-P008,200,0.91897211719494554,0.087856460084121513,1.0798735292093369,True
CARBO_A,CarboA-P008,320,1,0.088058123862174403,1.0798735292093369,True
CARBO_A,CarboA-P008,400,1.03851392400316,0.088127219664576525,1.0798735292093369,True
CARBO_A,CarboA-P009,2,0.7014577706098396,0.16658940260757826,0.99904310822116782,True
CARBO_A,CarboA-P009,3.2000000000000002,0.83682489519203107,0.148435655641935,0.99904310822116782,True
CARBO_A,CarboA-P009,4,0.88686156994477838,0.12896433545179994,0.99904310822116782,True
CARBO_A,CarboA-P009,8,0.97157520451728863,0.051954200682152153,0.99904310822116782,True
CARBO_A,CarboA-P009,10,0.97943152925236343,0.030123850645652959,0.99904310822116782,True
CARBO_A,CarboA-P009,16,0.98444451965266044,0.0059988014608194102,0.99904310822116782,True
CARBO_A,CarboA-P009,20,0.98577176559346602,0.0035154203568939098,0.99904310822116782,True
CARBO_A,CarboA-P009,40,0.99557747127558116,0.0081343773837893023,0.99904310822116782,True
CARBO_A,CarboA-P009,64,0.9997001438386679,0.0047684042326585551,0.99904310822116782,True
CARBO_A,CarboA-P009,80,0.99999187912386034,0.0020435035213147868,0.99904310822116782,True
CARBO_A,CarboA-P009,160,0.99999999999985423,5.3675133383257225e-13,0.99904310822116782,True
CARBO_A,CarboA-P009,200,0.9999999999999033,2.0669927141378557e-13,0.99904310822116782,True
CARBO_A,CarboA-P009,320,1,1.0534995123670361e-13,0.99904310822116782,True
CARBO_A,CarboA-P009,400,1,5.8453664926694194e-14,0.99904310822116782,True
CARBO_A,CarboA-P010,2,0.00047049533559177505,0.00044235256795324842,0.94195719196672922,True
CARBO_A,CarboA-P010,3.2000000000000002,0.0069692206098356125,0.0065697207083100792,0.94195719196672922,True
CARBO_A,CarboA-P010,4,0.026591727934626185,0.025655745770671985,0.94195719196672922,True
CARBO_A,CarboA-P010,8,0.28755671947518013,0.22644304252239963,0.94195719196672922,True
CARBO_A,CarboA-P010,10,0.44747872612755207,0.31180400382716977,0.94195719196672922,True
CARBO_A,CarboA-P010,16,0.82330112462730209,0.40770800222031583,0.94195719196672922,True
CARBO_A,CarboA-P010,20,0.93900091275086062,0.34081743247721363,0.94195719196672922,True
CARBO_A,CarboA-P010,40,1.0000000000000002,0.016361537048298562,0.94195719196672922,True
CARBO_A,CarboA-P010,64,1.0000000000000002,3.5359028014015227e-16,0.94195719196672922,True
CARBO_A,CarboA-P010,80,1.0000000000000002,0,0.94195719196672922,True
CARBO_A,CarboA-P010,160,1.0000000000000002,2.3572685342676815e-16,0.94195719196672922,True
CARBO_A,CarboA-P010,200,1,0,0.94195719196672922,True
CARBO_A,CarboA-P010,320,1,0,0.94195719196672922,True
CARBO_A,CarboA-P010,400,1,0,0.94195719196672922,True
CARBO_A,CarboA-P011,2,0.39385090332170825,0.11096754046401866,1.3303990148825422,True
CARBO_A,CarboA-P011,3.2000000000000002,0.51291582991404761,0.12870835024829053,1.3303990148825422,True
CARBO_A,CarboA-P011,4,0.57157588662848091,0.13316386153986362,1.3303990148825422,True
CARBO_A,CarboA-P011,8,0.71663623280995592,0.099255814957089641,1.3303990148825422,True
CARBO_A,CarboA-P011,10,0.74311587087044784,0.075851501708976879,1.3303990148825422,True
CARBO_A,CarboA-P011,16,0.77066102301667083,0.031647747118455569,1.3303990148825422,True
CARBO_A,CarboA-P011,20,0.77976678076469319,0.022168102287201008,1.3303990148825422,True
CARBO_A,CarboA-P011,40,0.86163709163766189,0.069586547094222156,1.3303990148825422,True
CARBO_A,CarboA-P011,64,0.94101251876356162,0.086211064964204928,1.3303990148825422,True
CARBO_A,CarboA-P011,80,0.97113079724370599,0.078051283603660607,1.3303990148825422,True
CARBO_A,CarboA-P011,160,0.99999155684081342,0.012468655537480703,1.3303990148825422,True
CARBO_A,CarboA-P011,200,0.99999999994798638,0.0027219249864796347,1.3303990148825422,True
CARBO_A,CarboA-P011,320,1,6.6759969668681807e-11,1.3303990148825422,True
CARBO_A,CarboA-P011,400,1,1.1940747878679822e-11,1.3303990148825422,True
CARBO_A,CarboA-P012,2,0.34926609635697381,0.076559309829134545,1.0519319406095675,True
CARBO_A,CarboA-P012,3.2000000000000002,0.4430421988382458,0.10040465985303124,1.0519319406095675,True
CARBO_A,CarboA-P012,4,0.50991304046956965,0.1290165416637746,1.0519319406095675,True
CARBO_A,CarboA-P012,8,0.82575311175293242,0.24256706045795698,1.0519319406095675,True
CARBO_A,CarboA-P012,10,0.8899697010837827,0.19804651939232809,1.0519319406095675,True
CARBO_A,CarboA-P012,16,0.92951740463073762,0.048000541513964184,1.0519319406095675,True
CARBO_A,CarboA-P012,20,0.94406349921577615,0.02987947989728558,1.0519319406095675,True
CARBO_A,CarboA-P012,40,0.98950533824308284,0.030972947606036586,1.0519319406095675,True
CARBO_A,CarboA-P012,64,0.99917971077833323,0.011272766716062465,1.0519319406095675,True
CARBO_A,CarboA-P012,80,0.99996257474447126,0.0049488503342848041,1.0519319406095675,True
CARBO_A,CarboA-P012,160,1,3.0606987459162531e-14,1.0519319406095675,True
CARBO_A,CarboA-P012,200,1,1.8575275147629677e-14,1.0519319406095675,True
CARBO_A,CarboA-P012,320,1,0,1.0519319406095675,True
CARBO_A,CarboA-P012,400,1,0,1.0519319406095675,True
CARBO_A,CarboA-P013,2,0.2165016387025358,0.061100391310904688,0.99667346908644905,True
CARBO_A,CarboA-P013,3.2000000000000002,0.28275886916012916,0.071580921692398519,0.99667346908644905,True
CARBO_A,CarboA-P013,4,0.31708188445092267,0.075930109796383899,0.99667346908644905,True
CARBO_A,CarboA-P013,8,0.43275799368033946,0.086462830076552394,0.99667346908644905,True
CARBO_A,CarboA-P013,10,0.47224346262255201,0.088939092968902844,0.99667346908644905,True
CARBO_A,CarboA-P013,16,0.55789319051069219,0.092938132162549536,0.99667346908644905,True
CARBO_A,CarboA-P013,20,0.59946403183413122,0.094351049697543266,0.99667346908644905,True
CARBO_A,CarboA-P013,40,0.73106022914696356,0.097298428270923207,0.99667346908644905,True
CARBO_A,CarboA-P013,64,0.82167554252539743,0.098443694178585617,0.99667346908644905,True
CARBO_A,CarboA-P013,80,0.864943634682795,0.098830415961636914,0.99667346908644905,True
CARBO_A,CarboA-P013,160,1,0.099615377007335582,0.99667346908644905,True
CARBO_A,CarboA-P013,200,1.0436245641187754,0.099775297549920164,0.99667346908644905,True
CARBO_A,CarboA-P013,320,1.1356578599715768,0.1000179514798597,0.99667346908644905,True
CARBO_A,CarboA-P013,400,1.1794042660991879,0.10009925527765644,0.99667346908644905,True
CDDP,CDDP-P001,1.6000000000000001,0.45490582909879113,0.14064897139747318,0.99188977314280491,True
CDDP,CDDP-P001,2,0.52721196981612961,0.15596065792668581,0.99188977314280491,True
CDDP,CDDP-P001,5,0.84660114745206572,0.17513987652260016,0.99188977314280491,True
CDDP,CDDP-P001,8,0.95410228575748857,0.11981346812236962,0.99188977314280491,True
CDDP,CDDP-P001,10,0.98184868135482106,0.085889214006016207,0.99188977314280491,True
CDDP,CDDP-P001,25,1.0000000000000002,0.00057675151470603704,0.99188977314280491,True
CDDP,CDDP-P001,40,1.0000000000000002,4.4772032324011664e-16,0.99188977314280491,True
CDDP,CDDP-P001,50,1.0000000000000002,0,0.99188977314280491,True
CDDP,CDDP-P001,100,1.0000000000000002,0,0.99188977314280491,True
CDDP,CDDP-P001,200,1,0,0.99188977314280491,True
CDDP,CDDP-P001,250,1,2.2386016162005832e-16,0.99188977314280491,True
CDDP,CDDP-P002,1.6000000000000001,0.33819015638010702,0.099453945094049603,1.003669540063685,True
CDDP,CDDP-P002,2,0.39048489019814275,0.11142242210545091,1.003669540063685,True
CDDP,CDDP-P002,5,0.68911187277625774,0.18556361135383823,1.003669540063685,True
CDDP,CDDP-P002,8,0.88698115227457863,0.21482157014907124,1.003669540063685,True
CDDP,CDDP-P002,10,0.95465805854573582,0.18673592517541052,1.003669540063685,True
CDDP,CDDP-P002,25,0.9999999998722896,0.0014407236108630618,1.003669540063685,True
CDDP,CDDP-P002,40,0.99999999987269694,4.1613886363183055e-13,1.003669540063685,True
CDDP,CDDP-P002,50,0.99999999987405641,1.7006163980531e-12,1.003669540063685,True
CDDP,CDDP-P002,100,0.99999999990043864,2.3673456342717325e-11,1.003669540063685,True
CDDP,CDDP-P002,200,1,8.1190440033550835e-11,1.003669540063685,True
CDDP,CDDP-P002,250,1.0000000000486524,9.8919813979638693e-11,1.003669540063685,True
CDDP,CDDP-P003,1.6000000000000001,0.11989546560962321,0.032370768831547242,1.0073664398585394,True
CDDP,CDDP-P003,2,0.13557541442483897,0.034532629200078144,1.0073664398585394,True
CDDP,CDDP-P003,5,0.22466303428805284,0.057620450958873096,1.0073664398585394,True
CDDP,CDDP-P003,8,0.32061905623770337,0.10193583281684469,1.0073664398585394,True
CDDP,CDDP-P003,10,0.38824045700805238,0.13273440558498203,1.0073664398585394,True
CDDP,CDDP-P003,25,0.76450273391188239,0.21710786685099001,1.0073664398585394,True
CDDP,CDDP-P003,40,0.91517901631503507,0.16696621648253862,1.0073664398585394,True
CDDP,CDDP-P003,50,0.95810025557316703,0.1259905834401116,1.0073664398585394,True
CDDP,CDDP-P003,100,0.99991448277077122,0.019297385565547449,1.0073664398585394,True
CDDP,CDDP-P003,200,1,9.8572220984866342e-13,1.0073664398585394,True
CDDP,CDDP-P003,250,1,1.807451279239499e-13,1.0073664398585394,True
CDDP,CDDP-P004,1.6000000000000001,3.0688672132990983e-16,3.0688672132990983e-16,0.72353930454465176,True
CDDP,CDDP-P004,2,8.4393848365725209e-16,7.8639722340789393e-16,0.72353930454465176,True
CDDP,CDDP-P004,5,0.011473464795134331,0.011027229068306759,0.72353930454465176,True
CDDP,CDDP-P004,8,0.059884925381490581,0.050212108380200141,0.72353930454465176,True
CDDP,CDDP-P004,10,0.11322205467830787,0.090221041674834065,0.72353930454465176,True
CDDP,CDDP-P004,25,0.58331662316212185,0.30430855920837196,0.72353930454465176,True
CDDP,CDDP-P004,40,0.84004797355185323,0.28256121893536595,0.72353930454465176,True
CDDP,CDDP-P004,50,0.91939078072494707,0.22468331458237115,0.72353930454465176,True
CDDP,CDDP-P004,100,0.99983461506897386,0.037319769920796227,0.72353930454465176,True
CDDP,CDDP-P004,200,1,1.5344336066495491e-16,0.72353930454465176,True
CDDP,CDDP-P004,250,1.0000000000032137,3.2137177457668156e-12,0.72353930454465176,True
CDDP,CDDP-P005,1.6000000000000001,0.076596179163227585,0.0072281508124133909,1.0264148217361784,True
CDDP,CDDP-P005,2,0.077243509504451233,0.0035998527304591174,1.0264148217361784,True
CDDP,CDDP-P005,5,0.07727555056891576,8.3092774387422652e-07,1.0264148217361784,True
CDDP,CDDP-P005,8,0.082040851088033773,0.0047661314468536147,1.0264148217361784,True
CDDP,CDDP-P005,10,0.092326822694962701,0.014711924440661404,1.0264148217361784,True
CDDP,CDDP-P005,25,0.24150355537059362,0.10668485131655067,1.0264148217361784,True
CDDP,CDDP-P005,40,0.40979479169753463,0.17939743991750962,1.0264148217361784,True
CDDP,CDDP-P005,50,0.51667269284943196,0.21908740885125327,1.0264148217361784,True
CDDP,CDDP-P005,100,0.89646306250032315,0.28082030527677299,1.0264148217361784,True
CDDP,CDDP-P005,200,1,0.041805937432556672,1.0264148217361784,True
CDDP,CDDP-P005,250,1,0.0074835086023454225,1.0264148217361784,True
CDDP,CDDP-P006,1.6000000000000001,0.0043026699935273258,0.0042804899440613102,1.2055206047931113,True
CDDP,CDDP-P006,2,0.012292410406273586,0.011718542235149378,1.2055206047931113,True
CDDP,CDDP-P006,5,0.15266467104877687,0.10344713408078435,1.2055206047931113,True
CDDP,CDDP-P006,8,0.30608530707288828,0.16418871946805233,1.2055206047931113,True
CDDP,CDDP-P006,10,0.39396433430805461,0.18790353002488952,1.2055206047931113,True
CDDP,CDDP-P006,25,0.7719171475326182,0.20644519400272898,1.2055206047931113,True
CDDP,CDDP-P006,40,0.91241224315852409,0.15554097682786192,1.2055206047931113,True
CDDP,CDDP-P006,50,0.95282182315000863,0.11852804949996924,1.2055206047931113,True
CDDP,CDDP-P006,100,0.9987100364691317,0.024215444567075858,1.2055206047931113,True
CDDP,CDDP-P006,200,1,7.6777461980370815e-05,1.2055206047931113,True
CDDP,CDDP-P006,250,1,1.8418980483800034e-16,1.2055206047931113,True
CDDP,CDDP-P007,1.6000000000000001,0.28852736706569093,0.059987902630279491,0.99942889505652244,True
CDDP,CDDP-P007,2,0.30960885381410713,0.053546261487440232,0.99942889505652244,True
CDDP,CDDP-P007,5,0.34514681918708046,0.010913832284830774,0.99942889505652244,True
CDDP,CDDP-P007,8,0.36566060712022458,0.021164260784681827,0.99942889505652244,True
CDDP,CDDP-P007,10,0.39585729858848312,0.046704645295568718,0.99942889505652244,True
CDDP,CDDP-P007,25,0.72223915114744852,0.21247699186784075,0.99942889505652244,True
CDDP,CDDP-P007,40,0.89749977856629592,0.19297158200669834,0.99942889505652244,True
CDDP,CDDP-P007,50,0.94696652935643233,0.14849090622823882,0.99942889505652244,True
CDDP,CDDP-P007,100,0.99859984640851096,0.026526736965054334,0.99942889505652244,True
CDDP,CDDP-P007,200,0.99999999999999756,8.3335874678561528e-05,0.99942889505652244,True
CDDP,CDDP-P007,250,1,6.4429731566463622e-15,0.99942889505652244,True
CDDP,CDDP-P008,1.6000000000000001,0.17302279498463713,0.051165039127719733,0.91685694738219126,True
CDDP,CDDP-P008,2,0.19893345687033342,0.056159259051801892,0.91685694738219126,True
CDDP,CDDP-P008,5,0.32442649779560429,0.073406032942011687,0.91685694738219126,True
CDDP,CDDP-P008,8,0.39782340661430871,0.079534170264211182,0.91685694738219126,True
CDDP,CDDP-P008,10,0.4341448777393227,0.081813019469949344,0.91685694738219126,True
CDDP,CDDP-P008,25,0.58981333226153476,0.087855768314840987,0.91685694738219126,True
CDDP,CDDP-P008,40,0.67222418791880401,0.089507634201701908,0.91685694738219126,True
CDDP,CDDP-P008,50,0.71171080430018441,0.090071884939755376,0.91685694738219126,True
CDDP,CDDP-P008,100,0.83532459021060568,0.091221343859540518,0.91685694738219126,True
CDDP,CDDP-P008,200,0.95981492281282665,0.091807173691789132,0.91685694738219126,True
CDDP,CDDP-P008,250,1,0.091925489205305425,0.91685694738219126,True
CDDP,CDDP-P009,1.6000000000000001,0.044799394598045786,0.019357206964028942,0.99959994251796369,True
CDDP,CDDP-P009,2,0.057763263927983977,0.025295309867475749,0.99959994251796369,True
CDDP,CDDP-P009,5,0.16297191129302802,0.071034136011619259,0.99959994251796369,True
CDDP,CDDP-P009,8,0.26670977737926771,0.11085998261799077,0.99959994251796369,True
CDDP,CDDP-P009,10,0.33068346296878254,0.13231976936489853,0.99959994251796369,True
CDDP,CDDP-P009,25,0.66577999938799892,0.19552509581953101,0.99959994251796369,True
CDDP,CDDP-P009,40,0.82688760601273859,0.1765913780387828,0.99959994251796369,True
CDDP,CDDP-P009,50,0.88559889289284988,0.15277850216944155,0.99959994251796369,True
CDDP,CDDP-P009,100,0.98349398526885179,0.059889306890156022,0.99959994251796369,True
CDDP,CDDP-P009,200,0.99977363096077654,0.0078504112363562521,0.99959994251796369,True
CDDP,CDDP-P009,250,1,0.0027097214210931534,0.99959994251796369,True
CDDP,CDDP-P010,1.6000000000000001,0.16286921132152976,0.048468683532456841,0.9259740180054008,True
CDDP,CDDP-P010,2,0.18757346554307133,0.053403435556482678,0.9259740180054008,True
CDDP,CDDP-P010,5,0.30935681330116965,0.071713311977272487,0.9259740180054008,True
CDDP,CDDP-P010,8,0.38271386594552576,0.0794122294597496,0.9259740180054008,True
CDDP,CDDP-P010,10,0.41969677753050416,0.082658150630131433,0.9259740180054008,True
CDDP,CDDP-P010,25,0.58334534446471265,0.093350440682681626,0.9259740180054008,True
CDDP,CDDP-P010,40,0.6730264441504723,0.097311584567755238,0.9259740180054008,True
CDDP,CDDP-P010,50,0.71667517421682114,0.098926786608873413,0.9259740180054008,True
CDDP,CDDP-P010,100,0.85610653724181296,0.10329714806331355,0.9259740180054008,True
CDDP,CDDP-P010,200,1,0.1063751763731506,0.9259740180054008,True
CDDP,CDDP-P010,250,1.0467440716669782,0.10682914555579627,0.9259740180054008,True
CDDP,CDDP-P011,1.6000000000000001,0.15148109700288961,0.044854012151879771,0.89355286894497166,True
CDDP,CDDP-P011,2,0.17427841894609883,0.049333137627004531,0.89355286894497166,True
CDDP,CDDP-P011,5,0.2867362598084478,0.066328918772923254,0.89355286894497166,True
CDDP,CDDP-P011,8,0.35563310268003773,0.074526879333446386,0.89355286894497166,True
CDDP,CDDP-P011,10,0.39096520930017881,0.078390827991323714,0.89355286894497166,True
CDDP,CDDP-P011,25,0.5531952629600414,0.093747051595039169,0.89355286894497166,True
CDDP,CDDP-P011,40,0.64631418302887533,0.10090404762365789,0.89355286894497166,True
CDDP,CDDP-P011,50,0.69261706898341036,0.10405128841618708,0.89355286894497166,True
CDDP,CDDP-P011,100,0.84321346717251933,0.11188876828482749,0.89355286894497166,True
CDDP,CDDP-P011,200,1,0.11593216242484437,0.89355286894497166,True
CDDP,CDDP-P011,250,1.0509551742794547,0.11644915885020318,0.89355286894497166,True
CDDP,CDDP-P012,1.6000000000000001,0.12405174537873269,0.079596432140927389,0.9952494846602189,True
CDDP,CDDP-P012,2,0.18466447622516904,0.11363283509417109,0.9952494846602189,True
CDDP,CDDP-P012,5,0.62621286877714277,0.27519773337711939,0.9952494846602189,True
CDDP,CDDP-P012,8,0.84272326204980608,0.23855319369724201,0.9952494846602189,True
CDDP,CDDP-P012,10,0.90661565751619322,0.18680140971689257,0.9952494846602189,True
CDDP,CDDP-P012,25,0.94892867485132337,0.0013444807948930751,0.9952494846602189,True
CDDP,CDDP-P012,40,0.94902034147503844,9.166662748810786e-05,0.9952494846602189,True
CDDP,CDDP-P012,50,0.94993962048782299,0.0010109456291306539,0.9952494846602189,True
CDDP,CDDP-P012,100,0.96658326041151321,0.014561021193430257,0.9952494846602189,True
CDDP,CDDP-P012,200,1,0.025693538820401471,0.9952494846602189,True
CDDP,CDDP-P012,250,1.0119639130636515,0.026981298646264126,0.9952494846602189,True
CDDP,CDDP-P013,1.6000000000000001,0.37064159578704081,0.10882898971414685,0.87025339250354306,True
CDDP,CDDP-P013,2,0.42457559897574665,0.11801611850073193,0.87025339250354306,True
CDDP,CDDP-P013,5,0.65606000809968379,0.12740712270495733,0.87025339250354306,True
CDDP,CDDP-P013,8,0.74724559008712466,0.10060029251391556,0.87025339250354306,True
CDDP,CDDP-P013,10,0.77682580597424167,0.081354445633298092,0.87025339250354306,True
CDDP,CDDP-P013,25,0.81778785565871392,0.011223502836673761,0.87025339250354306,True
CDDP,CDDP-P013,40,0.827596140458145,0.010287431285334351,0.87025339250354306,True
CDDP,CDDP-P013,50,0.83814225439404511,0.017953500431456198,0.87025339250354306,True
CDDP,CDDP-P013,100,0.9027537217413889,0.052322770671245772,0.87025339250354306,True
CDDP,CDDP-P013,200,1,0.073664618983183175,0.87025339250354306,True
CDDP,CDDP-P013,250,1.0335747667847623,0.076086619849841053,0.87025339250354306,True
CDDP,CDDP-P014,1.6000000000000001,0.0015397606385834102,0.0015213911668740009,0.79172325417653355,True
CDDP,CDDP-P014,2,0.0041415800669954575,0.0038938506718066298,0.79172325417653355,True
CDDP,CDDP-P014,5,0.037748950170930669,0.022531750083413928,0.79172325417653355,True
CDDP,CDDP-P014,8,0.055889148071368452,0.019994276847474471,0.79172325417653355,True
CDDP,CDDP-P014,10,0.061223723701126186,0.01561715370646463,0.79172325417653355,True
CDDP,CDDP-P014,25,0.092457151061923537,0.025224918405624869,0.79172325417653355,True
CDDP,CDDP-P014,40,0.1734139861756335,0.08468233646887964,0.79172325417653355,True
CDDP,CDDP-P014,50,0.24081670326157989,0.12606961819477497,0.79172325417653355,True
CDDP,CDDP-P014,100,0.56527109600839032,0.25521051422039287,0.79172325417653355,True
CDDP,CDDP-P014,200,1,0.32710543743778014,0.79172325417653355,True
CDDP,CDDP-P014,250,1.1476222273717163,0.33529778437676405,0.79172325417653355,True
CDDP,CDDP-P015,1.6000000000000001,0.18013439920283358,0.053269934088121085,1.1208941763639535,True
CDDP,CDDP-P015,2,0.20711197715731972,0.058470855540831222,1.1208941763639535,True
CDDP,CDDP-P015,5,0.33778512930881027,0.076438910201491572,1.1208941763639535,True
CDDP,CDDP-P015,8,0.41422438608414869,0.082830433163872952,1.1208941763639535,True
CDDP,CDDP-P015,10,0.45205576130216657,0.085209864721903755,1.1208941763639535,True
CDDP,CDDP-P015,25,0.61423967578267602,0.091542769450318973,1.1208941763639535,True
CDDP,CDDP-P015,40,0.70013448327857042,0.093290445496231222,1.1208941763639535,True
CDDP,CDDP-P015,50,0.74129850200783776,0.093890733545471033,1.1208941763639535,True
CDDP,CDDP-P015,100,0.87018567624539023,0.095115583137965531,1.1208941763639535,True
CDDP,CDDP-P015,200,1,0.095733888664226843,1.1208941763639535,True
CDDP,CDDP-P015,250,1.0419043110326065,0.095857974110014579,1.1208941763639535,True
CDDP,CDDP-P016,1.6000000000000001,0.26984522225334767,0.025368734363263052,0.99403903634920721,True
CDDP,CDDP-P016,2,0.27211716592163798,0.012634449672651898,0.99403903634920721,True
CDDP,CDDP-P016,5,0.40644471851454428,0.12899637637975758,0.99403903634920721,True
CDDP,CDDP-P016,8,0.74928518529185328,0.36387179074307857,0.99403903634920721,True
CDDP,CDDP-P016,10,0.89080492592578164,0.36539676456084191,0.99403903634920721,True
CDDP,CDDP-P016,25,0.98711277424875443,0.0033650662574833583,0.99403903634920721,True
CDDP,CDDP-P016,40,0.99131646013610608,0.004308201000730128,0.99403903634920721,True
CDDP,CDDP-P016,50,0.99482484193576648,0.0068219865812146896,0.99403903634920721,True
CDDP,CDDP-P016,100,0.9998714865766769,0.0025312723714326813,0.99403903634920721,True
CDDP,CDDP-P016,200,1,4.7937605214695869e-05,0.99403903634920721,True
CDDP,CDDP-P016,250,1,8.5811133046601367e-06,0.99403903634920721,True
CDDP,CDDP-P017,1.6000000000000001,0.18998439104187159,0.062073807123917461,1.0188650746879753,True
CDDP,CDDP-P017,2,0.2247997238344473,0.072431908980543525,1.0188650746879753,True
CDDP,CDDP-P017,5,0.43935796805946781,0.13555167689797082,1.0188650746879753,True
CDDP,CDDP-P017,8,0.59872018174037522,0.17189278513771919,1.0188650746879753,True
CDDP,CDDP-P017,10,0.67585878387216314,0.17720993997737247,1.0188650746879753,True
CDDP,CDDP-P017,25,0.91328214360575033,0.11294395891644098,1.0188650746879753,True
CDDP,CDDP-P017,40,0.97140320862205043,0.065142395814819135,1.0188650746879753,True
CDDP,CDDP-P017,50,0.98625808926665592,0.04561886618786435,1.0188650746879753,True
CDDP,CDDP-P017,100,0.99997216026517777,0.0062822104800104028,1.0188650746879753,True
CDDP,CDDP-P017,200,1,2.9758789024933948e-12,1.0188650746879753,True
CDDP,CDDP-P017,250,1,5.3284686317073231e-13,1.0188650746879753,True
CDDP,CDDP-P018,1.6000000000000001,0.27298619370752053,0.072323661168512132,0.99665310391109396,True
CDDP,CDDP-P018,2,0.30608161744852669,0.074782312063256987,0.99665310391109396,True
CDDP,CDDP-P018,5,0.44207008867514497,0.076783400296473445,0.99665310391109396,True
CDDP,CDDP-P018,8,0.53122483421242694,0.095728767367636941,0.99665310391109396,True
CDDP,CDDP-P018,10,0.58722377419497696,0.11398791571078169,0.99665310391109396,True
CDDP,CDDP-P018,25,0.86872872351230412,0.15584093971545029,0.99665310391109396,True
CDDP,CDDP-P018,40,0.96088070512023727,0.10308634267692171,0.99665310391109396,True
CDDP,CDDP-P018,50,0.98211292427422892,0.069624624006750124,0.99665310391109396,True
CDDP,CDDP-P018,100,0.99996426832947838,0.0080631709791847087,0.99665310391109396,True
CDDP,CDDP-P018,200,1,1.7823220862197901e-15,0.99665310391109396,True
CDDP,CDDP-P018,250,1,6.683707823324214e-16,0.99665310391109396,True
CDDP_A,CDDPA-P001,0.5,0.22194397010382733,0.077289263791469748,0.94660862956821346,True
CDDP_A,CDDPA-P001,1,0.37158629993023812,0.11532538873423168,0.94660862956821346,True
CDDP_A,CDDPA-P001,1.6000000000000001,0.49887381363530958,0.13748825731314676,0.94660862956821346,True
CDDP_A,CDDPA-P001,2,0.56367425685445571,0.1446917786383034,0.94660862956821346,True
CDDP_A,CDDPA-P001,5,0.81886840174829478,0.13669246446217706,0.94660862956821346,True
CDDP_A,CDDPA-P001,8,0.91592291137939597,0.10701103204314398,0.94660862956821346,True
CDDP_A,CDDPA-P001,10,0.94861765429890565,0.088032605074992124,0.94660862956821346,True
CDDP_A,CDDPA-P001,25,0.99926418080017743,0.014586853625976426,0.94660862956821346,True
CDDP_A,CDDPA-P001,40,0.99999999999990641,0.0010940732649987682,0.94660862956821346,True
CDDP_A,CDDPA-P001,50,0.99999999999990641,3.6082420932012226e-05,0.94660862956821346,True
CDDP_A,CDDPA-P001,100,0.99999999999990641,0,0.94660862956821346,True
CDDP_A,CDDPA-P001,200,1,9.335827922937203e-14,0.94660862956821346,True
CDDP_A,CDDPA-P001,250,1,8.0691578027396926e-14,0.94660862956821346,True
CDDP_A,CDDPA-P002,0.5,0.18886594392930495,0.066587746489963448,0.87453659544636242,True
CDDP_A,CDDPA-P002,1,0.32224170036020044,0.1033864611652784,0.87453659544636242,True
CDDP_A,CDDPA-P002,1.6000000000000001,0.44196710570347575,0.12905489953696334,0.87453659544636242,True
CDDP_A,CDDPA-P002,2,0.50550139640002956,0.13941070375654843,0.87453659544636242,True
CDDP_A,CDDPA-P002,5,0.77423845230363986,0.14721506613087113,0.87453659544636242,True
CDDP_A,CDDPA-P002,8,0.87812500942336114,0.11473150644223666,0.87453659544636242,True
CDDP_A,CDDPA-P002,10,0.90988189266517616,0.090342139577476471,0.87453659544636242,True
CDDP_A,CDDPA-P002,25,0.94363035374262294,0.0067817249053038643,0.87453659544636242,True
CDDP_A,CDDPA-P002,40,0.94395407139598586,0.00048132860637939423,0.87453659544636242,True
CDDP_A,CDDPA-P002,50,0.94395407139598764,1.5874166694153168e-05,0.87453659544636242,True
CDDP_A,CDDPA-P002,100,0.94914629227938785,0.0051922208833960933,0.87453659544636242,True
CDDP_A,CDDPA-P002,200,1,0.04278247761731005,0.87453659544636242,True
CDDP_A,CDDPA-P002,250,1.0226189425779559,0.049540527357888907,0.87453659544636242,True
CDDP_A,CDDPA-P003,0.5,0,0,1.0468639059598788,True
CDDP_A,CDDPA-P003,1,0,0,1.0468639059598788,True
CDDP_A,CDDPA-P003,1.6000000000000001,0,0,1.0468639059598788,True
CDDP_A,CDDPA-P003,2,0,0,1.0468639059598788,True
CDDP_A,CDDPA-P003,5,3.3149132662421848e-06,3.3149132662421848e-06,1.0468639059598788,True
CDDP_A,CDDPA-P003,8,0.019014063085765327,0.019014063085765327,1.0468639059598788,True
CDDP_A,CDDPA-P003,10,0.060052400265900183,0.058695287546219672,1.0468639059598788,True
CDDP_A,CDDPA-P003,25,0.65764772763714274,0.42455306194737386,1.0468639059598788,True
CDDP_A,CDDPA-P003,40,0.96004837241119056,0.34008689797420999,1.0468639059598788,True
CDDP_A,CDDPA-P003,50,0.99587181267709257,0.18371702078942331,1.0468639059598788,True
CDDP_A,CDDPA-P003,100,1,1.5492413781407333e-06,1.0468639059598788,True
CDDP_A,CDDPA-P003,200,1,0,1.0468639059598788,True
CDDP_A,CDDPA-P003,250,1,2.1210455691605553e-16,1.0468639059598788,True
CDDP_A,CDDPA-P004,0.5,0.32345461578833745,0.099808585385087786,0.99358591484871162,True
CDDP_A,CDDPA-P004,1,0.45425528054919451,0.092637809232731877,0.99358591484871162,True
CDDP_A,CDDPA-P004,1.6000000000000001,0.50957100210540818,0.061246331329852542,0.99358591484871162,True
CDDP_A,CDDPA-P004,2,0.54021343286873302,0.062502314379965437,0.99358591484871162,True
CDDP_A,CDDPA-P004,5,0.85348812490271231,0.20122800235429469,0.99358591484871162,True
CDDP_A,CDDPA-P004,8,0.96237176584207529,0.12312668356951742,0.99358591484871162,True
CDDP_A,CDDPA-P004,10,0.98531959327999286,0.078100595643881249,0.99358591484871162,True
CDDP_A,CDDPA-P004,25,0.99999999999272182,0.000466464556847928,0.99358591484871162,True
CDDP_A,CDDPA-P004,40,0.99999999999272449,3.352170178844186e-15,0.99358591484871162,True
CDDP_A,CDDPA-P004,50,0.99999999999273315,1.1173900596147286e-14,0.99358591484871162,True
CDDP_A,CDDPA-P004,100,0.99999999999336175,6.1143584062117953e-13,0.99358591484871162,True
CDDP_A,CDDPA-P004,200,1,5.7994778874123647e-12,0.99358591484871162,True
CDDP_A,CDDPA-P004,250,1.0000000000187224,2.2715869477931665e-11,0.99358591484871162,True
CDDP_A,CDDPA-P005,0.5,0.13599523279119047,0.048085087504123998,0.96138590534360491,True
CDDP_A,CDDPA-P005,1,0.2332634391069757,0.075528135370471969,0.96138590534360491,True
CDDP_A,CDDPA-P005,1.6000000000000001,0.3232990012925604,0.096902763134365605,0.96138590534360491,True
CDDP_A,CDDPA-P005,2,0.37331153441233067,0.10754150398704611,0.96138590534360491,True
CDDP_A,CDDPA-P005,5,0.6217319030536741,0.14547267074998574,0.96138590534360491,True
CDDP_A,CDDPA-P005,8,0.7566880785553699,0.14689436159681529,0.96138590534360491,True
CDDP_A,CDDPA-P005,10,0.81544968237716242,0.14045653071714795,0.96138590534360491,True
CDDP_A,CDDPA-P005,25,0.97372103435414814,0.068972817423607349,0.96138590534360491,True
CDDP_A,CDDPA-P005,40,0.99716605551343274,0.027089309025226431,0.96138590534360491,True
CDDP_A,CDDPA-P005,50,0.99970716953452587,0.013129655773983029,0.96138590534360491,True
CDDP_A,CDDPA-P005,100,0.99999999999999978,1.0989449803635613e-07,0.96138590534360491,True
CDDP_A,CDDPA-P005,200,1,2.3096303335721492e-16,0.96138590534360491,True
CDDP_A,CDDPA-P005,250,1.0000000000048375,4.8376362151835458e-12,0.96138590534360491,True
CDDP_A,CDDPA-P006,0.5,5.0981728937835779e-06,7.3809277245206658e-07,0.49578661694096082,True
CDDP_A,CDDPA-P006,1,0.00025721119499332561,0.00025199706667989642,0.49578661694096082,True
CDDP_A,CDDPA-P006,1.6000000000000001,0.01104445525322669,0.010907499005681666,0.49578661694096082,True
CDDP_A,CDDPA-P006,2,0.02969800303652205,0.027916668149369692,0.49578661694096082,True
CDDP_A,CDDPA-P006,5,0.36406983286527567,0.25133133720413381,0.49578661694096082,True
CDDP_A,CDDPA-P006,8,0.73276863080618293,0.3966309379978662,0.49578661694096082,True
CDDP_A,CDDPA-P006,10,0.86950568893880631,0.36629330038087232,0.49578661694096082,True
CDDP_A,CDDPA-P006,25,0.96258012445706986,0.0038748315144099066,0.49578661694096082,True
CDDP_A,CDDPA-P006,40,0.97522171806567926,0.012956052960831924,0.49578661694096082,True
CDDP_A,CDDPA-P006,50,0.9857151038131603,0.020456952045893703,0.49578661694096082,True
CDDP_A,CDDPA-P006,100,0.99996974058954047,0.0068279827683494472,0.49578661694096082,True
CDDP_A,CDDPA-P006,200,1,0,0.49578661694096082,True
CDDP_A,CDDPA-P006,250,1,0,0.49578661694096082,True
CDDP_A,CDDPA-P007,0.5,0.16431412494304795,0.056304383365398107,1.0122692552670436,True
CDDP_A,CDDPA-P007,1,0.26818542236385312,0.079357116278050227,1.0122692552670436,True
CDDP_A,CDDPA-P007,1.6000000000000001,0.34872453858398855,0.087339072546458174,1.0122692552670436,True
CDDP_A,CDDPA-P007,2,0.38605973873400062,0.086909798879911654,1.0122692552670436,True
CDDP_A,CDDPA-P007,5,0.5066646383630693,0.060680065238764035,1.0122692552670436,True
CDDP_A,CDDPA-P007,8,0.56042484778721602,0.058271316343931873,1.0122692552670436,True
CDDP_A,CDDPA-P007,10,0.59061096665523127,0.063813317222833316,1.0122692552670436,True
CDDP_A,CDDPA-P007,25,0.77206807139833089,0.11227414448944865,1.0122692552670436,True
CDDP_A,CDDPA-P007,40,0.87903787845703729,0.11659572435577667,1.0122692552670436,True
CDDP_A,CDDPA-P007,50,0.92168087756825678,0.10664885233612192,1.0122692552670436,True
CDDP_A,CDDPA-P007,100,0.99100337277018458,0.041335474015569841,1.0122692552670436,True
CDDP_A,CDDPA-P007,200,1,0.0036019697901250023,1.0122692552670436,True
CDDP_A,CDDPA-P007,250,1,0.00064477377055188181,1.0122692552670436,True
CDDP_A,CDDPA-P008,0.5,0.23918253862719457,0.074967965615614876,1.0333231919569625,True
CDDP_A,CDDPA-P008,1,0.33828139144222236,0.070202457544560393,1.0333231919569625,True
CDDP_A,CDDPA-P008,1.6000000000000001,0.36871026240958127,0.034814236358516493,1.0333231919569625,True
CDDP_A,CDDPA-P008,2,0.37182811538279209,0.017338614960644413,1.0333231919569625,True
CDDP_A,CDDPA-P008,5,0.37197843834984018,1.0744199232793344e-16,1.0333231919569625,True
CDDP_A,CDDPA-P008,8,0.37197843834984018,1.0744199232793344e-16,1.0333231919569625,True
CDDP_A,CDDPA-P008,10,0.37197843834984018,0,1.0333231919569625,True
CDDP_A,CDDPA-P008,25,0.38560962053863074,0.01363118218879044,1.0333231919569625,True
CDDP_A,CDDPA-P008,40,0.56782092017605967,0.18673510340606095,1.0333231919569625,True
CDDP_A,CDDPA-P008,50,0.72228519774475652,0.29814954847540387,1.0333231919569625,True
CDDP_A,CDDPA-P008,100,0.97954896699664362,0.1424796966839891,1.0333231919569625,True
CDDP_A,CDDPA-P008,200,1,0.0081000842609895863,1.0333231919569625,True
CDDP_A,CDDPA-P008,250,1,0.0014499627079201031,1.0333231919569625,True
CDDP_A,CDDPA-P009,0.5,0.17407209390458342,0.061407305008175449,0.57092650605286777,True
CDDP_A,CDDPA-P009,1,0.29725054196744793,0.095500749995049816,0.57092650605286777,True
CDDP_A,CDDPA-P009,1.6000000000000001,0.4081859171662498,0.11955589299425534,0.57092650605286777,True
CDDP_A,CDDPA-P009,2,0.46751587985216331,0.12971907977861163,0.57092650605286777,True
CDDP_A,CDDPA-P009,5,0.72836553968026763,0.14591302634346306,0.57092650605286777,True
CDDP_A,CDDPA-P009,8,0.8457879752052142,0.12867867617792286,0.57092650605286777,True
CDDP_A,CDDPA-P009,10,0.89079980825705418,0.11386438133360209,0.57092650605286777,True
CDDP_A,CDDPA-P009,25,0.98822853233198937,0.037774362456102571,0.57092650605286777,True
CDDP_A,CDDPA-P009,40,0.99888160971207551,0.01245140016718279,0.57092650605286777,True
CDDP_A,CDDPA-P009,50,0.9999056462155419,0.0056211923462818857,0.57092650605286777,True
CDDP_A,CDDPA-P009,100,1,4.9159458818198583e-13,0.57092650605286777,True
CDDP_A,CDDPA-P009,200,1,0,0.57092650605286777,True
CDDP_A,CDDPA-P009,250,1,0,0.57092650605286777,True
CDDP_A,CDDPA-P010,0.5,0.00058761476915117176,0.00042841358833695716,1.0299306494512876,True
CDDP_A,CDDPA-P010,1,0.0029455619459282743,0.0020303200858386408,1.0299306494512876,True
CDDP_A,CDDPA-P010,1.6000000000000001,0.0084827607659962792,0.0057922799777995679,1.0299306494512876,True
CDDP_A,CDDPA-P010,2,0.013952855404165878,0.009526326113994555,1.0299306494512876,True
CDDP_A,CDDPA-P010,5,0.07579318244453595,0.043309510563472355,1.0299306494512876,True
CDDP_A,CDDPA-P010,8,0.13480371024865415,0.06330311383393715,1.0299306494512876,True
CDDP_A,CDDPA-P010,10,0.16826078270606651,0.071608766745209496,1.0299306494512876,True
CDDP_A,CDDPA-P010,25,0.33501590443154755,0.098910139242611744,1.0299306494512876,True
CDDP_A,CDDPA-P010,40,0.44169469421220164,0.11518693724589103,1.0299306494512876,True
CDDP_A,CDDPA-P010,50,0.49844751565729201,0.12401719856635326,1.0299306494512876,True
CDDP_A,CDDPA-P010,100,0.69861343340322724,0.1508895040693787,1.0299306494512876,True
CDDP_A,CDDPA-P010,200,0.9246017273813768,0.16832632234773676,1.0299306494512876,True
CDDP_A,CDDPA-P010,250,1,0.17119476488200458,1.0299306494512876,True
CDDP_A,CDDPA-P011,0.5,0.078406347751390465,0.027656570195844502,0.94820159735623311,True
CDDP_A,CDDPA-P011,1,0.13392070594922054,0.043049223386004219,0.94820159735623311,True
CDDP_A,CDDPA-P011,1.6000000000000001,0.18440408404772907,0.054377296795266046,0.94820159735623311,True
CDDP_A,CDDPA-P011,2,0.21185810213700118,0.059578695381267692,0.94820159735623311,True
CDDP_A,CDDPA-P011,5,0.34362283365910173,0.076796163123042271,0.94820159735623311,True
CDDP_A,CDDPA-P011,8,0.41935093474075097,0.082112185323245809,0.94820159735623311,True
CDDP_A,CDDPA-P011,10,0.4563598757975495,0.083806231774533488,0.94820159735623311,True
CDDP_A,CDDPA-P011,25,0.61121638020007807,0.08667143165537948,0.94820159735623311,True
CDDP_A,CDDPA-P011,40,0.69103776642720205,0.08675792823184407,0.94820159735623311,True
CDDP_A,CDDPA-P011,50,0.72886098267220623,0.086665304594836928,0.94820159735623311,True
CDDP_A,CDDPA-P011,100,0.84591946615077174,0.086204412900089525,0.94820159735623311,True
CDDP_A,CDDPA-P011,200,0.96249787937856002,0.08588446672356595,0.94820159735623311,True
CDDP_A,CDDPA-P011,250,1,0.085855592927373214,0.94820159735623311,True
CDDP_A,CDDPA-P012,0.5,0.43463357806723985,0.067235577278131342,1.0025412056152643,True
CDDP_A,CDDPA-P012,1,0.45234485607887415,0.005829053939110213,1.0025412056152643,True
CDDP_A,CDDPA-P012,1.6000000000000001,0.4523448560788817,7.9733438710834961e-15,1.0025412056152643,True
CDDP_A,CDDPA-P012,2,0.45234485607888125,3.5437083871482209e-15,1.0025412056152643,True
CDDP_A,CDDPA-P012,5,0.4523448560788817,4.4296354839352762e-16,1.0025412056152643,True
CDDP_A,CDDPA-P012,8,0.45234485607888214,4.4296354839352762e-16,1.0025412056152643,True
CDDP_A,CDDPA-P012,10,0.45234485607888214,4.4296354839352762e-16,1.0025412056152643,True
CDDP_A,CDDPA-P012,25,0.64816157158761567,0.18327184049967724,1.0025412056152643,True
CDDP_A,CDDPA-P012,40,0.92143596428821206,0.29772988885802537,1.0025412056152643,True
CDDP_A,CDDPA-P012,50,0.98070126712847305,0.216327827435353,1.0025412056152643,True
CDDP_A,CDDPA-P012,100,1,0.0025669490247140097,1.0025412056152643,True
CDDP_A,CDDPA-P012,200,0.99999999999999956,1.7718541935741105e-15,1.0025412056152643,True
CDDP_A,CDDPA-P012,250,1,4.4296354839352762e-16,1.0025412056152643,True
CDDP_A,CDDPA-P013,0.5,0.18847485587224183,0.065876485549172123,0.99790252298852811,True
CDDP_A,CDDPA-P013,1,0.3173484974607011,0.099497904072255436,0.99790252298852811,True
CDDP_A,CDDPA-P013,1.6000000000000001,0.42890641794165757,0.12041440235574463,0.99790252298852811,True
CDDP_A,CDDPA-P013,2,0.48655099868351287,0.12789685727717973,0.99790252298852811,True
CDDP_A,CDDPA-P013,5,0.72103524269113739,0.12716204326823155,0.99790252298852811,True
CDDP_A,CDDPA-P013,8,0.81452579161577121,0.1028778207053366,0.99790252298852811,True
CDDP_A,CDDPA-P013,10,0.84810146998170932,0.0874502554353421,0.99790252298852811,True
CDDP_A,CDDPA-P013,25,0.92760563429294685,0.036150026465180306,0.99790252298852811,True
CDDP_A,CDDPA-P013,40,0.96157625867687335,0.036606835869957992,0.99790252298852811,True
CDDP_A,CDDPA-P013,50,0.97876339816985292,0.039053700986240475,0.99790252298852811,True
CDDP_A,CDDPA-P013,100,0.99995543819162636,0.010055367569164865,0.99790252298852811,True
CDDP_A,CDDPA-P013,200,1,2.0506643002170397e-12,0.99790252298852811,True
CDDP_A,CDDPA-P013,250,1,3.7025883198363222e-13,0.99790252298852811,True
CDDP_A,CDDPA-P014,0.5,0.28851840926451383,0.090082432873187901,0.99429691516539598,True
CDDP_A,CDDPA-P014,1,0.4072654826400014,0.084093232183873351,0.99429691516539598,True
CDDP_A,CDDPA-P014,1.6000000000000001,0.4437075651806236,0.041694063388896162,0.99429691516539598,True
CDDP_A,CDDPA-P014,2,0.44744155371809441,0.02076499118929296,0.99429691516539598,True
CDDP_A,CDDPA-P014,5,0.4476215828089406,3.5730913217301155e-14,0.99429691516539598,True
CDDP_A,CDDPA-P014,8,0.44762158280994152,1.0032570476795338e-12,0.99429691516539598,True
CDDP_A,CDDPA-P014,10,0.44763274039239703,1.1157583376277214e-05,0.99429691516539598,True
CDDP_A,CDDPA-P014,25,0.55681355969816348,0.097463458484381205,0.99429691516539598,True
CDDP_A,CDDPA-P014,40,0.70176835308072261,0.15645521048293323,0.99429691516539598,True
CDDP_A,CDDPA-P014,50,0.76652930939215924,0.1544602352984745,0.99429691516539598,True
CDDP_A,CDDPA-P014,100,0.91365709603366962,0.099790173898974294,0.99429691516539598,True
CDDP_A,CDDPA-P014,200,1,0.059908140775816916,0.99429691516539598,True
CDDP_A,CDDPA-P014,250,1.0236505664869422,0.055488096441268731,0.99429691516539598,True
CDDP_A,CDDPA-P015,0.5,0.8265623853404046,0.11966634623430977,0.99968130552726819,True
CDDP_A,CDDPA-P015,1,0.85242771202215617,0.0070655742410840865,0.99968130552726819,True
CDDP_A,CDDPA-P015,1.6000000000000001,0.85242771202215528,8.8846156749091918e-16,0.99968130552726819,True
CDDP_A,CDDPA-P015,2,0.85242771202215528,8.8846156749091918e-16,0.99968130552726819,True
CDDP_A,CDDPA-P015,5,0.85242771202215617,8.8846156749091918e-16,0.99968130552726819,True
CDDP_A,CDDPA-P015,8,0.85242771202215617,0,0.99968130552726819,True
CDDP_A,CDDPA-P015,10,0.8524359189935472,8.2069713919833905e-06,0.99968130552726819,True
CDDP_A,CDDPA-P015,25,0.92944103197448302,0.068386394405962087,0.99968130552726819,True
CDDP_A,CDDPA-P015,40,0.9916407750966082,0.069562727014576331,0.99968130552726819,True
CDDP_A,CDDPA-P015,50,0.99913624429112724,0.038387183477160622,0.99968130552726819,True
CDDP_A,CDDPA-P015,100,0.99999999999853584,3.2415487594520502e-07,0.99968130552726819,True
CDDP_A,CDDPA-P015,200,1,1.1372308063883767e-12,0.99968130552726819,True
CDDP_A,CDDPA-P015,250,1,6.983307920478625e-13,0.99968130552726819,True
CDDP_A,CDDPA-P016,0.5,0.14975350810036309,0.052850916130959484,0.19756680440975682,True
CDDP_A,CDDPA-P016,1,0.25598810430651892,0.082399794290673165,0.19756680440975682,True
CDDP_A,CDDPA-P016,1.6000000000000001,0.35272107194804514,0.10419147015919297,0.19756680440975682,True
CDDP_A,CDDPA-P016,2,0.40531045663085075,0.11414902739819928,0.19756680440975682,True
CDDP_A,CDDPA-P016,5,0.65552082150083546,0.1451404221077652,0.19756680440975682,True
CDDP_A,CDDPA-P016,8,0.79264318283352264,0.14906687438794297,0.19756680440975682,True
CDDP_A,CDDPA-P016,10,0.8540491291997484,0.14491211398806811,0.19756680440975682,True
CDDP_A,CDDPA-P016,25,0.99740345539305786,0.05035005934183797,0.19756680440975682,True
CDDP_A,CDDPA-P016,40,0.9999999999178758,0.0038607445168802744,0.19756680440975682,True
CDDP_A,CDDPA-P016,50,0.99999999993151367,0.00012732697231869342,0.19756680440975682,True
CDDP_A,CDDPA-P016,100,0.99999999996804256,2.5111215533711234e-11,0.19756680440975682,True
CDDP_A,CDDPA-P016,200,1,2.4057562731363549e-11,0.19756680440975682,True
CDDP_A,CDDPA-P016,250,1.0000000000235394,3.7570730164992741e-11,0.19756680440975682,True
CDDP_A,CDDPA-P017,0.5,0.013504394499743066,0.0051406208634297759,0.64051926948386462,True
CDDP_A,CDDPA-P017,1,0.025929940380064787,0.009911558246844962,0.64051926948386462,True
CDDP_A,CDDPA-P017,1.6000000000000001,0.041120298247969679,0.016179864331332963,0.64051926948386462,True
CDDP_A,CDDPA-P017,2,0.051717753424060993,0.020807915352489881,0.64051926948386462,True
CDDP_A,CDDPA-P017,5,0.14091542056745915,0.061190185569216883,0.64051926948386462,True
CDDP_A,CDDPA-P017,8,0.23584670076442188,0.10126714858590317,0.64051926948386462,True
CDDP_A,CDDPA-P017,10,0.29585668130860021,0.12301096953719812,0.64051926948386462,True
CDDP_A,CDDPA-P017,25,0.60832145067773158,0.18152727565801466,0.64051926948386462,True
CDDP_A,CDDPA-P017,40,0.75831132793682221,0.16431801215889749,0.64051926948386462,True
CDDP_A,CDDPA-P017,50,0.81611568730726858,0.14572633402844204,0.64051926948386462,True
CDDP_A,CDDPA-P017,100,0.93683460352200032,0.080580115280962858,0.64051926948386462,True
CDDP_A,CDDPA-P017,200,1,0.043056728364072198,0.64051926948386462,True
CDDP_A,CDDPA-P017,250,1.0164394129431913,0.038903338496506575,0.64051926948386462,True
CDDP_A,CDDPA-P018,0.5,0.10325535649478768,0.036440007826723742,1.0527226702794397,True
CDDP_A,CDDPA-P018,1,0.17650224660657465,0.056813438331612849,1.0527226702794397,True
CDDP_A,CDDPA-P018,1.6000000000000001,0.24328916247070165,0.071930246210024945,1.0527226702794397,True
CDDP_A,CDDPA-P018,2,0.27971052797378892,0.078944696112719315,1.0527226702794397,True
CDDP_A,CDDPA-P018,5,0.45606214152860419,0.10314574512606577,1.0527226702794397,True
CDDP_A,CDDPA-P018,8,0.55917053974082886,0.11173110104358773,1.0527226702794397,True
CDDP_A,CDDPA-P018,10,0.61018801272772072,0.11492167470303266,1.0527226702794397,True
CDDP_A,CDDPA-P018,25,0.82881234647112878,0.12338246545594855,1.0527226702794397,True
CDDP_A,CDDPA-P018,40,0.94454584819996679,0.12569983926736167,1.0527226702794397,True
CDDP_A,CDDPA-P018,50,1,0.12649360894485911,1.0527226702794397,True
CDDP_A,CDDPA-P018,100,1.1736113176692904,0.12811880761137132,1.0527226702794397,True
CDDP_A,CDDPA-P018,200,1.3484649595389659,0.12894906613715734,1.0527226702794397,True
CDDP_A,CDDPA-P018,250,1.4049082511377526,0.12911643852176574,1.0527226702794397,True
ETO,ETO-P001,2,0.19907103173299281,0.056195615681712961,0.35753116765314236,True
ETO,ETO-P001,4,0.29161009027129259,0.069863088258516712,0.35753116765314236,True
ETO,ETO-P001,8,0.39806100472434869,0.079568035459748776,0.35753116765314236,True
ETO,ETO-P001,10,0.43439473418240976,0.081843541705745398,0.35753116765314236,True
ETO,ETO-P001,20,0.55143953605734131,0.086801459206949441,0.35753116765314236,True
ETO,ETO-P001,50,0.71195247621369828,0.090044387850378993,0.35753116765314236,True
ETO,ETO-P001,100,0.83548446281320587,0.091156319815011766,0.35753116765314236,True
ETO,ETO-P001,200,0.95985664946872229,0.091717601350652031,0.35753116765314236,True
ETO,ETO-P001,250,1,0.091831916670024979,0.35753116765314236,True
ETO,ETO-P001,500,1.1248938143041989,0.092067694796177948,0.35753116765314236,True
ETO,ETO-P001,1000,1.2499675219112358,0.092187683464203238,0.35753116765314236,True
ETO,ETO-P002,2,0.46366957980101209,0.10819309157255586,0.66457243529185828,True
ETO,ETO-P002,4,0.58722360244456873,0.086894412716680802,0.66457243529185828,True
ETO,ETO-P002,8,0.66446122214155978,0.052644157694638656,0.66457243529185828,True
ETO,ETO-P002,10,0.68198311224319996,0.044494260290579526,0.66457243529185828,True
ETO,ETO-P002,20,0.73036598391780738,0.035228395129803899,0.66457243529185828,True
ETO,ETO-P002,50,0.80438021723116127,0.044269046688733292,0.66457243529185828,True
ETO,ETO-P002,100,0.88017219696949722,0.057614584025064627,0.66457243529185828,True
ETO,ETO-P002,200,0.96974515926478921,0.066969337633734929,0.66457243529185828,True
ETO,ETO-P002,250,1,0.068507247586655759,0.66457243529185828,True
ETO,ETO-P002,500,1.0945282610737053,0.069683187583251802,0.66457243529185828,True
ETO,ETO-P002,1000,1.1891926778184565,0.06977400329098056,0.66457243529185828,True
ETO,ETO-P003,2,0.19872021223626896,0.056105445821673212,0.27296487774363659,True
ETO,ETO-P003,4,0.2911393214649981,0.069776269785341002,0.27296487774363659,True
ETO,ETO-P003,8,0.39751674137497156,0.07952056139583126,0.27296487774363659,True
ETO,ETO-P003,10,0.43384483668940177,0.081816416550497761,0.27296487774363659,True
ETO,ETO-P003,20,0.55093954907400466,0.086847881915235556,0.27296487774363659,True
ETO,ETO-P003,50,0.71162251782049624,0.090147561970972831,0.27296487774363659,True
ETO,ETO-P003,100,0.83529977084505935,0.091263089070348191,0.27296487774363659,True
ETO,ETO-P003,200,0.95981212368543645,0.091820483718838317,0.27296487774363659,True
ETO,ETO-P003,250,1,0.09193415012528218,0.27296487774363659,True
ETO,ETO-P003,500,1.1250321290388436,0.092169655960916322,0.27296487774363659,True
ETO,ETO-P003,1000,1.2502443506049192,0.092289777511429749,0.27296487774363659,True
ETO,ETO-P004,2,0.89731930366989676,0,0.95530747005264782,True
ETO,ETO-P004,4,0.89731930366989676,1.8594608490838598e-15,0.95530747005264782,True
ETO,ETO-P004,8,0.89731930366989765,9.2973042454192991e-16,0.95530747005264782,True
ETO,ETO-P004,10,0.89731930366989765,0,0.95530747005264782,True
ETO,ETO-P004,20,0.90018621960631928,0.0028486279409289492,0.95530747005264782,True
ETO,ETO-P004,50,0.92785985695909123,0.018500595800652012,0.95530747005264782,True
ETO,ETO-P004,100,0.9579678801045598,0.022496338905319966,0.95530747005264782,True
ETO,ETO-P004,200,0.98966040872097072,0.023447822595868247,0.95530747005264782,True
ETO,ETO-P004,250,1,0.023595576621378046,0.95530747005264782,True
ETO,ETO-P004,500,1.032201010488073,0.023737547149641044,0.95530747005264782,True
ETO,ETO-P004,1000,1.0644484023455014,0.023768483480467874,0.95530747005264782,True
ETO,ETO-P005,2,0.16165960969424159,0.044640805176297649,1.0886489862262887,True
ETO,ETO-P005,4,0.22478462428072216,0.045996727977218523,1.0886489862262887,True
ETO,ETO-P005,8,0.2547272380923164,0.016988068167902114,1.0886489862262887,True
ETO,ETO-P005,10,0.25562979737498853,0.006990547102183324,1.0886489862262887,True
ETO,ETO-P005,20,0.25564003027259946,5.0990862926059044e-17,1.0886489862262887,True
ETO,ETO-P005,50,0.25887261976679349,0.0032325894941933266,1.0886489862262887,True
ETO,ETO-P005,100,0.41651943619035781,0.14438991309490709,1.0886489862262887,True
ETO,ETO-P005,200,0.83648934351009097,0.32865753760277289,1.0886489862262887,True
ETO,ETO-P005,250,1,0.35937722493617003,1.0886489862262887,True
ETO,ETO-P005,500,1.5170423389472956,0.38114694890298617,1.0886489862262887,True
ETO,ETO-P005,1000,2.0348294101663904,0.38164368464533416,1.0886489862262887,True
ETO,ETO-P006,2,0.21390152458286552,0.071712451793969165,0.92602538345257268,True
ETO,ETO-P006,4,0.36393711443079735,0.1172668876853354,0.92602538345257268,True
ETO,ETO-P006,8,0.57498522379995032,0.16017183947531896,0.92602538345257268,True
ETO,ETO-P006,10,0.64814622316661563,0.16591991606863998,0.92602538345257268,True
ETO,ETO-P006,20,0.83877271435309053,0.13292274983753344,0.92602538345257268,True
ETO,ETO-P006,50,0.93466123095985343,0.031386011037896927,0.92602538345257268,True
ETO,ETO-P006,100,0.94161803150013001,0.0038835762649102627,0.92602538345257268,True
ETO,ETO-P006,200,0.95650626391471871,0.012870493586865372,0.92602538345257268,True
ETO,ETO-P006,250,0.96521045113114678,0.017284295759746392,0.92602538345257268,True
ETO,ETO-P006,500,1,0.026558658214354609,0.92602538345257268,True
ETO,ETO-P006,1000,1.038069741801726,0.02805994460328928,0.92602538345257268,True
ETO,ETO-P007,2,0.54888317999472036,0.14278899018241584,0.99912509670816352,True
ETO,ETO-P007,4,0.74748341485358272,0.14524546114501574,0.99912509670816352,True
ETO,ETO-P007,8,0.90586296805501465,0.11092896103878684,0.99912509670816352,True
ETO,ETO-P007,10,0.94147209247025831,0.093536314761956202,0.99912509670816352,True
ETO,ETO-P007,20,0.99646478058666577,0.032341829602998272,0.99912509670816352,True
ETO,ETO-P007,50,0.99999999999999911,3.9358667564756095e-07,0.99912509670816352,True
ETO,ETO-P007,100,1,2.2223904259497226e-16,0.99912509670816352,True
ETO,ETO-P007,200,1,0,0.99912509670816352,True
ETO,ETO-P007,250,1.0000000000000002,2.2223904259497226e-16,0.99912509670816352,True
ETO,ETO-P007,500,1,0,0.99912509670816352,True
ETO,ETO-P007,1000,1,0,0.99912509670816352,True
ETO,ETO-P008,2,0.13437292641210158,0.031542689023769145,0.8952296226893226,True
ETO,ETO-P008,4,0.16735425993759798,0.022460965268395892,0.8952296226893226,True
ETO,ETO-P008,8,0.1758511508664303,0.0041101092562211639,0.8952296226893226,True
ETO,ETO-P008,10,0.17588133960289809,0.0011634081311508511,0.8952296226893226,True
ETO,ETO-P008,20,0.17588133960304481,7.0316758852485163e-14,0.8952296226893226,True
ETO,ETO-P008,50,0.17588133960307475,1.668007771721209e-14,0.8952296226893226,True
ETO,ETO-P008,100,0.17588133960309812,1.6990116336491125e-14,0.8952296226893226,True
ETO,ETO-P008,200,0.17588133960319705,9.2453516269008269e-14,0.8952296226893226,True
ETO,ETO-P008,250,0.1769183928791464,0.001037053276021361,0.8952296226893226,True
ETO,ETO-P008,500,0.35272091381865361,0.16586772966779467,0.8952296226893226,True
ETO,ETO-P008,1000,1,0.51509825841809698,0.8952296226893226,True
ETO,ETO-P009,2,0.08715269722841805,0.024648470643586932,0.45194697603983597,True
ETO,ETO-P009,4,0.12946739994065246,0.03223760209578428,0.45194697603983597,True
ETO,ETO-P009,8,0.18716095296852608,0.044390110446941154,0.45194697603983597,True
ETO,ETO-P009,10,0.21075436580991166,0.050031387832006509,0.45194697603983597,True
ETO,ETO-P009,20,0.30610063964964357,0.073717190383426945,0.45194697603983597,True
ETO,ETO-P009,50,0.49693352968651844,0.11647948021987285,0.45194697603983597,True
ETO,ETO-P009,100,0.69444797517632195,0.14967189681742696,0.45194697603983597,True
ETO,ETO-P009,200,0.92318154119189955,0.17071487096711221,0.45194697603983597,True
ETO,ETO-P009,250,1,0.17416406931337894,0.45194697603983597,True
ETO,ETO-P009,500,1.2398862379880209,0.1768364035314908,0.45194697603983597,True
ETO,ETO-P009,1000,1.4801180009157473,0.17706686834941746,0.45194697603983597,True
ETO,ETO-P010,2,0.028728515738456282,0.028333407133878188,0.46238031882297481,True
ETO,ETO-P010,4,0.3132349337341509,0.24911333651894813,0.46238031882297481,True
ETO,ETO-P010,8,0.76050477525066384,0.31375390426869909,0.46238031882297481,True
ETO,ETO-P010,10,0.8165595288303098,0.2077500193075176,0.46238031882297481,True
ETO,ETO-P010,20,0.83715375994787322,0.0032857114983738459,0.46238031882297481,True
ETO,ETO-P010,50,0.83715375994787311,2.4011035492412736e-16,0.46238031882297481,True
ETO,ETO-P010,100,0.83715375994787322,1.2005517746206368e-16,0.46238031882297481,True
ETO,ETO-P010,200,0.84537612318831545,0.008222363240442173,0.46238031882297481,True
ETO,ETO-P010,250,0.86351321376270729,0.025875255456455026,0.46238031882297481,True
ETO,ETO-P010,500,1,0.11059533947918719,0.46238031882297481,True
ETO,ETO-P010,1000,1.1720002870095019,0.12677570944328476,0.46238031882297481,True
ETO,ETO-P011,2,0,0,0.30358124689681859,True
ETO,ETO-P011,4,0.0059916811738207057,0.0059916811738207057,0.30358124689681859,True
ETO,ETO-P011,8,0.27157029316053172,0.24460345099157663,0.30358124689681859,True
ETO,ETO-P011,10,0.47864589762940124,0.38770180687028388,0.30358124689681859,True
ETO,ETO-P011,20,0.96536172070136872,0.30857386501685496,0.30358124689681859,True
ETO,ETO-P011,50,0.99999999999999967,3.8563841322703446e-06,0.30358124689681859,True
ETO,ETO-P011,100,1,1.8285434887262649e-16,0.30358124689681859,True
ETO,ETO-P011,200,0.99999999999999978,1.8285434887262649e-16,0.30358124689681859,True
ETO,ETO-P011,250,1.0000000000000002,0,0.30358124689681859,True
ETO,ETO-P011,500,1,1.8285434887262649e-16,0.30358124689681859,True
ETO,ETO-P011,1000,1.0000000000101794,7.5028796429416111e-12,0.30358124689681859,True
ETO,ETO-P012,2,8.7514081479340858e-18,8.7514081479340858e-18,0.79288884561340778,True
ETO,ETO-P012,4,0.0010678257305133062,0.0010678257305132889,0.79288884561340778,True
ETO,ETO-P012,8,0.048631077022853235,0.043825099017128027,0.79288884561340778,True
ETO,ETO-P012,10,0.089411072146302853,0.0732031937005959,0.79288884561340778,True
ETO,ETO-P012,20,0.27541689010149817,0.1441405501023639,0.79288884561340778,True
ETO,ETO-P012,50,0.53798907038609067,0.13968507809679073,0.79288884561340778,True
ETO,ETO-P012,100,0.71281250865121526,0.12794406986492934,0.79288884561340778,True
ETO,ETO-P012,200,0.85760447018486474,0.10248272526372675,0.79288884561340778,True
ETO,ETO-P012,250,0.89596325049917414,0.093233866827466191,0.79288884561340778,True
ETO,ETO-P012,500,1,0.074891516223726348,0.79288884561340778,True
ETO,ETO-P012,1000,1.0978142712742509,0.072095656641468359,0.79288884561340778,True
ETO,ETO-P013,2,0.99999997160380594,2.2716955228317185e-07,4.8871999502875241e-10,True
ETO,ETO-P013,4,1,0,4.8871999502875241e-10,True
ETO,ETO-P013,8,1,0,4.8871999502875241e-10,True
ETO,ETO-P013,10,1,0,4.8871999502875241e-10,True
ETO,ETO-P013,20,1,0,4.8871999502875241e-10,True
ETO,ETO-P013,50,1,0,4.8871999502875241e-10,True
ETO,ETO-P013,100,1,0,4.8871999502875241e-10,True
ETO,ETO-P013,200,1,0,4.8871999502875241e-10,True
ETO,ETO-P013,250,1,0,4.8871999502875241e-10,True
ETO,ETO-P013,500,1,0,4.8871999502875241e-10,True
ETO,ETO-P013,1000,1,0,4.8871999502875241e-10,True
ETO,ETO-P014,2,0.17667088519581042,0.049877149621032554,0.40268156910385461,True
ETO,ETO-P014,4,0.25882159134389998,0.062022482971672149,0.40268156910385461,True
ETO,ETO-P014,8,0.35336022179096382,0.070668506081765142,0.40268156910385461,True
ETO,ETO-P014,10,0.38564007826679358,0.072702942763532327,0.40268156910385461,True
ETO,ETO-P014,20,0.48967248324014107,0.077158288054459789,0.40268156910385461,True
ETO,ETO-P014,50,0.63244435779905117,0.080104778412400754,0.40268156910385461,True
ETO,ETO-P014,100,0.74237773906685289,0.081125085453469747,0.40268156910385461,True
ETO,ETO-P014,200,0.85308538977497872,0.081642631791777845,0.40268156910385461,True
ETO,ETO-P014,250,0.88882083878440565,0.081747165499942417,0.40268156910385461,True
ETO,ETO-P014,500,1,0.081957467282187974,0.40268156910385461,True
ETO,ETO-P014,1000,1.1113384962251318,0.082063914500967061,0.40268156910385461,True
ETO,ETO-P015,2,0.3412701782258909,0.095982542423011769,0.82443593128298931,True
ETO,ETO-P015,4,0.49529146045573991,0.11566106728843227,0.82443593128298931,True
ETO,ETO-P015,8,0.6534687400969843,0.11547059883349563,0.82443593128298931,True
ETO,ETO-P015,10,0.69861947730534124,0.10886840284119741,0.82443593128298931,True
ETO,ETO-P015,20,0.79690186246104178,0.06543588073005277,0.82443593128298931,True
ETO,ETO-P015,50,0.8306031611644783,0.0089306093107223115,0.82443593128298931,True
ETO,ETO-P015,100,0.83427443495141063,0.0034263750359529582,0.82443593128298931,True
ETO,ETO-P015,200,0.87720962215573461,0.037283423008249078,0.82443593128298931,True
ETO,ETO-P015,250,0.90210689936069566,0.049696056073523093,0.82443593128298931,True
ETO,ETO-P015,500,1,0.074570648802152806,0.82443593128298931,True
ETO,ETO-P015,1000,1.106550520685047,0.078534856460163921,0.82443593128298931,True
ETO,ETO-P016,2,8.4753438398531404e-15,7.2465765173465509e-16,0.44046884596563768,True
ETO,ETO-P016,4,0.0028515105852254877,0.0028515105852169021,0.44046884596563768,True
ETO,ETO-P016,8,0.12976140076110562,0.11692756770759176,0.44046884596563768,True
ETO,ETO-P016,10,0.23695000489645882,0.19366865698434682,0.44046884596563768,True
ETO,ETO-P016,20,0.68531384088857683,0.34103107366122404,0.44046884596563768,True
ETO,ETO-P016,50,0.99745388281318559,0.092479617272796383,0.44046884596563768,True
ETO,ETO-P016,100,0.99999999999168754,9.9914686588555859e-06,0.44046884596563768,True
ETO,ETO-P016,200,0.99999999999227707,5.5275625400142564e-13,0.44046884596563768,True
ETO,ETO-P016,250,0.99999999999312184,1.297830347402344e-12,0.44046884596563768,True
ETO,ETO-P016,500,1,5.7324831211830474e-12,0.44046884596563768,True
ETO,ETO-P016,1000,1.0000000000210476,1.5513471008335496e-11,0.44046884596563768,True
ETO,ETO-P017,2,0.35675498354921109,0.20755370324878947,0.34903168797811401,True
ETO,ETO-P017,4,0.72224221244068432,0.27049721439752106,0.34903168797811401,True
ETO,ETO-P017,8,0.96379727538151705,0.15768899310403886,0.34903168797811401,True
ETO,ETO-P017,10,0.99027296603017789,0.098740051015574107,0.34903168797811401,True
ETO,ETO-P017,20,0.99999999999967615,0.0015519019465916148,0.34903168797811401,True
ETO,ETO-P017,50,0.99999999999978906,6.3140189839127848e-14,0.34903168797811401,True
ETO,ETO-P017,100,0.99999999999986466,5.3915678477240155e-14,0.34903168797811401,True
ETO,ETO-P017,200,0.99999999999992562,4.3736907319295112e-14,0.34903168797811401,True
ETO,ETO-P017,250,0.99999999999994404,4.2464560924551982e-14,0.34903168797811401,True
ETO,ETO-P017,500,1,4.1510301128494632e-14,0.34903168797811401,True
ETO,ETO-P017,1000,1.0000000000177076,1.3051729317275033e-11,0.34903168797811401,True
ETO,ETO-P018,2,0.6948516932194988,0,0.54540413520850373,True
ETO,ETO-P018,4,0.69485169321949791,8.1423880235211413e-16,0.54540413520850373,True
ETO,ETO-P018,8,0.6948516932194988,0,0.54540413520850373,True
ETO,ETO-P018,10,0.69485169321949791,8.1423880235211413e-16,0.54540413520850373,True
ETO,ETO-P018,20,0.69829727200405289,0.0034455787845541733,0.54540413520850373,True
ETO,ETO-P018,50,0.89070007853489908,0.14921530698701488,0.54540413520850373,True
ETO,ETO-P018,100,0.99835638826213868,0.056968717036682506,0.54540413520850373,True
ETO,ETO-P018,200,0.99999999999999833,9.4011226175571129e-06,0.54540413520850373,True
ETO,ETO-P018,250,0.99999999999999922,8.1423880235211413e-16,0.54540413520850373,True
ETO,ETO-P018,500,1,8.1423880235211413e-16,0.54540413520850373,True
ETO,ETO-P018,1000,1.000000000045328,3.3409846538111949e-11,0.54540413520850373,True
