method_id,regimen,profile_id,score
EMAX|IC50|TERTILES,5FU,5FU-P001,-2.7201209317089878
EMAX|IC50|TERTILES,5FU,5FU-P002,-6.5467630422334731
EMAX|IC50|TERTILES,5FU,5FU-P003,-7.2754191305354183
EMAX|IC50|TERTILES,5FU,5FU-P004,-4.523545055293007
EMAX|IC50|TERTILES,5FU,5FU-P005,-3.675044759680306
EMAX|IC50|TERTILES,5FU,5FU-P006,-9.2581129022045818
EMAX|IC50|TERTILES,5FU,5FU-P007,-6.108813490583346
EMAX|IC50|TERTILES,5FU,5FU-P008,-2.177393021631862
EMAX|IC50|TERTILES,5FU,5FU-P009,-3.4837357441852301
EMAX|IC50|TERTILES,5FU,5FU-P010,-25.157952771139691
EMAX|IC50|TERTILES,5FU,5FU-P011,-43.413133360958263
EMAX|IC50|TERTILES,5FU,5FU-P012,
EMAX|IC50|TERTILES,5FU,5FU-P013,-44.727966008108751
EMAX|IC50|TERTILES,5FU,5FU-P014,-32.705293150464122
EMAX|IC50|TERTILES,5FU,5FU-P015,-8.8049086161864931
EMAX|IC50|TERTILES,5FU,5FU-P016,-0
EMAX|IC50|TERTILES,5FU,5FU-P017,-4.3640076342827721
EMAX|IC50|TERTILES,5FU,5FU-P018,-4.1148832273414566
EMAX|IC50|TERTILES,5FU,5FU-P019,-3.2497507484381116
EMAX|IC50|TERTILES,5FU,5FU-P020,-15.50302919046765
EMAX|IC50|TERTILES,5FU,5FU-P021,-9.8519320909931505
EMAX|IC50|TERTILES,5FU,5FU-P022,-3.2140870974283131
EMAX|IC50|TERTILES,CARBO,Carbo-P001,-1.5726078351296298
EMAX|IC50|TERTILES,CARBO,Carbo-P002,-18.168024279430881
EMAX|IC50|TERTILES,CARBO,Carbo-P003,-6.4018686345859113
EMAX|IC50|TERTILES,CARBO,Carbo-P004,-9.9978036104333334
EMAX|IC50|TERTILES,CARBO,Carbo-P005,-6.5714009680949452
EMAX|IC50|TERTILES,CARBO,Carbo-P006,-6.1859101356131507
EMAX|IC50|TERTILES,CARBO,Carbo-P007,-3.9029671757161126
EMAX|IC50|TERTILES,CARBO,Carbo-P008,-5.9806364242570327
EMAX|IC50|TERTILES,CARBO,Carbo-P009,-28.553954849757059
EMAX|IC50|TERTILES,CARBO,Carbo-P010,-3.1758433104482608
EMAX|IC50|TERTILES,CARBO,Carbo-P011,-11.337479769691944
EMAX|IC50|TERTILES,CARBO,Carbo-P012,-8.9234008214287854
EMAX|IC50|TERTILES,CARBO,Carbo-P013,-26.258387594498299
EMAX|IC50|TERTILES,CARBO,Carbo-P014,-16.06254337697688
EMAX|IC50|TERTILES,CARBO,Carbo-P015,-1.0099162456272706
EMAX|IC50|TERTILES,CARBO,Carbo-P016,-23.646402850200161
EMAX|IC50|TERTILES,CARBO,Carbo-P017,-26.369974076317654
EMAX|IC50|TERTILES,CARBO,Carbo-P018,-19.94487714770381
EMAX|IC50|TERTILES,CARBO,Carbo-P019,-0.48966301286710412
EMAX|IC50|TERTILES,CARBO,Carbo-P020,-0
EMAX|IC50|TERTILES,CARBO,Carbo-P021,-25.179933305911511
EMAX|IC50|TERTILES,CARBO,Carbo-P022,-7.2564043506055871
EMAX|IC50|TERTILES,CARBO,Carbo-P023,-13.866089616809358
EMAX|IC50|TERTILES,CARBO,Carbo-P024,-6.4710859954214799
EMAX|IC50|TERTILES,CARBO_A,CarboA-P001,-42.010946154579663
EMAX|IC50|TERTILES,CARBO_A,CarboA-P002,-12.371599060365002
EMAX|IC50|TERTILES,CARBO_A,CarboA-P003,-0.56239696940617889
EMAX|IC50|TERTILES,CARBO_A,CarboA-P004,-103.76549741464368
EMAX|IC50|TERTILES,CARBO_A,CarboA-P005,-0
EMAX|IC50|TERTILES,CARBO_A,CarboA-P006,-32.121334128614365
EMAX|IC50|TERTILES,CARBO_A,CarboA-P007,-0.37206635128943533
EMAX|IC50|TERTILES,CARBO_A,CarboA-P008,-14.208167338628172
EMAX|IC50|TERTILES,CARBO_A,CarboA-P009,-0.63505998369399097
EMAX|IC50|TERTILES,CARBO_A,CarboA-P010,-12.6743021237895
EMAX|IC50|TERTILES,CARBO_A,CarboA-P011,-5.4061917825159016
EMAX|IC50|TERTILES,CARBO_A,CarboA-P012,-3.4554522649088546
EMAX|IC50|TERTILES,CARBO_A,CarboA-P013,-9.3002956831504502
EMAX|IC50|TERTILES,CDDP,CDDP-P001,-1.3784355056753173
EMAX|IC50|TERTILES,CDDP,CDDP-P002,-2.2328297183885981
EMAX|IC50|TERTILES,CDDP,CDDP-P003,-11.773143648892674
EMAX|IC50|TERTILES,CDDP,CDDP-P004,-67.094865626134961
EMAX|IC50|TERTILES,CDDP,CDDP-P005,-49.164631381788851
EMAX|IC50|TERTILES,CDDP,CDDP-P006,-17.468445598192197
EMAX|IC50|TERTILES,CDDP,CDDP-P007,-9.9371504000441533
EMAX|IC50|TERTILES,CDDP,CDDP-P008,-8.5055992169749928
EMAX|IC50|TERTILES,CDDP,CDDP-P009,-15.418416001723308
EMAX|IC50|TERTILES,CDDP,CDDP-P010,-21.487408692551508
EMAX|IC50|TERTILES,CDDP,CDDP-P011,-41.702904744410816
EMAX|IC50|TERTILES,CDDP,CDDP-P012,-3.8967946168202561
EMAX|IC50|TERTILES,CDDP,CDDP-P013,-2.0788451670617056
EMAX|IC50|TERTILES,CDDP,CDDP-P014,-136.84861404643172
EMAX|IC50|TERTILES,CDDP,CDDP-P015,-42.967317194302183
EMAX|IC50|TERTILES,CDDP,CDDP-P016,-4.3175699001145444
EMAX|IC50|TERTILES,CDDP,CDDP-P017,-6.353829154195239
EMAX|IC50|TERTILES,CDDP,CDDP-P018,-5.8461673804709928
EMAX|IC50|TERTILES,CDDP_A,CDDPA-P001,-1.3151492361300052
EMAX|IC50|TERTILES,CDDP_A,CDDPA-P002,-2.397212376275784
EMAX|IC50|TERTILES,CDDP_A,CDDPA-P003,-23.371405328644094
EMAX|IC50|TERTILES,CDDP_A,CDDPA-P004,-1.301872299564016
EMAX|IC50|TERTILES,CDDP_A,CDDPA-P005,-2.6862668348687246
EMAX|IC50|TERTILES,CDDP_A,CDDPA-P006,-1.9490643190336785
EMAX|IC50|TERTILES,CDDP_A,CDDPA-P007,-5.0840511690669565
EMAX|IC50|TERTILES,CDDP_A,CDDPA-P008,-31.298603534534735
EMAX|IC50|TERTILES,CDDP_A,CDDPA-P009,-0.69877505599600254
EMAX|IC50|TERTILES,CDDP_A,CDDPA-P010,-62.151092822744758
EMAX|IC50|TERTILES,CDDP_A,CDDPA-P011,-6.9912596484722345
EMAX|IC50|TERTILES,CDDP_A,CDDPA-P012,-6.4709101074113962
EMAX|IC50|TERTILES,CDDP_A,CDDPA-P013,-1.9115839130194607
EMAX|IC50|TERTILES,CDDP_A,CDDPA-P014,-10.762625720972128
EMAX|IC50|TERTILES,CDDP_A,CDDPA-P015,-0.2587359945202552
EMAX|IC50|TERTILES,CDDP_A,CDDPA-P016,-0
EMAX|IC50|TERTILES,CDDP_A,CDDPA-P017,-52.017724743990499
EMAX|IC50|TERTILES,CDDP_A,CDDPA-P018,-2.3809931591254752
EMAX|IC50|TERTILES,ETO,ETO-P001,
EMAX|IC50|TERTILES,ETO,ETO-P002,-8.0308459707173476
EMAX|IC50|TERTILES,ETO,ETO-P003,
EMAX|IC50|TERTILES,ETO,ETO-P004,-0.039025308704568037
EMAX|IC50|TERTILES,ETO,ETO-P005,-125.00321920702473
EMAX|IC50|TERTILES,ETO,ETO-P006,-6.1337528436301767
EMAX|IC50|TERTILES,ETO,ETO-P007,-1.3197492427303332
EMAX|IC50|TERTILES,ETO,ETO-P008,-543.65108980444018
EMAX|IC50|TERTILES,ETO,ETO-P009,-284.53006810758569
EMAX|IC50|TERTILES,ETO,ETO-P010,
EMAX|IC50|TERTILES,ETO,ETO-P011,
EMAX|IC50|TERTILES,ETO,ETO-P012,-83.901396918909043
EMAX|IC50|TERTILES,ETO,ETO-P013,
EMAX|IC50|TERTILES,ETO,ETO-P014,
EMAX|IC50|TERTILES,ETO,ETO-P015,-15.394857445226123
EMAX|IC50|TERTILES,ETO,ETO-P016,
EMAX|IC50|TERTILES,ETO,ETO-P017,
EMAX|IC50|TERTILES,ETO,ETO-P018,
EMAX|IC50|JENKS,5FU,5FU-P001,-2.7201209317089878
EMAX|IC50|JENKS,5FU,5FU-P002,-6.5467630422334731
EMAX|IC50|JENKS,5FU,5FU-P003,-7.2754191305354183
EMAX|IC50|JENKS,5FU,5FU-P004,-4.523545055293007
EMAX|IC50|JENKS,5FU,5FU-P005,-3.675044759680306
EMAX|IC50|JENKS,5FU,5FU-P006,-9.2581129022045818
EMAX|IC50|JENKS,5FU,5FU-P007,-6.108813490583346
EMAX|IC50|JENKS,5FU,5FU-P008,-2.177393021631862
EMAX|IC50|JENKS,5FU,5FU-P009,-3.4837357441852301
EMAX|IC50|JENKS,5FU,5FU-P010,-25.157952771139691
EMAX|IC50|JENKS,5FU,5FU-P011,-43.413133360958263
EMAX|IC50|JENKS,5FU,5FU-P012,
EMAX|IC50|JENKS,5FU,5FU-P013,-44.727966008108751
EMAX|IC50|JENKS,5FU,5FU-P014,-32.705293150464122
EMAX|IC50|JENKS,5FU,5FU-P015,-8.8049086161864931
EMAX|IC50|JENKS,5FU,5FU-P016,-0
EMAX|IC50|JENKS,5FU,5FU-P017,-4.3640076342827721
EMAX|IC50|JENKS,5FU,5FU-P018,-4.1148832273414566
EMAX|IC50|JENKS,5FU,5FU-P019,-3.2497507484381116
EMAX|IC50|JENKS,5FU,5FU-P020,-15.50302919046765
EMAX|IC50|JENKS,5FU,5FU-P021,-9.8519320909931505
EMAX|IC50|JENKS,5FU,5FU-P022,-3.2140870974283131
EMAX|IC50|JENKS,CARBO,Carbo-P001,-1.5726078351296298
EMAX|IC50|JENKS,CARBO,Carbo-P002,-18.168024279430881
EMAX|IC50|JENKS,CARBO,Carbo-P003,-6.4018686345859113
EMAX|IC50|JENKS,CARBO,Carbo-P004,-9.9978036104333334
EMAX|IC50|JENKS,CARBO,Carbo-P005,-6.5714009680949452
EMAX|IC50|JENKS,CARBO,Carbo-P006,-6.1859101356131507
EMAX|IC50|JENKS,CARBO,Carbo-P007,-3.9029671757161126
EMAX|IC50|JENKS,CARBO,Carbo-P008,-5.9806364242570327
EMAX|IC50|JENKS,CARBO,Carbo-P009,-28.553954849757059
EMAX|IC50|JENKS,CARBO,Carbo-P010,-3.1758433104482608
EMAX|IC50|JENKS,CARBO,Carbo-P011,-11.337479769691944
EMAX|IC50|JENKS,CARBO,Carbo-P012,-8.9234008214287854
EMAX|IC50|JENKS,CARBO,Carbo-P013,-26.258387594498299
EMAX|IC50|JENKS,CARBO,Carbo-P014,-16.06254337697688
EMAX|IC50|JENKS,CARBO,Carbo-P015,-1.0099162456272706
EMAX|IC50|JENKS,CARBO,Carbo-P016,-23.646402850200161
EMAX|IC50|JENKS,CARBO,Carbo-P017,-26.369974076317654
EMAX|IC50|JENKS,CARBO,Carbo-P018,-19.94487714770381
EMAX|IC50|JENKS,CARBO,Carbo-P019,-0.48966301286710412
EMAX|IC50|JENKS,CARBO,Carbo-P020,-0
EMAX|IC50|JENKS,CARBO,Carbo-P021,-25.179933305911511
EMAX|IC50|JENKS,CARBO,Carbo-P022,-7.2564043506055871
EMAX|IC50|JENKS,CARBO,Carbo-P023,-13.866089616809358
EMAX|IC50|JENKS,CARBO,Carbo-P024,-6.4710859954214799
EMAX|IC50|JENKS,CARBO_A,CarboA-P001,-42.010946154579663
EMAX|IC50|JENKS,CARBO_A,CarboA-P002,-12.371599060365002
EMAX|IC50|JENKS,CARBO_A,CarboA-P003,-0.56239696940617889
EMAX|IC50|JENKS,CARBO_A,CarboA-P004,-103.76549741464368
EMAX|IC50|JENKS,CARBO_A,CarboA-P005,-0
EMAX|IC50|JENKS,CARBO_A,CarboA-P006,-32.121334128614365
EMAX|IC50|JENKS,CARBO_A,CarboA-P007,-0.37206635128943533
EMAX|IC50|JENKS,CARBO_A,CarboA-P008,-14.208167338628172
EMAX|IC50|JENKS,CARBO_A,CarboA-P009,-0.63505998369399097
EMAX|IC50|JENKS,CARBO_A,CarboA-P010,-12.6743021237895
EMAX|IC50|JENKS,CARBO_A,CarboA-P011,-5.4061917825159016
EMAX|IC50|JENKS,CARBO_A,CarboA-P012,-3.4554522649088546
EMAX|IC50|JENKS,CARBO_A,CarboA-P013,-9.3002956831504502
EMAX|IC50|JENKS,CDDP,CDDP-P001,-1.3784355056753173
EMAX|IC50|JENKS,CDDP,CDDP-P002,-2.2328297183885981
EMAX|IC50|JENKS,CDDP,CDDP-P003,-11.773143648892674
EMAX|IC50|JENKS,CDDP,CDDP-P004,-67.094865626134961
EMAX|IC50|JENKS,CDDP,CDDP-P005,-49.164631381788851
EMAX|IC50|JENKS,CDDP,CDDP-P006,-17.468445598192197
EMAX|IC50|JENKS,CDDP,CDDP-P007,-9.9371504000441533
EMAX|IC50|JENKS,CDDP,CDDP-P008,-8.5055992169749928
EMAX|IC50|JENKS,CDDP,CDDP-P009,-15.418416001723308
EMAX|IC50|JENKS,CDDP,CDDP-P010,-21.487408692551508
EMAX|IC50|JENKS,CDDP,CDDP-P011,-41.702904744410816
EMAX|IC50|JENKS,CDDP,CDDP-P012,-3.8967946168202561
EMAX|IC50|JENKS,CDDP,CDDP-P013,-2.0788451670617056
EMAX|IC50|JENKS,CDDP,CDDP-P014,-136.84861404643172
EMAX|IC50|JENKS,CDDP,CDDP-P015,-42.967317194302183
EMAX|IC50|JENKS,CDDP,CDDP-P016,-4.3175699001145444
EMAX|IC50|JENKS,CDDP,CDDP-P017,-6.353829154195239
EMAX|IC50|JENKS,CDDP,CDDP-P018,-5.8461673804709928
EMAX|IC50|JENKS,CDDP_A,CDDPA-P001,-1.3151492361300052
EMAX|IC50|JENKS,CDDP_A,CDDPA-P002,-2.397212376275784
EMAX|IC50|JENKS,CDDP_A,CDDPA-P003,-23.371405328644094
EMAX|IC50|JENKS,CDDP_A,CDDPA-P004,-1.301872299564016
EMAX|IC50|JENKS,CDDP_A,CDDPA-P005,-2.6862668348687246
EMAX|IC50|JENKS,CDDP_A,CDDPA-P006,-1.9490643190336785
EMAX|IC50|JENKS,CDDP_A,CDDPA-P007,-5.0840511690669565
EMAX|IC50|JENKS,CDDP_A,CDDPA-P008,-31.298603534534735
EMAX|IC50|JENKS,CDDP_A,CDDPA-P009,-0.69877505599600254
EMAX|IC50|JENKS,CDDP_A,CDDPA-P010,-62.151092822744758
EMAX|IC50|JENKS,CDDP_A,CDDPA-P011,-6.9912596484722345
EMAX|IC50|JENKS,CDDP_A,CDDPA-P012,-6.4709101074113962
EMAX|IC50|JENKS,CDDP_A,CDDPA-P013,-1.9115839130194607
EMAX|IC50|JENKS,CDDP_A,CDDPA-P014,-10.762625720972128
EMAX|IC50|JENKS,CDDP_A,CDDPA-P015,-0.2587359945202552
EMAX|IC50|JENKS,CDDP_A,CDDPA-P016,-0
EMAX|IC50|JENKS,CDDP_A,CDDPA-P017,-52.017724743990499
EMAX|IC50|JENKS,CDDP_A,CDDPA-P018,-2.3809931591254752
EMAX|IC50|JENKS,ETO,ETO-P001,
EMAX|IC50|JENKS,ETO,ETO-P002,-8.0308459707173476
EMAX|IC50|JENKS,ETO,ETO-P003,
EMAX|IC50|JENKS,ETO,ETO-P004,-0.039025308704568037
EMAX|IC50|JENKS,ETO,ETO-P005,-125.00321920702473
EMAX|IC50|JENKS,ETO,ETO-P006,-6.1337528436301767
EMAX|IC50|JENKS,ETO,ETO-P007,-1.3197492427303332
EMAX|IC50|JENKS,ETO,ETO-P008,-543.65108980444018
EMAX|IC50|JENKS,ETO,ETO-P009,-284.53006810758569
EMAX|IC50|JENKS,ETO,ETO-P010,
EMAX|IC50|JENKS,ETO,ETO-P011,
EMAX|IC50|JENKS,ETO,ETO-P012,-83.901396918909043
EMAX|IC50|JENKS,ETO,ETO-P013,
EMAX|IC50|JENKS,ETO,ETO-P014,
EMAX|IC50|JENKS,ETO,ETO-P015,-15.394857445226123
EMAX|IC50|JENKS,ETO,ETO-P016,
EMAX|IC50|JENKS,ETO,ETO-P017,
EMAX|IC50|JENKS,ETO,ETO-P018,
EMAX|IC50|KMEANS,5FU,5FU-P001,-2.7201209317089878
EMAX|IC50|KMEANS,5FU,5FU-P002,-6.5467630422334731
EMAX|IC50|KMEANS,5FU,5FU-P003,-7.2754191305354183
EMAX|IC50|KMEANS,5FU,5FU-P004,-4.523545055293007
EMAX|IC50|KMEANS,5FU,5FU-P005,-3.675044759680306
EMAX|IC50|KMEANS,5FU,5FU-P006,-9.2581129022045818
EMAX|IC50|KMEANS,5FU,5FU-P007,-6.108813490583346
EMAX|IC50|KMEANS,5FU,5FU-P008,-2.177393021631862
EMAX|IC50|KMEANS,5FU,5FU-P009,-3.4837357441852301
EMAX|IC50|KMEANS,5FU,5FU-P010,-25.157952771139691
EMAX|IC50|KMEANS,5FU,5FU-P011,-43.413133360958263
EMAX|IC50|KMEANS,5FU,5FU-P012,
EMAX|IC50|KMEANS,5FU,5FU-P013,-44.727966008108751
EMAX|IC50|KMEANS,5FU,5FU-P014,-32.705293150464122
EMAX|IC50|KMEANS,5FU,5FU-P015,-8.8049086161864931
EMAX|IC50|KMEANS,5FU,5FU-P016,-0
EMAX|IC50|KMEANS,5FU,5FU-P017,-4.3640076342827721
EMAX|IC50|KMEANS,5FU,5FU-P018,-4.1148832273414566
EMAX|IC50|KMEANS,5FU,5FU-P019,-3.2497507484381116
EMAX|IC50|KMEANS,5FU,5FU-P020,-15.50302919046765
EMAX|IC50|KMEANS,5FU,5FU-P021,-9.8519320909931505
EMAX|IC50|KMEANS,5FU,5FU-P022,-3.2140870974283131
EMAX|IC50|KMEANS,CARBO,Carbo-P001,-1.5726078351296298
EMAX|IC50|KMEANS,CARBO,Carbo-P002,-18.168024279430881
EMAX|IC50|KMEANS,CARBO,Carbo-P003,-6.4018686345859113
EMAX|IC50|KMEANS,CARBO,Carbo-P004,-9.9978036104333334
EMAX|IC50|KMEANS,CARBO,Carbo-P005,-6.5714009680949452
EMAX|IC50|KMEANS,CARBO,Carbo-P006,-6.1859101356131507
EMAX|IC50|KMEANS,CARBO,Carbo-P007,-3.9029671757161126
EMAX|IC50|KMEANS,CARBO,Carbo-P008,-5.9806364242570327
EMAX|IC50|KMEANS,CARBO,Carbo-P009,-28.553954849757059
EMAX|IC50|KMEANS,CARBO,Carbo-P010,-3.1758433104482608
EMAX|IC50|KMEANS,CARBO,Carbo-P011,-11.337479769691944
EMAX|IC50|KMEANS,CARBO,Carbo-P012,-8.9234008214287854
EMAX|IC50|KMEANS,CARBO,Carbo-P013,-26.258387594498299
EMAX|IC50|KMEANS,CARBO,Carbo-P014,-16.06254337697688
EMAX|IC50|KMEANS,CARBO,Carbo-P015,-1.0099162456272706
EMAX|IC50|KMEANS,CARBO,Carbo-P016,-23.646402850200161
EMAX|IC50|KMEANS,CARBO,Carbo-P017,-26.369974076317654
EMAX|IC50|KMEANS,CARBO,Carbo-P018,-19.94487714770381
EMAX|IC50|KMEANS,CARBO,Carbo-P019,-0.48966301286710412
EMAX|IC50|KMEANS,CARBO,Carbo-P020,-0
EMAX|IC50|KMEANS,CARBO,Carbo-P021,-25.179933305911511
EMAX|IC50|KMEANS,CARBO,Carbo-P022,-7.2564043506055871
EMAX|IC50|KMEANS,CARBO,Carbo-P023,-13.866089616809358
EMAX|IC50|KMEANS,CARBO,Carbo-P024,-6.4710859954214799
EMAX|IC50|KMEANS,CARBO_A,CarboA-P001,-42.010946154579663
EMAX|IC50|KMEANS,CARBO_A,CarboA-P002,-12.371599060365002
EMAX|IC50|KMEANS,CARBO_A,CarboA-P003,-0.56239696940617889
EMAX|IC50|KMEANS,CARBO_A,CarboA-P004,-103.76549741464368
EMAX|IC50|KMEANS,CARBO_A,CarboA-P005,-0
EMAX|IC50|KMEANS,CARBO_A,CarboA-P006,-32.121334128614365
EMAX|IC50|KMEANS,CARBO_A,CarboA-P007,-0.37206635128943533
EMAX|IC50|KMEANS,CARBO_A,CarboA-P008,-14.208167338628172
EMAX|IC50|KMEANS,CARBO_A,CarboA-P009,-0.63505998369399097
EMAX|IC50|KMEANS,CARBO_A,CarboA-P010,-12.6743021237895
EMAX|IC50|KMEANS,CARBO_A,CarboA-P011,-5.4061917825159016
EMAX|IC50|KMEANS,CARBO_A,CarboA-P012,-3.4554522649088546
EMAX|IC50|KMEANS,CARBO_A,CarboA-P013,-9.3002956831504502
EMAX|IC50|KMEANS,CDDP,CDDP-P001,-1.3784355056753173
EMAX|IC50|KMEANS,CDDP,CDDP-P002,-2.2328297183885981
EMAX|IC50|KMEANS,CDDP,CDDP-P003,-11.773143648892674
EMAX|IC50|KMEANS,CDDP,CDDP-P004,-67.094865626134961
EMAX|IC50|KMEANS,CDDP,CDDP-P005,-49.164631381788851
EMAX|IC50|KMEANS,CDDP,CDDP-P006,-17.468445598192197
EMAX|IC50|KMEANS,CDDP,CDDP-P007,-9.9371504000441533
EMAX|IC50|KMEANS,CDDP,CDDP-P008,-8.5055992169749928
EMAX|IC50|KMEANS,CDDP,CDDP-P009,-15.418416001723308
EMAX|IC50|KMEANS,CDDP,CDDP-P010,-21.487408692551508
EMAX|IC50|KMEANS,CDDP,CDDP-P011,-41.702904744410816
EMAX|IC50|KMEANS,CDDP,CDDP-P012,-3.8967946168202561
EMAX|IC50|KMEANS,CDDP,CDDP-P013,-2.0788451670617056
EMAX|IC50|KMEANS,CDDP,CDDP-P014,-136.84861404643172
EMAX|IC50|KMEANS,CDDP,CDDP-P015,-42.967317194302183
EMAX|IC50|KMEANS,CDDP,CDDP-P016,-4.3175699001145444
EMAX|IC50|KMEANS,CDDP,CDDP-P017,-6.353829154195239
EMAX|IC50|KMEANS,CDDP,CDDP-P018,-5.8461673804709928
EMAX|IC50|KMEANS,CDDP_A,CDDPA-P001,-1.3151492361300052
EMAX|IC50|KMEANS,CDDP_A,CDDPA-P002,-2.397212376275784
EMAX|IC50|KMEANS,CDDP_A,CDDPA-P003,-23.371405328644094
EMAX|IC50|KMEANS,CDDP_A,CDDPA-P004,-1.301872299564016
EMAX|IC50|KMEANS,CDDP_A,CDDPA-P005,-2.6862668348687246
EMAX|IC50|KMEANS,CDDP_A,CDDPA-P006,-1.9490643190336785
EMAX|IC50|KMEANS,CDDP_A,CDDPA-P007,-5.0840511690669565
EMAX|IC50|KMEANS,CDDP_A,CDDPA-P008,-31.298603534534735
EMAX|IC50|KMEANS,CDDP_A,CDDPA-P009,-0.69877505599600254
EMAX|IC50|KMEANS,CDDP_A,CDDPA-P010,-62.151092822744758
EMAX|IC50|KMEANS,CDDP_A,CDDPA-P011,-6.9912596484722345
EMAX|IC50|KMEANS,CDDP_A,CDDPA-P012,-6.4709101074113962
EMAX|IC50|KMEANS,CDDP_A,CDDPA-P013,-1.9115839130194607
EMAX|IC50|KMEANS,CDDP_A,CDDPA-P014,-10.762625720972128
EMAX|IC50|KMEANS,CDDP_A,CDDPA-P015,-0.2587359945202552
EMAX|IC50|KMEANS,CDDP_A,CDDPA-P016,-0
EMAX|IC50|KMEANS,CDDP_A,CDDPA-P017,-52.017724743990499
EMAX|IC50|KMEANS,CDDP_A,CDDPA-P018,-2.3809931591254752
EMAX|IC50|KMEANS,ETO,ETO-P001,
EMAX|IC50|KMEANS,ETO,ETO-P002,-8.0308459707173476
EMAX|IC50|KMEANS,ETO,ETO-P003,
EMAX|IC50|KMEANS,ETO,ETO-P004,-0.039025308704568037
EMAX|IC50|KMEANS,ETO,ETO-P005,-125.00321920702473
EMAX|IC50|KMEANS,ETO,ETO-P006,-6.1337528436301767
EMAX|IC50|KMEANS,ETO,ETO-P007,-1.3197492427303332
EMAX|IC50|KMEANS,ETO,ETO-P008,-543.65108980444018
EMAX|IC50|KMEANS,ETO,ETO-P009,-284.53006810758569
EMAX|IC50|KMEANS,ETO,ETO-P010,
EMAX|IC50|KMEANS,ETO,ETO-P011,
EMAX|IC50|KMEANS,ETO,ETO-P012,-83.901396918909043
EMAX|IC50|KMEANS,ETO,ETO-P013,
EMAX|IC50|KMEANS,ETO,ETO-P014,
EMAX|IC50|KMEANS,ETO,ETO-P015,-15.394857445226123
EMAX|IC50|KMEANS,ETO,ETO-P016,
EMAX|IC50|KMEANS,ETO,ETO-P017,
EMAX|IC50|KMEANS,ETO,ETO-P018,
EMAX|IC50|WARD,5FU,5FU-P001,-2.7201209317089878
EMAX|IC50|WARD,5FU,5FU-P002,-6.5467630422334731
EMAX|IC50|WARD,5FU,5FU-P003,-7.2754191305354183
EMAX|IC50|WARD,5FU,5FU-P004,-4.523545055293007
EMAX|IC50|WARD,5FU,5FU-P005,-3.675044759680306
EMAX|IC50|WARD,5FU,5FU-P006,-9.2581129022045818
EMAX|IC50|WARD,5FU,5FU-P007,-6.108813490583346
EMAX|IC50|WARD,5FU,5FU-P008,-2.177393021631862
EMAX|IC50|WARD,5FU,5FU-P009,-3.4837357441852301
EMAX|IC50|WARD,5FU,5FU-P010,-25.157952771139691
EMAX|IC50|WARD,5FU,5FU-P011,-43.413133360958263
EMAX|IC50|WARD,5FU,5FU-P012,
EMAX|IC50|WARD,5FU,5FU-P013,-44.727966008108751
EMAX|IC50|WARD,5FU,5FU-P014,-32.705293150464122
EMAX|IC50|WARD,5FU,5FU-P015,-8.8049086161864931
EMAX|IC50|WARD,5FU,5FU-P016,-0
EMAX|IC50|WARD,5FU,5FU-P017,-4.3640076342827721
EMAX|IC50|WARD,5FU,5FU-P018,-4.1148832273414566
EMAX|IC50|WARD,5FU,5FU-P019,-3.2497507484381116
EMAX|IC50|WARD,5FU,5FU-P020,-15.50302919046765
EMAX|IC50|WARD,5FU,5FU-P021,-9.8519320909931505
EMAX|IC50|WARD,5FU,5FU-P022,-3.2140870974283131
EMAX|IC50|WARD,CARBO,Carbo-P001,-1.5726078351296298
EMAX|IC50|WARD,CARBO,Carbo-P002,-18.168024279430881
EMAX|IC50|WARD,CARBO,Carbo-P003,-6.4018686345859113
EMAX|IC50|WARD,CARBO,Carbo-P004,-9.9978036104333334
EMAX|IC50|WARD,CARBO,Carbo-P005,-6.5714009680949452
EMAX|IC50|WARD,CARBO,Carbo-P006,-6.1859101356131507
EMAX|IC50|WARD,CARBO,Carbo-P007,-3.9029671757161126
EMAX|IC50|WARD,CARBO,Carbo-P008,-5.9806364242570327
EMAX|IC50|WARD,CARBO,Carbo-P009,-28.553954849757059
EMAX|IC50|WARD,CARBO,Carbo-P010,-3.1758433104482608
EMAX|IC50|WARD,CARBO,Carbo-P011,-11.337479769691944
EMAX|IC50|WARD,CARBO,Carbo-P012,-8.9234008214287854
EMAX|IC50|WARD,CARBO,Carbo-P013,-26.258387594498299
EMAX|IC50|WARD,CARBO,Carbo-P014,-16.06254337697688
EMAX|IC50|WARD,CARBO,Carbo-P015,-1.0099162456272706
EMAX|IC50|WARD,CARBO,Carbo-P016,-23.646402850200161
EMAX|IC50|WARD,CARBO,Carbo-P017,-26.369974076317654
EMAX|IC50|WARD,CARBO,Carbo-P018,-19.94487714770381
EMAX|IC50|WARD,CARBO,Carbo-P019,-0.48966301286710412
EMAX|IC50|WARD,CARBO,Carbo-P020,-0
EMAX|IC50|WARD,CARBO,Carbo-P021,-25.179933305911511
EMAX|IC50|WARD,CARBO,Carbo-P022,-7.2564043506055871
EMAX|IC50|WARD,CARBO,Carbo-P023,-13.866089616809358
EMAX|IC50|WARD,CARBO,Carbo-P024,-6.4710859954214799
EMAX|IC50|WARD,CARBO_A,CarboA-P001,-42.010946154579663
EMAX|IC50|WARD,CARBO_A,CarboA-P002,-12.371599060365002
EMAX|IC50|WARD,CARBO_A,CarboA-P003,-0.56239696940617889
EMAX|IC50|WARD,CARBO_A,CarboA-P004,-103.76549741464368
EMAX|IC50|WARD,CARBO_A,CarboA-P005,-0
EMAX|IC50|WARD,CARBO_A,CarboA-P006,-32.121334128614365
EMAX|IC50|WARD,CARBO_A,CarboA-P007,-0.37206635128943533
EMAX|IC50|WARD,CARBO_A,CarboA-P008,-14.208167338628172
EMAX|IC50|WARD,CARBO_A,CarboA-P009,-0.63505998369399097
EMAX|IC50|WARD,CARBO_A,CarboA-P010,-12.6743021237895
EMAX|IC50|WARD,CARBO_A,CarboA-P011,-5.4061917825159016
EMAX|IC50|WARD,CARBO_A,CarboA-P012,-3.4554522649088546
EMAX|IC50|WARD,CARBO_A,CarboA-P013,-9.3002956831504502
EMAX|IC50|WARD,CDDP,CDDP-P001,-1.3784355056753173
EMAX|IC50|WARD,CDDP,CDDP-P002,-2.2328297183885981
EMAX|IC50|WARD,CDDP,CDDP-P003,-11.773143648892674
EMAX|IC50|WARD,CDDP,CDDP-P004,-67.094865626134961
EMAX|IC50|WARD,CDDP,CDDP-P005,-49.164631381788851
EMAX|IC50|WARD,CDDP,CDDP-P006,-17.468445598192197
EMAX|IC50|WARD,CDDP,CDDP-P007,-9.9371504000441533
EMAX|IC50|WARD,CDDP,CDDP-P008,-8.5055992169749928
EMAX|IC50|WARD,CDDP,CDDP-P009,-15.418416001723308
EMAX|IC50|WARD,CDDP,CDDP-P010,-21.487408692551508
EMAX|IC50|WARD,CDDP,CDDP-P011,-41.702904744410816
EMAX|IC50|WARD,CDDP,CDDP-P012,-3.8967946168202561
EMAX|IC50|WARD,CDDP,CDDP-P013,-2.0788451670617056
EMAX|IC50|WARD,CDDP,CDDP-P014,-136.84861404643172
EMAX|IC50|WARD,CDDP,CDDP-P015,-42.967317194302183
EMAX|IC50|WARD,CDDP,CDDP-P016,-4.3175699001145444
EMAX|IC50|WARD,CDDP,CDDP-P017,-6.353829154195239
EMAX|IC50|WARD,CDDP,CDDP-P018,-5.8461673804709928
EMAX|IC50|WARD,CDDP_A,CDDPA-P001,-1.3151492361300052
EMAX|IC50|WARD,CDDP_A,CDDPA-P002,-2.397212376275784
EMAX|IC50|WARD,CDDP_A,CDDPA-P003,-23.371405328644094
EMAX|IC50|WARD,CDDP_A,CDDPA-P004,-1.301872299564016
EMAX|IC50|WARD,CDDP_A,CDDPA-P005,-2.6862668348687246
EMAX|IC50|WARD,CDDP_A,CDDPA-P006,-1.9490643190336785
EMAX|IC50|WARD,CDDP_A,CDDPA-P007,-5.0840511690669565
EMAX|IC50|WARD,CDDP_A,CDDPA-P008,-31.298603534534735
EMAX|IC50|WARD,CDDP_A,CDDPA-P009,-0.69877505599600254
EMAX|IC50|WARD,CDDP_A,CDDPA-P010,-62.151092822744758
EMAX|IC50|WARD,CDDP_A,CDDPA-P011,-6.9912596484722345
EMAX|IC50|WARD,CDDP_A,CDDPA-P012,-6.4709101074113962
EMAX|IC50|WARD,CDDP_A,CDDPA-P013,-1.9115839130194607
EMAX|IC50|WARD,CDDP_A,CDDPA-P014,-10.762625720972128
EMAX|IC50|WARD,CDDP_A,CDDPA-P015,-0.2587359945202552
EMAX|IC50|WARD,CDDP_A,CDDPA-P016,-0
EMAX|IC50|WARD,CDDP_A,CDDPA-P017,-52.017724743990499
EMAX|IC50|WARD,CDDP_A,CDDPA-P018,-2.3809931591254752
EMAX|IC50|WARD,ETO,ETO-P001,
EMAX|IC50|WARD,ETO,ETO-P002,-8.0308459707173476
EMAX|IC50|WARD,ETO,ETO-P003,
EMAX|IC50|WARD,ETO,ETO-P004,-0.039025308704568037
EMAX|IC50|WARD,ETO,ETO-P005,-125.00321920702473
EMAX|IC50|WARD,ETO,ETO-P006,-6.1337528436301767
EMAX|IC50|WARD,ETO,ETO-P007,-1.3197492427303332
EMAX|IC50|WARD,ETO,ETO-P008,-543.65108980444018
EMAX|IC50|WARD,ETO,ETO-P009,-284.53006810758569
EMAX|IC50|WARD,ETO,ETO-P010,
EMAX|IC50|WARD,ETO,ETO-P011,
EMAX|IC50|WARD,ETO,ETO-P012,-83.901396918909043
EMAX|IC50|WARD,ETO,ETO-P013,
EMAX|IC50|WARD,ETO,ETO-P014,
EMAX|IC50|WARD,ETO,ETO-P015,-15.394857445226123
EMAX|IC50|WARD,ETO,ETO-P016,
EMAX|IC50|WARD,ETO,ETO-P017,
EMAX|IC50|WARD,ETO,ETO-P018,
EMAX|IC50|TIED_GMM,5FU,5FU-P001,-2.7201209317089878
EMAX|IC50|TIED_GMM,5FU,5FU-P002,-6.5467630422334731
EMAX|IC50|TIED_GMM,5FU,5FU-P003,-7.2754191305354183
EMAX|IC50|TIED_GMM,5FU,5FU-P004,-4.523545055293007
EMAX|IC50|TIED_GMM,5FU,5FU-P005,-3.675044759680306
EMAX|IC50|TIED_GMM,5FU,5FU-P006,-9.2581129022045818
EMAX|IC50|TIED_GMM,5FU,5FU-P007,-6.108813490583346
EMAX|IC50|TIED_GMM,5FU,5FU-P008,-2.177393021631862
EMAX|IC50|TIED_GMM,5FU,5FU-P009,-3.4837357441852301
EMAX|IC50|TIED_GMM,5FU,5FU-P010,-25.157952771139691
EMAX|IC50|TIED_GMM,5FU,5FU-P011,-43.413133360958263
EMAX|IC50|TIED_GMM,5FU,5FU-P012,
EMAX|IC50|TIED_GMM,5FU,5FU-P013,-44.727966008108751
EMAX|IC50|TIED_GMM,5FU,5FU-P014,-32.705293150464122
EMAX|IC50|TIED_GMM,5FU,5FU-P015,-8.8049086161864931
EMAX|IC50|TIED_GMM,5FU,5FU-P016,-0
EMAX|IC50|TIED_GMM,5FU,5FU-P017,-4.3640076342827721
EMAX|IC50|TIED_GMM,5FU,5FU-P018,-4.1148832273414566
EMAX|IC50|TIED_GMM,5FU,5FU-P019,-3.2497507484381116
EMAX|IC50|TIED_GMM,5FU,5FU-P020,-15.50302919046765
EMAX|IC50|TIED_GMM,5FU,5FU-P021,-9.8519320909931505
EMAX|IC50|TIED_GMM,5FU,5FU-P022,-3.2140870974283131
EMAX|IC50|TIED_GMM,CARBO,Carbo-P001,-1.5726078351296298
EMAX|IC50|TIED_GMM,CARBO,Carbo-P002,-18.168024279430881
EMAX|IC50|TIED_GMM,CARBO,Carbo-P003,-6.4018686345859113
EMAX|IC50|TIED_GMM,CARBO,Carbo-P004,-9.9978036104333334
EMAX|IC50|TIED_GMM,CARBO,Carbo-P005,-6.5714009680949452
EMAX|IC50|TIED_GMM,CARBO,Carbo-P006,-6.1859101356131507
EMAX|IC50|TIED_GMM,CARBO,Carbo-P007,-3.9029671757161126
EMAX|IC50|TIED_GMM,CARBO,Carbo-P008,-5.9806364242570327
EMAX|IC50|TIED_GMM,CARBO,Carbo-P009,-28.553954849757059
EMAX|IC50|TIED_GMM,CARBO,Carbo-P010,-3.1758433104482608
EMAX|IC50|TIED_GMM,CARBO,Carbo-P011,-11.337479769691944
EMAX|IC50|TIED_GMM,CARBO,Carbo-P012,-8.9234008214287854
EMAX|IC50|TIED_GMM,CARBO,Carbo-P013,-26.258387594498299
EMAX|IC50|TIED_GMM,CARBO,Carbo-P014,-16.06254337697688
EMAX|IC50|TIED_GMM,CARBO,Carbo-P015,-1.0099162456272706
EMAX|IC50|TIED_GMM,CARBO,Carbo-P016,-23.646402850200161
EMAX|IC50|TIED_GMM,CARBO,Carbo-P017,-26.369974076317654
EMAX|IC50|TIED_GMM,CARBO,Carbo-P018,-19.94487714770381
EMAX|IC50|TIED_GMM,CARBO,Carbo-P019,-0.48966301286710412
EMAX|IC50|TIED_GMM,CARBO,Carbo-P020,-0
EMAX|IC50|TIED_GMM,CARBO,Carbo-P021,-25.179933305911511
EMAX|IC50|TIED_GMM,CARBO,Carbo-P022,-7.2564043506055871
EMAX|IC50|TIED_GMM,CARBO,Carbo-P023,-13.866089616809358
EMAX|IC50|TIED_GMM,CARBO,Carbo-P024,-6.4710859954214799
EMAX|IC50|TIED_GMM,CARBO_A,CarboA-P001,-42.010946154579663
EMAX|IC50|TIED_GMM,CARBO_A,CarboA-P002,-12.371599060365002
EMAX|IC50|TIED_GMM,CARBO_A,CarboA-P003,-0.56239696940617889
EMAX|IC50|TIED_GMM,CARBO_A,CarboA-P004,-103.76549741464368
EMAX|IC50|TIED_GMM,CARBO_A,CarboA-P005,-0
EMAX|IC50|TIED_GMM,CARBO_A,CarboA-P006,-32.121334128614365
EMAX|IC50|TIED_GMM,CARBO_A,CarboA-P007,-0.37206635128943533
EMAX|IC50|TIED_GMM,CARBO_A,CarboA-P008,-14.208167338628172
EMAX|IC50|TIED_GMM,CARBO_A,CarboA-P009,-0.63505998369399097
EMAX|IC50|TIED_GMM,CARBO_A,CarboA-P010,-12.6743021237895
EMAX|IC50|TIED_GMM,CARBO_A,CarboA-P011,-5.4061917825159016
EMAX|IC50|TIED_GMM,CARBO_A,CarboA-P012,-3.4554522649088546
EMAX|IC50|TIED_GMM,CARBO_A,CarboA-P013,-9.3002956831504502
EMAX|IC50|TIED_GMM,CDDP,CDDP-P001,-1.3784355056753173
EMAX|IC50|TIED_GMM,CDDP,CDDP-P002,-2.2328297183885981
EMAX|IC50|TIED_GMM,CDDP,CDDP-P003,-11.773143648892674
EMAX|IC50|TIED_GMM,CDDP,CDDP-P004,-67.094865626134961
EMAX|IC50|TIED_GMM,CDDP,CDDP-P005,-49.164631381788851
EMAX|IC50|TIED_GMM,CDDP,CDDP-P006,-17.468445598192197
EMAX|IC50|TIED_GMM,CDDP,CDDP-P007,-9.9371504000441533
EMAX|IC50|TIED_GMM,CDDP,CDDP-P008,-8.5055992169749928
EMAX|IC50|TIED_GMM,CDDP,CDDP-P009,-15.418416001723308
EMAX|IC50|TIED_GMM,CDDP,CDDP-P010,-21.487408692551508
EMAX|IC50|TIED_GMM,CDDP,CDDP-P011,-41.702904744410816
EMAX|IC50|TIED_GMM,CDDP,CDDP-P012,-3.8967946168202561
EMAX|IC50|TIED_GMM,CDDP,CDDP-P013,-2.0788451670617056
EMAX|IC50|TIED_GMM,CDDP,CDDP-P014,-136.84861404643172
EMAX|IC50|TIED_GMM,CDDP,CDDP-P015,-42.967317194302183
EMAX|IC50|TIED_GMM,CDDP,CDDP-P016,-4.3175699001145444
EMAX|IC50|TIED_GMM,CDDP,CDDP-P017,-6.353829154195239
EMAX|IC50|TIED_GMM,CDDP,CDDP-P018,-5.8461673804709928
EMAX|IC50|TIED_GMM,CDDP_A,CDDPA-P001,-1.3151492361300052
EMAX|IC50|TIED_GMM,CDDP_A,CDDPA-P002,-2.397212376275784
EMAX|IC50|TIED_GMM,CDDP_A,CDDPA-P003,-23.371405328644094
EMAX|IC50|TIED_GMM,CDDP_A,CDDPA-P004,-1.301872299564016
EMAX|IC50|TIED_GMM,CDDP_A,CDDPA-P005,-2.6862668348687246
EMAX|IC50|TIED_GMM,CDDP_A,CDDPA-P006,-1.9490643190336785
EMAX|IC50|TIED_GMM,CDDP_A,CDDPA-P007,-5.0840511690669565
EMAX|IC50|TIED_GMM,CDDP_A,CDDPA-P008,-31.298603534534735
EMAX|IC50|TIED_GMM,CDDP_A,CDDPA-P009,-0.69877505599600254
EMAX|IC50|TIED_GMM,CDDP_A,CDDPA-P010,-62.151092822744758
EMAX|IC50|TIED_GMM,CDDP_A,CDDPA-P011,-6.9912596484722345
EMAX|IC50|TIED_GMM,CDDP_A,CDDPA-P012,-6.4709101074113962
EMAX|IC50|TIED_GMM,CDDP_A,CDDPA-P013,-1.9115839130194607
EMAX|IC50|TIED_GMM,CDDP_A,CDDPA-P014,-10.762625720972128
EMAX|IC50|TIED_GMM,CDDP_A,CDDPA-P015,-0.2587359945202552
EMAX|IC50|TIED_GMM,CDDP_A,CDDPA-P016,-0
EMAX|IC50|TIED_GMM,CDDP_A,CDDPA-P017,-52.017724743990499
EMAX|IC50|TIED_GMM,CDDP_A,CDDPA-P018,-2.3809931591254752
EMAX|IC50|TIED_GMM,ETO,ETO-P001,
EMAX|IC50|TIED_GMM,ETO,ETO-P002,-8.0308459707173476
EMAX|IC50|TIED_GMM,ETO,ETO-P003,
EMAX|IC50|TIED_GMM,ETO,ETO-P004,-0.039025308704568037
EMAX|IC50|TIED_GMM,ETO,ETO-P005,-125.00321920702473
EMAX|IC50|TIED_GMM,ETO,ETO-P006,-6.1337528436301767
EMAX|IC50|TIED_GMM,ETO,ETO-P007,-1.3197492427303332
EMAX|IC50|TIED_GMM,ETO,ETO-P008,-543.65108980444018
EMAX|IC50|TIED_GMM,ETO,ETO-P009,-284.53006810758569
EMAX|IC50|TIED_GMM,ETO,ETO-P010,
EMAX|IC50|TIED_GMM,ETO,ETO-P011,
EMAX|IC50|TIED_GMM,ETO,ETO-P012,-83.901396918909043
EMAX|IC50|TIED_GMM,ETO,ETO-P013,
EMAX|IC50|TIED_GMM,ETO,ETO-P014,
EMAX|IC50|TIED_GMM,ETO,ETO-P015,-15.394857445226123
EMAX|IC50|TIED_GMM,ETO,ETO-P016,
EMAX|IC50|TIED_GMM,ETO,ETO-P017,
EMAX|IC50|TIED_GMM,ETO,ETO-P018,
EMAX|EC50|TERTILES,5FU,5FU-P001,-2.0783461733262758
EMAX|EC50|TERTILES,5FU,5FU-P002,-6.8822662535449135
EMAX|EC50|TERTILES,5FU,5FU-P003,-5.2139719720707243
EMAX|EC50|TERTILES,5FU,5FU-P004,-1.5612427785198437
EMAX|EC50|TERTILES,5FU,5FU-P005,-2.9290443993216662
EMAX|EC50|TERTILES,5FU,5FU-P006,-6.7677563134765579
EMAX|EC50|TERTILES,5FU,5FU-P007,-4.2635851119267816
EMAX|EC50|TERTILES,5FU,5FU-P008,-1.4843201789806024
EMAX|EC50|TERTILES,5FU,5FU-P009,-3.6832537869064166
EMAX|EC50|TERTILES,5FU,5FU-P010,-23.616578918282261
EMAX|EC50|TERTILES,5FU,5FU-P011,-57.025092901606023
EMAX|EC50|TERTILES,5FU,5FU-P012,-1.7789572069339938
EMAX|EC50|TERTILES,5FU,5FU-P013,-24.567994217784964
EMAX|EC50|TERTILES,5FU,5FU-P014,-32.152619818101101
EMAX|EC50|TERTILES,5FU,5FU-P015,-8.1627228114462778
EMAX|EC50|TERTILES,5FU,5FU-P016,-25.912344407906925
EMAX|EC50|TERTILES,5FU,5FU-P017,-3.3929442030628874
EMAX|EC50|TERTILES,5FU,5FU-P018,-4.3337185272184175
EMAX|EC50|TERTILES,5FU,5FU-P019,-3.7759978554648712
EMAX|EC50|TERTILES,5FU,5FU-P020,-15.993663342760394
EMAX|EC50|TERTILES,5FU,5FU-P021,-8.0164725646434167
EMAX|EC50|TERTILES,5FU,5FU-P022,-3.3460024203184346
EMAX|EC50|TERTILES,CARBO,Carbo-P001,-1.6137409205819269
EMAX|EC50|TERTILES,CARBO,Carbo-P002,-17.773858824582128
EMAX|EC50|TERTILES,CARBO,Carbo-P003,-6.8084282215610807
EMAX|EC50|TERTILES,CARBO,Carbo-P004,-10.066143827427092
EMAX|EC50|TERTILES,CARBO,Carbo-P005,-7.0734504709230377
EMAX|EC50|TERTILES,CARBO,Carbo-P006,-6.6082758538413859
EMAX|EC50|TERTILES,CARBO,Carbo-P007,-4.1221675569716085
EMAX|EC50|TERTILES,CARBO,Carbo-P008,-5.6640861643049032
EMAX|EC50|TERTILES,CARBO,Carbo-P009,-23.598512898598418
EMAX|EC50|TERTILES,CARBO,Carbo-P010,-3.1872331186230274
EMAX|EC50|TERTILES,CARBO,Carbo-P011,-11.709150828290207
EMAX|EC50|TERTILES,CARBO,Carbo-P012,-8.6951840590327709
EMAX|EC50|TERTILES,CARBO,Carbo-P013,-18.922369353903758
EMAX|EC50|TERTILES,CARBO,Carbo-P014,-17.561792795788492
EMAX|EC50|TERTILES,CARBO,Carbo-P015,-0.97648381630702219
EMAX|EC50|TERTILES,CARBO,Carbo-P016,-22.9900556384856
EMAX|EC50|TERTILES,CARBO,Carbo-P017,-16.091181162415289
EMAX|EC50|TERTILES,CARBO,Carbo-P018,-20.454330000532714
EMAX|EC50|TERTILES,CARBO,Carbo-P019,-0.49431971124942647
EMAX|EC50|TERTILES,CARBO,Carbo-P020,-22.184354114563096
EMAX|EC50|TERTILES,CARBO,Carbo-P021,-36.874125385033047
EMAX|EC50|TERTILES,CARBO,Carbo-P022,-8.0492931916624926
EMAX|EC50|TERTILES,CARBO,Carbo-P023,-12.341541498356092
EMAX|EC50|TERTILES,CARBO,Carbo-P024,-6.9516263046721871
EMAX|EC50|TERTILES,CARBO_A,CarboA-P001,-39.210741842760555
EMAX|EC50|TERTILES,CARBO_A,CarboA-P002,-13.50073043680085
EMAX|EC50|TERTILES,CARBO_A,CarboA-P003,-0.51730472026054297
EMAX|EC50|TERTILES,CARBO_A,CarboA-P004,-21.568151552944446
EMAX|EC50|TERTILES,CARBO_A,CarboA-P005,-5.5755141194968045
EMAX|EC50|TERTILES,CARBO_A,CarboA-P006,-27.315577370276763
EMAX|EC50|TERTILES,CARBO_A,CarboA-P007,-0.37199053446283326
EMAX|EC50|TERTILES,CARBO_A,CarboA-P008,-13.976715913115362
EMAX|EC50|TERTILES,CARBO_A,CarboA-P009,-0.64152439169850728
EMAX|EC50|TERTILES,CARBO_A,CarboA-P010,-11.908742786367062
EMAX|EC50|TERTILES,CARBO_A,CarboA-P011,-10.95285919350782
EMAX|EC50|TERTILES,CARBO_A,CarboA-P012,-3.3063484559682381
EMAX|EC50|TERTILES,CARBO_A,CarboA-P013,-7.6143852839814716
EMAX|EC50|TERTILES,CDDP,CDDP-P001,-1.4291684140256384
EMAX|EC50|TERTILES,CDDP,CDDP-P002,-2.3599693229672685
EMAX|EC50|TERTILES,CDDP,CDDP-P003,-13.228088920867782
EMAX|EC50|TERTILES,CDDP,CDDP-P004,-24.288623312669838
EMAX|EC50|TERTILES,CDDP,CDDP-P005,-52.268179445240598
EMAX|EC50|TERTILES,CDDP,CDDP-P006,-13.387985930796415
EMAX|EC50|TERTILES,CDDP,CDDP-P007,-11.357629972853777
EMAX|EC50|TERTILES,CDDP,CDDP-P008,-8.478597493651634
EMAX|EC50|TERTILES,CDDP,CDDP-P009,-15.600964395424633
EMAX|EC50|TERTILES,CDDP,CDDP-P010,-17.622773473145088
EMAX|EC50|TERTILES,CDDP,CDDP-P011,-49.303108263597899
EMAX|EC50|TERTILES,CDDP,CDDP-P012,-3.7859337385823948
EMAX|EC50|TERTILES,CDDP,CDDP-P013,-2.4357401665701817
EMAX|EC50|TERTILES,CDDP,CDDP-P014,-100
EMAX|EC50|TERTILES,CDDP,CDDP-P015,-39.118275567632551
EMAX|EC50|TERTILES,CDDP,CDDP-P016,-4.6882719605954017
EMAX|EC50|TERTILES,CDDP,CDDP-P017,-6.0256430137382395
EMAX|EC50|TERTILES,CDDP,CDDP-P018,-6.5304240255116168
EMAX|EC50|TERTILES,CDDP_A,CDDPA-P001,-1.3891964765828628
EMAX|EC50|TERTILES,CDDP_A,CDDPA-P002,-0.52239221622390641
EMAX|EC50|TERTILES,CDDP_A,CDDPA-P003,-14.052476982383361
EMAX|EC50|TERTILES,CDDP_A,CDDPA-P004,-1.3176227440537092
EMAX|EC50|TERTILES,CDDP_A,CDDPA-P005,-2.4229243920077654
EMAX|EC50|TERTILES,CDDP_A,CDDPA-P006,-1.5326277105613157
EMAX|EC50|TERTILES,CDDP_A,CDDPA-P007,-4.4692491537456815
EMAX|EC50|TERTILES,CDDP_A,CDDPA-P008,-19.210933571996968
EMAX|EC50|TERTILES,CDDP_A,CDDPA-P009,-1.1510545531920746
EMAX|EC50|TERTILES,CDDP_A,CDDPA-P010,-19.876628637620765
EMAX|EC50|TERTILES,CDDP_A,CDDPA-P011,-5.4893265407554344
EMAX|EC50|TERTILES,CDDP_A,CDDPA-P012,-6.1713142955410669
EMAX|EC50|TERTILES,CDDP_A,CDDPA-P013,-1.8109964168773955
EMAX|EC50|TERTILES,CDDP_A,CDDPA-P014,-11.034899294401569
EMAX|EC50|TERTILES,CDDP_A,CDDPA-P015,-0.23791255348692567
EMAX|EC50|TERTILES,CDDP_A,CDDPA-P016,-1.5769072027439146
EMAX|EC50|TERTILES,CDDP_A,CDDPA-P017,-11.893231401229144
EMAX|EC50|TERTILES,CDDP_A,CDDPA-P018,-1.4629632849528535
EMAX|EC50|TERTILES,ETO,ETO-P001,-6.943617646464193
EMAX|EC50|TERTILES,ETO,ETO-P002,-1.6412194081113842
EMAX|EC50|TERTILES,ETO,ETO-P003,-18.821177742159851
EMAX|EC50|TERTILES,ETO,ETO-P004,-0.030689919917800148
EMAX|EC50|TERTILES,ETO,ETO-P005,-125
EMAX|EC50|TERTILES,ETO,ETO-P006,-5.3513955940327298
EMAX|EC50|TERTILES,ETO,ETO-P007,-1.3612954998985614
EMAX|EC50|TERTILES,ETO,ETO-P008,-125.00000000000001
EMAX|EC50|TERTILES,ETO,ETO-P009,-73.286063621631172
EMAX|EC50|TERTILES,ETO,ETO-P010,-4.4101660678715859
EMAX|EC50|TERTILES,ETO,ETO-P011,-10.174270033154631
EMAX|EC50|TERTILES,ETO,ETO-P012,-38.575489319287762
EMAX|EC50|TERTILES,ETO,ETO-P013,-122.22222222222223
EMAX|EC50|TERTILES,ETO,ETO-P014,-27.494677693536264
EMAX|EC50|TERTILES,ETO,ETO-P015,-2.4950403444637206
EMAX|EC50|TERTILES,ETO,ETO-P016,-13.295674278031475
EMAX|EC50|TERTILES,ETO,ETO-P017,-1.9668290381425166
EMAX|EC50|TERTILES,ETO,ETO-P018,-9.2009327769202667e-12
EMAX|EC50|JENKS,5FU,5FU-P001,-2.0783461733262758
EMAX|EC50|JENKS,5FU,5FU-P002,-6.8822662535449135
EMAX|EC50|JENKS,5FU,5FU-P003,-5.2139719720707243
EMAX|EC50|JENKS,5FU,5FU-P004,-1.5612427785198437
EMAX|EC50|JENKS,5FU,5FU-P005,-2.9290443993216662
EMAX|EC50|JENKS,5FU,5FU-P006,-6.7677563134765579
EMAX|EC50|JENKS,5FU,5FU-P007,-4.2635851119267816
EMAX|EC50|JENKS,5FU,5FU-P008,-1.4843201789806024
EMAX|EC50|JENKS,5FU,5FU-P009,-3.6832537869064166
EMAX|EC50|JENKS,5FU,5FU-P010,-23.616578918282261
EMAX|EC50|JENKS,5FU,5FU-P011,-57.025092901606023
EMAX|EC50|JENKS,5FU,5FU-P012,-1.7789572069339938
EMAX|EC50|JENKS,5FU,5FU-P013,-24.567994217784964
EMAX|EC50|JENKS,5FU,5FU-P014,-32.152619818101101
EMAX|EC50|JENKS,5FU,5FU-P015,-8.1627228114462778
EMAX|EC50|JENKS,5FU,5FU-P016,-25.912344407906925
EMAX|EC50|JENKS,5FU,5FU-P017,-3.3929442030628874
EMAX|EC50|JENKS,5FU,5FU-P018,-4.3337185272184175
EMAX|EC50|JENKS,5FU,5FU-P019,-3.7759978554648712
EMAX|EC50|JENKS,5FU,5FU-P020,-15.993663342760394
EMAX|EC50|JENKS,5FU,5FU-P021,-8.0164725646434167
EMAX|EC50|JENKS,5FU,5FU-P022,-3.3460024203184346
EMAX|EC50|JENKS,CARBO,Carbo-P001,-1.6137409205819269
EMAX|EC50|JENKS,CARBO,Carbo-P002,-17.773858824582128
EMAX|EC50|JENKS,CARBO,Carbo-P003,-6.8084282215610807
EMAX|EC50|JENKS,CARBO,Carbo-P004,-10.066143827427092
EMAX|EC50|JENKS,CARBO,Carbo-P005,-7.0734504709230377
EMAX|EC50|JENKS,CARBO,Carbo-P006,-6.6082758538413859
EMAX|EC50|JENKS,CARBO,Carbo-P007,-4.1221675569716085
EMAX|EC50|JENKS,CARBO,Carbo-P008,-5.6640861643049032
EMAX|EC50|JENKS,CARBO,Carbo-P009,-23.598512898598418
EMAX|EC50|JENKS,CARBO,Carbo-P010,-3.1872331186230274
EMAX|EC50|JENKS,CARBO,Carbo-P011,-11.709150828290207
EMAX|EC50|JENKS,CARBO,Carbo-P012,-8.6951840590327709
EMAX|EC50|JENKS,CARBO,Carbo-P013,-18.922369353903758
EMAX|EC50|JENKS,CARBO,Carbo-P014,-17.561792795788492
EMAX|EC50|JENKS,CARBO,Carbo-P015,-0.97648381630702219
EMAX|EC50|JENKS,CARBO,Carbo-P016,-22.9900556384856
EMAX|EC50|JENKS,CARBO,Carbo-P017,-16.091181162415289
EMAX|EC50|JENKS,CARBO,Carbo-P018,-20.454330000532714
EMAX|EC50|JENKS,CARBO,Carbo-P019,-0.49431971124942647
EMAX|EC50|JENKS,CARBO,Carbo-P020,-22.184354114563096
EMAX|EC50|JENKS,CARBO,Carbo-P021,-36.874125385033047
EMAX|EC50|JENKS,CARBO,Carbo-P022,-8.0492931916624926
EMAX|EC50|JENKS,CARBO,Carbo-P023,-12.341541498356092
EMAX|EC50|JENKS,CARBO,Carbo-P024,-6.9516263046721871
EMAX|EC50|JENKS,CARBO_A,CarboA-P001,-39.210741842760555
EMAX|EC50|JENKS,CARBO_A,CarboA-P002,-13.50073043680085
EMAX|EC50|JENKS,CARBO_A,CarboA-P003,-0.51730472026054297
EMAX|EC50|JENKS,CARBO_A,CarboA-P004,-21.568151552944446
EMAX|EC50|JENKS,CARBO_A,CarboA-P005,-5.5755141194968045
EMAX|EC50|JENKS,CARBO_A,CarboA-P006,-27.315577370276763
EMAX|EC50|JENKS,CARBO_A,CarboA-P007,-0.37199053446283326
EMAX|EC50|JENKS,CARBO_A,CarboA-P008,-13.976715913115362
EMAX|EC50|JENKS,CARBO_A,CarboA-P009,-0.64152439169850728
EMAX|EC50|JENKS,CARBO_A,CarboA-P010,-11.908742786367062
EMAX|EC50|JENKS,CARBO_A,CarboA-P011,-10.95285919350782
EMAX|EC50|JENKS,CARBO_A,CarboA-P012,-3.3063484559682381
EMAX|EC50|JENKS,CARBO_A,CarboA-P013,-7.6143852839814716
EMAX|EC50|JENKS,CDDP,CDDP-P001,-1.4291684140256384
EMAX|EC50|JENKS,CDDP,CDDP-P002,-2.3599693229672685
EMAX|EC50|JENKS,CDDP,CDDP-P003,-13.228088920867782
EMAX|EC50|JENKS,CDDP,CDDP-P004,-24.288623312669838
EMAX|EC50|JENKS,CDDP,CDDP-P005,-52.268179445240598
EMAX|EC50|JENKS,CDDP,CDDP-P006,-13.387985930796415
EMAX|EC50|JENKS,CDDP,CDDP-P007,-11.357629972853777
EMAX|EC50|JENKS,CDDP,CDDP-P008,-8.478597493651634
EMAX|EC50|JENKS,CDDP,CDDP-P009,-15.600964395424633
EMAX|EC50|JENKS,CDDP,CDDP-P010,-17.622773473145088
EMAX|EC50|JENKS,CDDP,CDDP-P011,-49.303108263597899
EMAX|EC50|JENKS,CDDP,CDDP-P012,-3.7859337385823948
EMAX|EC50|JENKS,CDDP,CDDP-P013,-2.4357401665701817
EMAX|EC50|JENKS,CDDP,CDDP-P014,-100
EMAX|EC50|JENKS,CDDP,CDDP-P015,-39.118275567632551
EMAX|EC50|JENKS,CDDP,CDDP-P016,-4.6882719605954017
EMAX|EC50|JENKS,CDDP,CDDP-P017,-6.0256430137382395
EMAX|EC50|JENKS,CDDP,CDDP-P018,-6.5304240255116168
EMAX|EC50|JENKS,CDDP_A,CDDPA-P001,-1.3891964765828628
EMAX|EC50|JENKS,CDDP_A,CDDPA-P002,-0.52239221622390641
EMAX|EC50|JENKS,CDDP_A,CDDPA-P003,-14.052476982383361
EMAX|EC50|JENKS,CDDP_A,CDDPA-P004,-1.3176227440537092
EMAX|EC50|JENKS,CDDP_A,CDDPA-P005,-2.4229243920077654
EMAX|EC50|JENKS,CDDP_A,CDDPA-P006,-1.5326277105613157
EMAX|EC50|JENKS,CDDP_A,CDDPA-P007,-4.4692491537456815
EMAX|EC50|JENKS,CDDP_A,CDDPA-P008,-19.210933571996968
EMAX|EC50|JENKS,CDDP_A,CDDPA-P009,-1.1510545531920746
EMAX|EC50|JENKS,CDDP_A,CDDPA-P010,-19.876628637620765
EMAX|EC50|JENKS,CDDP_A,CDDPA-P011,-5.4893265407554344
EMAX|EC50|JENKS,CDDP_A,CDDPA-P012,-6.1713142955410669
EMAX|EC50|JENKS,CDDP_A,CDDPA-P013,-1.8109964168773955
EMAX|EC50|JENKS,CDDP_A,CDDPA-P014,-11.034899294401569
EMAX|EC50|JENKS,CDDP_A,CDDPA-P015,-0.23791255348692567
EMAX|EC50|JENKS,CDDP_A,CDDPA-P016,-1.5769072027439146
EMAX|EC50|JENKS,CDDP_A,CDDPA-P017,-11.893231401229144
EMAX|EC50|JENKS,CDDP_A,CDDPA-P018,-1.4629632849528535
EMAX|EC50|JENKS,ETO,ETO-P001,-6.943617646464193
EMAX|EC50|JENKS,ETO,ETO-P002,-1.6412194081113842
EMAX|EC50|JENKS,ETO,ETO-P003,-18.821177742159851
EMAX|EC50|JENKS,ETO,ETO-P004,-0.030689919917800148
EMAX|EC50|JENKS,ETO,ETO-P005,-125
EMAX|EC50|JENKS,ETO,ETO-P006,-5.3513955940327298
EMAX|EC50|JENKS,ETO,ETO-P007,-1.3612954998985614
EMAX|EC50|JENKS,ETO,ETO-P008,-125.00000000000001
EMAX|EC50|JENKS,ETO,ETO-P009,-73.286063621631172
EMAX|EC50|JENKS,ETO,ETO-P010,-4.4101660678715859
EMAX|EC50|JENKS,ETO,ETO-P011,-10.174270033154631
EMAX|EC50|JENKS,ETO,ETO-P012,-38.575489319287762
EMAX|EC50|JENKS,ETO,ETO-P013,-122.22222222222223
EMAX|EC50|JENKS,ETO,ETO-P014,-27.494677693536264
EMAX|EC50|JENKS,ETO,ETO-P015,-2.4950403444637206
EMAX|EC50|JENKS,ETO,ETO-P016,-13.295674278031475
EMAX|EC50|JENKS,ETO,ETO-P017,-1.9668290381425166
EMAX|EC50|JENKS,ETO,ETO-P018,-9.2009327769202667e-12
EMAX|EC50|KMEANS,5FU,5FU-P001,-2.0783461733262758
EMAX|EC50|KMEANS,5FU,5FU-P002,-6.8822662535449135
EMAX|EC50|KMEANS,5FU,5FU-P003,-5.2139719720707243
EMAX|EC50|KMEANS,5FU,5FU-P004,-1.5612427785198437
EMAX|EC50|KMEANS,5FU,5FU-P005,-2.9290443993216662
EMAX|EC50|KMEANS,5FU,5FU-P006,-6.7677563134765579
EMAX|EC50|KMEANS,5FU,5FU-P007,-4.2635851119267816
EMAX|EC50|KMEANS,5FU,5FU-P008,-1.4843201789806024
EMAX|EC50|KMEANS,5FU,5FU-P009,-3.6832537869064166
EMAX|EC50|KMEANS,5FU,5FU-P010,-23.616578918282261
EMAX|EC50|KMEANS,5FU,5FU-P011,-57.025092901606023
EMAX|EC50|KMEANS,5FU,5FU-P012,-1.7789572069339938
EMAX|EC50|KMEANS,5FU,5FU-P013,-24.567994217784964
EMAX|EC50|KMEANS,5FU,5FU-P014,-32.152619818101101
EMAX|EC50|KMEANS,5FU,5FU-P015,-8.1627228114462778
EMAX|EC50|KMEANS,5FU,5FU-P016,-25.912344407906925
EMAX|EC50|KMEANS,5FU,5FU-P017,-3.3929442030628874
EMAX|EC50|KMEANS,5FU,5FU-P018,-4.3337185272184175
EMAX|EC50|KMEANS,5FU,5FU-P019,-3.7759978554648712
EMAX|EC50|KMEANS,5FU,5FU-P020,-15.993663342760394
EMAX|EC50|KMEANS,5FU,5FU-P021,-8.0164725646434167
EMAX|EC50|KMEANS,5FU,5FU-P022,-3.3460024203184346
EMAX|EC50|KMEANS,CARBO,Carbo-P001,-1.6137409205819269
EMAX|EC50|KMEANS,CARBO,Carbo-P002,-17.773858824582128
EMAX|EC50|KMEANS,CARBO,Carbo-P003,-6.8084282215610807
EMAX|EC50|KMEANS,CARBO,Carbo-P004,-10.066143827427092
EMAX|EC50|KMEANS,CARBO,Carbo-P005,-7.0734504709230377
EMAX|EC50|KMEANS,CARBO,Carbo-P006,-6.6082758538413859
EMAX|EC50|KMEANS,CARBO,Carbo-P007,-4.1221675569716085
EMAX|EC50|KMEANS,CARBO,Carbo-P008,-5.6640861643049032
EMAX|EC50|KMEANS,CARBO,Carbo-P009,-23.598512898598418
EMAX|EC50|KMEANS,CARBO,Carbo-P010,-3.1872331186230274
EMAX|EC50|KMEANS,CARBO,Carbo-P011,-11.709150828290207
EMAX|EC50|KMEANS,CARBO,Carbo-P012,-8.6951840590327709
EMAX|EC50|KMEANS,CARBO,Carbo-P013,-18.922369353903758
EMAX|EC50|KMEANS,CARBO,Carbo-P014,-17.561792795788492
EMAX|EC50|KMEANS,CARBO,Carbo-P015,-0.97648381630702219
EMAX|EC50|KMEANS,CARBO,Carbo-P016,-22.9900556384856
EMAX|EC50|KMEANS,CARBO,Carbo-P017,-16.091181162415289
EMAX|EC50|KMEANS,CARBO,Carbo-P018,-20.454330000532714
EMAX|EC50|KMEANS,CARBO,Carbo-P019,-0.49431971124942647
EMAX|EC50|KMEANS,CARBO,Carbo-P020,-22.184354114563096
EMAX|EC50|KMEANS,CARBO,Carbo-P021,-36.874125385033047
EMAX|EC50|KMEANS,CARBO,Carbo-P022,-8.0492931916624926
EMAX|EC50|KMEANS,CARBO,Carbo-P023,-12.341541498356092
EMAX|EC50|KMEANS,CARBO,Carbo-P024,-6.9516263046721871
EMAX|EC50|KMEANS,CARBO_A,CarboA-P001,-39.210741842760555
EMAX|EC50|KMEANS,CARBO_A,CarboA-P002,-13.50073043680085
EMAX|EC50|KMEANS,CARBO_A,CarboA-P003,-0.51730472026054297
EMAX|EC50|KMEANS,CARBO_A,CarboA-P004,-21.568151552944446
EMAX|EC50|KMEANS,CARBO_A,CarboA-P005,-5.5755141194968045
EMAX|EC50|KMEANS,CARBO_A,CarboA-P006,-27.315577370276763
EMAX|EC50|KMEANS,CARBO_A,CarboA-P007,-0.37199053446283326
EMAX|EC50|KMEANS,CARBO_A,CarboA-P008,-13.976715913115362
EMAX|EC50|KMEANS,CARBO_A,CarboA-P009,-0.64152439169850728
EMAX|EC50|KMEANS,CARBO_A,CarboA-P010,-11.908742786367062
EMAX|EC50|KMEANS,CARBO_A,CarboA-P011,-10.95285919350782
EMAX|EC50|KMEANS,CARBO_A,CarboA-P012,-3.3063484559682381
EMAX|EC50|KMEANS,CARBO_A,CarboA-P013,-7.6143852839814716
EMAX|EC50|KMEANS,CDDP,CDDP-P001,-1.4291684140256384
EMAX|EC50|KMEANS,CDDP,CDDP-P002,-2.3599693229672685
EMAX|EC50|KMEANS,CDDP,CDDP-P003,-13.228088920867782
EMAX|EC50|KMEANS,CDDP,CDDP-P004,-24.288623312669838
EMAX|EC50|KMEANS,CDDP,CDDP-P005,-52.268179445240598
EMAX|EC50|KMEANS,CDDP,CDDP-P006,-13.387985930796415
EMAX|EC50|KMEANS,CDDP,CDDP-P007,-11.357629972853777
EMAX|EC50|KMEANS,CDDP,CDDP-P008,-8.478597493651634
EMAX|EC50|KMEANS,CDDP,CDDP-P009,-15.600964395424633
EMAX|EC50|KMEANS,CDDP,CDDP-P010,-17.622773473145088
EMAX|EC50|KMEANS,CDDP,CDDP-P011,-49.303108263597899
EMAX|EC50|KMEANS,CDDP,CDDP-P012,-3.7859337385823948
EMAX|EC50|KMEANS,CDDP,CDDP-P013,-2.4357401665701817
EMAX|EC50|KMEANS,CDDP,CDDP-P014,-100
EMAX|EC50|KMEANS,CDDP,CDDP-P015,-39.118275567632551
EMAX|EC50|KMEANS,CDDP,CDDP-P016,-4.6882719605954017
EMAX|EC50|KMEANS,CDDP,CDDP-P017,-6.0256430137382395
EMAX|EC50|KMEANS,CDDP,CDDP-P018,-6.5304240255116168
EMAX|EC50|KMEANS,CDDP_A,CDDPA-P001,-1.3891964765828628
EMAX|EC50|KMEANS,CDDP_A,CDDPA-P002,-0.52239221622390641
EMAX|EC50|KMEANS,CDDP_A,CDDPA-P003,-14.052476982383361
EMAX|EC50|KMEANS,CDDP_A,CDDPA-P004,-1.3176227440537092
EMAX|EC50|KMEANS,CDDP_A,CDDPA-P005,-2.4229243920077654
EMAX|EC50|KMEANS,CDDP_A,CDDPA-P006,-1.5326277105613157
EMAX|EC50|KMEANS,CDDP_A,CDDPA-P007,-4.4692491537456815
EMAX|EC50|KMEANS,CDDP_A,CDDPA-P008,-19.210933571996968
EMAX|EC50|KMEANS,CDDP_A,CDDPA-P009,-1.1510545531920746
EMAX|EC50|KMEANS,CDDP_A,CDDPA-P010,-19.876628637620765
EMAX|EC50|KMEANS,CDDP_A,CDDPA-P011,-5.4893265407554344
EMAX|EC50|KMEANS,CDDP_A,CDDPA-P012,-6.1713142955410669
EMAX|EC50|KMEANS,CDDP_A,CDDPA-P013,-1.8109964168773955
EMAX|EC50|KMEANS,CDDP_A,CDDPA-P014,-11.034899294401569
EMAX|EC50|KMEANS,CDDP_A,CDDPA-P015,-0.23791255348692567
EMAX|EC50|KMEANS,CDDP_A,CDDPA-P016,-1.5769072027439146
EMAX|EC50|KMEANS,CDDP_A,CDDPA-P017,-11.893231401229144
EMAX|EC50|KMEANS,CDDP_A,CDDPA-P018,-1.4629632849528535
EMAX|EC50|KMEANS,ETO,ETO-P001,-6.943617646464193
EMAX|EC50|KMEANS,ETO,ETO-P002,-1.6412194081113842
EMAX|EC50|KMEANS,ETO,ETO-P003,-18.821177742159851
EMAX|EC50|KMEANS,ETO,ETO-P004,-0.030689919917800148
EMAX|EC50|KMEANS,ETO,ETO-P005,-125
EMAX|EC50|KMEANS,ETO,ETO-P006,-5.3513955940327298
EMAX|EC50|KMEANS,ETO,ETO-P007,-1.3612954998985614
EMAX|EC50|KMEANS,ETO,ETO-P008,-125.00000000000001
EMAX|EC50|KMEANS,ETO,ETO-P009,-73.286063621631172
EMAX|EC50|KMEANS,ETO,ETO-P010,-4.4101660678715859
EMAX|EC50|KMEANS,ETO,ETO-P011,-10.174270033154631
EMAX|EC50|KMEANS,ETO,ETO-P012,-38.575489319287762
EMAX|EC50|KMEANS,ETO,ETO-P013,-122.22222222222223
EMAX|EC50|KMEANS,ETO,ETO-P014,-27.494677693536264
EMAX|EC50|KMEANS,ETO,ETO-P015,-2.4950403444637206
EMAX|EC50|KMEANS,ETO,ETO-P016,-13.295674278031475
EMAX|EC50|KMEANS,ETO,ETO-P017,-1.9668290381425166
EMAX|EC50|KMEANS,ETO,ETO-P018,-9.2009327769202667e-12
EMAX|EC50|WARD,5FU,5FU-P001,-2.0783461733262758
EMAX|EC50|WARD,5FU,5FU-P002,-6.8822662535449135
EMAX|EC50|WARD,5FU,5FU-P003,-5.2139719720707243
EMAX|EC50|WARD,5FU,5FU-P004,-1.5612427785198437
EMAX|EC50|WARD,5FU,5FU-P005,-2.9290443993216662
EMAX|EC50|WARD,5FU,5FU-P006,-6.7677563134765579
EMAX|EC50|WARD,5FU,5FU-P007,-4.2635851119267816
EMAX|EC50|WARD,5FU,5FU-P008,-1.4843201789806024
EMAX|EC50|WARD,5FU,5FU-P009,-3.6832537869064166
EMAX|EC50|WARD,5FU,5FU-P010,-23.616578918282261
EMAX|EC50|WARD,5FU,5FU-P011,-57.025092901606023
EMAX|EC50|WARD,5FU,5FU-P012,-1.7789572069339938
EMAX|EC50|WARD,5FU,5FU-P013,-24.567994217784964
EMAX|EC50|WARD,5FU,5FU-P014,-32.152619818101101
EMAX|EC50|WARD,5FU,5FU-P015,-8.1627228114462778
EMAX|EC50|WARD,5FU,5FU-P016,-25.912344407906925
EMAX|EC50|WARD,5FU,5FU-P017,-3.3929442030628874
EMAX|EC50|WARD,5FU,5FU-P018,-4.3337185272184175
EMAX|EC50|WARD,5FU,5FU-P019,-3.7759978554648712
EMAX|EC50|WARD,5FU,5FU-P020,-15.993663342760394
EMAX|EC50|WARD,5FU,5FU-P021,-8.0164725646434167
EMAX|EC50|WARD,5FU,5FU-P022,-3.3460024203184346
EMAX|EC50|WARD,CARBO,Carbo-P001,-1.6137409205819269
EMAX|EC50|WARD,CARBO,Carbo-P002,-17.773858824582128
EMAX|EC50|WARD,CARBO,Carbo-P003,-6.8084282215610807
EMAX|EC50|WARD,CARBO,Carbo-P004,-10.066143827427092
EMAX|EC50|WARD,CARBO,Carbo-P005,-7.0734504709230377
EMAX|EC50|WARD,CARBO,Carbo-P006,-6.6082758538413859
EMAX|EC50|WARD,CARBO,Carbo-P007,-4.1221675569716085
EMAX|EC50|WARD,CARBO,Carbo-P008,-5.6640861643049032
EMAX|EC50|WARD,CARBO,Carbo-P009,-23.598512898598418
EMAX|EC50|WARD,CARBO,Carbo-P010,-3.1872331186230274
EMAX|EC50|WARD,CARBO,Carbo-P011,-11.709150828290207
EMAX|EC50|WARD,CARBO,Carbo-P012,-8.6951840590327709
EMAX|EC50|WARD,CARBO,Carbo-P013,-18.922369353903758
EMAX|EC50|WARD,CARBO,Carbo-P014,-17.561792795788492
EMAX|EC50|WARD,CARBO,Carbo-P015,-0.97648381630702219
EMAX|EC50|WARD,CARBO,Carbo-P016,-22.9900556384856
EMAX|EC50|WARD,CARBO,Carbo-P017,-16.091181162415289
EMAX|EC50|WARD,CARBO,Carbo-P018,-20.454330000532714
EMAX|EC50|WARD,CARBO,Carbo-P019,-0.49431971124942647
EMAX|EC50|WARD,CARBO,Carbo-P020,-22.184354114563096
EMAX|EC50|WARD,CARBO,Carbo-P021,-36.874125385033047
EMAX|EC50|WARD,CARBO,Carbo-P022,-8.0492931916624926
EMAX|EC50|WARD,CARBO,Carbo-P023,-12.341541498356092
EMAX|EC50|WARD,CARBO,Carbo-P024,-6.9516263046721871
EMAX|EC50|WARD,CARBO_A,CarboA-P001,-39.210741842760555
EMAX|EC50|WARD,CARBO_A,CarboA-P002,-13.50073043680085
EMAX|EC50|WARD,CARBO_A,CarboA-P003,-0.51730472026054297
EMAX|EC50|WARD,CARBO_A,CarboA-P004,-21.568151552944446
EMAX|EC50|WARD,CARBO_A,CarboA-P005,-5.5755141194968045
EMAX|EC50|WARD,CARBO_A,CarboA-P006,-27.315577370276763
EMAX|EC50|WARD,CARBO_A,CarboA-P007,-0.37199053446283326
EMAX|EC50|WARD,CARBO_A,CarboA-P008,-13.976715913115362
EMAX|EC50|WARD,CARBO_A,CarboA-P009,-0.64152439169850728
EMAX|EC50|WARD,CARBO_A,CarboA-P010,-11.908742786367062
EMAX|EC50|WARD,CARBO_A,CarboA-P011,-10.95285919350782
EMAX|EC50|WARD,CARBO_A,CarboA-P012,-3.3063484559682381
EMAX|EC50|WARD,CARBO_A,CarboA-P013,-7.6143852839814716
EMAX|EC50|WARD,CDDP,CDDP-P001,-1.4291684140256384
EMAX|EC50|WARD,CDDP,CDDP-P002,-2.3599693229672685
EMAX|EC50|WARD,CDDP,CDDP-P003,-13.228088920867782
EMAX|EC50|WARD,CDDP,CDDP-P004,-24.288623312669838
EMAX|EC50|WARD,CDDP,CDDP-P005,-52.268179445240598
EMAX|EC50|WARD,CDDP,CDDP-P006,-13.387985930796415
EMAX|EC50|WARD,CDDP,CDDP-P007,-11.357629972853777
EMAX|EC50|WARD,CDDP,CDDP-P008,-8.478597493651634
EMAX|EC50|WARD,CDDP,CDDP-P009,-15.600964395424633
EMAX|EC50|WARD,CDDP,CDDP-P010,-17.622773473145088
EMAX|EC50|WARD,CDDP,CDDP-P011,-49.303108263597899
EMAX|EC50|WARD,CDDP,CDDP-P012,-3.7859337385823948
EMAX|EC50|WARD,CDDP,CDDP-P013,-2.4357401665701817
EMAX|EC50|WARD,CDDP,CDDP-P014,-100
EMAX|EC50|WARD,CDDP,CDDP-P015,-39.118275567632551
EMAX|EC50|WARD,CDDP,CDDP-P016,-4.6882719605954017
EMAX|EC50|WARD,CDDP,CDDP-P017,-6.0256430137382395
EMAX|EC50|WARD,CDDP,CDDP-P018,-6.5304240255116168
EMAX|EC50|WARD,CDDP_A,CDDPA-P001,-1.3891964765828628
EMAX|EC50|WARD,CDDP_A,CDDPA-P002,-0.52239221622390641
EMAX|EC50|WARD,CDDP_A,CDDPA-P003,-14.052476982383361
EMAX|EC50|WARD,CDDP_A,CDDPA-P004,-1.3176227440537092
EMAX|EC50|WARD,CDDP_A,CDDPA-P005,-2.4229243920077654
EMAX|EC50|WARD,CDDP_A,CDDPA-P006,-1.5326277105613157
EMAX|EC50|WARD,CDDP_A,CDDPA-P007,-4.4692491537456815
EMAX|EC50|WARD,CDDP_A,CDDPA-P008,-19.210933571996968
EMAX|EC50|WARD,CDDP_A,CDDPA-P009,-1.1510545531920746
EMAX|EC50|WARD,CDDP_A,CDDPA-P010,-19.876628637620765
EMAX|EC50|WARD,CDDP_A,CDDPA-P011,-5.4893265407554344
EMAX|EC50|WARD,CDDP_A,CDDPA-P012,-6.1713142955410669
EMAX|EC50|WARD,CDDP_A,CDDPA-P013,-1.8109964168773955
EMAX|EC50|WARD,CDDP_A,CDDPA-P014,-11.034899294401569
EMAX|EC50|WARD,CDDP_A,CDDPA-P015,-0.23791255348692567
EMAX|EC50|WARD,CDDP_A,CDDPA-P016,-1.5769072027439146
EMAX|EC50|WARD,CDDP_A,CDDPA-P017,-11.893231401229144
EMAX|EC50|WARD,CDDP_A,CDDPA-P018,-1.4629632849528535
EMAX|EC50|WARD,ETO,ETO-P001,-6.943617646464193
EMAX|EC50|WARD,ETO,ETO-P002,-1.6412194081113842
EMAX|EC50|WARD,ETO,ETO-P003,-18.821177742159851
EMAX|EC50|WARD,ETO,ETO-P004,-0.030689919917800148
EMAX|EC50|WARD,ETO,ETO-P005,-125
EMAX|EC50|WARD,ETO,ETO-P006,-5.3513955940327298
EMAX|EC50|WARD,ETO,ETO-P007,-1.3612954998985614
EMAX|EC50|WARD,ETO,ETO-P008,-125.00000000000001
EMAX|EC50|WARD,ETO,ETO-P009,-73.286063621631172
EMAX|EC50|WARD,ETO,ETO-P010,-4.4101660678715859
EMAX|EC50|WARD,ETO,ETO-P011,-10.174270033154631
EMAX|EC50|WARD,ETO,ETO-P012,-38.575489319287762
EMAX|EC50|WARD,ETO,ETO-P013,-122.22222222222223
EMAX|EC50|WARD,ETO,ETO-P014,-27.494677693536264
EMAX|EC50|WARD,ETO,ETO-P015,-2.4950403444637206
EMAX|EC50|WARD,ETO,ETO-P016,-13.295674278031475
EMAX|EC50|WARD,ETO,ETO-P017,-1.9668290381425166
EMAX|EC50|WARD,ETO,ETO-P018,-9.2009327769202667e-12
EMAX|EC50|TIED_GMM,5FU,5FU-P001,-2.0783461733262758
EMAX|EC50|TIED_GMM,5FU,5FU-P002,-6.8822662535449135
EMAX|EC50|TIED_GMM,5FU,5FU-P003,-5.2139719720707243
EMAX|EC50|TIED_GMM,5FU,5FU-P004,-1.5612427785198437
EMAX|EC50|TIED_GMM,5FU,5FU-P005,-2.9290443993216662
EMAX|EC50|TIED_GMM,5FU,5FU-P006,-6.7677563134765579
EMAX|EC50|TIED_GMM,5FU,5FU-P007,-4.2635851119267816
EMAX|EC50|TIED_GMM,5FU,5FU-P008,-1.4843201789806024
EMAX|EC50|TIED_GMM,5FU,5FU-P009,-3.6832537869064166
EMAX|EC50|TIED_GMM,5FU,5FU-P010,-23.616578918282261
EMAX|EC50|TIED_GMM,5FU,5FU-P011,-57.025092901606023
EMAX|EC50|TIED_GMM,5FU,5FU-P012,-1.7789572069339938
EMAX|EC50|TIED_GMM,5FU,5FU-P013,-24.567994217784964
EMAX|EC50|TIED_GMM,5FU,5FU-P014,-32.152619818101101
EMAX|EC50|TIED_GMM,5FU,5FU-P015,-8.1627228114462778
EMAX|EC50|TIED_GMM,5FU,5FU-P016,-25.912344407906925
EMAX|EC50|TIED_GMM,5FU,5FU-P017,-3.3929442030628874
EMAX|EC50|TIED_GMM,5FU,5FU-P018,-4.3337185272184175
EMAX|EC50|TIED_GMM,5FU,5FU-P019,-3.7759978554648712
EMAX|EC50|TIED_GMM,5FU,5FU-P020,-15.993663342760394
EMAX|EC50|TIED_GMM,5FU,5FU-P021,-8.0164725646434167
EMAX|EC50|TIED_GMM,5FU,5FU-P022,-3.3460024203184346
EMAX|EC50|TIED_GMM,CARBO,Carbo-P001,-1.6137409205819269
EMAX|EC50|TIED_GMM,CARBO,Carbo-P002,-17.773858824582128
EMAX|EC50|TIED_GMM,CARBO,Carbo-P003,-6.8084282215610807
EMAX|EC50|TIED_GMM,CARBO,Carbo-P004,-10.066143827427092
EMAX|EC50|TIED_GMM,CARBO,Carbo-P005,-7.0734504709230377
EMAX|EC50|TIED_GMM,CARBO,Carbo-P006,-6.6082758538413859
EMAX|EC50|TIED_GMM,CARBO,Carbo-P007,-4.1221675569716085
EMAX|EC50|TIED_GMM,CARBO,Carbo-P008,-5.6640861643049032
EMAX|EC50|TIED_GMM,CARBO,Carbo-P009,-23.598512898598418
EMAX|EC50|TIED_GMM,CARBO,Carbo-P010,-3.1872331186230274
EMAX|EC50|TIED_GMM,CARBO,Carbo-P011,-11.709150828290207
EMAX|EC50|TIED_GMM,CARBO,Carbo-P012,-8.6951840590327709
EMAX|EC50|TIED_GMM,CARBO,Carbo-P013,-18.922369353903758
EMAX|EC50|TIED_GMM,CARBO,Carbo-P014,-17.561792795788492
EMAX|EC50|TIED_GMM,CARBO,Carbo-P015,-0.97648381630702219
EMAX|EC50|TIED_GMM,CARBO,Carbo-P016,-22.9900556384856
EMAX|EC50|TIED_GMM,CARBO,Carbo-P017,-16.091181162415289
EMAX|EC50|TIED_GMM,CARBO,Carbo-P018,-20.454330000532714
EMAX|EC50|TIED_GMM,CARBO,Carbo-P019,-0.49431971124942647
EMAX|EC50|TIED_GMM,CARBO,Carbo-P020,-22.184354114563096
EMAX|EC50|TIED_GMM,CARBO,Carbo-P021,-36.874125385033047
EMAX|EC50|TIED_GMM,CARBO,Carbo-P022,-8.0492931916624926
EMAX|EC50|TIED_GMM,CARBO,Carbo-P023,-12.341541498356092
EMAX|EC50|TIED_GMM,CARBO,Carbo-P024,-6.9516263046721871
EMAX|EC50|TIED_GMM,CARBO_A,CarboA-P001,-39.210741842760555
EMAX|EC50|TIED_GMM,CARBO_A,CarboA-P002,-13.50073043680085
EMAX|EC50|TIED_GMM,CARBO_A,CarboA-P003,-0.51730472026054297
EMAX|EC50|TIED_GMM,CARBO_A,CarboA-P004,-21.568151552944446
EMAX|EC50|TIED_GMM,CARBO_A,CarboA-P005,-5.5755141194968045
EMAX|EC50|TIED_GMM,CARBO_A,CarboA-P006,-27.315577370276763
EMAX|EC50|TIED_GMM,CARBO_A,CarboA-P007,-0.37199053446283326
EMAX|EC50|TIED_GMM,CARBO_A,CarboA-P008,-13.976715913115362
EMAX|EC50|TIED_GMM,CARBO_A,CarboA-P009,-0.64152439169850728
EMAX|EC50|TIED_GMM,CARBO_A,CarboA-P010,-11.908742786367062
EMAX|EC50|TIED_GMM,CARBO_A,CarboA-P011,-10.95285919350782
EMAX|EC50|TIED_GMM,CARBO_A,CarboA-P012,-3.3063484559682381
EMAX|EC50|TIED_GMM,CARBO_A,CarboA-P013,-7.6143852839814716
EMAX|EC50|TIED_GMM,CDDP,CDDP-P001,-1.4291684140256384
EMAX|EC50|TIED_GMM,CDDP,CDDP-P002,-2.3599693229672685
EMAX|EC50|TIED_GMM,CDDP,CDDP-P003,-13.228088920867782
EMAX|EC50|TIED_GMM,CDDP,CDDP-P004,-24.288623312669838
EMAX|EC50|TIED_GMM,CDDP,CDDP-P005,-52.268179445240598
EMAX|EC50|TIED_GMM,CDDP,CDDP-P006,-13.387985930796415
EMAX|EC50|TIED_GMM,CDDP,CDDP-P007,-11.357629972853777
EMAX|EC50|TIED_GMM,CDDP,CDDP-P008,-8.478597493651634
EMAX|EC50|TIED_GMM,CDDP,CDDP-P009,-15.600964395424633
EMAX|EC50|TIED_GMM,CDDP,CDDP-P010,-17.622773473145088
EMAX|EC50|TIED_GMM,CDDP,CDDP-P011,-49.303108263597899
EMAX|EC50|TIED_GMM,CDDP,CDDP-P012,-3.7859337385823948
EMAX|EC50|TIED_GMM,CDDP,CDDP-P013,-2.4357401665701817
EMAX|EC50|TIED_GMM,CDDP,CDDP-P014,-100
EMAX|EC50|TIED_GMM,CDDP,CDDP-P015,-39.118275567632551
EMAX|EC50|TIED_GMM,CDDP,CDDP-P016,-4.6882719605954017
EMAX|EC50|TIED_GMM,CDDP,CDDP-P017,-6.0256430137382395
EMAX|EC50|TIED_GMM,CDDP,CDDP-P018,-6.5304240255116168
EMAX|EC50|TIED_GMM,CDDP_A,CDDPA-P001,-1.3891964765828628
EMAX|EC50|TIED_GMM,CDDP_A,CDDPA-P002,-0.52239221622390641
EMAX|EC50|TIED_GMM,CDDP_A,CDDPA-P003,-14.052476982383361
EMAX|EC50|TIED_GMM,CDDP_A,CDDPA-P004,-1.3176227440537092
EMAX|EC50|TIED_GMM,CDDP_A,CDDPA-P005,-2.4229243920077654
EMAX|EC50|TIED_GMM,CDDP_A,CDDPA-P006,-1.5326277105613157
EMAX|EC50|TIED_GMM,CDDP_A,CDDPA-P007,-4.4692491537456815
EMAX|EC50|TIED_GMM,CDDP_A,CDDPA-P008,-19.210933571996968
EMAX|EC50|TIED_GMM,CDDP_A,CDDPA-P009,-1.1510545531920746
EMAX|EC50|TIED_GMM,CDDP_A,CDDPA-P010,-19.876628637620765
EMAX|EC50|TIED_GMM,CDDP_A,CDDPA-P011,-5.4893265407554344
EMAX|EC50|TIED_GMM,CDDP_A,CDDPA-P012,-6.1713142955410669
EMAX|EC50|TIED_GMM,CDDP_A,CDDPA-P013,-1.8109964168773955
EMAX|EC50|TIED_GMM,CDDP_A,CDDPA-P014,-11.034899294401569
EMAX|EC50|TIED_GMM,CDDP_A,CDDPA-P015,-0.23791255348692567
EMAX|EC50|TIED_GMM,CDDP_A,CDDPA-P016,-1.5769072027439146
EMAX|EC50|TIED_GMM,CDDP_A,CDDPA-P017,-11.893231401229144
EMAX|EC50|TIED_GMM,CDDP_A,CDDPA-P018,-1.4629632849528535
EMAX|EC50|TIED_GMM,ETO,ETO-P001,-6.943617646464193
EMAX|EC50|TIED_GMM,ETO,ETO-P002,-1.6412194081113842
EMAX|EC50|TIED_GMM,ETO,ETO-P003,-18.821177742159851
EMAX|EC50|TIED_GMM,ETO,ETO-P004,-0.030689919917800148
EMAX|EC50|TIED_GMM,ETO,ETO-P005,-125
EMAX|EC50|TIED_GMM,ETO,ETO-P006,-5.3513955940327298
EMAX|EC50|TIED_GMM,ETO,ETO-P007,-1.3612954998985614
EMAX|EC50|TIED_GMM,ETO,ETO-P008,-125.00000000000001
EMAX|EC50|TIED_GMM,ETO,ETO-P009,-73.286063621631172
EMAX|EC50|TIED_GMM,ETO,ETO-P010,-4.4101660678715859
EMAX|EC50|TIED_GMM,ETO,ETO-P011,-10.174270033154631
EMAX|EC50|TIED_GMM,ETO,ETO-P012,-38.575489319287762
EMAX|EC50|TIED_GMM,ETO,ETO-P013,-122.22222222222223
EMAX|EC50|TIED_GMM,ETO,ETO-P014,-27.494677693536264
EMAX|EC50|TIED_GMM,ETO,ETO-P015,-2.4950403444637206
EMAX|EC50|TIED_GMM,ETO,ETO-P016,-13.295674278031475
EMAX|EC50|TIED_GMM,ETO,ETO-P017,-1.9668290381425166
EMAX|EC50|TIED_GMM,ETO,ETO-P018,-9.2009327769202667e-12
EMAX|EMAX|TERTILES,5FU,5FU-P001,0.86082886267268277
EMAX|EMAX|TERTILES,5FU,5FU-P002,1.049200176320928
EMAX|EMAX|TERTILES,5FU,5FU-P003,0.81087027565058856
EMAX|EMAX|TERTILES,5FU,5FU-P004,0.66862253609667677
EMAX|EMAX|TERTILES,5FU,5FU-P005,0.85557070452095252
EMAX|EMAX|TERTILES,5FU,5FU-P006,0.87061460211061514
EMAX|EMAX|TERTILES,5FU,5FU-P007,0.80842358365222444
EMAX|EMAX|TERTILES,5FU,5FU-P008,0.83835176192955052
EMAX|EMAX|TERTILES,5FU,5FU-P009,1.0008212789695694
EMAX|EMAX|TERTILES,5FU,5FU-P010,1.006328172467176
EMAX|EMAX|TERTILES,5FU,5FU-P011,0.88287357762094754
EMAX|EMAX|TERTILES,5FU,5FU-P012,0.18060530840402014
EMAX|EMAX|TERTILES,5FU,5FU-P013,0.75559136565715668
EMAX|EMAX|TERTILES,5FU,5FU-P014,0.99591370590279393
EMAX|EMAX|TERTILES,5FU,5FU-P015,0.96022034745813734
EMAX|EMAX|TERTILES,5FU,5FU-P016,1.0074326429347824
EMAX|EMAX|TERTILES,5FU,5FU-P017,1.0262002214329911
EMAX|EMAX|TERTILES,5FU,5FU-P018,1.0377376837000707
EMAX|EMAX|TERTILES,5FU,5FU-P019,1.0025674773795206
EMAX|EMAX|TERTILES,5FU,5FU-P020,1.0064980985419152
EMAX|EMAX|TERTILES,5FU,5FU-P021,1.0122862717618328
EMAX|EMAX|TERTILES,5FU,5FU-P022,0.98389856409383347
EMAX|EMAX|TERTILES,CARBO,Carbo-P001,1.013441745754829
EMAX|EMAX|TERTILES,CARBO,Carbo-P002,1.0543834666498448
EMAX|EMAX|TERTILES,CARBO,Carbo-P003,1.0341397248481203
EMAX|EMAX|TERTILES,CARBO,Carbo-P004,1.0401481973196347
EMAX|EMAX|TERTILES,CARBO,Carbo-P005,1.0505835345143359
EMAX|EMAX|TERTILES,CARBO,Carbo-P006,1.0521129318004219
EMAX|EMAX|TERTILES,CARBO,Carbo-P007,1.0599082724834208
EMAX|EMAX|TERTILES,CARBO,Carbo-P008,1.0538876245584345
EMAX|EMAX|TERTILES,CARBO,Carbo-P009,1.0804246259984258
EMAX|EMAX|TERTILES,CARBO,Carbo-P010,0.97090339218554844
EMAX|EMAX|TERTILES,CARBO,Carbo-P011,1.0437023916584345
EMAX|EMAX|TERTILES,CARBO,Carbo-P012,1.03308653113717
EMAX|EMAX|TERTILES,CARBO,Carbo-P013,1.0134372638341738
EMAX|EMAX|TERTILES,CARBO,Carbo-P014,0.9988047782774947
EMAX|EMAX|TERTILES,CARBO,Carbo-P015,0.96421577821524806
EMAX|EMAX|TERTILES,CARBO,Carbo-P016,1.0172235169772255
EMAX|EMAX|TERTILES,CARBO,Carbo-P017,0.7837894283200475
EMAX|EMAX|TERTILES,CARBO,Carbo-P018,1.0202954576467136
EMAX|EMAX|TERTILES,CARBO,Carbo-P019,1.0047890687253289
EMAX|EMAX|TERTILES,CARBO,Carbo-P020,1.0044924840874829
EMAX|EMAX|TERTILES,CARBO,Carbo-P021,1.0112170027568315
EMAX|EMAX|TERTILES,CARBO,Carbo-P022,1.0575426035099336
EMAX|EMAX|TERTILES,CARBO,Carbo-P023,1.0699098659446094
EMAX|EMAX|TERTILES,CARBO,Carbo-P024,1.0567660565797636
EMAX|EMAX|TERTILES,CARBO_A,CarboA-P001,1.1700659810289409
EMAX|EMAX|TERTILES,CARBO_A,CarboA-P002,0.99477063043375136
EMAX|EMAX|TERTILES,CARBO_A,CarboA-P003,0.94336082274577826
EMAX|EMAX|TERTILES,CARBO_A,CarboA-P004,0.55008835819669855
EMAX|EMAX|TERTILES,CARBO_A,CarboA-P005,0.99957664817787972
EMAX|EMAX|TERTILES,CARBO_A,CarboA-P006,0.95390810486645461
EMAX|EMAX|TERTILES,CARBO_A,CarboA-P007,0.99989811520662197
EMAX|EMAX|TERTILES,CARBO_A,CarboA-P008,0.99850427005126996
EMAX|EMAX|TERTILES,CARBO_A,CarboA-P009,1.0051605889632353
EMAX|EMAX|TERTILES,CARBO_A,CarboA-P010,0.99769784643416781
EMAX|EMAX|TERTILES,CARBO_A,CarboA-P011,0.98328108760471533
EMAX|EMAX|TERTILES,CARBO_A,CarboA-P012,1.0496607596540442
EMAX|EMAX|TERTILES,CARBO_A,CarboA-P013,0.89516835438309805
EMAX|EMAX|TERTILES,CDDP,CDDP-P001,1.0284849832559853
EMAX|EMAX|TERTILES,CDDP,CDDP-P002,1.0490030732502438
EMAX|EMAX|TERTILES,CDDP,CDDP-P003,1.0895115207689385
EMAX|EMAX|TERTILES,CDDP,CDDP-P004,0.68772690209299503
EMAX|EMAX|TERTILES,CDDP,CDDP-P005,1.0614782018128615
EMAX|EMAX|TERTILES,CDDP,CDDP-P006,1.0608900145429054
EMAX|EMAX|TERTILES,CDDP,CDDP-P007,1.0226594029650322
EMAX|EMAX|TERTILES,CDDP,CDDP-P008,0.91846923477846087
EMAX|EMAX|TERTILES,CDDP,CDDP-P009,1.0194968207728041
EMAX|EMAX|TERTILES,CDDP,CDDP-P010,0.88538388268587642
EMAX|EMAX|TERTILES,CDDP,CDDP-P011,0.98582215007795848
EMAX|EMAX|TERTILES,CDDP,CDDP-P012,1.025781667241445
EMAX|EMAX|TERTILES,CDDP,CDDP-P013,0.94577258661578523
EMAX|EMAX|TERTILES,CDDP,CDDP-P014,0.7511190417917244
EMAX|EMAX|TERTILES,CDDP,CDDP-P015,0.87525226463916683
EMAX|EMAX|TERTILES,CDDP,CDDP-P016,1.0674746048492258
EMAX|EMAX|TERTILES,CDDP,CDDP-P017,1.0318183137633183
EMAX|EMAX|TERTILES,CDDP,CDDP-P018,1.0339042108264029
EMAX|EMAX|TERTILES,CDDP_A,CDDPA-P001,1.0008435740035493
EMAX|EMAX|TERTILES,CDDP_A,CDDPA-P002,0.80277939319242231
EMAX|EMAX|TERTILES,CDDP_A,CDDPA-P003,0.76803195948065872
EMAX|EMAX|TERTILES,CDDP_A,CDDPA-P004,1.0087545649734064
EMAX|EMAX|TERTILES,CDDP_A,CDDPA-P005,0.99455416215809722
EMAX|EMAX|TERTILES,CDDP_A,CDDPA-P006,0.9988198522921794
EMAX|EMAX|TERTILES,CDDP_A,CDDPA-P007,0.90502858088064175
EMAX|EMAX|TERTILES,CDDP_A,CDDPA-P008,0.62554045874687003
EMAX|EMAX|TERTILES,CDDP_A,CDDPA-P009,0.99507902736318632
EMAX|EMAX|TERTILES,CDDP_A,CDDPA-P010,0.42709680831675229
EMAX|EMAX|TERTILES,CDDP_A,CDDPA-P011,0.84979026216395936
EMAX|EMAX|TERTILES,CDDP_A,CDDPA-P012,0.90770152371786228
EMAX|EMAX|TERTILES,CDDP_A,CDDPA-P013,0.97268860341335639
EMAX|EMAX|TERTILES,CDDP_A,CDDPA-P014,0.80094739962325123
EMAX|EMAX|TERTILES,CDDP_A,CDDPA-P015,0.95940134323535309
EMAX|EMAX|TERTILES,CDDP_A,CDDPA-P016,0.99660501537589541
EMAX|EMAX|TERTILES,CDDP_A,CDDPA-P017,0.49369092381350554
EMAX|EMAX|TERTILES,CDDP_A,CDDPA-P018,0.8788979314075287
EMAX|EMAX|TERTILES,ETO,ETO-P001,0.24464970979462397
EMAX|EMAX|TERTILES,ETO,ETO-P002,0.59850935871086175
EMAX|EMAX|TERTILES,ETO,ETO-P003,0.26147165960269608
EMAX|EMAX|TERTILES,ETO,ETO-P004,0.89319089135772478
EMAX|EMAX|TERTILES,ETO,ETO-P005,0.94820953237091876
EMAX|EMAX|TERTILES,ETO,ETO-P006,0.93463058657640541
EMAX|EMAX|TERTILES,ETO,ETO-P007,1.0164815998533079
EMAX|EMAX|TERTILES,ETO,ETO-P008,0.271015264780256
EMAX|EMAX|TERTILES,ETO,ETO-P009,0.47636645483816425
EMAX|EMAX|TERTILES,ETO,ETO-P010,0.40275211552709989
EMAX|EMAX|TERTILES,ETO,ETO-P011,0.3191852978741111
EMAX|EMAX|TERTILES,ETO,ETO-P012,0.70237468483362064
EMAX|EMAX|TERTILES,ETO,ETO-P013,0.087358439682304431
EMAX|EMAX|TERTILES,ETO,ETO-P014,0.26607101180719239
EMAX|EMAX|TERTILES,ETO,ETO-P015,0.61477592012840099
EMAX|EMAX|TERTILES,ETO,ETO-P016,0.42244411846700108
EMAX|EMAX|TERTILES,ETO,ETO-P017,0.27843093632899812
EMAX|EMAX|TERTILES,ETO,ETO-P018,0.42695888403595539
EMAX|EMAX|JENKS,5FU,5FU-P001,0.86082886267268277
EMAX|EMAX|JENKS,5FU,5FU-P002,1.049200176320928
EMAX|EMAX|JENKS,5FU,5FU-P003,0.81087027565058856
EMAX|EMAX|JENKS,5FU,5FU-P004,0.66862253609667677
EMAX|EMAX|JENKS,5FU,5FU-P005,0.85557070452095252
EMAX|EMAX|JENKS,5FU,5FU-P006,0.87061460211061514
EMAX|EMAX|JENKS,5FU,5FU-P007,0.80842358365222444
EMAX|EMAX|JENKS,5FU,5FU-P008,0.83835176192955052
EMAX|EMAX|JENKS,5FU,5FU-P009,1.0008212789695694
EMAX|EMAX|JENKS,5FU,5FU-P010,1.006328172467176
EMAX|EMAX|JENKS,5FU,5FU-P011,0.88287357762094754
EMAX|EMAX|JENKS,5FU,5FU-P012,0.18060530840402014
EMAX|EMAX|JENKS,5FU,5FU-P013,0.75559136565715668
EMAX|EMAX|JENKS,5FU,5FU-P014,0.99591370590279393
EMAX|EMAX|JENKS,5FU,5FU-P015,0.96022034745813734
EMAX|EMAX|JENKS,5FU,5FU-P016,1.0074326429347824
EMAX|EMAX|JENKS,5FU,5FU-P017,1.0262002214329911
EMAX|EMAX|JENKS,5FU,5FU-P018,1.0377376837000707
EMAX|EMAX|JENKS,5FU,5FU-P019,1.0025674773795206
EMAX|EMAX|JENKS,5FU,5FU-P020,1.0064980985419152
EMAX|EMAX|JENKS,5FU,5FU-P021,1.0122862717618328
EMAX|EMAX|JENKS,5FU,5FU-P022,0.98389856409383347
EMAX|EMAX|JENKS,CARBO,Carbo-P001,1.013441745754829
EMAX|EMAX|JENKS,CARBO,Carbo-P002,1.0543834666498448
EMAX|EMAX|JENKS,CARBO,Carbo-P003,1.0341397248481203
EMAX|EMAX|JENKS,CARBO,Carbo-P004,1.0401481973196347
EMAX|EMAX|JENKS,CARBO,Carbo-P005,1.0505835345143359
EMAX|EMAX|JENKS,CARBO,Carbo-P006,1.0521129318004219
EMAX|EMAX|JENKS,CARBO,Carbo-P007,1.0599082724834208
EMAX|EMAX|JENKS,CARBO,Carbo-P008,1.0538876245584345
EMAX|EMAX|JENKS,CARBO,Carbo-P009,1.0804246259984258
EMAX|EMAX|JENKS,CARBO,Carbo-P010,0.97090339218554844
EMAX|EMAX|JENKS,CARBO,Carbo-P011,1.0437023916584345
EMAX|EMAX|JENKS,CARBO,Carbo-P012,1.03308653113717
EMAX|EMAX|JENKS,CARBO,Carbo-P013,1.0134372638341738
EMAX|EMAX|JENKS,CARBO,Carbo-P014,0.9988047782774947
EMAX|EMAX|JENKS,CARBO,Carbo-P015,0.96421577821524806
EMAX|EMAX|JENKS,CARBO,Carbo-P016,1.0172235169772255
EMAX|EMAX|JENKS,CARBO,Carbo-P017,0.7837894283200475
EMAX|EMAX|JENKS,CARBO,Carbo-P018,1.0202954576467136
EMAX|EMAX|JENKS,CARBO,Carbo-P019,1.0047890687253289
EMAX|EMAX|JENKS,CARBO,Carbo-P020,1.0044924840874829
EMAX|EMAX|JENKS,CARBO,Carbo-P021,1.0112170027568315
EMAX|EMAX|JENKS,CARBO,Carbo-P022,1.0575426035099336
EMAX|EMAX|JENKS,CARBO,Carbo-P023,1.0699098659446094
EMAX|EMAX|JENKS,CARBO,Carbo-P024,1.0567660565797636
EMAX|EMAX|JENKS,CARBO_A,CarboA-P001,1.1700659810289409
EMAX|EMAX|JENKS,CARBO_A,CarboA-P002,0.99477063043375136
EMAX|EMAX|JENKS,CARBO_A,CarboA-P003,0.94336082274577826
EMAX|EMAX|JENKS,CARBO_A,CarboA-P004,0.55008835819669855
EMAX|EMAX|JENKS,CARBO_A,CarboA-P005,0.99957664817787972
EMAX|EMAX|JENKS,CARBO_A,CarboA-P006,0.95390810486645461
EMAX|EMAX|JENKS,CARBO_A,CarboA-P007,0.99989811520662197
EMAX|EMAX|JENKS,CARBO_A,CarboA-P008,0.99850427005126996
EMAX|EMAX|JENKS,CARBO_A,CarboA-P009,1.0051605889632353
EMAX|EMAX|JENKS,CARBO_A,CarboA-P010,0.99769784643416781
EMAX|EMAX|JENKS,CARBO_A,CarboA-P011,0.98328108760471533
EMAX|EMAX|JENKS,CARBO_A,CarboA-P012,1.0496607596540442
EMAX|EMAX|JENKS,CARBO_A,CarboA-P013,0.89516835438309805
EMAX|EMAX|JENKS,CDDP,CDDP-P001,1.0284849832559853
EMAX|EMAX|JENKS,CDDP,CDDP-P002,1.0490030732502438
EMAX|EMAX|JENKS,CDDP,CDDP-P003,1.0895115207689385
EMAX|EMAX|JENKS,CDDP,CDDP-P004,0.68772690209299503
EMAX|EMAX|JENKS,CDDP,CDDP-P005,1.0614782018128615
EMAX|EMAX|JENKS,CDDP,CDDP-P006,1.0608900145429054
EMAX|EMAX|JENKS,CDDP,CDDP-P007,1.0226594029650322
EMAX|EMAX|JENKS,CDDP,CDDP-P008,0.91846923477846087
EMAX|EMAX|JENKS,CDDP,CDDP-P009,1.0194968207728041
EMAX|EMAX|JENKS,CDDP,CDDP-P010,0.88538388268587642
EMAX|EMAX|JENKS,CDDP,CDDP-P011,0.98582215007795848
EMAX|EMAX|JENKS,CDDP,CDDP-P012,1.025781667241445
EMAX|EMAX|JENKS,CDDP,CDDP-P013,0.94577258661578523
EMAX|EMAX|JENKS,CDDP,CDDP-P014,0.7511190417917244
EMAX|EMAX|JENKS,CDDP,CDDP-P015,0.87525226463916683
EMAX|EMAX|JENKS,CDDP,CDDP-P016,1.0674746048492258
EMAX|EMAX|JENKS,CDDP,CDDP-P017,1.0318183137633183
EMAX|EMAX|JENKS,CDDP,CDDP-P018,1.0339042108264029
EMAX|EMAX|JENKS,CDDP_A,CDDPA-P001,1.0008435740035493
EMAX|EMAX|JENKS,CDDP_A,CDDPA-P002,0.80277939319242231
EMAX|EMAX|JENKS,CDDP_A,CDDPA-P003,0.76803195948065872
EMAX|EMAX|JENKS,CDDP_A,CDDPA-P004,1.0087545649734064
EMAX|EMAX|JENKS,CDDP_A,CDDPA-P005,0.99455416215809722
EMAX|EMAX|JENKS,CDDP_A,CDDPA-P006,0.9988198522921794
EMAX|EMAX|JENKS,CDDP_A,CDDPA-P007,0.90502858088064175
EMAX|EMAX|JENKS,CDDP_A,CDDPA-P008,0.62554045874687003
EMAX|EMAX|JENKS,CDDP_A,CDDPA-P009,0.99507902736318632
EMAX|EMAX|JENKS,CDDP_A,CDDPA-P010,0.42709680831675229
EMAX|EMAX|JENKS,CDDP_A,CDDPA-P011,0.84979026216395936
EMAX|EMAX|JENKS,CDDP_A,CDDPA-P012,0.90770152371786228
EMAX|EMAX|JENKS,CDDP_A,CDDPA-P013,0.97268860341335639
EMAX|EMAX|JENKS,CDDP_A,CDDPA-P014,0.80094739962325123
EMAX|EMAX|JENKS,CDDP_A,CDDPA-P015,0.95940134323535309
EMAX|EMAX|JENKS,CDDP_A,CDDPA-P016,0.99660501537589541
EMAX|EMAX|JENKS,CDDP_A,CDDPA-P017,0.49369092381350554
EMAX|EMAX|JENKS,CDDP_A,CDDPA-P018,0.8788979314075287
EMAX|EMAX|JENKS,ETO,ETO-P001,0.24464970979462397
EMAX|EMAX|JENKS,ETO,ETO-P002,0.59850935871086175
EMAX|EMAX|JENKS,ETO,ETO-P003,0.26147165960269608
EMAX|EMAX|JENKS,ETO,ETO-P004,0.89319089135772478
EMAX|EMAX|JENKS,ETO,ETO-P005,0.94820953237091876
EMAX|EMAX|JENKS,ETO,ETO-P006,0.93463058657640541
EMAX|EMAX|JENKS,ETO,ETO-P007,1.0164815998533079
EMAX|EMAX|JENKS,ETO,ETO-P008,0.271015264780256
EMAX|EMAX|JENKS,ETO,ETO-P009,0.47636645483816425
EMAX|EMAX|JENKS,ETO,ETO-P010,0.40275211552709989
EMAX|EMAX|JENKS,ETO,ETO-P011,0.3191852978741111
EMAX|EMAX|JENKS,ETO,ETO-P012,0.70237468483362064
EMAX|EMAX|JENKS,ETO,ETO-P013,0.087358439682304431
EMAX|EMAX|JENKS,ETO,ETO-P014,0.26607101180719239
EMAX|EMAX|JENKS,ETO,ETO-P015,0.61477592012840099
EMAX|EMAX|JENKS,ETO,ETO-P016,0.42244411846700108
EMAX|EMAX|JENKS,ETO,ETO-P017,0.27843093632899812
EMAX|EMAX|JENKS,ETO,ETO-P018,0.42695888403595539
EMAX|EMAX|KMEANS,5FU,5FU-P001,0.86082886267268277
EMAX|EMAX|KMEANS,5FU,5FU-P002,1.049200176320928
EMAX|EMAX|KMEANS,5FU,5FU-P003,0.81087027565058856
EMAX|EMAX|KMEANS,5FU,5FU-P004,0.66862253609667677
EMAX|EMAX|KMEANS,5FU,5FU-P005,0.85557070452095252
EMAX|EMAX|KMEANS,5FU,5FU-P006,0.87061460211061514
EMAX|EMAX|KMEANS,5FU,5FU-P007,0.80842358365222444
EMAX|EMAX|KMEANS,5FU,5FU-P008,0.83835176192955052
EMAX|EMAX|KMEANS,5FU,5FU-P009,1.0008212789695694
EMAX|EMAX|KMEANS,5FU,5FU-P010,1.006328172467176
EMAX|EMAX|KMEANS,5FU,5FU-P011,0.88287357762094754
EMAX|EMAX|KMEANS,5FU,5FU-P012,0.18060530840402014
EMAX|EMAX|KMEANS,5FU,5FU-P013,0.75559136565715668
EMAX|EMAX|KMEANS,5FU,5FU-P014,0.99591370590279393
EMAX|EMAX|KMEANS,5FU,5FU-P015,0.96022034745813734
EMAX|EMAX|KMEANS,5FU,5FU-P016,1.0074326429347824
EMAX|EMAX|KMEANS,5FU,5FU-P017,1.0262002214329911
EMAX|EMAX|KMEANS,5FU,5FU-P018,1.0377376837000707
EMAX|EMAX|KMEANS,5FU,5FU-P019,1.0025674773795206
EMAX|EMAX|KMEANS,5FU,5FU-P020,1.0064980985419152
EMAX|EMAX|KMEANS,5FU,5FU-P021,1.0122862717618328
EMAX|EMAX|KMEANS,5FU,5FU-P022,0.98389856409383347
EMAX|EMAX|KMEANS,CARBO,Carbo-P001,1.013441745754829
EMAX|EMAX|KMEANS,CARBO,Carbo-P002,1.0543834666498448
EMAX|EMAX|KMEANS,CARBO,Carbo-P003,1.0341397248481203
EMAX|EMAX|KMEANS,CARBO,Carbo-P004,1.0401481973196347
EMAX|EMAX|KMEANS,CARBO,Carbo-P005,1.0505835345143359
EMAX|EMAX|KMEANS,CARBO,Carbo-P006,1.0521129318004219
EMAX|EMAX|KMEANS,CARBO,Carbo-P007,1.0599082724834208
EMAX|EMAX|KMEANS,CARBO,Carbo-P008,1.0538876245584345
EMAX|EMAX|KMEANS,CARBO,Carbo-P009,1.0804246259984258
EMAX|EMAX|KMEANS,CARBO,Carbo-P010,0.97090339218554844
EMAX|EMAX|KMEANS,CARBO,Carbo-P011,1.0437023916584345
EMAX|EMAX|KMEANS,CARBO,Carbo-P012,1.03308653113717
EMAX|EMAX|KMEANS,CARBO,Carbo-P013,1.0134372638341738
EMAX|EMAX|KMEANS,CARBO,Carbo-P014,0.9988047782774947
EMAX|EMAX|KMEANS,CARBO,Carbo-P015,0.96421577821524806
EMAX|EMAX|KMEANS,CARBO,Carbo-P016,1.0172235169772255
EMAX|EMAX|KMEANS,CARBO,Carbo-P017,0.7837894283200475
EMAX|EMAX|KMEANS,CARBO,Carbo-P018,1.0202954576467136
EMAX|EMAX|KMEANS,CARBO,Carbo-P019,1.0047890687253289
EMAX|EMAX|KMEANS,CARBO,Carbo-P020,1.0044924840874829
EMAX|EMAX|KMEANS,CARBO,Carbo-P021,1.0112170027568315
EMAX|EMAX|KMEANS,CARBO,Carbo-P022,1.0575426035099336
EMAX|EMAX|KMEANS,CARBO,Carbo-P023,1.0699098659446094
EMAX|EMAX|KMEANS,CARBO,Carbo-P024,1.0567660565797636
EMAX|EMAX|KMEANS,CARBO_A,CarboA-P001,1.1700659810289409
EMAX|EMAX|KMEANS,CARBO_A,CarboA-P002,0.99477063043375136
EMAX|EMAX|KMEANS,CARBO_A,CarboA-P003,0.94336082274577826
EMAX|EMAX|KMEANS,CARBO_A,CarboA-P004,0.55008835819669855
EMAX|EMAX|KMEANS,CARBO_A,CarboA-P005,0.99957664817787972
EMAX|EMAX|KMEANS,CARBO_A,CarboA-P006,0.95390810486645461
EMAX|EMAX|KMEANS,CARBO_A,CarboA-P007,0.99989811520662197
EMAX|EMAX|KMEANS,CARBO_A,CarboA-P008,0.99850427005126996
EMAX|EMAX|KMEANS,CARBO_A,CarboA-P009,1.0051605889632353
EMAX|EMAX|KMEANS,CARBO_A,CarboA-P010,0.99769784643416781
EMAX|EMAX|KMEANS,CARBO_A,CarboA-P011,0.98328108760471533
EMAX|EMAX|KMEANS,CARBO_A,CarboA-P012,1.0496607596540442
EMAX|EMAX|KMEANS,CARBO_A,CarboA-P013,0.89516835438309805
EMAX|EMAX|KMEANS,CDDP,CDDP-P001,1.0284849832559853
EMAX|EMAX|KMEANS,CDDP,CDDP-P002,1.0490030732502438
EMAX|EMAX|KMEANS,CDDP,CDDP-P003,1.0895115207689385
EMAX|EMAX|KMEANS,CDDP,CDDP-P004,0.68772690209299503
EMAX|EMAX|KMEANS,CDDP,CDDP-P005,1.0614782018128615
EMAX|EMAX|KMEANS,CDDP,CDDP-P006,1.0608900145429054
EMAX|EMAX|KMEANS,CDDP,CDDP-P007,1.0226594029650322
EMAX|EMAX|KMEANS,CDDP,CDDP-P008,0.91846923477846087
EMAX|EMAX|KMEANS,CDDP,CDDP-P009,1.0194968207728041
EMAX|EMAX|KMEANS,CDDP,CDDP-P010,0.88538388268587642
EMAX|EMAX|KMEANS,CDDP,CDDP-P011,0.98582215007795848
EMAX|EMAX|KMEANS,CDDP,CDDP-P012,1.025781667241445
EMAX|EMAX|KMEANS,CDDP,CDDP-P013,0.94577258661578523
EMAX|EMAX|KMEANS,CDDP,CDDP-P014,0.7511190417917244
EMAX|EMAX|KMEANS,CDDP,CDDP-P015,0.87525226463916683
EMAX|EMAX|KMEANS,CDDP,CDDP-P016,1.0674746048492258
EMAX|EMAX|KMEANS,CDDP,CDDP-P017,1.0318183137633183
EMAX|EMAX|KMEANS,CDDP,CDDP-P018,1.0339042108264029
EMAX|EMAX|KMEANS,CDDP_A,CDDPA-P001,1.0008435740035493
EMAX|EMAX|KMEANS,CDDP_A,CDDPA-P002,0.80277939319242231
EMAX|EMAX|KMEANS,CDDP_A,CDDPA-P003,0.76803195948065872
EMAX|EMAX|KMEANS,CDDP_A,CDDPA-P004,1.0087545649734064
EMAX|EMAX|KMEANS,CDDP_A,CDDPA-P005,0.99455416215809722
EMAX|EMAX|KMEANS,CDDP_A,CDDPA-P006,0.9988198522921794
EMAX|EMAX|KMEANS,CDDP_A,CDDPA-P007,0.90502858088064175
EMAX|EMAX|KMEANS,CDDP_A,CDDPA-P008,0.62554045874687003
EMAX|EMAX|KMEANS,CDDP_A,CDDPA-P009,0.99507902736318632
EMAX|EMAX|KMEANS,CDDP_A,CDDPA-P010,0.42709680831675229
EMAX|EMAX|KMEANS,CDDP_A,CDDPA-P011,0.84979026216395936
EMAX|EMAX|KMEANS,CDDP_A,CDDPA-P012,0.90770152371786228
EMAX|EMAX|KMEANS,CDDP_A,CDDPA-P013,0.97268860341335639
EMAX|EMAX|KMEANS,CDDP_A,CDDPA-P014,0.80094739962325123
EMAX|EMAX|KMEANS,CDDP_A,CDDPA-P015,0.95940134323535309
EMAX|EMAX|KMEANS,CDDP_A,CDDPA-P016,0.99660501537589541
EMAX|EMAX|KMEANS,CDDP_A,CDDPA-P017,0.49369092381350554
EMAX|EMAX|KMEANS,CDDP_A,CDDPA-P018,0.8788979314075287
EMAX|EMAX|KMEANS,ETO,ETO-P001,0.24464970979462397
EMAX|EMAX|KMEANS,ETO,ETO-P002,0.59850935871086175
EMAX|EMAX|KMEANS,ETO,ETO-P003,0.26147165960269608
EMAX|EMAX|KMEANS,ETO,ETO-P004,0.89319089135772478
EMAX|EMAX|KMEANS,ETO,ETO-P005,0.94820953237091876
EMAX|EMAX|KMEANS,ETO,ETO-P006,0.93463058657640541
EMAX|EMAX|KMEANS,ETO,ETO-P007,1.0164815998533079
EMAX|EMAX|KMEANS,ETO,ETO-P008,0.271015264780256
EMAX|EMAX|KMEANS,ETO,ETO-P009,0.47636645483816425
EMAX|EMAX|KMEANS,ETO,ETO-P010,0.40275211552709989
EMAX|EMAX|KMEANS,ETO,ETO-P011,0.3191852978741111
EMAX|EMAX|KMEANS,ETO,ETO-P012,0.70237468483362064
EMAX|EMAX|KMEANS,ETO,ETO-P013,0.087358439682304431
EMAX|EMAX|KMEANS,ETO,ETO-P014,0.26607101180719239
EMAX|EMAX|KMEANS,ETO,ETO-P015,0.61477592012840099
EMAX|EMAX|KMEANS,ETO,ETO-P016,0.42244411846700108
EMAX|EMAX|KMEANS,ETO,ETO-P017,0.27843093632899812
EMAX|EMAX|KMEANS,ETO,ETO-P018,0.42695888403595539
EMAX|EMAX|WARD,5FU,5FU-P001,0.86082886267268277
EMAX|EMAX|WARD,5FU,5FU-P002,1.049200176320928
EMAX|EMAX|WARD,5FU,5FU-P003,0.81087027565058856
EMAX|EMAX|WARD,5FU,5FU-P004,0.66862253609667677
EMAX|EMAX|WARD,5FU,5FU-P005,0.85557070452095252
EMAX|EMAX|WARD,5FU,5FU-P006,0.87061460211061514
EMAX|EMAX|WARD,5FU,5FU-P007,0.80842358365222444
EMAX|EMAX|WARD,5FU,5FU-P008,0.83835176192955052
EMAX|EMAX|WARD,5FU,5FU-P009,1.0008212789695694
EMAX|EMAX|WARD,5FU,5FU-P010,1.006328172467176
EMAX|EMAX|WARD,5FU,5FU-P011,0.88287357762094754
EMAX|EMAX|WARD,5FU,5FU-P012,0.18060530840402014
EMAX|EMAX|WARD,5FU,5FU-P013,0.75559136565715668
EMAX|EMAX|WARD,5FU,5FU-P014,0.99591370590279393
EMAX|EMAX|WARD,5FU,5FU-P015,0.96022034745813734
EMAX|EMAX|WARD,5FU,5FU-P016,1.0074326429347824
EMAX|EMAX|WARD,5FU,5FU-P017,1.0262002214329911
EMAX|EMAX|WARD,5FU,5FU-P018,1.0377376837000707
EMAX|EMAX|WARD,5FU,5FU-P019,1.0025674773795206
EMAX|EMAX|WARD,5FU,5FU-P020,1.0064980985419152
EMAX|EMAX|WARD,5FU,5FU-P021,1.0122862717618328
EMAX|EMAX|WARD,5FU,5FU-P022,0.98389856409383347
EMAX|EMAX|WARD,CARBO,Carbo-P001,1.013441745754829
EMAX|EMAX|WARD,CARBO,Carbo-P002,1.0543834666498448
EMAX|EMAX|WARD,CARBO,Carbo-P003,1.0341397248481203
EMAX|EMAX|WARD,CARBO,Carbo-P004,1.0401481973196347
EMAX|EMAX|WARD,CARBO,Carbo-P005,1.0505835345143359
EMAX|EMAX|WARD,CARBO,Carbo-P006,1.0521129318004219
EMAX|EMAX|WARD,CARBO,Carbo-P007,1.0599082724834208
EMAX|EMAX|WARD,CARBO,Carbo-P008,1.0538876245584345
EMAX|EMAX|WARD,CARBO,Carbo-P009,1.0804246259984258
EMAX|EMAX|WARD,CARBO,Carbo-P010,0.97090339218554844
EMAX|EMAX|WARD,CARBO,Carbo-P011,1.0437023916584345
EMAX|EMAX|WARD,CARBO,Carbo-P012,1.03308653113717
EMAX|EMAX|WARD,CARBO,Carbo-P013,1.0134372638341738
EMAX|EMAX|WARD,CARBO,Carbo-P014,0.9988047782774947
EMAX|EMAX|WARD,CARBO,Carbo-P015,0.96421577821524806
EMAX|EMAX|WARD,CARBO,Carbo-P016,1.0172235169772255
EMAX|EMAX|WARD,CARBO,Carbo-P017,0.7837894283200475
EMAX|EMAX|WARD,CARBO,Carbo-P018,1.0202954576467136
EMAX|EMAX|WARD,CARBO,Carbo-P019,1.0047890687253289
EMAX|EMAX|WARD,CARBO,Carbo-P020,1.0044924840874829
EMAX|EMAX|WARD,CARBO,Carbo-P021,1.0112170027568315
EMAX|EMAX|WARD,CARBO,Carbo-P022,1.0575426035099336
EMAX|EMAX|WARD,CARBO,Carbo-P023,1.0699098659446094
EMAX|EMAX|WARD,CARBO,Carbo-P024,1.0567660565797636
EMAX|EMAX|WARD,CARBO_A,CarboA-P001,1.1700659810289409
EMAX|EMAX|WARD,CARBO_A,CarboA-P002,0.99477063043375136
EMAX|EMAX|WARD,CARBO_A,CarboA-P003,0.94336082274577826
EMAX|EMAX|WARD,CARBO_A,CarboA-P004,0.55008835819669855
EMAX|EMAX|WARD,CARBO_A,CarboA-P005,0.99957664817787972
EMAX|EMAX|WARD,CARBO_A,CarboA-P006,0.95390810486645461
EMAX|EMAX|WARD,CARBO_A,CarboA-P007,0.99989811520662197
EMAX|EMAX|WARD,CARBO_A,CarboA-P008,0.99850427005126996
EMAX|EMAX|WARD,CARBO_A,CarboA-P009,1.0051605889632353
EMAX|EMAX|WARD,CARBO_A,CarboA-P010,0.99769784643416781
EMAX|EMAX|WARD,CARBO_A,CarboA-P011,0.98328108760471533
EMAX|EMAX|WARD,CARBO_A,CarboA-P012,1.0496607596540442
EMAX|EMAX|WARD,CARBO_A,CarboA-P013,0.89516835438309805
EMAX|EMAX|WARD,CDDP,CDDP-P001,1.0284849832559853
EMAX|EMAX|WARD,CDDP,CDDP-P002,1.0490030732502438
EMAX|EMAX|WARD,CDDP,CDDP-P003,1.0895115207689385
EMAX|EMAX|WARD,CDDP,CDDP-P004,0.68772690209299503
EMAX|EMAX|WARD,CDDP,CDDP-P005,1.0614782018128615
EMAX|EMAX|WARD,CDDP,CDDP-P006,1.0608900145429054
EMAX|EMAX|WARD,CDDP,CDDP-P007,1.0226594029650322
EMAX|EMAX|WARD,CDDP,CDDP-P008,0.91846923477846087
EMAX|EMAX|WARD,CDDP,CDDP-P009,1.0194968207728041
EMAX|EMAX|WARD,CDDP,CDDP-P010,0.88538388268587642
EMAX|EMAX|WARD,CDDP,CDDP-P011,0.98582215007795848
EMAX|EMAX|WARD,CDDP,CDDP-P012,1.025781667241445
EMAX|EMAX|WARD,CDDP,CDDP-P013,0.94577258661578523
EMAX|EMAX|WARD,CDDP,CDDP-P014,0.7511190417917244
EMAX|EMAX|WARD,CDDP,CDDP-P015,0.87525226463916683
EMAX|EMAX|WARD,CDDP,CDDP-P016,1.0674746048492258
EMAX|EMAX|WARD,CDDP,CDDP-P017,1.0318183137633183
EMAX|EMAX|WARD,CDDP,CDDP-P018,1.0339042108264029
EMAX|EMAX|WARD,CDDP_A,CDDPA-P001,1.0008435740035493
EMAX|EMAX|WARD,CDDP_A,CDDPA-P002,0.80277939319242231
EMAX|EMAX|WARD,CDDP_A,CDDPA-P003,0.76803195948065872
EMAX|EMAX|WARD,CDDP_A,CDDPA-P004,1.0087545649734064
EMAX|EMAX|WARD,CDDP_A,CDDPA-P005,0.99455416215809722
EMAX|EMAX|WARD,CDDP_A,CDDPA-P006,0.9988198522921794
EMAX|EMAX|WARD,CDDP_A,CDDPA-P007,0.90502858088064175
EMAX|EMAX|WARD,CDDP_A,CDDPA-P008,0.62554045874687003
EMAX|EMAX|WARD,CDDP_A,CDDPA-P009,0.99507902736318632
EMAX|EMAX|WARD,CDDP_A,CDDPA-P010,0.42709680831675229
EMAX|EMAX|WARD,CDDP_A,CDDPA-P011,0.84979026216395936
EMAX|EMAX|WARD,CDDP_A,CDDPA-P012,0.90770152371786228
EMAX|EMAX|WARD,CDDP_A,CDDPA-P013,0.97268860341335639
EMAX|EMAX|WARD,CDDP_A,CDDPA-P014,0.80094739962325123
EMAX|EMAX|WARD,CDDP_A,CDDPA-P015,0.95940134323535309
EMAX|EMAX|WARD,CDDP_A,CDDPA-P016,0.99660501537589541
EMAX|EMAX|WARD,CDDP_A,CDDPA-P017,0.49369092381350554
EMAX|EMAX|WARD,CDDP_A,CDDPA-P018,0.8788979314075287
EMAX|EMAX|WARD,ETO,ETO-P001,0.24464970979462397
EMAX|EMAX|WARD,ETO,ETO-P002,0.59850935871086175
EMAX|EMAX|WARD,ETO,ETO-P003,0.26147165960269608
EMAX|EMAX|WARD,ETO,ETO-P004,0.89319089135772478
EMAX|EMAX|WARD,ETO,ETO-P005,0.94820953237091876
EMAX|EMAX|WARD,ETO,ETO-P006,0.93463058657640541
EMAX|EMAX|WARD,ETO,ETO-P007,1.0164815998533079
EMAX|EMAX|WARD,ETO,ETO-P008,0.271015264780256
EMAX|EMAX|WARD,ETO,ETO-P009,0.47636645483816425
EMAX|EMAX|WARD,ETO,ETO-P010,0.40275211552709989
EMAX|EMAX|WARD,ETO,ETO-P011,0.3191852978741111
EMAX|EMAX|WARD,ETO,ETO-P012,0.70237468483362064
EMAX|EMAX|WARD,ETO,ETO-P013,0.087358439682304431
EMAX|EMAX|WARD,ETO,ETO-P014,0.26607101180719239
EMAX|EMAX|WARD,ETO,ETO-P015,0.61477592012840099
EMAX|EMAX|WARD,ETO,ETO-P016,0.42244411846700108
EMAX|EMAX|WARD,ETO,ETO-P017,0.27843093632899812
EMAX|EMAX|WARD,ETO,ETO-P018,0.42695888403595539
EMAX|EMAX|TIED_GMM,5FU,5FU-P001,0.86082886267268277
EMAX|EMAX|TIED_GMM,5FU,5FU-P002,1.049200176320928
EMAX|EMAX|TIED_GMM,5FU,5FU-P003,0.81087027565058856
EMAX|EMAX|TIED_GMM,5FU,5FU-P004,0.66862253609667677
EMAX|EMAX|TIED_GMM,5FU,5FU-P005,0.85557070452095252
EMAX|EMAX|TIED_GMM,5FU,5FU-P006,0.87061460211061514
EMAX|EMAX|TIED_GMM,5FU,5FU-P007,0.80842358365222444
EMAX|EMAX|TIED_GMM,5FU,5FU-P008,0.83835176192955052
EMAX|EMAX|TIED_GMM,5FU,5FU-P009,1.0008212789695694
EMAX|EMAX|TIED_GMM,5FU,5FU-P010,1.006328172467176
EMAX|EMAX|TIED_GMM,5FU,5FU-P011,0.88287357762094754
EMAX|EMAX|TIED_GMM,5FU,5FU-P012,0.18060530840402014
EMAX|EMAX|TIED_GMM,5FU,5FU-P013,0.75559136565715668
EMAX|EMAX|TIED_GMM,5FU,5FU-P014,0.99591370590279393
EMAX|EMAX|TIED_GMM,5FU,5FU-P015,0.96022034745813734
EMAX|EMAX|TIED_GMM,5FU,5FU-P016,1.0074326429347824
EMAX|EMAX|TIED_GMM,5FU,5FU-P017,1.0262002214329911
EMAX|EMAX|TIED_GMM,5FU,5FU-P018,1.0377376837000707
EMAX|EMAX|TIED_GMM,5FU,5FU-P019,1.0025674773795206
EMAX|EMAX|TIED_GMM,5FU,5FU-P020,1.0064980985419152
EMAX|EMAX|TIED_GMM,5FU,5FU-P021,1.0122862717618328
EMAX|EMAX|TIED_GMM,5FU,5FU-P022,0.98389856409383347
EMAX|EMAX|TIED_GMM,CARBO,Carbo-P001,1.013441745754829
EMAX|EMAX|TIED_GMM,CARBO,Carbo-P002,1.0543834666498448
EMAX|EMAX|TIED_GMM,CARBO,Carbo-P003,1.0341397248481203
EMAX|EMAX|TIED_GMM,CARBO,Carbo-P004,1.0401481973196347
EMAX|EMAX|TIED_GMM,CARBO,Carbo-P005,1.0505835345143359
EMAX|EMAX|TIED_GMM,CARBO,Carbo-P006,1.0521129318004219
EMAX|EMAX|TIED_GMM,CARBO,Carbo-P007,1.0599082724834208
EMAX|EMAX|TIED_GMM,CARBO,Carbo-P008,1.0538876245584345
EMAX|EMAX|TIED_GMM,CARBO,Carbo-P009,1.0804246259984258
EMAX|EMAX|TIED_GMM,CARBO,Carbo-P010,0.97090339218554844
EMAX|EMAX|TIED_GMM,CARBO,Carbo-P011,1.0437023916584345
EMAX|EMAX|TIED_GMM,CARBO,Carbo-P012,1.03308653113717
EMAX|EMAX|TIED_GMM,CARBO,Carbo-P013,1.0134372638341738
EMAX|EMAX|TIED_GMM,CARBO,Carbo-P014,0.9988047782774947
EMAX|EMAX|TIED_GMM,CARBO,Carbo-P015,0.96421577821524806
EMAX|EMAX|TIED_GMM,CARBO,Carbo-P016,1.0172235169772255
EMAX|EMAX|TIED_GMM,CARBO,Carbo-P017,0.7837894283200475
EMAX|EMAX|TIED_GMM,CARBO,Carbo-P018,1.0202954576467136
EMAX|EMAX|TIED_GMM,CARBO,Carbo-P019,1.0047890687253289
EMAX|EMAX|TIED_GMM,CARBO,Carbo-P020,1.0044924840874829
EMAX|EMAX|TIED_GMM,CARBO,Carbo-P021,1.0112170027568315
EMAX|EMAX|TIED_GMM,CARBO,Carbo-P022,1.0575426035099336
EMAX|EMAX|TIED_GMM,CARBO,Carbo-P023,1.0699098659446094
EMAX|EMAX|TIED_GMM,CARBO,Carbo-P024,1.0567660565797636
EMAX|EMAX|TIED_GMM,CARBO_A,CarboA-P001,1.1700659810289409
EMAX|EMAX|TIED_GMM,CARBO_A,CarboA-P002,0.99477063043375136
EMAX|EMAX|TIED_GMM,CARBO_A,CarboA-P003,0.94336082274577826
EMAX|EMAX|TIED_GMM,CARBO_A,CarboA-P004,0.55008835819669855
EMAX|EMAX|TIED_GMM,CARBO_A,CarboA-P005,0.99957664817787972
EMAX|EMAX|TIED_GMM,CARBO_A,CarboA-P006,0.95390810486645461
EMAX|EMAX|TIED_GMM,CARBO_A,CarboA-P007,0.99989811520662197
EMAX|EMAX|TIED_GMM,CARBO_A,CarboA-P008,0.99850427005126996
EMAX|EMAX|TIED_GMM,CARBO_A,CarboA-P009,1.0051605889632353
EMAX|EMAX|TIED_GMM,CARBO_A,CarboA-P010,0.99769784643416781
EMAX|EMAX|TIED_GMM,CARBO_A,CarboA-P011,0.98328108760471533
EMAX|EMAX|TIED_GMM,CARBO_A,CarboA-P012,1.0496607596540442
EMAX|EMAX|TIED_GMM,CARBO_A,CarboA-P013,0.89516835438309805
EMAX|EMAX|TIED_GMM,CDDP,CDDP-P001,1.0284849832559853
EMAX|EMAX|TIED_GMM,CDDP,CDDP-P002,1.0490030732502438
EMAX|EMAX|TIED_GMM,CDDP,CDDP-P003,1.0895115207689385
EMAX|EMAX|TIED_GMM,CDDP,CDDP-P004,0.68772690209299503
EMAX|EMAX|TIED_GMM,CDDP,CDDP-P005,1.0614782018128615
EMAX|EMAX|TIED_GMM,CDDP,CDDP-P006,1.0608900145429054
EMAX|EMAX|TIED_GMM,CDDP,CDDP-P007,1.0226594029650322
EMAX|EMAX|TIED_GMM,CDDP,CDDP-P008,0.91846923477846087
EMAX|EMAX|TIED_GMM,CDDP,CDDP-P009,1.0194968207728041
EMAX|EMAX|TIED_GMM,CDDP,CDDP-P010,0.88538388268587642
EMAX|EMAX|TIED_GMM,CDDP,CDDP-P011,0.98582215007795848
EMAX|EMAX|TIED_GMM,CDDP,CDDP-P012,1.025781667241445
EMAX|EMAX|TIED_GMM,CDDP,CDDP-P013,0.94577258661578523
EMAX|EMAX|TIED_GMM,CDDP,CDDP-P014,0.7511190417917244
EMAX|EMAX|TIED_GMM,CDDP,CDDP-P015,0.87525226463916683
EMAX|EMAX|TIED_GMM,CDDP,CDDP-P016,1.0674746048492258
EMAX|EMAX|TIED_GMM,CDDP,CDDP-P017,1.0318183137633183
EMAX|EMAX|TIED_GMM,CDDP,CDDP-P018,1.0339042108264029
EMAX|EMAX|TIED_GMM,CDDP_A,CDDPA-P001,1.0008435740035493
EMAX|EMAX|TIED_GMM,CDDP_A,CDDPA-P002,0.80277939319242231
EMAX|EMAX|TIED_GMM,CDDP_A,CDDPA-P003,0.76803195948065872
EMAX|EMAX|TIED_GMM,CDDP_A,CDDPA-P004,1.0087545649734064
EMAX|EMAX|TIED_GMM,CDDP_A,CDDPA-P005,0.99455416215809722
EMAX|EMAX|TIED_GMM,CDDP_A,CDDPA-P006,0.9988198522921794
EMAX|EMAX|TIED_GMM,CDDP_A,CDDPA-P007,0.90502858088064175
EMAX|EMAX|TIED_GMM,CDDP_A,CDDPA-P008,0.62554045874687003
EMAX|EMAX|TIED_GMM,CDDP_A,CDDPA-P009,0.99507902736318632
EMAX|EMAX|TIED_GMM,CDDP_A,CDDPA-P010,0.42709680831675229
EMAX|EMAX|TIED_GMM,CDDP_A,CDDPA-P011,0.84979026216395936
EMAX|EMAX|TIED_GMM,CDDP_A,CDDPA-P012,0.90770152371786228
EMAX|EMAX|TIED_GMM,CDDP_A,CDDPA-P013,0.97268860341335639
EMAX|EMAX|TIED_GMM,CDDP_A,CDDPA-P014,0.80094739962325123
EMAX|EMAX|TIED_GMM,CDDP_A,CDDPA-P015,0.95940134323535309
EMAX|EMAX|TIED_GMM,CDDP_A,CDDPA-P016,0.99660501537589541
EMAX|EMAX|TIED_GMM,CDDP_A,CDDPA-P017,0.49369092381350554
EMAX|EMAX|TIED_GMM,CDDP_A,CDDPA-P018,0.8788979314075287
EMAX|EMAX|TIED_GMM,ETO,ETO-P001,0.24464970979462397
EMAX|EMAX|TIED_GMM,ETO,ETO-P002,0.59850935871086175
EMAX|EMAX|TIED_GMM,ETO,ETO-P003,0.26147165960269608
EMAX|EMAX|TIED_GMM,ETO,ETO-P004,0.89319089135772478
EMAX|EMAX|TIED_GMM,ETO,ETO-P005,0.94820953237091876
EMAX|EMAX|TIED_GMM,ETO,ETO-P006,0.93463058657640541
EMAX|EMAX|TIED_GMM,ETO,ETO-P007,1.0164815998533079
EMAX|EMAX|TIED_GMM,ETO,ETO-P008,0.271015264780256
EMAX|EMAX|TIED_GMM,ETO,ETO-P009,0.47636645483816425
EMAX|EMAX|TIED_GMM,ETO,ETO-P010,0.40275211552709989
EMAX|EMAX|TIED_GMM,ETO,ETO-P011,0.3191852978741111
EMAX|EMAX|TIED_GMM,ETO,ETO-P012,0.70237468483362064
EMAX|EMAX|TIED_GMM,ETO,ETO-P013,0.087358439682304431
EMAX|EMAX|TIED_GMM,ETO,ETO-P014,0.26607101180719239
EMAX|EMAX|TIED_GMM,ETO,ETO-P015,0.61477592012840099
EMAX|EMAX|TIED_GMM,ETO,ETO-P016,0.42244411846700108
EMAX|EMAX|TIED_GMM,ETO,ETO-P017,0.27843093632899812
EMAX|EMAX|TIED_GMM,ETO,ETO-P018,0.42695888403595539
HILL|IC50|TERTILES,5FU,5FU-P001,-1.7385690262190194
HILL|IC50|TERTILES,5FU,5FU-P002,-6.7519310941727495
HILL|IC50|TERTILES,5FU,5FU-P003,-10.320483486066252
HILL|IC50|TERTILES,5FU,5FU-P004,-6.3802896821732915
HILL|IC50|TERTILES,5FU,5FU-P005,-2.6978363281428481
HILL|IC50|TERTILES,5FU,5FU-P006,-8.8977483353680835
HILL|IC50|TERTILES,5FU,5FU-P007,-6.3084099924640986
HILL|IC50|TERTILES,5FU,5FU-P008,-0.832184331446847
HILL|IC50|TERTILES,5FU,5FU-P009,-3.1458216465185562
HILL|IC50|TERTILES,5FU,5FU-P010,-24.102617614524043
HILL|IC50|TERTILES,5FU,5FU-P011,-28.137698312478317
HILL|IC50|TERTILES,5FU,5FU-P012,
HILL|IC50|TERTILES,5FU,5FU-P013,-48.156663476937794
HILL|IC50|TERTILES,5FU,5FU-P014,-37.600921858058591
HILL|IC50|TERTILES,5FU,5FU-P015,-7.1561918001509026
HILL|IC50|TERTILES,5FU,5FU-P016,-0
HILL|IC50|TERTILES,5FU,5FU-P017,-4.5239019758756918
HILL|IC50|TERTILES,5FU,5FU-P018,-4.6901235817678115
HILL|IC50|TERTILES,5FU,5FU-P019,-3.4758303073963543
HILL|IC50|TERTILES,5FU,5FU-P020,-15.723621935767717
HILL|IC50|TERTILES,5FU,5FU-P021,-9.7659136748644197
HILL|IC50|TERTILES,5FU,5FU-P022,-2.6829734995122703
HILL|IC50|TERTILES,CARBO,Carbo-P001,-1.8286982805490286
HILL|IC50|TERTILES,CARBO,Carbo-P002,-20.755762200654292
HILL|IC50|TERTILES,CARBO,Carbo-P003,-6.8813458659477664
HILL|IC50|TERTILES,CARBO,Carbo-P004,-13.165109644325128
HILL|IC50|TERTILES,CARBO,Carbo-P005,-7.6466665747122784
HILL|IC50|TERTILES,CARBO,Carbo-P006,-7.4979899888105015
HILL|IC50|TERTILES,CARBO,Carbo-P007,-5.0166945462678125
HILL|IC50|TERTILES,CARBO,Carbo-P008,-6.7281776777946991
HILL|IC50|TERTILES,CARBO,Carbo-P009,-20.027808263677152
HILL|IC50|TERTILES,CARBO,Carbo-P010,-1.2530659787920375
HILL|IC50|TERTILES,CARBO,Carbo-P011,-12.374451798181351
HILL|IC50|TERTILES,CARBO,Carbo-P012,-8.5981584577593146
HILL|IC50|TERTILES,CARBO,Carbo-P013,-16.68345231986622
HILL|IC50|TERTILES,CARBO,Carbo-P014,-15.15564855648511
HILL|IC50|TERTILES,CARBO,Carbo-P015,-0.11822479618459597
HILL|IC50|TERTILES,CARBO,Carbo-P016,-20.423487467851874
HILL|IC50|TERTILES,CARBO,Carbo-P017,-27.863382700746275
HILL|IC50|TERTILES,CARBO,Carbo-P018,-20.492603807450873
HILL|IC50|TERTILES,CARBO,Carbo-P019,-0.90360975224158757
HILL|IC50|TERTILES,CARBO,Carbo-P020,-0
HILL|IC50|TERTILES,CARBO,Carbo-P021,-34.741129578265031
HILL|IC50|TERTILES,CARBO,Carbo-P022,-10.573207640049405
HILL|IC50|TERTILES,CARBO,Carbo-P023,-10.421473365369685
HILL|IC50|TERTILES,CARBO,Carbo-P024,-7.4864469001196703
HILL|IC50|TERTILES,CARBO_A,CarboA-P001,-35.450032111316105
HILL|IC50|TERTILES,CARBO_A,CarboA-P002,-10.895714850043431
HILL|IC50|TERTILES,CARBO_A,CarboA-P003,-0.053936286340260334
HILL|IC50|TERTILES,CARBO_A,CarboA-P004,-117.48481750485898
HILL|IC50|TERTILES,CARBO_A,CarboA-P005,-0
HILL|IC50|TERTILES,CARBO_A,CarboA-P006,-24.45862993405682
HILL|IC50|TERTILES,CARBO_A,CarboA-P007,-11.623631968987358
HILL|IC50|TERTILES,CARBO_A,CarboA-P008,-16.085821109151791
HILL|IC50|TERTILES,CARBO_A,CarboA-P009,-1.107858173444211
HILL|IC50|TERTILES,CARBO_A,CarboA-P010,-8.1829257239846473
HILL|IC50|TERTILES,CARBO_A,CarboA-P011,-5.217872807721661
HILL|IC50|TERTILES,CARBO_A,CarboA-P012,-3.6324031588484016
HILL|IC50|TERTILES,CARBO_A,CarboA-P013,-9.4967318456506611
HILL|IC50|TERTILES,CDDP,CDDP-P001,-2.0837777248986926
HILL|IC50|TERTILES,CDDP,CDDP-P002,-2.8031763121005699
HILL|IC50|TERTILES,CDDP,CDDP-P003,-12.586904959134079
HILL|IC50|TERTILES,CDDP,CDDP-P004,-38.912201289954552
HILL|IC50|TERTILES,CDDP,CDDP-P005,-46.875971047735476
HILL|IC50|TERTILES,CDDP,CDDP-P006,-10.711481577988049
HILL|IC50|TERTILES,CDDP,CDDP-P007,-9.2429720701740781
HILL|IC50|TERTILES,CDDP,CDDP-P008,-9.2679433749926616
HILL|IC50|TERTILES,CDDP,CDDP-P009,-15.165048177523943
HILL|IC50|TERTILES,CDDP,CDDP-P010,-23.921710900191368
HILL|IC50|TERTILES,CDDP,CDDP-P011,-40.743274816388215
HILL|IC50|TERTILES,CDDP,CDDP-P012,-3.7586662223008633
HILL|IC50|TERTILES,CDDP,CDDP-P013,-1.9617932190284086
HILL|IC50|TERTILES,CDDP,CDDP-P014,-142.97339512439575
HILL|IC50|TERTILES,CDDP,CDDP-P015,-46.207626635385552
HILL|IC50|TERTILES,CDDP,CDDP-P016,-5.8797402554106011
HILL|IC50|TERTILES,CDDP,CDDP-P017,-6.4895118817822164
HILL|IC50|TERTILES,CDDP,CDDP-P018,-5.7734288327040124
HILL|IC50|TERTILES,CDDP_A,CDDPA-P001,-1.462044658093183
HILL|IC50|TERTILES,CDDP_A,CDDPA-P002,-2.098961621903273
HILL|IC50|TERTILES,CDDP_A,CDDPA-P003,-24.092523034305387
HILL|IC50|TERTILES,CDDP_A,CDDPA-P004,-1.3803628733755555
HILL|IC50|TERTILES,CDDP_A,CDDPA-P005,-3.2323633662459841
HILL|IC50|TERTILES,CDDP_A,CDDPA-P006,-0
HILL|IC50|TERTILES,CDDP_A,CDDPA-P007,-4.7016029913918898
HILL|IC50|TERTILES,CDDP_A,CDDPA-P008,-47.710974864245507
HILL|IC50|TERTILES,CDDP_A,CDDPA-P009,-0
HILL|IC50|TERTILES,CDDP_A,CDDPA-P010,-62.198107306749364
HILL|IC50|TERTILES,CDDP_A,CDDPA-P011,-7.4636201532050395
HILL|IC50|TERTILES,CDDP_A,CDDPA-P012,-4.7174348198244695
HILL|IC50|TERTILES,CDDP_A,CDDPA-P013,-1.810564646179708
HILL|IC50|TERTILES,CDDP_A,CDDPA-P014,-7.0486305047200482
HILL|IC50|TERTILES,CDDP_A,CDDPA-P015,-2.0044184416073969e-06
HILL|IC50|TERTILES,CDDP_A,CDDPA-P016,-0
HILL|IC50|TERTILES,CDDP_A,CDDPA-P017,-38.688467143767504
HILL|IC50|TERTILES,CDDP_A,CDDPA-P018,-4.3075003923029094
HILL|IC50|TERTILES,ETO,ETO-P001,
HILL|IC50|TERTILES,ETO,ETO-P002,-23.560295333677782
HILL|IC50|TERTILES,ETO,ETO-P003,
HILL|IC50|TERTILES,ETO,ETO-P004,-3.2991446440058186e-13
HILL|IC50|TERTILES,ETO,ETO-P005,-55.131374248316362
HILL|IC50|TERTILES,ETO,ETO-P006,-6.5320498683638828
HILL|IC50|TERTILES,ETO,ETO-P007,-3.0798625169220126
HILL|IC50|TERTILES,ETO,ETO-P008,-945.55651445263038
HILL|IC50|TERTILES,ETO,ETO-P009,-274.56251722605646
HILL|IC50|TERTILES,ETO,ETO-P010,
HILL|IC50|TERTILES,ETO,ETO-P011,
HILL|IC50|TERTILES,ETO,ETO-P012,-70.340613148903913
HILL|IC50|TERTILES,ETO,ETO-P013,
HILL|IC50|TERTILES,ETO,ETO-P014,
HILL|IC50|TERTILES,ETO,ETO-P015,-17.644409257450945
HILL|IC50|TERTILES,ETO,ETO-P016,
HILL|IC50|TERTILES,ETO,ETO-P017,
HILL|IC50|TERTILES,ETO,ETO-P018,-754.98288665153461
HILL|IC50|JENKS,5FU,5FU-P001,-1.7385690262190194
HILL|IC50|JENKS,5FU,5FU-P002,-6.7519310941727495
HILL|IC50|JENKS,5FU,5FU-P003,-10.320483486066252
HILL|IC50|JENKS,5FU,5FU-P004,-6.3802896821732915
HILL|IC50|JENKS,5FU,5FU-P005,-2.6978363281428481
HILL|IC50|JENKS,5FU,5FU-P006,-8.8977483353680835
HILL|IC50|JENKS,5FU,5FU-P007,-6.3084099924640986
HILL|IC50|JENKS,5FU,5FU-P008,-0.832184331446847
HILL|IC50|JENKS,5FU,5FU-P009,-3.1458216465185562
HILL|IC50|JENKS,5FU,5FU-P010,-24.102617614524043
HILL|IC50|JENKS,5FU,5FU-P011,-28.137698312478317
HILL|IC50|JENKS,5FU,5FU-P012,
HILL|IC50|JENKS,5FU,5FU-P013,-48.156663476937794
HILL|IC50|JENKS,5FU,5FU-P014,-37.600921858058591
HILL|IC50|JENKS,5FU,5FU-P015,-7.1561918001509026
HILL|IC50|JENKS,5FU,5FU-P016,-0
HILL|IC50|JENKS,5FU,5FU-P017,-4.5239019758756918
HILL|IC50|JENKS,5FU,5FU-P018,-4.6901235817678115
HILL|IC50|JENKS,5FU,5FU-P019,-3.4758303073963543
HILL|IC50|JENKS,5FU,5FU-P020,-15.723621935767717
HILL|IC50|JENKS,5FU,5FU-P021,-9.7659136748644197
HILL|IC50|JENKS,5FU,5FU-P022,-2.6829734995122703
HILL|IC50|JENKS,CARBO,Carbo-P001,-1.8286982805490286
HILL|IC50|JENKS,CARBO,Carbo-P002,-20.755762200654292
HILL|IC50|JENKS,CARBO,Carbo-P003,-6.8813458659477664
HILL|IC50|JENKS,CARBO,Carbo-P004,-13.165109644325128
HILL|IC50|JENKS,CARBO,Carbo-P005,-7.6466665747122784
HILL|IC50|JENKS,CARBO,Carbo-P006,-7.4979899888105015
HILL|IC50|JENKS,CARBO,Carbo-P007,-5.0166945462678125
HILL|IC50|JENKS,CARBO,Carbo-P008,-6.7281776777946991
HILL|IC50|JENKS,CARBO,Carbo-P009,-20.027808263677152
HILL|IC50|JENKS,CARBO,Carbo-P010,-1.2530659787920375
HILL|IC50|JENKS,CARBO,Carbo-P011,-12.374451798181351
HILL|IC50|JENKS,CARBO,Carbo-P012,-8.5981584577593146
HILL|IC50|JENKS,CARBO,Carbo-P013,-16.68345231986622
HILL|IC50|JENKS,CARBO,Carbo-P014,-15.15564855648511
HILL|IC50|JENKS,CARBO,Carbo-P015,-0.11822479618459597
HILL|IC50|JENKS,CARBO,Carbo-P016,-20.423487467851874
HILL|IC50|JENKS,CARBO,Carbo-P017,-27.863382700746275
HILL|IC50|JENKS,CARBO,Carbo-P018,-20.492603807450873
HILL|IC50|JENKS,CARBO,Carbo-P019,-0.90360975224158757
HILL|IC50|JENKS,CARBO,Carbo-P020,-0
HILL|IC50|JENKS,CARBO,Carbo-P021,-34.741129578265031
HILL|IC50|JENKS,CARBO,Carbo-P022,-10.573207640049405
HILL|IC50|JENKS,CARBO,Carbo-P023,-10.421473365369685
HILL|IC50|JENKS,CARBO,Carbo-P024,-7.4864469001196703
HILL|IC50|JENKS,CARBO_A,CarboA-P001,-35.450032111316105
HILL|IC50|JENKS,CARBO_A,CarboA-P002,-10.895714850043431
HILL|IC50|JENKS,CARBO_A,CarboA-P003,-0.053936286340260334
HILL|IC50|JENKS,CARBO_A,CarboA-P004,-117.48481750485898
HILL|IC50|JENKS,CARBO_A,CarboA-P005,-0
HILL|IC50|JENKS,CARBO_A,CarboA-P006,-24.45862993405682
HILL|IC50|JENKS,CARBO_A,CarboA-P007,-11.623631968987358
HILL|IC50|JENKS,CARBO_A,CarboA-P008,-16.085821109151791
HILL|IC50|JENKS,CARBO_A,CarboA-P009,-1.107858173444211
HILL|IC50|JENKS,CARBO_A,CarboA-P010,-8.1829257239846473
HILL|IC50|JENKS,CARBO_A,CarboA-P011,-5.217872807721661
HILL|IC50|JENKS,CARBO_A,CarboA-P012,-3.6324031588484016
HILL|IC50|JENKS,CARBO_A,CarboA-P013,-9.4967318456506611
HILL|IC50|JENKS,CDDP,CDDP-P001,-2.0837777248986926
HILL|IC50|JENKS,CDDP,CDDP-P002,-2.8031763121005699
HILL|IC50|JENKS,CDDP,CDDP-P003,-12.586904959134079
HILL|IC50|JENKS,CDDP,CDDP-P004,-38.912201289954552
HILL|IC50|JENKS,CDDP,CDDP-P005,-46.875971047735476
HILL|IC50|JENKS,CDDP,CDDP-P006,-10.711481577988049
HILL|IC50|JENKS,CDDP,CDDP-P007,-9.2429720701740781
HILL|IC50|JENKS,CDDP,CDDP-P008,-9.2679433749926616
HILL|IC50|JENKS,CDDP,CDDP-P009,-15.165048177523943
HILL|IC50|JENKS,CDDP,CDDP-P010,-23.921710900191368
HILL|IC50|JENKS,CDDP,CDDP-P011,-40.743274816388215
HILL|IC50|JENKS,CDDP,CDDP-P012,-3.7586662223008633
HILL|IC50|JENKS,CDDP,CDDP-P013,-1.9617932190284086
HILL|IC50|JENKS,CDDP,CDDP-P014,-142.97339512439575
HILL|IC50|JENKS,CDDP,CDDP-P015,-46.207626635385552
HILL|IC50|JENKS,CDDP,CDDP-P016,-5.8797402554106011
HILL|IC50|JENKS,CDDP,CDDP-P017,-6.4895118817822164
HILL|IC50|JENKS,CDDP,CDDP-P018,-5.7734288327040124
HILL|IC50|JENKS,CDDP_A,CDDPA-P001,-1.462044658093183
HILL|IC50|JENKS,CDDP_A,CDDPA-P002,-2.098961621903273
HILL|IC50|JENKS,CDDP_A,CDDPA-P003,-24.092523034305387
HILL|IC50|JENKS,CDDP_A,CDDPA-P004,-1.3803628733755555
HILL|IC50|JENKS,CDDP_A,CDDPA-P005,-3.2323633662459841
HILL|IC50|JENKS,CDDP_A,CDDPA-P006,-0
HILL|IC50|JENKS,CDDP_A,CDDPA-P007,-4.7016029913918898
HILL|IC50|JENKS,CDDP_A,CDDPA-P008,-47.710974864245507
HILL|IC50|JENKS,CDDP_A,CDDPA-P009,-0
HILL|IC50|JENKS,CDDP_A,CDDPA-P010,-62.198107306749364
HILL|IC50|JENKS,CDDP_A,CDDPA-P011,-7.4636201532050395
HILL|IC50|JENKS,CDDP_A,CDDPA-P012,-4.7174348198244695
HILL|IC50|JENKS,CDDP_A,CDDPA-P013,-1.810564646179708
HILL|IC50|JENKS,CDDP_A,CDDPA-P014,-7.0486305047200482
HILL|IC50|JENKS,CDDP_A,CDDPA-P015,-2.0044184416073969e-06
HILL|IC50|JENKS,CDDP_A,CDDPA-P016,-0
HILL|IC50|JENKS,CDDP_A,CDDPA-P017,-38.688467143767504
HILL|IC50|JENKS,CDDP_A,CDDPA-P018,-4.3075003923029094
HILL|IC50|JENKS,ETO,ETO-P001,
HILL|IC50|JENKS,ETO,ETO-P002,-23.560295333677782
HILL|IC50|JENKS,ETO,ETO-P003,
HILL|IC50|JENKS,ETO,ETO-P004,-3.2991446440058186e-13
HILL|IC50|JENKS,ETO,ETO-P005,-55.131374248316362
HILL|IC50|JENKS,ETO,ETO-P006,-6.5320498683638828
HILL|IC50|JENKS,ETO,ETO-P007,-3.0798625169220126
HILL|IC50|JENKS,ETO,ETO-P008,-945.55651445263038
HILL|IC50|JENKS,ETO,ETO-P009,-274.56251722605646
HILL|IC50|JENKS,ETO,ETO-P010,
HILL|IC50|JENKS,ETO,ETO-P011,
HILL|IC50|JENKS,ETO,ETO-P012,-70.340613148903913
HILL|IC50|JENKS,ETO,ETO-P013,
HILL|IC50|JENKS,ETO,ETO-P014,
HILL|IC50|JENKS,ETO,ETO-P015,-17.644409257450945
HILL|IC50|JENKS,ETO,ETO-P016,
HILL|IC50|JENKS,ETO,ETO-P017,
HILL|IC50|JENKS,ETO,ETO-P018,-754.98288665153461
HILL|IC50|KMEANS,5FU,5FU-P001,-1.7385690262190194
HILL|IC50|KMEANS,5FU,5FU-P002,-6.7519310941727495
HILL|IC50|KMEANS,5FU,5FU-P003,-10.320483486066252
HILL|IC50|KMEANS,5FU,5FU-P004,-6.3802896821732915
HILL|IC50|KMEANS,5FU,5FU-P005,-2.6978363281428481
HILL|IC50|KMEANS,5FU,5FU-P006,-8.8977483353680835
HILL|IC50|KMEANS,5FU,5FU-P007,-6.3084099924640986
HILL|IC50|KMEANS,5FU,5FU-P008,-0.832184331446847
HILL|IC50|KMEANS,5FU,5FU-P009,-3.1458216465185562
HILL|IC50|KMEANS,5FU,5FU-P010,-24.102617614524043
HILL|IC50|KMEANS,5FU,5FU-P011,-28.137698312478317
HILL|IC50|KMEANS,5FU,5FU-P012,
HILL|IC50|KMEANS,5FU,5FU-P013,-48.156663476937794
HILL|IC50|KMEANS,5FU,5FU-P014,-37.600921858058591
HILL|IC50|KMEANS,5FU,5FU-P015,-7.1561918001509026
HILL|IC50|KMEANS,5FU,5FU-P016,-0
HILL|IC50|KMEANS,5FU,5FU-P017,-4.5239019758756918
HILL|IC50|KMEANS,5FU,5FU-P018,-4.6901235817678115
HILL|IC50|KMEANS,5FU,5FU-P019,-3.4758303073963543
HILL|IC50|KMEANS,5FU,5FU-P020,-15.723621935767717
HILL|IC50|KMEANS,5FU,5FU-P021,-9.7659136748644197
HILL|IC50|KMEANS,5FU,5FU-P022,-2.6829734995122703
HILL|IC50|KMEANS,CARBO,Carbo-P001,-1.8286982805490286
HILL|IC50|KMEANS,CARBO,Carbo-P002,-20.755762200654292
HILL|IC50|KMEANS,CARBO,Carbo-P003,-6.8813458659477664
HILL|IC50|KMEANS,CARBO,Carbo-P004,-13.165109644325128
HILL|IC50|KMEANS,CARBO,Carbo-P005,-7.6466665747122784
HILL|IC50|KMEANS,CARBO,Carbo-P006,-7.4979899888105015
HILL|IC50|KMEANS,CARBO,Carbo-P007,-5.0166945462678125
HILL|IC50|KMEANS,CARBO,Carbo-P008,-6.7281776777946991
HILL|IC50|KMEANS,CARBO,Carbo-P009,-20.027808263677152
HILL|IC50|KMEANS,CARBO,Carbo-P010,-1.2530659787920375
HILL|IC50|KMEANS,CARBO,Carbo-P011,-12.374451798181351
HILL|IC50|KMEANS,CARBO,Carbo-P012,-8.5981584577593146
HILL|IC50|KMEANS,CARBO,Carbo-P013,-16.68345231986622
HILL|IC50|KMEANS,CARBO,Carbo-P014,-15.15564855648511
HILL|IC50|KMEANS,CARBO,Carbo-P015,-0.11822479618459597
HILL|IC50|KMEANS,CARBO,Carbo-P016,-20.423487467851874
HILL|IC50|KMEANS,CARBO,Carbo-P017,-27.863382700746275
HILL|IC50|KMEANS,CARBO,Carbo-P018,-20.492603807450873
HILL|IC50|KMEANS,CARBO,Carbo-P019,-0.90360975224158757
HILL|IC50|KMEANS,CARBO,Carbo-P020,-0
HILL|IC50|KMEANS,CARBO,Carbo-P021,-34.741129578265031
HILL|IC50|KMEANS,CARBO,Carbo-P022,-10.573207640049405
HILL|IC50|KMEANS,CARBO,Carbo-P023,-10.421473365369685
HILL|IC50|KMEANS,CARBO,Carbo-P024,-7.4864469001196703
HILL|IC50|KMEANS,CARBO_A,CarboA-P001,-35.450032111316105
HILL|IC50|KMEANS,CARBO_A,CarboA-P002,-10.895714850043431
HILL|IC50|KMEANS,CARBO_A,CarboA-P003,-0.053936286340260334
HILL|IC50|KMEANS,CARBO_A,CarboA-P004,-117.48481750485898
HILL|IC50|KMEANS,CARBO_A,CarboA-P005,-0
HILL|IC50|KMEANS,CARBO_A,CarboA-P006,-24.45862993405682
HILL|IC50|KMEANS,CARBO_A,CarboA-P007,-11.623631968987358
HILL|IC50|KMEANS,CARBO_A,CarboA-P008,-16.085821109151791
HILL|IC50|KMEANS,CARBO_A,CarboA-P009,-1.107858173444211
HILL|IC50|KMEANS,CARBO_A,CarboA-P010,-8.1829257239846473
HILL|IC50|KMEANS,CARBO_A,CarboA-P011,-5.217872807721661
HILL|IC50|KMEANS,CARBO_A,CarboA-P012,-3.6324031588484016
HILL|IC50|KMEANS,CARBO_A,CarboA-P013,-9.4967318456506611
HILL|IC50|KMEANS,CDDP,CDDP-P001,-2.0837777248986926
HILL|IC50|KMEANS,CDDP,CDDP-P002,-2.8031763121005699
HILL|IC50|KMEANS,CDDP,CDDP-P003,-12.586904959134079
HILL|IC50|KMEANS,CDDP,CDDP-P004,-38.912201289954552
HILL|IC50|KMEANS,CDDP,CDDP-P005,-46.875971047735476
HILL|IC50|KMEANS,CDDP,CDDP-P006,-10.711481577988049
HILL|IC50|KMEANS,CDDP,CDDP-P007,-9.2429720701740781
HILL|IC50|KMEANS,CDDP,CDDP-P008,-9.2679433749926616
HILL|IC50|KMEANS,CDDP,CDDP-P009,-15.165048177523943
HILL|IC50|KMEANS,CDDP,CDDP-P010,-23.921710900191368
HILL|IC50|KMEANS,CDDP,CDDP-P011,-40.743274816388215
HILL|IC50|KMEANS,CDDP,CDDP-P012,-3.7586662223008633
HILL|IC50|KMEANS,CDDP,CDDP-P013,-1.9617932190284086
HILL|IC50|KMEANS,CDDP,CDDP-P014,-142.97339512439575
HILL|IC50|KMEANS,CDDP,CDDP-P015,-46.207626635385552
HILL|IC50|KMEANS,CDDP,CDDP-P016,-5.8797402554106011
HILL|IC50|KMEANS,CDDP,CDDP-P017,-6.4895118817822164
HILL|IC50|KMEANS,CDDP,CDDP-P018,-5.7734288327040124
HILL|IC50|KMEANS,CDDP_A,CDDPA-P001,-1.462044658093183
HILL|IC50|KMEANS,CDDP_A,CDDPA-P002,-2.098961621903273
HILL|IC50|KMEANS,CDDP_A,CDDPA-P003,-24.092523034305387
HILL|IC50|KMEANS,CDDP_A,CDDPA-P004,-1.3803628733755555
HILL|IC50|KMEANS,CDDP_A,CDDPA-P005,-3.2323633662459841
HILL|IC50|KMEANS,CDDP_A,CDDPA-P006,-0
HILL|IC50|KMEANS,CDDP_A,CDDPA-P007,-4.7016029913918898
HILL|IC50|KMEANS,CDDP_A,CDDPA-P008,-47.710974864245507
HILL|IC50|KMEANS,CDDP_A,CDDPA-P009,-0
HILL|IC50|KMEANS,CDDP_A,CDDPA-P010,-62.198107306749364
HILL|IC50|KMEANS,CDDP_A,CDDPA-P011,-7.4636201532050395
HILL|IC50|KMEANS,CDDP_A,CDDPA-P012,-4.7174348198244695
HILL|IC50|KMEANS,CDDP_A,CDDPA-P013,-1.810564646179708
HILL|IC50|KMEANS,CDDP_A,CDDPA-P014,-7.0486305047200482
HILL|IC50|KMEANS,CDDP_A,CDDPA-P015,-2.0044184416073969e-06
HILL|IC50|KMEANS,CDDP_A,CDDPA-P016,-0
HILL|IC50|KMEANS,CDDP_A,CDDPA-P017,-38.688467143767504
HILL|IC50|KMEANS,CDDP_A,CDDPA-P018,-4.3075003923029094
HILL|IC50|KMEANS,ETO,ETO-P001,
HILL|IC50|KMEANS,ETO,ETO-P002,-23.560295333677782
HILL|IC50|KMEANS,ETO,ETO-P003,
HILL|IC50|KMEANS,ETO,ETO-P004,-3.2991446440058186e-13
HILL|IC50|KMEANS,ETO,ETO-P005,-55.131374248316362
HILL|IC50|KMEANS,ETO,ETO-P006,-6.5320498683638828
HILL|IC50|KMEANS,ETO,ETO-P007,-3.0798625169220126
HILL|IC50|KMEANS,ETO,ETO-P008,-945.55651445263038
HILL|IC50|KMEANS,ETO,ETO-P009,-274.56251722605646
HILL|IC50|KMEANS,ETO,ETO-P010,
HILL|IC50|KMEANS,ETO,ETO-P011,
HILL|IC50|KMEANS,ETO,ETO-P012,-70.340613148903913
HILL|IC50|KMEANS,ETO,ETO-P013,
HILL|IC50|KMEANS,ETO,ETO-P014,
HILL|IC50|KMEANS,ETO,ETO-P015,-17.644409257450945
HILL|IC50|KMEANS,ETO,ETO-P016,
HILL|IC50|KMEANS,ETO,ETO-P017,
HILL|IC50|KMEANS,ETO,ETO-P018,-754.98288665153461
HILL|IC50|WARD,5FU,5FU-P001,-1.7385690262190194
HILL|IC50|WARD,5FU,5FU-P002,-6.7519310941727495
HILL|IC50|WARD,5FU,5FU-P003,-10.320483486066252
HILL|IC50|WARD,5FU,5FU-P004,-6.3802896821732915
HILL|IC50|WARD,5FU,5FU-P005,-2.6978363281428481
HILL|IC50|WARD,5FU,5FU-P006,-8.8977483353680835
HILL|IC50|WARD,5FU,5FU-P007,-6.3084099924640986
HILL|IC50|WARD,5FU,5FU-P008,-0.832184331446847
HILL|IC50|WARD,5FU,5FU-P009,-3.1458216465185562
HILL|IC50|WARD,5FU,5FU-P010,-24.102617614524043
HILL|IC50|WARD,5FU,5FU-P011,-28.137698312478317
HILL|IC50|WARD,5FU,5FU-P012,
HILL|IC50|WARD,5FU,5FU-P013,-48.156663476937794
HILL|IC50|WARD,5FU,5FU-P014,-37.600921858058591
HILL|IC50|WARD,5FU,5FU-P015,-7.1561918001509026
HILL|IC50|WARD,5FU,5FU-P016,-0
HILL|IC50|WARD,5FU,5FU-P017,-4.5239019758756918
HILL|IC50|WARD,5FU,5FU-P018,-4.6901235817678115
HILL|IC50|WARD,5FU,5FU-P019,-3.4758303073963543
HILL|IC50|WARD,5FU,5FU-P020,-15.723621935767717
HILL|IC50|WARD,5FU,5FU-P021,-9.7659136748644197
HILL|IC50|WARD,5FU,5FU-P022,-2.6829734995122703
HILL|IC50|WARD,CARBO,Carbo-P001,-1.8286982805490286
HILL|IC50|WARD,CARBO,Carbo-P002,-20.755762200654292
HILL|IC50|WARD,CARBO,Carbo-P003,-6.8813458659477664
HILL|IC50|WARD,CARBO,Carbo-P004,-13.165109644325128
HILL|IC50|WARD,CARBO,Carbo-P005,-7.6466665747122784
HILL|IC50|WARD,CARBO,Carbo-P006,-7.4979899888105015
HILL|IC50|WARD,CARBO,Carbo-P007,-5.0166945462678125
HILL|IC50|WARD,CARBO,Carbo-P008,-6.7281776777946991
HILL|IC50|WARD,CARBO,Carbo-P009,-20.027808263677152
HILL|IC50|WARD,CARBO,Carbo-P010,-1.2530659787920375
HILL|IC50|WARD,CARBO,Carbo-P011,-12.374451798181351
HILL|IC50|WARD,CARBO,Carbo-P012,-8.5981584577593146
HILL|IC50|WARD,CARBO,Carbo-P013,-16.68345231986622
HILL|IC50|WARD,CARBO,Carbo-P014,-15.15564855648511
HILL|IC50|WARD,CARBO,Carbo-P015,-0.11822479618459597
HILL|IC50|WARD,CARBO,Carbo-P016,-20.423487467851874
HILL|IC50|WARD,CARBO,Carbo-P017,-27.863382700746275
HILL|IC50|WARD,CARBO,Carbo-P018,-20.492603807450873
HILL|IC50|WARD,CARBO,Carbo-P019,-0.90360975224158757
HILL|IC50|WARD,CARBO,Carbo-P020,-0
HILL|IC50|WARD,CARBO,Carbo-P021,-34.741129578265031
HILL|IC50|WARD,CARBO,Carbo-P022,-10.573207640049405
HILL|IC50|WARD,CARBO,Carbo-P023,-10.421473365369685
HILL|IC50|WARD,CARBO,Carbo-P024,-7.4864469001196703
HILL|IC50|WARD,CARBO_A,CarboA-P001,-35.450032111316105
HILL|IC50|WARD,CARBO_A,CarboA-P002,-10.895714850043431
HILL|IC50|WARD,CARBO_A,CarboA-P003,-0.053936286340260334
HILL|IC50|WARD,CARBO_A,CarboA-P004,-117.48481750485898
HILL|IC50|WARD,CARBO_A,CarboA-P005,-0
HILL|IC50|WARD,CARBO_A,CarboA-P006,-24.45862993405682
HILL|IC50|WARD,CARBO_A,CarboA-P007,-11.623631968987358
HILL|IC50|WARD,CARBO_A,CarboA-P008,-16.085821109151791
HILL|IC50|WARD,CARBO_A,CarboA-P009,-1.107858173444211
HILL|IC50|WARD,CARBO_A,CarboA-P010,-8.1829257239846473
HILL|IC50|WARD,CARBO_A,CarboA-P011,-5.217872807721661
HILL|IC50|WARD,CARBO_A,CarboA-P012,-3.6324031588484016
HILL|IC50|WARD,CARBO_A,CarboA-P013,-9.4967318456506611
HILL|IC50|WARD,CDDP,CDDP-P001,-2.0837777248986926
HILL|IC50|WARD,CDDP,CDDP-P002,-2.8031763121005699
HILL|IC50|WARD,CDDP,CDDP-P003,-12.586904959134079
HILL|IC50|WARD,CDDP,CDDP-P004,-38.912201289954552
HILL|IC50|WARD,CDDP,CDDP-P005,-46.875971047735476
HILL|IC50|WARD,CDDP,CDDP-P006,-10.711481577988049
HILL|IC50|WARD,CDDP,CDDP-P007,-9.2429720701740781
HILL|IC50|WARD,CDDP,CDDP-P008,-9.2679433749926616
HILL|IC50|WARD,CDDP,CDDP-P009,-15.165048177523943
HILL|IC50|WARD,CDDP,CDDP-P010,-23.921710900191368
HILL|IC50|WARD,CDDP,CDDP-P011,-40.743274816388215
HILL|IC50|WARD,CDDP,CDDP-P012,-3.7586662223008633
HILL|IC50|WARD,CDDP,CDDP-P013,-1.9617932190284086
HILL|IC50|WARD,CDDP,CDDP-P014,-142.97339512439575
HILL|IC50|WARD,CDDP,CDDP-P015,-46.207626635385552
HILL|IC50|WARD,CDDP,CDDP-P016,-5.8797402554106011
HILL|IC50|WARD,CDDP,CDDP-P017,-6.4895118817822164
HILL|IC50|WARD,CDDP,CDDP-P018,-5.7734288327040124
HILL|IC50|WARD,CDDP_A,CDDPA-P001,-1.462044658093183
HILL|IC50|WARD,CDDP_A,CDDPA-P002,-2.098961621903273
HILL|IC50|WARD,CDDP_A,CDDPA-P003,-24.092523034305387
HILL|IC50|WARD,CDDP_A,CDDPA-P004,-1.3803628733755555
HILL|IC50|WARD,CDDP_A,CDDPA-P005,-3.2323633662459841
HILL|IC50|WARD,CDDP_A,CDDPA-P006,-0
HILL|IC50|WARD,CDDP_A,CDDPA-P007,-4.7016029913918898
HILL|IC50|WARD,CDDP_A,CDDPA-P008,-47.710974864245507
HILL|IC50|WARD,CDDP_A,CDDPA-P009,-0
HILL|IC50|WARD,CDDP_A,CDDPA-P010,-62.198107306749364
HILL|IC50|WARD,CDDP_A,CDDPA-P011,-7.4636201532050395
HILL|IC50|WARD,CDDP_A,CDDPA-P012,-4.7174348198244695
HILL|IC50|WARD,CDDP_A,CDDPA-P013,-1.810564646179708
HILL|IC50|WARD,CDDP_A,CDDPA-P014,-7.0486305047200482
HILL|IC50|WARD,CDDP_A,CDDPA-P015,-2.0044184416073969e-06
HILL|IC50|WARD,CDDP_A,CDDPA-P016,-0
HILL|IC50|WARD,CDDP_A,CDDPA-P017,-38.688467143767504
HILL|IC50|WARD,CDDP_A,CDDPA-P018,-4.3075003923029094
HILL|IC50|WARD,ETO,ETO-P001,
HILL|IC50|WARD,ETO,ETO-P002,-23.560295333677782
HILL|IC50|WARD,ETO,ETO-P003,
HILL|IC50|WARD,ETO,ETO-P004,-3.2991446440058186e-13
HILL|IC50|WARD,ETO,ETO-P005,-55.131374248316362
HILL|IC50|WARD,ETO,ETO-P006,-6.5320498683638828
HILL|IC50|WARD,ETO,ETO-P007,-3.0798625169220126
HILL|IC50|WARD,ETO,ETO-P008,-945.55651445263038
HILL|IC50|WARD,ETO,ETO-P009,-274.56251722605646
HILL|IC50|WARD,ETO,ETO-P010,
HILL|IC50|WARD,ETO,ETO-P011,
HILL|IC50|WARD,ETO,ETO-P012,-70.340613148903913
HILL|IC50|WARD,ETO,ETO-P013,
HILL|IC50|WARD,ETO,ETO-P014,
HILL|IC50|WARD,ETO,ETO-P015,-17.644409257450945
HILL|IC50|WARD,ETO,ETO-P016,
HILL|IC50|WARD,ETO,ETO-P017,
HILL|IC50|WARD,ETO,ETO-P018,-754.98288665153461
HILL|IC50|TIED_GMM,5FU,5FU-P001,-1.7385690262190194
HILL|IC50|TIED_GMM,5FU,5FU-P002,-6.7519310941727495
HILL|IC50|TIED_GMM,5FU,5FU-P003,-10.320483486066252
HILL|IC50|TIED_GMM,5FU,5FU-P004,-6.3802896821732915
HILL|IC50|TIED_GMM,5FU,5FU-P005,-2.6978363281428481
HILL|IC50|TIED_GMM,5FU,5FU-P006,-8.8977483353680835
HILL|IC50|TIED_GMM,5FU,5FU-P007,-6.3084099924640986
HILL|IC50|TIED_GMM,5FU,5FU-P008,-0.832184331446847
HILL|IC50|TIED_GMM,5FU,5FU-P009,-3.1458216465185562
HILL|IC50|TIED_GMM,5FU,5FU-P010,-24.102617614524043
HILL|IC50|TIED_GMM,5FU,5FU-P011,-28.137698312478317
HILL|IC50|TIED_GMM,5FU,5FU-P012,
HILL|IC50|TIED_GMM,5FU,5FU-P013,-48.156663476937794
HILL|IC50|TIED_GMM,5FU,5FU-P014,-37.600921858058591
HILL|IC50|TIED_GMM,5FU,5FU-P015,-7.1561918001509026
HILL|IC50|TIED_GMM,5FU,5FU-P016,-0
HILL|IC50|TIED_GMM,5FU,5FU-P017,-4.5239019758756918
HILL|IC50|TIED_GMM,5FU,5FU-P018,-4.6901235817678115
HILL|IC50|TIED_GMM,5FU,5FU-P019,-3.4758303073963543
HILL|IC50|TIED_GMM,5FU,5FU-P020,-15.723621935767717
HILL|IC50|TIED_GMM,5FU,5FU-P021,-9.7659136748644197
HILL|IC50|TIED_GMM,5FU,5FU-P022,-2.6829734995122703
HILL|IC50|TIED_GMM,CARBO,Carbo-P001,-1.8286982805490286
HILL|IC50|TIED_GMM,CARBO,Carbo-P002,-20.755762200654292
HILL|IC50|TIED_GMM,CARBO,Carbo-P003,-6.8813458659477664
HILL|IC50|TIED_GMM,CARBO,Carbo-P004,-13.165109644325128
HILL|IC50|TIED_GMM,CARBO,Carbo-P005,-7.6466665747122784
HILL|IC50|TIED_GMM,CARBO,Carbo-P006,-7.4979899888105015
HILL|IC50|TIED_GMM,CARBO,Carbo-P007,-5.0166945462678125
HILL|IC50|TIED_GMM,CARBO,Carbo-P008,-6.7281776777946991
HILL|IC50|TIED_GMM,CARBO,Carbo-P009,-20.027808263677152
HILL|IC50|TIED_GMM,CARBO,Carbo-P010,-1.2530659787920375
HILL|IC50|TIED_GMM,CARBO,Carbo-P011,-12.374451798181351
HILL|IC50|TIED_GMM,CARBO,Carbo-P012,-8.5981584577593146
HILL|IC50|TIED_GMM,CARBO,Carbo-P013,-16.68345231986622
HILL|IC50|TIED_GMM,CARBO,Carbo-P014,-15.15564855648511
HILL|IC50|TIED_GMM,CARBO,Carbo-P015,-0.11822479618459597
HILL|IC50|TIED_GMM,CARBO,Carbo-P016,-20.423487467851874
HILL|IC50|TIED_GMM,CARBO,Carbo-P017,-27.863382700746275
HILL|IC50|TIED_GMM,CARBO,Carbo-P018,-20.492603807450873
HILL|IC50|TIED_GMM,CARBO,Carbo-P019,-0.90360975224158757
HILL|IC50|TIED_GMM,CARBO,Carbo-P020,-0
HILL|IC50|TIED_GMM,CARBO,Carbo-P021,-34.741129578265031
HILL|IC50|TIED_GMM,CARBO,Carbo-P022,-10.573207640049405
HILL|IC50|TIED_GMM,CARBO,Carbo-P023,-10.421473365369685
HILL|IC50|TIED_GMM,CARBO,Carbo-P024,-7.4864469001196703
HILL|IC50|TIED_GMM,CARBO_A,CarboA-P001,-35.450032111316105
HILL|IC50|TIED_GMM,CARBO_A,CarboA-P002,-10.895714850043431
HILL|IC50|TIED_GMM,CARBO_A,CarboA-P003,-0.053936286340260334
HILL|IC50|TIED_GMM,CARBO_A,CarboA-P004,-117.48481750485898
HILL|IC50|TIED_GMM,CARBO_A,CarboA-P005,-0
HILL|IC50|TIED_GMM,CARBO_A,CarboA-P006,-24.45862993405682
HILL|IC50|TIED_GMM,CARBO_A,CarboA-P007,-11.623631968987358
HILL|IC50|TIED_GMM,CARBO_A,CarboA-P008,-16.085821109151791
HILL|IC50|TIED_GMM,CARBO_A,CarboA-P009,-1.107858173444211
HILL|IC50|TIED_GMM,CARBO_A,CarboA-P010,-8.1829257239846473
HILL|IC50|TIED_GMM,CARBO_A,CarboA-P011,-5.217872807721661
HILL|IC50|TIED_GMM,CARBO_A,CarboA-P012,-3.6324031588484016
HILL|IC50|TIED_GMM,CARBO_A,CarboA-P013,-9.4967318456506611
HILL|IC50|TIED_GMM,CDDP,CDDP-P001,-2.0837777248986926
HILL|IC50|TIED_GMM,CDDP,CDDP-P002,-2.8031763121005699
HILL|IC50|TIED_GMM,CDDP,CDDP-P003,-12.586904959134079
HILL|IC50|TIED_GMM,CDDP,CDDP-P004,-38.912201289954552
HILL|IC50|TIED_GMM,CDDP,CDDP-P005,-46.875971047735476
HILL|IC50|TIED_GMM,CDDP,CDDP-P006,-10.711481577988049
HILL|IC50|TIED_GMM,CDDP,CDDP-P007,-9.2429720701740781
HILL|IC50|TIED_GMM,CDDP,CDDP-P008,-9.2679433749926616
HILL|IC50|TIED_GMM,CDDP,CDDP-P009,-15.165048177523943
HILL|IC50|TIED_GMM,CDDP,CDDP-P010,-23.921710900191368
HILL|IC50|TIED_GMM,CDDP,CDDP-P011,-40.743274816388215
HILL|IC50|TIED_GMM,CDDP,CDDP-P012,-3.7586662223008633
HILL|IC50|TIED_GMM,CDDP,CDDP-P013,-1.9617932190284086
HILL|IC50|TIED_GMM,CDDP,CDDP-P014,-142.97339512439575
HILL|IC50|TIED_GMM,CDDP,CDDP-P015,-46.207626635385552
HILL|IC50|TIED_GMM,CDDP,CDDP-P016,-5.8797402554106011
HILL|IC50|TIED_GMM,CDDP,CDDP-P017,-6.4895118817822164
HILL|IC50|TIED_GMM,CDDP,CDDP-P018,-5.7734288327040124
HILL|IC50|TIED_GMM,CDDP_A,CDDPA-P001,-1.462044658093183
HILL|IC50|TIED_GMM,CDDP_A,CDDPA-P002,-2.098961621903273
HILL|IC50|TIED_GMM,CDDP_A,CDDPA-P003,-24.092523034305387
HILL|IC50|TIED_GMM,CDDP_A,CDDPA-P004,-1.3803628733755555
HILL|IC50|TIED_GMM,CDDP_A,CDDPA-P005,-3.2323633662459841
HILL|IC50|TIED_GMM,CDDP_A,CDDPA-P006,-0
HILL|IC50|TIED_GMM,CDDP_A,CDDPA-P007,-4.7016029913918898
HILL|IC50|TIED_GMM,CDDP_A,CDDPA-P008,-47.710974864245507
HILL|IC50|TIED_GMM,CDDP_A,CDDPA-P009,-0
HILL|IC50|TIED_GMM,CDDP_A,CDDPA-P010,-62.198107306749364
HILL|IC50|TIED_GMM,CDDP_A,CDDPA-P011,-7.4636201532050395
HILL|IC50|TIED_GMM,CDDP_A,CDDPA-P012,-4.7174348198244695
HILL|IC50|TIED_GMM,CDDP_A,CDDPA-P013,-1.810564646179708
HILL|IC50|TIED_GMM,CDDP_A,CDDPA-P014,-7.0486305047200482
HILL|IC50|TIED_GMM,CDDP_A,CDDPA-P015,-2.0044184416073969e-06
HILL|IC50|TIED_GMM,CDDP_A,CDDPA-P016,-0
HILL|IC50|TIED_GMM,CDDP_A,CDDPA-P017,-38.688467143767504
HILL|IC50|TIED_GMM,CDDP_A,CDDPA-P018,-4.3075003923029094
HILL|IC50|TIED_GMM,ETO,ETO-P001,
HILL|IC50|TIED_GMM,ETO,ETO-P002,-23.560295333677782
HILL|IC50|TIED_GMM,ETO,ETO-P003,
HILL|IC50|TIED_GMM,ETO,ETO-P004,-3.2991446440058186e-13
HILL|IC50|TIED_GMM,ETO,ETO-P005,-55.131374248316362
HILL|IC50|TIED_GMM,ETO,ETO-P006,-6.5320498683638828
HILL|IC50|TIED_GMM,ETO,ETO-P007,-3.0798625169220126
HILL|IC50|TIED_GMM,ETO,ETO-P008,-945.55651445263038
HILL|IC50|TIED_GMM,ETO,ETO-P009,-274.56251722605646
HILL|IC50|TIED_GMM,ETO,ETO-P010,
HILL|IC50|TIED_GMM,ETO,ETO-P011,
HILL|IC50|TIED_GMM,ETO,ETO-P012,-70.340613148903913
HILL|IC50|TIED_GMM,ETO,ETO-P013,
HILL|IC50|TIED_GMM,ETO,ETO-P014,
HILL|IC50|TIED_GMM,ETO,ETO-P015,-17.644409257450945
HILL|IC50|TIED_GMM,ETO,ETO-P016,
HILL|IC50|TIED_GMM,ETO,ETO-P017,
HILL|IC50|TIED_GMM,ETO,ETO-P018,-754.98288665153461
HILL|EC50|TERTILES,5FU,5FU-P001,-1.8411734268953734
HILL|EC50|TERTILES,5FU,5FU-P002,-7.0930870271148274
HILL|EC50|TERTILES,5FU,5FU-P003,-8.0173146820624588
HILL|EC50|TERTILES,5FU,5FU-P004,-0.88484380328913337
HILL|EC50|TERTILES,5FU,5FU-P005,-2.3542621628891989
HILL|EC50|TERTILES,5FU,5FU-P006,-6.5806776612879325
HILL|EC50|TERTILES,5FU,5FU-P007,-4.925468489575815
HILL|EC50|TERTILES,5FU,5FU-P008,-0.64059541030407896
HILL|EC50|TERTILES,5FU,5FU-P009,-3.5408396935623343
HILL|EC50|TERTILES,5FU,5FU-P010,-23.492902293541153
HILL|EC50|TERTILES,5FU,5FU-P011,-15.490533094011845
HILL|EC50|TERTILES,5FU,5FU-P012,-2.3144750317161553
HILL|EC50|TERTILES,5FU,5FU-P013,-24.874672644406555
HILL|EC50|TERTILES,5FU,5FU-P014,-38.185919201278253
HILL|EC50|TERTILES,5FU,5FU-P015,-6.9500704505166917
HILL|EC50|TERTILES,5FU,5FU-P016,-45.349669546627723
HILL|EC50|TERTILES,5FU,5FU-P017,-3.8116827289989246
HILL|EC50|TERTILES,5FU,5FU-P018,-4.6703425126303246
HILL|EC50|TERTILES,5FU,5FU-P019,-5.8249356107523491
HILL|EC50|TERTILES,5FU,5FU-P020,-16.159807266967974
HILL|EC50|TERTILES,5FU,5FU-P021,-6.9182278454508124
HILL|EC50|TERTILES,5FU,5FU-P022,-2.9769424506832518
HILL|EC50|TERTILES,CARBO,Carbo-P001,-1.8562606677888709
HILL|EC50|TERTILES,CARBO,Carbo-P002,-21.737610187423996
HILL|EC50|TERTILES,CARBO,Carbo-P003,-7.3546247982871469
HILL|EC50|TERTILES,CARBO,Carbo-P004,-13.852450694369209
HILL|EC50|TERTILES,CARBO,Carbo-P005,-8.1630862110993441
HILL|EC50|TERTILES,CARBO,Carbo-P006,-7.988350336343661
HILL|EC50|TERTILES,CARBO,Carbo-P007,-5.0113757524301548
HILL|EC50|TERTILES,CARBO,Carbo-P008,-6.6656294142895183
HILL|EC50|TERTILES,CARBO,Carbo-P009,-19.893103649724949
HILL|EC50|TERTILES,CARBO,Carbo-P010,-1.3413864341571042
HILL|EC50|TERTILES,CARBO,Carbo-P011,-13.020102465896803
HILL|EC50|TERTILES,CARBO,Carbo-P012,-8.4929903075517785
HILL|EC50|TERTILES,CARBO,Carbo-P013,-16.320088325382788
HILL|EC50|TERTILES,CARBO,Carbo-P014,-15.849660955309634
HILL|EC50|TERTILES,CARBO,Carbo-P015,-0.12309101964490256
HILL|EC50|TERTILES,CARBO,Carbo-P016,-20.409313662309163
HILL|EC50|TERTILES,CARBO,Carbo-P017,-12.522230533837991
HILL|EC50|TERTILES,CARBO,Carbo-P018,-22.019500604759699
HILL|EC50|TERTILES,CARBO,Carbo-P019,-0.90351078313324995
HILL|EC50|TERTILES,CARBO,Carbo-P020,-22.568699762425808
HILL|EC50|TERTILES,CARBO,Carbo-P021,-44.20103574559306
HILL|EC50|TERTILES,CARBO,Carbo-P022,-10.767828126007755
HILL|EC50|TERTILES,CARBO,Carbo-P023,-10.401448560591154
HILL|EC50|TERTILES,CARBO,Carbo-P024,-8.0619807799408481
HILL|EC50|TERTILES,CARBO_A,CarboA-P001,-35.223142126260491
HILL|EC50|TERTILES,CARBO_A,CarboA-P002,-10.960486531432435
HILL|EC50|TERTILES,CARBO_A,CarboA-P003,-0.044811966397426309
HILL|EC50|TERTILES,CARBO_A,CarboA-P004,-19.379803170210614
HILL|EC50|TERTILES,CARBO_A,CarboA-P005,-15.494287408142238
HILL|EC50|TERTILES,CARBO_A,CarboA-P006,-24.451960275164744
HILL|EC50|TERTILES,CARBO_A,CarboA-P007,-11.622363816454261
HILL|EC50|TERTILES,CARBO_A,CarboA-P008,-16.052030027885621
HILL|EC50|TERTILES,CARBO_A,CarboA-P009,-1.1068754988221816
HILL|EC50|TERTILES,CARBO_A,CarboA-P010,-8.1608313254349198
HILL|EC50|TERTILES,CARBO_A,CarboA-P011,-4.6531214311585699e-08
HILL|EC50|TERTILES,CARBO_A,CarboA-P012,-3.4521647205115729
HILL|EC50|TERTILES,CARBO_A,CarboA-P013,-4.0835793580166584
HILL|EC50|TERTILES,CDDP,CDDP-P001,-2.061381865823249
HILL|EC50|TERTILES,CDDP,CDDP-P002,-2.8451438839530803
HILL|EC50|TERTILES,CDDP,CDDP-P003,-13.996025265745601
HILL|EC50|TERTILES,CDDP,CDDP-P004,-22.742431969472598
HILL|EC50|TERTILES,CDDP,CDDP-P005,-49.536641498470452
HILL|EC50|TERTILES,CDDP,CDDP-P006,-10.368562057399703
HILL|EC50|TERTILES,CDDP,CDDP-P007,-10.252447684006084
HILL|EC50|TERTILES,CDDP,CDDP-P008,-8.2271256547017533
HILL|EC50|TERTILES,CDDP,CDDP-P009,-15.018580546925765
HILL|EC50|TERTILES,CDDP,CDDP-P010,-19.473491905694051
HILL|EC50|TERTILES,CDDP,CDDP-P011,-42.334535181973301
HILL|EC50|TERTILES,CDDP,CDDP-P012,-3.6599913206201711
HILL|EC50|TERTILES,CDDP,CDDP-P013,-1.5545285768755702e-07
HILL|EC50|TERTILES,CDDP,CDDP-P014,-110.7996164068342
HILL|EC50|TERTILES,CDDP,CDDP-P015,-49.74110778445425
HILL|EC50|TERTILES,CDDP,CDDP-P016,-6.343642232658893
HILL|EC50|TERTILES,CDDP,CDDP-P017,-6.3332607552448392
HILL|EC50|TERTILES,CDDP,CDDP-P018,-6.4680367890630519
HILL|EC50|TERTILES,CDDP_A,CDDPA-P001,-1.5148398792824134
HILL|EC50|TERTILES,CDDP_A,CDDPA-P002,-2.1067526546543416
HILL|EC50|TERTILES,CDDP_A,CDDPA-P003,-23.974526053921458
HILL|EC50|TERTILES,CDDP_A,CDDPA-P004,-1.4105155240863532
HILL|EC50|TERTILES,CDDP_A,CDDPA-P005,-4.4867733758298645
HILL|EC50|TERTILES,CDDP_A,CDDPA-P006,-5.8170550923028452
HILL|EC50|TERTILES,CDDP_A,CDDPA-P007,-3.0789621746735785
HILL|EC50|TERTILES,CDDP_A,CDDPA-P008,-47.599242019638837
HILL|EC50|TERTILES,CDDP_A,CDDPA-P009,-2.6974190951025134
HILL|EC50|TERTILES,CDDP_A,CDDPA-P010,-19.842038049534899
HILL|EC50|TERTILES,CDDP_A,CDDPA-P011,-4.5238727105172671
HILL|EC50|TERTILES,CDDP_A,CDDPA-P012,-2.6615102305692173
HILL|EC50|TERTILES,CDDP_A,CDDPA-P013,-1.7083497767883291
HILL|EC50|TERTILES,CDDP_A,CDDPA-P014,-1.6739996493620979
HILL|EC50|TERTILES,CDDP_A,CDDPA-P015,-6.6336682064610963e-07
HILL|EC50|TERTILES,CDDP_A,CDDPA-P016,-7.4648645183873308
HILL|EC50|TERTILES,CDDP_A,CDDPA-P017,-15.749839869867088
HILL|EC50|TERTILES,CDDP_A,CDDPA-P018,-1.9245964684191108
HILL|EC50|TERTILES,ETO,ETO-P001,-6.6451437439408929
HILL|EC50|TERTILES,ETO,ETO-P002,-1.4493207046227541
HILL|EC50|TERTILES,ETO,ETO-P003,-22.807198153576433
HILL|EC50|TERTILES,ETO,ETO-P004,-8.8817841970012523e-13
HILL|EC50|TERTILES,ETO,ETO-P005,-55.13852520461387
HILL|EC50|TERTILES,ETO,ETO-P006,-5.9192200104046169
HILL|EC50|TERTILES,ETO,ETO-P007,-3.0777899004897127
HILL|EC50|TERTILES,ETO,ETO-P008,-239.49019938275697
HILL|EC50|TERTILES,ETO,ETO-P009,-72.660814157266998
HILL|EC50|TERTILES,ETO,ETO-P010,-4.0152597636962586
HILL|EC50|TERTILES,ETO,ETO-P011,-10.070057277546857
HILL|EC50|TERTILES,ETO,ETO-P012,-38.617321423331731
HILL|EC50|TERTILES,ETO,ETO-P013,-8.8817841970012523e-13
HILL|EC50|TERTILES,ETO,ETO-P014,-21.499273779708503
HILL|EC50|TERTILES,ETO,ETO-P015,-1.7580515356778521e-05
HILL|EC50|TERTILES,ETO,ETO-P016,-14.889202427382846
HILL|EC50|TERTILES,ETO,ETO-P017,-2.7447276515012637
HILL|EC50|TERTILES,ETO,ETO-P018,-9.4887076581824176e-05
HILL|EC50|JENKS,5FU,5FU-P001,-1.8411734268953734
HILL|EC50|JENKS,5FU,5FU-P002,-7.0930870271148274
HILL|EC50|JENKS,5FU,5FU-P003,-8.0173146820624588
HILL|EC50|JENKS,5FU,5FU-P004,-0.88484380328913337
HILL|EC50|JENKS,5FU,5FU-P005,-2.3542621628891989
HILL|EC50|JENKS,5FU,5FU-P006,-6.5806776612879325
HILL|EC50|JENKS,5FU,5FU-P007,-4.925468489575815
HILL|EC50|JENKS,5FU,5FU-P008,-0.64059541030407896
HILL|EC50|JENKS,5FU,5FU-P009,-3.5408396935623343
HILL|EC50|JENKS,5FU,5FU-P010,-23.492902293541153
HILL|EC50|JENKS,5FU,5FU-P011,-15.490533094011845
HILL|EC50|JENKS,5FU,5FU-P012,-2.3144750317161553
HILL|EC50|JENKS,5FU,5FU-P013,-24.874672644406555
HILL|EC50|JENKS,5FU,5FU-P014,-38.185919201278253
HILL|EC50|JENKS,5FU,5FU-P015,-6.9500704505166917
HILL|EC50|JENKS,5FU,5FU-P016,-45.349669546627723
HILL|EC50|JENKS,5FU,5FU-P017,-3.8116827289989246
HILL|EC50|JENKS,5FU,5FU-P018,-4.6703425126303246
HILL|EC50|JENKS,5FU,5FU-P019,-5.8249356107523491
HILL|EC50|JENKS,5FU,5FU-P020,-16.159807266967974
HILL|EC50|JENKS,5FU,5FU-P021,-6.9182278454508124
HILL|EC50|JENKS,5FU,5FU-P022,-2.9769424506832518
HILL|EC50|JENKS,CARBO,Carbo-P001,-1.8562606677888709
HILL|EC50|JENKS,CARBO,Carbo-P002,-21.737610187423996
HILL|EC50|JENKS,CARBO,Carbo-P003,-7.3546247982871469
HILL|EC50|JENKS,CARBO,Carbo-P004,-13.852450694369209
HILL|EC50|JENKS,CARBO,Carbo-P005,-8.1630862110993441
HILL|EC50|JENKS,CARBO,Carbo-P006,-7.988350336343661
HILL|EC50|JENKS,CARBO,Carbo-P007,-5.0113757524301548
HILL|EC50|JENKS,CARBO,Carbo-P008,-6.6656294142895183
HILL|EC50|JENKS,CARBO,Carbo-P009,-19.893103649724949
HILL|EC50|JENKS,CARBO,Carbo-P010,-1.3413864341571042
HILL|EC50|JENKS,CARBO,Carbo-P011,-13.020102465896803
HILL|EC50|JENKS,CARBO,Carbo-P012,-8.4929903075517785
HILL|EC50|JENKS,CARBO,Carbo-P013,-16.320088325382788
HILL|EC50|JENKS,CARBO,Carbo-P014,-15.849660955309634
HILL|EC50|JENKS,CARBO,Carbo-P015,-0.12309101964490256
HILL|EC50|JENKS,CARBO,Carbo-P016,-20.409313662309163
HILL|EC50|JENKS,CARBO,Carbo-P017,-12.522230533837991
HILL|EC50|JENKS,CARBO,Carbo-P018,-22.019500604759699
HILL|EC50|JENKS,CARBO,Carbo-P019,-0.90351078313324995
HILL|EC50|JENKS,CARBO,Carbo-P020,-22.568699762425808
HILL|EC50|JENKS,CARBO,Carbo-P021,-44.20103574559306
HILL|EC50|JENKS,CARBO,Carbo-P022,-10.767828126007755
HILL|EC50|JENKS,CARBO,Carbo-P023,-10.401448560591154
HILL|EC50|JENKS,CARBO,Carbo-P024,-8.0619807799408481
HILL|EC50|JENKS,CARBO_A,CarboA-P001,-35.223142126260491
HILL|EC50|JENKS,CARBO_A,CarboA-P002,-10.960486531432435
HILL|EC50|JENKS,CARBO_A,CarboA-P003,-0.044811966397426309
HILL|EC50|JENKS,CARBO_A,CarboA-P004,-19.379803170210614
HILL|EC50|JENKS,CARBO_A,CarboA-P005,-15.494287408142238
HILL|EC50|JENKS,CARBO_A,CarboA-P006,-24.451960275164744
HILL|EC50|JENKS,CARBO_A,CarboA-P007,-11.622363816454261
HILL|EC50|JENKS,CARBO_A,CarboA-P008,-16.052030027885621
HILL|EC50|JENKS,CARBO_A,CarboA-P009,-1.1068754988221816
HILL|EC50|JENKS,CARBO_A,CarboA-P010,-8.1608313254349198
HILL|EC50|JENKS,CARBO_A,CarboA-P011,-4.6531214311585699e-08
HILL|EC50|JENKS,CARBO_A,CarboA-P012,-3.4521647205115729
HILL|EC50|JENKS,CARBO_A,CarboA-P013,-4.0835793580166584
HILL|EC50|JENKS,CDDP,CDDP-P001,-2.061381865823249
HILL|EC50|JENKS,CDDP,CDDP-P002,-2.8451438839530803
HILL|EC50|JENKS,CDDP,CDDP-P003,-13.996025265745601
HILL|EC50|JENKS,CDDP,CDDP-P004,-22.742431969472598
HILL|EC50|JENKS,CDDP,CDDP-P005,-49.536641498470452
HILL|EC50|JENKS,CDDP,CDDP-P006,-10.368562057399703
HILL|EC50|JENKS,CDDP,CDDP-P007,-10.252447684006084
HILL|EC50|JENKS,CDDP,CDDP-P008,-8.2271256547017533
HILL|EC50|JENKS,CDDP,CDDP-P009,-15.018580546925765
HILL|EC50|JENKS,CDDP,CDDP-P010,-19.473491905694051
HILL|EC50|JENKS,CDDP,CDDP-P011,-42.334535181973301
HILL|EC50|JENKS,CDDP,CDDP-P012,-3.6599913206201711
HILL|EC50|JENKS,CDDP,CDDP-P013,-1.5545285768755702e-07
HILL|EC50|JENKS,CDDP,CDDP-P014,-110.7996164068342
HILL|EC50|JENKS,CDDP,CDDP-P015,-49.74110778445425
HILL|EC50|JENKS,CDDP,CDDP-P016,-6.343642232658893
HILL|EC50|JENKS,CDDP,CDDP-P017,-6.3332607552448392
HILL|EC50|JENKS,CDDP,CDDP-P018,-6.4680367890630519
HILL|EC50|JENKS,CDDP_A,CDDPA-P001,-1.5148398792824134
HILL|EC50|JENKS,CDDP_A,CDDPA-P002,-2.1067526546543416
HILL|EC50|JENKS,CDDP_A,CDDPA-P003,-23.974526053921458
HILL|EC50|JENKS,CDDP_A,CDDPA-P004,-1.4105155240863532
HILL|EC50|JENKS,CDDP_A,CDDPA-P005,-4.4867733758298645
HILL|EC50|JENKS,CDDP_A,CDDPA-P006,-5.8170550923028452
HILL|EC50|JENKS,CDDP_A,CDDPA-P007,-3.0789621746735785
HILL|EC50|JENKS,CDDP_A,CDDPA-P008,-47.599242019638837
HILL|EC50|JENKS,CDDP_A,CDDPA-P009,-2.6974190951025134
HILL|EC50|JENKS,CDDP_A,CDDPA-P010,-19.842038049534899
HILL|EC50|JENKS,CDDP_A,CDDPA-P011,-4.5238727105172671
HILL|EC50|JENKS,CDDP_A,CDDPA-P012,-2.6615102305692173
HILL|EC50|JENKS,CDDP_A,CDDPA-P013,-1.7083497767883291
HILL|EC50|JENKS,CDDP_A,CDDPA-P014,-1.6739996493620979
HILL|EC50|JENKS,CDDP_A,CDDPA-P015,-6.6336682064610963e-07
HILL|EC50|JENKS,CDDP_A,CDDPA-P016,-7.4648645183873308
HILL|EC50|JENKS,CDDP_A,CDDPA-P017,-15.749839869867088
HILL|EC50|JENKS,CDDP_A,CDDPA-P018,-1.9245964684191108
HILL|EC50|JENKS,ETO,ETO-P001,-6.6451437439408929
HILL|EC50|JENKS,ETO,ETO-P002,-1.4493207046227541
HILL|EC50|JENKS,ETO,ETO-P003,-22.807198153576433
HILL|EC50|JENKS,ETO,ETO-P004,-8.8817841970012523e-13
HILL|EC50|JENKS,ETO,ETO-P005,-55.13852520461387
HILL|EC50|JENKS,ETO,ETO-P006,-5.9192200104046169
HILL|EC50|JENKS,ETO,ETO-P007,-3.0777899004897127
HILL|EC50|JENKS,ETO,ETO-P008,-239.49019938275697
HILL|EC50|JENKS,ETO,ETO-P009,-72.660814157266998
HILL|EC50|JENKS,ETO,ETO-P010,-4.0152597636962586
HILL|EC50|JENKS,ETO,ETO-P011,-10.070057277546857
HILL|EC50|JENKS,ETO,ETO-P012,-38.617321423331731
HILL|EC50|JENKS,ETO,ETO-P013,-8.8817841970012523e-13
HILL|EC50|JENKS,ETO,ETO-P014,-21.499273779708503
HILL|EC50|JENKS,ETO,ETO-P015,-1.7580515356778521e-05
HILL|EC50|JENKS,ETO,ETO-P016,-14.889202427382846
HILL|EC50|JENKS,ETO,ETO-P017,-2.7447276515012637
HILL|EC50|JENKS,ETO,ETO-P018,-9.4887076581824176e-05
HILL|EC50|KMEANS,5FU,5FU-P001,-1.8411734268953734
HILL|EC50|KMEANS,5FU,5FU-P002,-7.0930870271148274
HILL|EC50|KMEANS,5FU,5FU-P003,-8.0173146820624588
HILL|EC50|KMEANS,5FU,5FU-P004,-0.88484380328913337
HILL|EC50|KMEANS,5FU,5FU-P005,-2.3542621628891989
HILL|EC50|KMEANS,5FU,5FU-P006,-6.5806776612879325
HILL|EC50|KMEANS,5FU,5FU-P007,-4.925468489575815
HILL|EC50|KMEANS,5FU,5FU-P008,-0.64059541030407896
HILL|EC50|KMEANS,5FU,5FU-P009,-3.5408396935623343
HILL|EC50|KMEANS,5FU,5FU-P010,-23.492902293541153
HILL|EC50|KMEANS,5FU,5FU-P011,-15.490533094011845
HILL|EC50|KMEANS,5FU,5FU-P012,-2.3144750317161553
HILL|EC50|KMEANS,5FU,5FU-P013,-24.874672644406555
HILL|EC50|KMEANS,5FU,5FU-P014,-38.185919201278253
HILL|EC50|KMEANS,5FU,5FU-P015,-6.9500704505166917
HILL|EC50|KMEANS,5FU,5FU-P016,-45.349669546627723
HILL|EC50|KMEANS,5FU,5FU-P017,-3.8116827289989246
HILL|EC50|KMEANS,5FU,5FU-P018,-4.6703425126303246
HILL|EC50|KMEANS,5FU,5FU-P019,-5.8249356107523491
HILL|EC50|KMEANS,5FU,5FU-P020,-16.159807266967974
HILL|EC50|KMEANS,5FU,5FU-P021,-6.9182278454508124
HILL|EC50|KMEANS,5FU,5FU-P022,-2.9769424506832518
HILL|EC50|KMEANS,CARBO,Carbo-P001,-1.8562606677888709
HILL|EC50|KMEANS,CARBO,Carbo-P002,-21.737610187423996
HILL|EC50|KMEANS,CARBO,Carbo-P003,-7.3546247982871469
HILL|EC50|KMEANS,CARBO,Carbo-P004,-13.852450694369209
HILL|EC50|KMEANS,CARBO,Carbo-P005,-8.1630862110993441
HILL|EC50|KMEANS,CARBO,Carbo-P006,-7.988350336343661
HILL|EC50|KMEANS,CARBO,Carbo-P007,-5.0113757524301548
HILL|EC50|KMEANS,CARBO,Carbo-P008,-6.6656294142895183
HILL|EC50|KMEANS,CARBO,Carbo-P009,-19.893103649724949
HILL|EC50|KMEANS,CARBO,Carbo-P010,-1.3413864341571042
HILL|EC50|KMEANS,CARBO,Carbo-P011,-13.020102465896803
HILL|EC50|KMEANS,CARBO,Carbo-P012,-8.4929903075517785
HILL|EC50|KMEANS,CARBO,Carbo-P013,-16.320088325382788
HILL|EC50|KMEANS,CARBO,Carbo-P014,-15.849660955309634
HILL|EC50|KMEANS,CARBO,Carbo-P015,-0.12309101964490256
HILL|EC50|KMEANS,CARBO,Carbo-P016,-20.409313662309163
HILL|EC50|KMEANS,CARBO,Carbo-P017,-12.522230533837991
HILL|EC50|KMEANS,CARBO,Carbo-P018,-22.019500604759699
HILL|EC50|KMEANS,CARBO,Carbo-P019,-0.90351078313324995
HILL|EC50|KMEANS,CARBO,Carbo-P020,-22.568699762425808
HILL|EC50|KMEANS,CARBO,Carbo-P021,-44.20103574559306
HILL|EC50|KMEANS,CARBO,Carbo-P022,-10.767828126007755
HILL|EC50|KMEANS,CARBO,Carbo-P023,-10.401448560591154
HILL|EC50|KMEANS,CARBO,Carbo-P024,-8.0619807799408481
HILL|EC50|KMEANS,CARBO_A,CarboA-P001,-35.223142126260491
HILL|EC50|KMEANS,CARBO_A,CarboA-P002,-10.960486531432435
HILL|EC50|KMEANS,CARBO_A,CarboA-P003,-0.044811966397426309
HILL|EC50|KMEANS,CARBO_A,CarboA-P004,-19.379803170210614
HILL|EC50|KMEANS,CARBO_A,CarboA-P005,-15.494287408142238
HILL|EC50|KMEANS,CARBO_A,CarboA-P006,-24.451960275164744
HILL|EC50|KMEANS,CARBO_A,CarboA-P007,-11.622363816454261
HILL|EC50|KMEANS,CARBO_A,CarboA-P008,-16.052030027885621
HILL|EC50|KMEANS,CARBO_A,CarboA-P009,-1.1068754988221816
HILL|EC50|KMEANS,CARBO_A,CarboA-P010,-8.1608313254349198
HILL|EC50|KMEANS,CARBO_A,CarboA-P011,-4.6531214311585699e-08
HILL|EC50|KMEANS,CARBO_A,CarboA-P012,-3.4521647205115729
HILL|EC50|KMEANS,CARBO_A,CarboA-P013,-4.0835793580166584
HILL|EC50|KMEANS,CDDP,CDDP-P001,-2.061381865823249
HILL|EC50|KMEANS,CDDP,CDDP-P002,-2.8451438839530803
HILL|EC50|KMEANS,CDDP,CDDP-P003,-13.996025265745601
HILL|EC50|KMEANS,CDDP,CDDP-P004,-22.742431969472598
HILL|EC50|KMEANS,CDDP,CDDP-P005,-49.536641498470452
HILL|EC50|KMEANS,CDDP,CDDP-P006,-10.368562057399703
HILL|EC50|KMEANS,CDDP,CDDP-P007,-10.252447684006084
HILL|EC50|KMEANS,CDDP,CDDP-P008,-8.2271256547017533
HILL|EC50|KMEANS,CDDP,CDDP-P009,-15.018580546925765
HILL|EC50|KMEANS,CDDP,CDDP-P010,-19.473491905694051
HILL|EC50|KMEANS,CDDP,CDDP-P011,-42.334535181973301
HILL|EC50|KMEANS,CDDP,CDDP-P012,-3.6599913206201711
HILL|EC50|KMEANS,CDDP,CDDP-P013,-1.5545285768755702e-07
HILL|EC50|KMEANS,CDDP,CDDP-P014,-110.7996164068342
HILL|EC50|KMEANS,CDDP,CDDP-P015,-49.74110778445425
HILL|EC50|KMEANS,CDDP,CDDP-P016,-6.343642232658893
HILL|EC50|KMEANS,CDDP,CDDP-P017,-6.3332607552448392
HILL|EC50|KMEANS,CDDP,CDDP-P018,-6.4680367890630519
HILL|EC50|KMEANS,CDDP_A,CDDPA-P001,-1.5148398792824134
HILL|EC50|KMEANS,CDDP_A,CDDPA-P002,-2.1067526546543416
HILL|EC50|KMEANS,CDDP_A,CDDPA-P003,-23.974526053921458
HILL|EC50|KMEANS,CDDP_A,CDDPA-P004,-1.4105155240863532
HILL|EC50|KMEANS,CDDP_A,CDDPA-P005,-4.4867733758298645
HILL|EC50|KMEANS,CDDP_A,CDDPA-P006,-5.8170550923028452
HILL|EC50|KMEANS,CDDP_A,CDDPA-P007,-3.0789621746735785
HILL|EC50|KMEANS,CDDP_A,CDDPA-P008,-47.599242019638837
HILL|EC50|KMEANS,CDDP_A,CDDPA-P009,-2.6974190951025134
HILL|EC50|KMEANS,CDDP_A,CDDPA-P010,-19.842038049534899
HILL|EC50|KMEANS,CDDP_A,CDDPA-P011,-4.5238727105172671
HILL|EC50|KMEANS,CDDP_A,CDDPA-P012,-2.6615102305692173
HILL|EC50|KMEANS,CDDP_A,CDDPA-P013,-1.7083497767883291
HILL|EC50|KMEANS,CDDP_A,CDDPA-P014,-1.6739996493620979
HILL|EC50|KMEANS,CDDP_A,CDDPA-P015,-6.6336682064610963e-07
HILL|EC50|KMEANS,CDDP_A,CDDPA-P016,-7.4648645183873308
HILL|EC50|KMEANS,CDDP_A,CDDPA-P017,-15.749839869867088
HILL|EC50|KMEANS,CDDP_A,CDDPA-P018,-1.9245964684191108
HILL|EC50|KMEANS,ETO,ETO-P001,-6.6451437439408929
HILL|EC50|KMEANS,ETO,ETO-P002,-1.4493207046227541
HILL|EC50|KMEANS,ETO,ETO-P003,-22.807198153576433
HILL|EC50|KMEANS,ETO,ETO-P004,-8.8817841970012523e-13
HILL|EC50|KMEANS,ETO,ETO-P005,-55.13852520461387
HILL|EC50|KMEANS,ETO,ETO-P006,-5.9192200104046169
HILL|EC50|KMEANS,ETO,ETO-P007,-3.0777899004897127
HILL|EC50|KMEANS,ETO,ETO-P008,-239.49019938275697
HILL|EC50|KMEANS,ETO,ETO-P009,-72.660814157266998
HILL|EC50|KMEANS,ETO,ETO-P010,-4.0152597636962586
HILL|EC50|KMEANS,ETO,ETO-P011,-10.070057277546857
HILL|EC50|KMEANS,ETO,ETO-P012,-38.617321423331731
HILL|EC50|KMEANS,ETO,ETO-P013,-8.8817841970012523e-13
HILL|EC50|KMEANS,ETO,ETO-P014,-21.499273779708503
HILL|EC50|KMEANS,ETO,ETO-P015,-1.7580515356778521e-05
HILL|EC50|KMEANS,ETO,ETO-P016,-14.889202427382846
HILL|EC50|KMEANS,ETO,ETO-P017,-2.7447276515012637
HILL|EC50|KMEANS,ETO,ETO-P018,-9.4887076581824176e-05
HILL|EC50|WARD,5FU,5FU-P001,-1.8411734268953734
HILL|EC50|WARD,5FU,5FU-P002,-7.0930870271148274
HILL|EC50|WARD,5FU,5FU-P003,-8.0173146820624588
HILL|EC50|WARD,5FU,5FU-P004,-0.88484380328913337
HILL|EC50|WARD,5FU,5FU-P005,-2.3542621628891989
HILL|EC50|WARD,5FU,5FU-P006,-6.5806776612879325
HILL|EC50|WARD,5FU,5FU-P007,-4.925468489575815
HILL|EC50|WARD,5FU,5FU-P008,-0.64059541030407896
HILL|EC50|WARD,5FU,5FU-P009,-3.5408396935623343
HILL|EC50|WARD,5FU,5FU-P010,-23.492902293541153
HILL|EC50|WARD,5FU,5FU-P011,-15.490533094011845
HILL|EC50|WARD,5FU,5FU-P012,-2.3144750317161553
HILL|EC50|WARD,5FU,5FU-P013,-24.874672644406555
HILL|EC50|WARD,5FU,5FU-P014,-38.185919201278253
HILL|EC50|WARD,5FU,5FU-P015,-6.9500704505166917
HILL|EC50|WARD,5FU,5FU-P016,-45.349669546627723
HILL|EC50|WARD,5FU,5FU-P017,-3.8116827289989246
HILL|EC50|WARD,5FU,5FU-P018,-4.6703425126303246
HILL|EC50|WARD,5FU,5FU-P019,-5.8249356107523491
HILL|EC50|WARD,5FU,5FU-P020,-16.159807266967974
HILL|EC50|WARD,5FU,5FU-P021,-6.9182278454508124
HILL|EC50|WARD,5FU,5FU-P022,-2.9769424506832518
HILL|EC50|WARD,CARBO,Carbo-P001,-1.8562606677888709
HILL|EC50|WARD,CARBO,Carbo-P002,-21.737610187423996
HILL|EC50|WARD,CARBO,Carbo-P003,-7.3546247982871469
HILL|EC50|WARD,CARBO,Carbo-P004,-13.852450694369209
HILL|EC50|WARD,CARBO,Carbo-P005,-8.1630862110993441
HILL|EC50|WARD,CARBO,Carbo-P006,-7.988350336343661
HILL|EC50|WARD,CARBO,Carbo-P007,-5.0113757524301548
HILL|EC50|WARD,CARBO,Carbo-P008,-6.6656294142895183
HILL|EC50|WARD,CARBO,Carbo-P009,-19.893103649724949
HILL|EC50|WARD,CARBO,Carbo-P010,-1.3413864341571042
HILL|EC50|WARD,CARBO,Carbo-P011,-13.020102465896803
HILL|EC50|WARD,CARBO,Carbo-P012,-8.4929903075517785
HILL|EC50|WARD,CARBO,Carbo-P013,-16.320088325382788
HILL|EC50|WARD,CARBO,Carbo-P014,-15.849660955309634
HILL|EC50|WARD,CARBO,Carbo-P015,-0.12309101964490256
HILL|EC50|WARD,CARBO,Carbo-P016,-20.409313662309163
HILL|EC50|WARD,CARBO,Carbo-P017,-12.522230533837991
HILL|EC50|WARD,CARBO,Carbo-P018,-22.019500604759699
HILL|EC50|WARD,CARBO,Carbo-P019,-0.90351078313324995
HILL|EC50|WARD,CARBO,Carbo-P020,-22.568699762425808
HILL|EC50|WARD,CARBO,Carbo-P021,-44.20103574559306
HILL|EC50|WARD,CARBO,Carbo-P022,-10.767828126007755
HILL|EC50|WARD,CARBO,Carbo-P023,-10.401448560591154
HILL|EC50|WARD,CARBO,Carbo-P024,-8.0619807799408481
HILL|EC50|WARD,CARBO_A,CarboA-P001,-35.223142126260491
HILL|EC50|WARD,CARBO_A,CarboA-P002,-10.960486531432435
HILL|EC50|WARD,CARBO_A,CarboA-P003,-0.044811966397426309
HILL|EC50|WARD,CARBO_A,CarboA-P004,-19.379803170210614
HILL|EC50|WARD,CARBO_A,CarboA-P005,-15.494287408142238
HILL|EC50|WARD,CARBO_A,CarboA-P006,-24.451960275164744
HILL|EC50|WARD,CARBO_A,CarboA-P007,-11.622363816454261
HILL|EC50|WARD,CARBO_A,CarboA-P008,-16.052030027885621
HILL|EC50|WARD,CARBO_A,CarboA-P009,-1.1068754988221816
HILL|EC50|WARD,CARBO_A,CarboA-P010,-8.1608313254349198
HILL|EC50|WARD,CARBO_A,CarboA-P011,-4.6531214311585699e-08
HILL|EC50|WARD,CARBO_A,CarboA-P012,-3.4521647205115729
HILL|EC50|WARD,CARBO_A,CarboA-P013,-4.0835793580166584
HILL|EC50|WARD,CDDP,CDDP-P001,-2.061381865823249
HILL|EC50|WARD,CDDP,CDDP-P002,-2.8451438839530803
HILL|EC50|WARD,CDDP,CDDP-P003,-13.996025265745601
HILL|EC50|WARD,CDDP,CDDP-P004,-22.742431969472598
HILL|EC50|WARD,CDDP,CDDP-P005,-49.536641498470452
HILL|EC50|WARD,CDDP,CDDP-P006,-10.368562057399703
HILL|EC50|WARD,CDDP,CDDP-P007,-10.252447684006084
HILL|EC50|WARD,CDDP,CDDP-P008,-8.2271256547017533
HILL|EC50|WARD,CDDP,CDDP-P009,-15.018580546925765
HILL|EC50|WARD,CDDP,CDDP-P010,-19.473491905694051
HILL|EC50|WARD,CDDP,CDDP-P011,-42.334535181973301
HILL|EC50|WARD,CDDP,CDDP-P012,-3.6599913206201711
HILL|EC50|WARD,CDDP,CDDP-P013,-1.5545285768755702e-07
HILL|EC50|WARD,CDDP,CDDP-P014,-110.7996164068342
HILL|EC50|WARD,CDDP,CDDP-P015,-49.74110778445425
HILL|EC50|WARD,CDDP,CDDP-P016,-6.343642232658893
HILL|EC50|WARD,CDDP,CDDP-P017,-6.3332607552448392
HILL|EC50|WARD,CDDP,CDDP-P018,-6.4680367890630519
HILL|EC50|WARD,CDDP_A,CDDPA-P001,-1.5148398792824134
HILL|EC50|WARD,CDDP_A,CDDPA-P002,-2.1067526546543416
HILL|EC50|WARD,CDDP_A,CDDPA-P003,-23.974526053921458
HILL|EC50|WARD,CDDP_A,CDDPA-P004,-1.4105155240863532
HILL|EC50|WARD,CDDP_A,CDDPA-P005,-4.4867733758298645
HILL|EC50|WARD,CDDP_A,CDDPA-P006,-5.8170550923028452
HILL|EC50|WARD,CDDP_A,CDDPA-P007,-3.0789621746735785
HILL|EC50|WARD,CDDP_A,CDDPA-P008,-47.599242019638837
HILL|EC50|WARD,CDDP_A,CDDPA-P009,-2.6974190951025134
HILL|EC50|WARD,CDDP_A,CDDPA-P010,-19.842038049534899
HILL|EC50|WARD,CDDP_A,CDDPA-P011,-4.5238727105172671
HILL|EC50|WARD,CDDP_A,CDDPA-P012,-2.6615102305692173
HILL|EC50|WARD,CDDP_A,CDDPA-P013,-1.7083497767883291
HILL|EC50|WARD,CDDP_A,CDDPA-P014,-1.6739996493620979
HILL|EC50|WARD,CDDP_A,CDDPA-P015,-6.6336682064610963e-07
HILL|EC50|WARD,CDDP_A,CDDPA-P016,-7.4648645183873308
HILL|EC50|WARD,CDDP_A,CDDPA-P017,-15.749839869867088
HILL|EC50|WARD,CDDP_A,CDDPA-P018,-1.9245964684191108
HILL|EC50|WARD,ETO,ETO-P001,-6.6451437439408929
HILL|EC50|WARD,ETO,ETO-P002,-1.4493207046227541
HILL|EC50|WARD,ETO,ETO-P003,-22.807198153576433
HILL|EC50|WARD,ETO,ETO-P004,-8.8817841970012523e-13
HILL|EC50|WARD,ETO,ETO-P005,-55.13852520461387
HILL|EC50|WARD,ETO,ETO-P006,-5.9192200104046169
HILL|EC50|WARD,ETO,ETO-P007,-3.0777899004897127
HILL|EC50|WARD,ETO,ETO-P008,-239.49019938275697
HILL|EC50|WARD,ETO,ETO-P009,-72.660814157266998
HILL|EC50|WARD,ETO,ETO-P010,-4.0152597636962586
HILL|EC50|WARD,ETO,ETO-P011,-10.070057277546857
HILL|EC50|WARD,ETO,ETO-P012,-38.617321423331731
HILL|EC50|WARD,ETO,ETO-P013,-8.8817841970012523e-13
HILL|EC50|WARD,ETO,ETO-P014,-21.499273779708503
HILL|EC50|WARD,ETO,ETO-P015,-1.7580515356778521e-05
HILL|EC50|WARD,ETO,ETO-P016,-14.889202427382846
HILL|EC50|WARD,ETO,ETO-P017,-2.7447276515012637
HILL|EC50|WARD,ETO,ETO-P018,-9.4887076581824176e-05
HILL|EC50|TIED_GMM,5FU,5FU-P001,-1.8411734268953734
HILL|EC50|TIED_GMM,5FU,5FU-P002,-7.0930870271148274
HILL|EC50|TIED_GMM,5FU,5FU-P003,-8.0173146820624588
HILL|EC50|TIED_GMM,5FU,5FU-P004,-0.88484380328913337
HILL|EC50|TIED_GMM,5FU,5FU-P005,-2.3542621628891989
HILL|EC50|TIED_GMM,5FU,5FU-P006,-6.5806776612879325
HILL|EC50|TIED_GMM,5FU,5FU-P007,-4.925468489575815
HILL|EC50|TIED_GMM,5FU,5FU-P008,-0.64059541030407896
HILL|EC50|TIED_GMM,5FU,5FU-P009,-3.5408396935623343
HILL|EC50|TIED_GMM,5FU,5FU-P010,-23.492902293541153
HILL|EC50|TIED_GMM,5FU,5FU-P011,-15.490533094011845
HILL|EC50|TIED_GMM,5FU,5FU-P012,-2.3144750317161553
HILL|EC50|TIED_GMM,5FU,5FU-P013,-24.874672644406555
HILL|EC50|TIED_GMM,5FU,5FU-P014,-38.185919201278253
HILL|EC50|TIED_GMM,5FU,5FU-P015,-6.9500704505166917
HILL|EC50|TIED_GMM,5FU,5FU-P016,-45.349669546627723
HILL|EC50|TIED_GMM,5FU,5FU-P017,-3.8116827289989246
HILL|EC50|TIED_GMM,5FU,5FU-P018,-4.6703425126303246
HILL|EC50|TIED_GMM,5FU,5FU-P019,-5.8249356107523491
HILL|EC50|TIED_GMM,5FU,5FU-P020,-16.159807266967974
HILL|EC50|TIED_GMM,5FU,5FU-P021,-6.9182278454508124
HILL|EC50|TIED_GMM,5FU,5FU-P022,-2.9769424506832518
HILL|EC50|TIED_GMM,CARBO,Carbo-P001,-1.8562606677888709
HILL|EC50|TIED_GMM,CARBO,Carbo-P002,-21.737610187423996
HILL|EC50|TIED_GMM,CARBO,Carbo-P003,-7.3546247982871469
HILL|EC50|TIED_GMM,CARBO,Carbo-P004,-13.852450694369209
HILL|EC50|TIED_GMM,CARBO,Carbo-P005,-8.1630862110993441
HILL|EC50|TIED_GMM,CARBO,Carbo-P006,-7.988350336343661
HILL|EC50|TIED_GMM,CARBO,Carbo-P007,-5.0113757524301548
HILL|EC50|TIED_GMM,CARBO,Carbo-P008,-6.6656294142895183
HILL|EC50|TIED_GMM,CARBO,Carbo-P009,-19.893103649724949
HILL|EC50|TIED_GMM,CARBO,Carbo-P010,-1.3413864341571042
HILL|EC50|TIED_GMM,CARBO,Carbo-P011,-13.020102465896803
HILL|EC50|TIED_GMM,CARBO,Carbo-P012,-8.4929903075517785
HILL|EC50|TIED_GMM,CARBO,Carbo-P013,-16.320088325382788
HILL|EC50|TIED_GMM,CARBO,Carbo-P014,-15.849660955309634
HILL|EC50|TIED_GMM,CARBO,Carbo-P015,-0.12309101964490256
HILL|EC50|TIED_GMM,CARBO,Carbo-P016,-20.409313662309163
HILL|EC50|TIED_GMM,CARBO,Carbo-P017,-12.522230533837991
HILL|EC50|TIED_GMM,CARBO,Carbo-P018,-22.019500604759699
HILL|EC50|TIED_GMM,CARBO,Carbo-P019,-0.90351078313324995
HILL|EC50|TIED_GMM,CARBO,Carbo-P020,-22.568699762425808
HILL|EC50|TIED_GMM,CARBO,Carbo-P021,-44.20103574559306
HILL|EC50|TIED_GMM,CARBO,Carbo-P022,-10.767828126007755
HILL|EC50|TIED_GMM,CARBO,Carbo-P023,-10.401448560591154
HILL|EC50|TIED_GMM,CARBO,Carbo-P024,-8.0619807799408481
HILL|EC50|TIED_GMM,CARBO_A,CarboA-P001,-35.223142126260491
HILL|EC50|TIED_GMM,CARBO_A,CarboA-P002,-10.960486531432435
HILL|EC50|TIED_GMM,CARBO_A,CarboA-P003,-0.044811966397426309
HILL|EC50|TIED_GMM,CARBO_A,CarboA-P004,-19.379803170210614
HILL|EC50|TIED_GMM,CARBO_A,CarboA-P005,-15.494287408142238
HILL|EC50|TIED_GMM,CARBO_A,CarboA-P006,-24.451960275164744
HILL|EC50|TIED_GMM,CARBO_A,CarboA-P007,-11.622363816454261
HILL|EC50|TIED_GMM,CARBO_A,CarboA-P008,-16.052030027885621
HILL|EC50|TIED_GMM,CARBO_A,CarboA-P009,-1.1068754988221816
HILL|EC50|TIED_GMM,CARBO_A,CarboA-P010,-8.1608313254349198
HILL|EC50|TIED_GMM,CARBO_A,CarboA-P011,-4.6531214311585699e-08
HILL|EC50|TIED_GMM,CARBO_A,CarboA-P012,-3.4521647205115729
HILL|EC50|TIED_GMM,CARBO_A,CarboA-P013,-4.0835793580166584
HILL|EC50|TIED_GMM,CDDP,CDDP-P001,-2.061381865823249
HILL|EC50|TIED_GMM,CDDP,CDDP-P002,-2.8451438839530803
HILL|EC50|TIED_GMM,CDDP,CDDP-P003,-13.996025265745601
HILL|EC50|TIED_GMM,CDDP,CDDP-P004,-22.742431969472598
HILL|EC50|TIED_GMM,CDDP,CDDP-P005,-49.536641498470452
HILL|EC50|TIED_GMM,CDDP,CDDP-P006,-10.368562057399703
HILL|EC50|TIED_GMM,CDDP,CDDP-P007,-10.252447684006084
HILL|EC50|TIED_GMM,CDDP,CDDP-P008,-8.2271256547017533
HILL|EC50|TIED_GMM,CDDP,CDDP-P009,-15.018580546925765
HILL|EC50|TIED_GMM,CDDP,CDDP-P010,-19.473491905694051
HILL|EC50|TIED_GMM,CDDP,CDDP-P011,-42.334535181973301
HILL|EC50|TIED_GMM,CDDP,CDDP-P012,-3.6599913206201711
HILL|EC50|TIED_GMM,CDDP,CDDP-P013,-1.5545285768755702e-07
HILL|EC50|TIED_GMM,CDDP,CDDP-P014,-110.7996164068342
HILL|EC50|TIED_GMM,CDDP,CDDP-P015,-49.74110778445425
HILL|EC50|TIED_GMM,CDDP,CDDP-P016,-6.343642232658893
HILL|EC50|TIED_GMM,CDDP,CDDP-P017,-6.3332607552448392
HILL|EC50|TIED_GMM,CDDP,CDDP-P018,-6.4680367890630519
HILL|EC50|TIED_GMM,CDDP_A,CDDPA-P001,-1.5148398792824134
HILL|EC50|TIED_GMM,CDDP_A,CDDPA-P002,-2.1067526546543416
HILL|EC50|TIED_GMM,CDDP_A,CDDPA-P003,-23.974526053921458
HILL|EC50|TIED_GMM,CDDP_A,CDDPA-P004,-1.4105155240863532
HILL|EC50|TIED_GMM,CDDP_A,CDDPA-P005,-4.4867733758298645
HILL|EC50|TIED_GMM,CDDP_A,CDDPA-P006,-5.8170550923028452
HILL|EC50|TIED_GMM,CDDP_A,CDDPA-P007,-3.0789621746735785
HILL|EC50|TIED_GMM,CDDP_A,CDDPA-P008,-47.599242019638837
HILL|EC50|TIED_GMM,CDDP_A,CDDPA-P009,-2.6974190951025134
HILL|EC50|TIED_GMM,CDDP_A,CDDPA-P010,-19.842038049534899
HILL|EC50|TIED_GMM,CDDP_A,CDDPA-P011,-4.5238727105172671
HILL|EC50|TIED_GMM,CDDP_A,CDDPA-P012,-2.6615102305692173
HILL|EC50|TIED_GMM,CDDP_A,CDDPA-P013,-1.7083497767883291
HILL|EC50|TIED_GMM,CDDP_A,CDDPA-P014,-1.6739996493620979
HILL|EC50|TIED_GMM,CDDP_A,CDDPA-P015,-6.6336682064610963e-07
HILL|EC50|TIED_GMM,CDDP_A,CDDPA-P016,-7.4648645183873308
HILL|EC50|TIED_GMM,CDDP_A,CDDPA-P017,-15.749839869867088
HILL|EC50|TIED_GMM,CDDP_A,CDDPA-P018,-1.9245964684191108
HILL|EC50|TIED_GMM,ETO,ETO-P001,-6.6451437439408929
HILL|EC50|TIED_GMM,ETO,ETO-P002,-1.4493207046227541
HILL|EC50|TIED_GMM,ETO,ETO-P003,-22.807198153576433
HILL|EC50|TIED_GMM,ETO,ETO-P004,-8.8817841970012523e-13
HILL|EC50|TIED_GMM,ETO,ETO-P005,-55.13852520461387
HILL|EC50|TIED_GMM,ETO,ETO-P006,-5.9192200104046169
HILL|EC50|TIED_GMM,ETO,ETO-P007,-3.0777899004897127
HILL|EC50|TIED_GMM,ETO,ETO-P008,-239.49019938275697
HILL|EC50|TIED_GMM,ETO,ETO-P009,-72.660814157266998
HILL|EC50|TIED_GMM,ETO,ETO-P010,-4.0152597636962586
HILL|EC50|TIED_GMM,ETO,ETO-P011,-10.070057277546857
HILL|EC50|TIED_GMM,ETO,ETO-P012,-38.617321423331731
HILL|EC50|TIED_GMM,ETO,ETO-P013,-8.8817841970012523e-13
HILL|EC50|TIED_GMM,ETO,ETO-P014,-21.499273779708503
HILL|EC50|TIED_GMM,ETO,ETO-P015,-1.7580515356778521e-05
HILL|EC50|TIED_GMM,ETO,ETO-P016,-14.889202427382846
HILL|EC50|TIED_GMM,ETO,ETO-P017,-2.7447276515012637
HILL|EC50|TIED_GMM,ETO,ETO-P018,-9.4887076581824176e-05
HILL|EMAX|TERTILES,5FU,5FU-P001,1.0047935169548519
HILL|EMAX|TERTILES,5FU,5FU-P002,1.0161267983255986
HILL|EMAX|TERTILES,5FU,5FU-P003,0.9474807212171743
HILL|EMAX|TERTILES,5FU,5FU-P004,0.72740654240813063
HILL|EMAX|TERTILES,5FU,5FU-P005,0.97886874647950173
HILL|EMAX|TERTILES,5FU,5FU-P006,0.85466516060875741
HILL|EMAX|TERTILES,5FU,5FU-P007,0.95365916639224424
HILL|EMAX|TERTILES,5FU,5FU-P008,0.97338343945210559
HILL|EMAX|TERTILES,5FU,5FU-P009,1.039847116462413
HILL|EMAX|TERTILES,5FU,5FU-P010,0.97044303346268446
HILL|EMAX|TERTILES,5FU,5FU-P011,0.83317507564459281
HILL|EMAX|TERTILES,5FU,5FU-P012,0.18547712500000071
HILL|EMAX|TERTILES,5FU,5FU-P013,0.76357380805172281
HILL|EMAX|TERTILES,5FU,5FU-P014,0.97490977216263108
HILL|EMAX|TERTILES,5FU,5FU-P015,0.99109299999988598
HILL|EMAX|TERTILES,5FU,5FU-P016,0.9959770000163346
HILL|EMAX|TERTILES,5FU,5FU-P017,0.99568351364581587
HILL|EMAX|TERTILES,5FU,5FU-P018,0.99413815173048947
HILL|EMAX|TERTILES,5FU,5FU-P019,0.98782879522670541
HILL|EMAX|TERTILES,5FU,5FU-P020,1.0288083049687802
HILL|EMAX|TERTILES,5FU,5FU-P021,1.047679412725699
HILL|EMAX|TERTILES,5FU,5FU-P022,1.0287253239236347
HILL|EMAX|TERTILES,CARBO,Carbo-P001,1.0084647022909559
HILL|EMAX|TERTILES,CARBO,Carbo-P002,1.0054721332852925
HILL|EMAX|TERTILES,CARBO,Carbo-P003,1.0246140598840989
HILL|EMAX|TERTILES,CARBO,Carbo-P004,0.98142274741774749
HILL|EMAX|TERTILES,CARBO,Carbo-P005,1.0282799469304964
HILL|EMAX|TERTILES,CARBO,Carbo-P006,1.0280463088680025
HILL|EMAX|TERTILES,CARBO,Carbo-P007,0.99809122879512846
HILL|EMAX|TERTILES,CARBO,Carbo-P008,0.96163568338595928
HILL|EMAX|TERTILES,CARBO,Carbo-P009,0.94704977777777788
HILL|EMAX|TERTILES,CARBO,Carbo-P010,1.011448662768575
HILL|EMAX|TERTILES,CARBO,Carbo-P011,1.020309152360898
HILL|EMAX|TERTILES,CARBO,Carbo-P012,0.98580684101129634
HILL|EMAX|TERTILES,CARBO,Carbo-P013,0.98853700003281197
HILL|EMAX|TERTILES,CARBO,Carbo-P014,0.99099419835743852
HILL|EMAX|TERTILES,CARBO,Carbo-P015,0.98838623822730709
HILL|EMAX|TERTILES,CARBO,Carbo-P016,0.99828280190601071
HILL|EMAX|TERTILES,CARBO,Carbo-P017,0.78293052192965584
HILL|EMAX|TERTILES,CARBO,Carbo-P018,1.006116730699552
HILL|EMAX|TERTILES,CARBO,Carbo-P019,0.99991783024799807
HILL|EMAX|TERTILES,CARBO,Carbo-P020,0.99950640195276907
HILL|EMAX|TERTILES,CARBO,Carbo-P021,1.0125966732829514
HILL|EMAX|TERTILES,CARBO,Carbo-P022,0.98973348286950935
HILL|EMAX|TERTILES,CARBO,Carbo-P023,0.95471293494596454
HILL|EMAX|TERTILES,CARBO,Carbo-P024,1.0297916103069358
HILL|EMAX|TERTILES,CARBO_A,CarboA-P001,0.99229975000000004
HILL|EMAX|TERTILES,CARBO_A,CarboA-P002,0.98320060289983835
HILL|EMAX|TERTILES,CARBO_A,CarboA-P003,0.94809681864092521
HILL|EMAX|TERTILES,CARBO_A,CarboA-P004,0.53747085980746445
HILL|EMAX|TERTILES,CARBO_A,CarboA-P005,0.99881050004080962
HILL|EMAX|TERTILES,CARBO_A,CarboA-P006,0.99928581503516223
HILL|EMAX|TERTILES,CARBO_A,CarboA-P007,0.99934177815109559
HILL|EMAX|TERTILES,CARBO_A,CarboA-P008,0.9963093890681507
HILL|EMAX|TERTILES,CARBO_A,CarboA-P009,0.99931784666284174
HILL|EMAX|TERTILES,CARBO_A,CarboA-P010,0.94197133333254202
HILL|EMAX|TERTILES,CARBO_A,CarboA-P011,0.97837971841158833
HILL|EMAX|TERTILES,CARBO_A,CarboA-P012,1.0089165764872146
HILL|EMAX|TERTILES,CARBO_A,CarboA-P013,0.96486877428897155
HILL|EMAX|TERTILES,CDDP,CDDP-P001,0.98767246516524143
HILL|EMAX|TERTILES,CDDP,CDDP-P002,1.0119231982202972
HILL|EMAX|TERTILES,CDDP,CDDP-P003,1.0284964801870626
HILL|EMAX|TERTILES,CDDP,CDDP-P004,0.59784339483191662
HILL|EMAX|TERTILES,CDDP,CDDP-P005,1.016515519683002
HILL|EMAX|TERTILES,CDDP,CDDP-P006,0.98215951369823817
HILL|EMAX|TERTILES,CDDP,CDDP-P007,1.0240731917364143
HILL|EMAX|TERTILES,CDDP,CDDP-P008,0.95289000948864366
HILL|EMAX|TERTILES,CDDP,CDDP-P009,0.99138053403566662
HILL|EMAX|TERTILES,CDDP,CDDP-P010,0.93184985391269426
HILL|EMAX|TERTILES,CDDP,CDDP-P011,0.97741309989950376
HILL|EMAX|TERTILES,CDDP,CDDP-P012,0.96985065412547222
HILL|EMAX|TERTILES,CDDP,CDDP-P013,0.96822730089138531
HILL|EMAX|TERTILES,CDDP,CDDP-P014,0.75645485896633846
HILL|EMAX|TERTILES,CDDP,CDDP-P015,0.85970308474549184
HILL|EMAX|TERTILES,CDDP,CDDP-P016,0.99126333547843104
HILL|EMAX|TERTILES,CDDP,CDDP-P017,0.981696707891064
HILL|EMAX|TERTILES,CDDP,CDDP-P018,1.041291420682557
HILL|EMAX|TERTILES,CDDP_A,CDDPA-P001,0.99142329738457358
HILL|EMAX|TERTILES,CDDP_A,CDDPA-P002,0.79188171428623066
HILL|EMAX|TERTILES,CDDP_A,CDDPA-P003,0.98797443249703953
HILL|EMAX|TERTILES,CDDP_A,CDDPA-P004,1.0045719002882458
HILL|EMAX|TERTILES,CDDP_A,CDDPA-P005,0.99409905840941437
HILL|EMAX|TERTILES,CDDP_A,CDDPA-P006,0.99227596264158602
HILL|EMAX|TERTILES,CDDP_A,CDDPA-P007,0.87839026455736091
HILL|EMAX|TERTILES,CDDP_A,CDDPA-P008,0.73258009478213304
HILL|EMAX|TERTILES,CDDP_A,CDDPA-P009,0.98301656893288414
HILL|EMAX|TERTILES,CDDP_A,CDDPA-P010,0.42693580861856451
HILL|EMAX|TERTILES,CDDP_A,CDDPA-P011,0.81730642144416932
HILL|EMAX|TERTILES,CDDP_A,CDDPA-P012,0.84304324026981892
HILL|EMAX|TERTILES,CDDP_A,CDDPA-P013,0.9717670046783653
HILL|EMAX|TERTILES,CDDP_A,CDDPA-P014,0.73989592089452683
HILL|EMAX|TERTILES,CDDP_A,CDDPA-P015,0.95861401679931701
HILL|EMAX|TERTILES,CDDP_A,CDDPA-P016,0.99936183396168332
HILL|EMAX|TERTILES,CDDP_A,CDDPA-P017,0.54272358165708778
HILL|EMAX|TERTILES,CDDP_A,CDDPA-P018,0.96177662599325853
HILL|EMAX|TERTILES,ETO,ETO-P001,0.24918531233901436
HILL|EMAX|TERTILES,ETO,ETO-P002,0.68270618670192795
HILL|EMAX|TERTILES,ETO,ETO-P003,0.24597433321432766
HILL|EMAX|TERTILES,ETO,ETO-P004,0.92818441036232258
HILL|EMAX|TERTILES,ETO,ETO-P005,0.98147069011524635
HILL|EMAX|TERTILES,ETO,ETO-P006,0.91536639508774609
HILL|EMAX|TERTILES,ETO,ETO-P007,0.99859781579591866
HILL|EMAX|TERTILES,ETO,ETO-P008,0.10427355577651441
HILL|EMAX|TERTILES,ETO,ETO-P009,0.47496782004421967
HILL|EMAX|TERTILES,ETO,ETO-P010,0.36617569230769248
HILL|EMAX|TERTILES,ETO,ETO-P011,0.28982500007708589
HILL|EMAX|TERTILES,ETO,ETO-P012,0.70727279774043406
HILL|EMAX|TERTILES,ETO,ETO-P013,0.087358484089116589
HILL|EMAX|TERTILES,ETO,ETO-P014,0.24244533886690187
HILL|EMAX|TERTILES,ETO,ETO-P015,0.62967910636299962
HILL|EMAX|TERTILES,ETO,ETO-P016,0.41645128532161596
HILL|EMAX|TERTILES,ETO,ETO-P017,0.27151657151930941
HILL|EMAX|TERTILES,ETO,ETO-P018,0.47410567870638914
HILL|EMAX|JENKS,5FU,5FU-P001,1.0047935169548519
HILL|EMAX|JENKS,5FU,5FU-P002,1.0161267983255986
HILL|EMAX|JENKS,5FU,5FU-P003,0.9474807212171743
HILL|EMAX|JENKS,5FU,5FU-P004,0.72740654240813063
HILL|EMAX|JENKS,5FU,5FU-P005,0.97886874647950173
HILL|EMAX|JENKS,5FU,5FU-P006,0.85466516060875741
HILL|EMAX|JENKS,5FU,5FU-P007,0.95365916639224424
HILL|EMAX|JENKS,5FU,5FU-P008,0.97338343945210559
HILL|EMAX|JENKS,5FU,5FU-P009,1.039847116462413
HILL|EMAX|JENKS,5FU,5FU-P010,0.97044303346268446
HILL|EMAX|JENKS,5FU,5FU-P011,0.83317507564459281
HILL|EMAX|JENKS,5FU,5FU-P012,0.18547712500000071
HILL|EMAX|JENKS,5FU,5FU-P013,0.76357380805172281
HILL|EMAX|JENKS,5FU,5FU-P014,0.97490977216263108
HILL|EMAX|JENKS,5FU,5FU-P015,0.99109299999988598
HILL|EMAX|JENKS,5FU,5FU-P016,0.9959770000163346
HILL|EMAX|JENKS,5FU,5FU-P017,0.99568351364581587
HILL|EMAX|JENKS,5FU,5FU-P018,0.99413815173048947
HILL|EMAX|JENKS,5FU,5FU-P019,0.98782879522670541
HILL|EMAX|JENKS,5FU,5FU-P020,1.0288083049687802
HILL|EMAX|JENKS,5FU,5FU-P021,1.047679412725699
HILL|EMAX|JENKS,5FU,5FU-P022,1.0287253239236347
HILL|EMAX|JENKS,CARBO,Carbo-P001,1.0084647022909559
HILL|EMAX|JENKS,CARBO,Carbo-P002,1.0054721332852925
HILL|EMAX|JENKS,CARBO,Carbo-P003,1.0246140598840989
HILL|EMAX|JENKS,CARBO,Carbo-P004,0.98142274741774749
HILL|EMAX|JENKS,CARBO,Carbo-P005,1.0282799469304964
HILL|EMAX|JENKS,CARBO,Carbo-P006,1.0280463088680025
HILL|EMAX|JENKS,CARBO,Carbo-P007,0.99809122879512846
HILL|EMAX|JENKS,CARBO,Carbo-P008,0.96163568338595928
HILL|EMAX|JENKS,CARBO,Carbo-P009,0.94704977777777788
HILL|EMAX|JENKS,CARBO,Carbo-P010,1.011448662768575
HILL|EMAX|JENKS,CARBO,Carbo-P011,1.020309152360898
HILL|EMAX|JENKS,CARBO,Carbo-P012,0.98580684101129634
HILL|EMAX|JENKS,CARBO,Carbo-P013,0.98853700003281197
HILL|EMAX|JENKS,CARBO,Carbo-P014,0.99099419835743852
HILL|EMAX|JENKS,CARBO,Carbo-P015,0.98838623822730709
HILL|EMAX|JENKS,CARBO,Carbo-P016,0.99828280190601071
HILL|EMAX|JENKS,CARBO,Carbo-P017,0.78293052192965584
HILL|EMAX|JENKS,CARBO,Carbo-P018,1.006116730699552
HILL|EMAX|JENKS,CARBO,Carbo-P019,0.99991783024799807
HILL|EMAX|JENKS,CARBO,Carbo-P020,0.99950640195276907
HILL|EMAX|JENKS,CARBO,Carbo-P021,1.0125966732829514
HILL|EMAX|JENKS,CARBO,Carbo-P022,0.98973348286950935
HILL|EMAX|JENKS,CARBO,Carbo-P023,0.95471293494596454
HILL|EMAX|JENKS,CARBO,Carbo-P024,1.0297916103069358
HILL|EMAX|JENKS,CARBO_A,CarboA-P001,0.99229975000000004
HILL|EMAX|JENKS,CARBO_A,CarboA-P002,0.98320060289983835
HILL|EMAX|JENKS,CARBO_A,CarboA-P003,0.94809681864092521
HILL|EMAX|JENKS,CARBO_A,CarboA-P004,0.53747085980746445
HILL|EMAX|JENKS,CARBO_A,CarboA-P005,0.99881050004080962
HILL|EMAX|JENKS,CARBO_A,CarboA-P006,0.99928581503516223
HILL|EMAX|JENKS,CARBO_A,CarboA-P007,0.99934177815109559
HILL|EMAX|JENKS,CARBO_A,CarboA-P008,0.9963093890681507
HILL|EMAX|JENKS,CARBO_A,CarboA-P009,0.99931784666284174
HILL|EMAX|JENKS,CARBO_A,CarboA-P010,0.94197133333254202
HILL|EMAX|JENKS,CARBO_A,CarboA-P011,0.97837971841158833
HILL|EMAX|JENKS,CARBO_A,CarboA-P012,1.0089165764872146
HILL|EMAX|JENKS,CARBO_A,CarboA-P013,0.96486877428897155
HILL|EMAX|JENKS,CDDP,CDDP-P001,0.98767246516524143
HILL|EMAX|JENKS,CDDP,CDDP-P002,1.0119231982202972
HILL|EMAX|JENKS,CDDP,CDDP-P003,1.0284964801870626
HILL|EMAX|JENKS,CDDP,CDDP-P004,0.59784339483191662
HILL|EMAX|JENKS,CDDP,CDDP-P005,1.016515519683002
HILL|EMAX|JENKS,CDDP,CDDP-P006,0.98215951369823817
HILL|EMAX|JENKS,CDDP,CDDP-P007,1.0240731917364143
HILL|EMAX|JENKS,CDDP,CDDP-P008,0.95289000948864366
HILL|EMAX|JENKS,CDDP,CDDP-P009,0.99138053403566662
HILL|EMAX|JENKS,CDDP,CDDP-P010,0.93184985391269426
HILL|EMAX|JENKS,CDDP,CDDP-P011,0.97741309989950376
HILL|EMAX|JENKS,CDDP,CDDP-P012,0.96985065412547222
HILL|EMAX|JENKS,CDDP,CDDP-P013,0.96822730089138531
HILL|EMAX|JENKS,CDDP,CDDP-P014,0.75645485896633846
HILL|EMAX|JENKS,CDDP,CDDP-P015,0.85970308474549184
HILL|EMAX|JENKS,CDDP,CDDP-P016,0.99126333547843104
HILL|EMAX|JENKS,CDDP,CDDP-P017,0.981696707891064
HILL|EMAX|JENKS,CDDP,CDDP-P018,1.041291420682557
HILL|EMAX|JENKS,CDDP_A,CDDPA-P001,0.99142329738457358
HILL|EMAX|JENKS,CDDP_A,CDDPA-P002,0.79188171428623066
HILL|EMAX|JENKS,CDDP_A,CDDPA-P003,0.98797443249703953
HILL|EMAX|JENKS,CDDP_A,CDDPA-P004,1.0045719002882458
HILL|EMAX|JENKS,CDDP_A,CDDPA-P005,0.99409905840941437
HILL|EMAX|JENKS,CDDP_A,CDDPA-P006,0.99227596264158602
HILL|EMAX|JENKS,CDDP_A,CDDPA-P007,0.87839026455736091
HILL|EMAX|JENKS,CDDP_A,CDDPA-P008,0.73258009478213304
HILL|EMAX|JENKS,CDDP_A,CDDPA-P009,0.98301656893288414
HILL|EMAX|JENKS,CDDP_A,CDDPA-P010,0.42693580861856451
HILL|EMAX|JENKS,CDDP_A,CDDPA-P011,0.81730642144416932
HILL|EMAX|JENKS,CDDP_A,CDDPA-P012,0.84304324026981892
HILL|EMAX|JENKS,CDDP_A,CDDPA-P013,0.9717670046783653
HILL|EMAX|JENKS,CDDP_A,CDDPA-P014,0.73989592089452683
HILL|EMAX|JENKS,CDDP_A,CDDPA-P015,0.95861401679931701
HILL|EMAX|JENKS,CDDP_A,CDDPA-P016,0.99936183396168332
HILL|EMAX|JENKS,CDDP_A,CDDPA-P017,0.54272358165708778
HILL|EMAX|JENKS,CDDP_A,CDDPA-P018,0.96177662599325853
HILL|EMAX|JENKS,ETO,ETO-P001,0.24918531233901436
HILL|EMAX|JENKS,ETO,ETO-P002,0.68270618670192795
HILL|EMAX|JENKS,ETO,ETO-P003,0.24597433321432766
HILL|EMAX|JENKS,ETO,ETO-P004,0.92818441036232258
HILL|EMAX|JENKS,ETO,ETO-P005,0.98147069011524635
HILL|EMAX|JENKS,ETO,ETO-P006,0.91536639508774609
HILL|EMAX|JENKS,ETO,ETO-P007,0.99859781579591866
HILL|EMAX|JENKS,ETO,ETO-P008,0.10427355577651441
HILL|EMAX|JENKS,ETO,ETO-P009,0.47496782004421967
HILL|EMAX|JENKS,ETO,ETO-P010,0.36617569230769248
HILL|EMAX|JENKS,ETO,ETO-P011,0.28982500007708589
HILL|EMAX|JENKS,ETO,ETO-P012,0.70727279774043406
HILL|EMAX|JENKS,ETO,ETO-P013,0.087358484089116589
HILL|EMAX|JENKS,ETO,ETO-P014,0.24244533886690187
HILL|EMAX|JENKS,ETO,ETO-P015,0.62967910636299962
HILL|EMAX|JENKS,ETO,ETO-P016,0.41645128532161596
HILL|EMAX|JENKS,ETO,ETO-P017,0.27151657151930941
HILL|EMAX|JENKS,ETO,ETO-P018,0.47410567870638914
HILL|EMAX|KMEANS,5FU,5FU-P001,1.0047935169548519
HILL|EMAX|KMEANS,5FU,5FU-P002,1.0161267983255986
HILL|EMAX|KMEANS,5FU,5FU-P003,0.9474807212171743
HILL|EMAX|KMEANS,5FU,5FU-P004,0.72740654240813063
HILL|EMAX|KMEANS,5FU,5FU-P005,0.97886874647950173
HILL|EMAX|KMEANS,5FU,5FU-P006,0.85466516060875741
HILL|EMAX|KMEANS,5FU,5FU-P007,0.95365916639224424
HILL|EMAX|KMEANS,5FU,5FU-P008,0.97338343945210559
HILL|EMAX|KMEANS,5FU,5FU-P009,1.039847116462413
HILL|EMAX|KMEANS,5FU,5FU-P010,0.97044303346268446
HILL|EMAX|KMEANS,5FU,5FU-P011,0.83317507564459281
HILL|EMAX|KMEANS,5FU,5FU-P012,0.18547712500000071
HILL|EMAX|KMEANS,5FU,5FU-P013,0.76357380805172281
HILL|EMAX|KMEANS,5FU,5FU-P014,0.97490977216263108
HILL|EMAX|KMEANS,5FU,5FU-P015,0.99109299999988598
HILL|EMAX|KMEANS,5FU,5FU-P016,0.9959770000163346
HILL|EMAX|KMEANS,5FU,5FU-P017,0.99568351364581587
HILL|EMAX|KMEANS,5FU,5FU-P018,0.99413815173048947
HILL|EMAX|KMEANS,5FU,5FU-P019,0.98782879522670541
HILL|EMAX|KMEANS,5FU,5FU-P020,1.0288083049687802
HILL|EMAX|KMEANS,5FU,5FU-P021,1.047679412725699
HILL|EMAX|KMEANS,5FU,5FU-P022,1.0287253239236347
HILL|EMAX|KMEANS,CARBO,Carbo-P001,1.0084647022909559
HILL|EMAX|KMEANS,CARBO,Carbo-P002,1.0054721332852925
HILL|EMAX|KMEANS,CARBO,Carbo-P003,1.0246140598840989
HILL|EMAX|KMEANS,CARBO,Carbo-P004,0.98142274741774749
HILL|EMAX|KMEANS,CARBO,Carbo-P005,1.0282799469304964
HILL|EMAX|KMEANS,CARBO,Carbo-P006,1.0280463088680025
HILL|EMAX|KMEANS,CARBO,Carbo-P007,0.99809122879512846
HILL|EMAX|KMEANS,CARBO,Carbo-P008,0.96163568338595928
HILL|EMAX|KMEANS,CARBO,Carbo-P009,0.94704977777777788
HILL|EMAX|KMEANS,CARBO,Carbo-P010,1.011448662768575
HILL|EMAX|KMEANS,CARBO,Carbo-P011,1.020309152360898
HILL|EMAX|KMEANS,CARBO,Carbo-P012,0.98580684101129634
HILL|EMAX|KMEANS,CARBO,Carbo-P013,0.98853700003281197
HILL|EMAX|KMEANS,CARBO,Carbo-P014,0.99099419835743852
HILL|EMAX|KMEANS,CARBO,Carbo-P015,0.98838623822730709
HILL|EMAX|KMEANS,CARBO,Carbo-P016,0.99828280190601071
HILL|EMAX|KMEANS,CARBO,Carbo-P017,0.78293052192965584
HILL|EMAX|KMEANS,CARBO,Carbo-P018,1.006116730699552
HILL|EMAX|KMEANS,CARBO,Carbo-P019,0.99991783024799807
HILL|EMAX|KMEANS,CARBO,Carbo-P020,0.99950640195276907
HILL|EMAX|KMEANS,CARBO,Carbo-P021,1.0125966732829514
HILL|EMAX|KMEANS,CARBO,Carbo-P022,0.98973348286950935
HILL|EMAX|KMEANS,CARBO,Carbo-P023,0.95471293494596454
HILL|EMAX|KMEANS,CARBO,Carbo-P024,1.0297916103069358
HILL|EMAX|KMEANS,CARBO_A,CarboA-P001,0.99229975000000004
HILL|EMAX|KMEANS,CARBO_A,CarboA-P002,0.98320060289983835
HILL|EMAX|KMEANS,CARBO_A,CarboA-P003,0.94809681864092521
HILL|EMAX|KMEANS,CARBO_A,CarboA-P004,0.53747085980746445
HILL|EMAX|KMEANS,CARBO_A,CarboA-P005,0.99881050004080962
HILL|EMAX|KMEANS,CARBO_A,CarboA-P006,0.99928581503516223
HILL|EMAX|KMEANS,CARBO_A,CarboA-P007,0.99934177815109559
HILL|EMAX|KMEANS,CARBO_A,CarboA-P008,0.9963093890681507
HILL|EMAX|KMEANS,CARBO_A,CarboA-P009,0.99931784666284174
HILL|EMAX|KMEANS,CARBO_A,CarboA-P010,0.94197133333254202
HILL|EMAX|KMEANS,CARBO_A,CarboA-P011,0.97837971841158833
HILL|EMAX|KMEANS,CARBO_A,CarboA-P012,1.0089165764872146
HILL|EMAX|KMEANS,CARBO_A,CarboA-P013,0.96486877428897155
HILL|EMAX|KMEANS,CDDP,CDDP-P001,0.98767246516524143
HILL|EMAX|KMEANS,CDDP,CDDP-P002,1.0119231982202972
HILL|EMAX|KMEANS,CDDP,CDDP-P003,1.0284964801870626
HILL|EMAX|KMEANS,CDDP,CDDP-P004,0.59784339483191662
HILL|EMAX|KMEANS,CDDP,CDDP-P005,1.016515519683002
HILL|EMAX|KMEANS,CDDP,CDDP-P006,0.98215951369823817
HILL|EMAX|KMEANS,CDDP,CDDP-P007,1.0240731917364143
HILL|EMAX|KMEANS,CDDP,CDDP-P008,0.95289000948864366
HILL|EMAX|KMEANS,CDDP,CDDP-P009,0.99138053403566662
HILL|EMAX|KMEANS,CDDP,CDDP-P010,0.93184985391269426
HILL|EMAX|KMEANS,CDDP,CDDP-P011,0.97741309989950376
HILL|EMAX|KMEANS,CDDP,CDDP-P012,0.96985065412547222
HILL|EMAX|KMEANS,CDDP,CDDP-P013,0.96822730089138531
HILL|EMAX|KMEANS,CDDP,CDDP-P014,0.75645485896633846
HILL|EMAX|KMEANS,CDDP,CDDP-P015,0.85970308474549184
HILL|EMAX|KMEANS,CDDP,CDDP-P016,0.99126333547843104
HILL|EMAX|KMEANS,CDDP,CDDP-P017,0.981696707891064
HILL|EMAX|KMEANS,CDDP,CDDP-P018,1.041291420682557
HILL|EMAX|KMEANS,CDDP_A,CDDPA-P001,0.99142329738457358
HILL|EMAX|KMEANS,CDDP_A,CDDPA-P002,0.79188171428623066
HILL|EMAX|KMEANS,CDDP_A,CDDPA-P003,0.98797443249703953
HILL|EMAX|KMEANS,CDDP_A,CDDPA-P004,1.0045719002882458
HILL|EMAX|KMEANS,CDDP_A,CDDPA-P005,0.99409905840941437
HILL|EMAX|KMEANS,CDDP_A,CDDPA-P006,0.99227596264158602
HILL|EMAX|KMEANS,CDDP_A,CDDPA-P007,0.87839026455736091
HILL|EMAX|KMEANS,CDDP_A,CDDPA-P008,0.73258009478213304
HILL|EMAX|KMEANS,CDDP_A,CDDPA-P009,0.98301656893288414
HILL|EMAX|KMEANS,CDDP_A,CDDPA-P010,0.42693580861856451
HILL|EMAX|KMEANS,CDDP_A,CDDPA-P011,0.81730642144416932
HILL|EMAX|KMEANS,CDDP_A,CDDPA-P012,0.84304324026981892
HILL|EMAX|KMEANS,CDDP_A,CDDPA-P013,0.9717670046783653
HILL|EMAX|KMEANS,CDDP_A,CDDPA-P014,0.73989592089452683
HILL|EMAX|KMEANS,CDDP_A,CDDPA-P015,0.95861401679931701
HILL|EMAX|KMEANS,CDDP_A,CDDPA-P016,0.99936183396168332
HILL|EMAX|KMEANS,CDDP_A,CDDPA-P017,0.54272358165708778
HILL|EMAX|KMEANS,CDDP_A,CDDPA-P018,0.96177662599325853
HILL|EMAX|KMEANS,ETO,ETO-P001,0.24918531233901436
HILL|EMAX|KMEANS,ETO,ETO-P002,0.68270618670192795
HILL|EMAX|KMEANS,ETO,ETO-P003,0.24597433321432766
HILL|EMAX|KMEANS,ETO,ETO-P004,0.92818441036232258
HILL|EMAX|KMEANS,ETO,ETO-P005,0.98147069011524635
HILL|EMAX|KMEANS,ETO,ETO-P006,0.91536639508774609
HILL|EMAX|KMEANS,ETO,ETO-P007,0.99859781579591866
HILL|EMAX|KMEANS,ETO,ETO-P008,0.10427355577651441
HILL|EMAX|KMEANS,ETO,ETO-P009,0.47496782004421967
HILL|EMAX|KMEANS,ETO,ETO-P010,0.36617569230769248
HILL|EMAX|KMEANS,ETO,ETO-P011,0.28982500007708589
HILL|EMAX|KMEANS,ETO,ETO-P012,0.70727279774043406
HILL|EMAX|KMEANS,ETO,ETO-P013,0.087358484089116589
HILL|EMAX|KMEANS,ETO,ETO-P014,0.24244533886690187
HILL|EMAX|KMEANS,ETO,ETO-P015,0.62967910636299962
HILL|EMAX|KMEANS,ETO,ETO-P016,0.41645128532161596
HILL|EMAX|KMEANS,ETO,ETO-P017,0.27151657151930941
HILL|EMAX|KMEANS,ETO,ETO-P018,0.47410567870638914
HILL|EMAX|WARD,5FU,5FU-P001,1.0047935169548519
HILL|EMAX|WARD,5FU,5FU-P002,1.0161267983255986
HILL|EMAX|WARD,5FU,5FU-P003,0.9474807212171743
HILL|EMAX|WARD,5FU,5FU-P004,0.72740654240813063
HILL|EMAX|WARD,5FU,5FU-P005,0.97886874647950173
HILL|EMAX|WARD,5FU,5FU-P006,0.85466516060875741
HILL|EMAX|WARD,5FU,5FU-P007,0.95365916639224424
HILL|EMAX|WARD,5FU,5FU-P008,0.97338343945210559
HILL|EMAX|WARD,5FU,5FU-P009,1.039847116462413
HILL|EMAX|WARD,5FU,5FU-P010,0.97044303346268446
HILL|EMAX|WARD,5FU,5FU-P011,0.83317507564459281
HILL|EMAX|WARD,5FU,5FU-P012,0.18547712500000071
HILL|EMAX|WARD,5FU,5FU-P013,0.76357380805172281
HILL|EMAX|WARD,5FU,5FU-P014,0.97490977216263108
HILL|EMAX|WARD,5FU,5FU-P015,0.99109299999988598
HILL|EMAX|WARD,5FU,5FU-P016,0.9959770000163346
HILL|EMAX|WARD,5FU,5FU-P017,0.99568351364581587
HILL|EMAX|WARD,5FU,5FU-P018,0.99413815173048947
HILL|EMAX|WARD,5FU,5FU-P019,0.98782879522670541
HILL|EMAX|WARD,5FU,5FU-P020,1.0288083049687802
HILL|EMAX|WARD,5FU,5FU-P021,1.047679412725699
HILL|EMAX|WARD,5FU,5FU-P022,1.0287253239236347
HILL|EMAX|WARD,CARBO,Carbo-P001,1.0084647022909559
HILL|EMAX|WARD,CARBO,Carbo-P002,1.0054721332852925
HILL|EMAX|WARD,CARBO,Carbo-P003,1.0246140598840989
HILL|EMAX|WARD,CARBO,Carbo-P004,0.98142274741774749
HILL|EMAX|WARD,CARBO,Carbo-P005,1.0282799469304964
HILL|EMAX|WARD,CARBO,Carbo-P006,1.0280463088680025
HILL|EMAX|WARD,CARBO,Carbo-P007,0.99809122879512846
HILL|EMAX|WARD,CARBO,Carbo-P008,0.96163568338595928
HILL|EMAX|WARD,CARBO,Carbo-P009,0.94704977777777788
HILL|EMAX|WARD,CARBO,Carbo-P010,1.011448662768575
HILL|EMAX|WARD,CARBO,Carbo-P011,1.020309152360898
HILL|EMAX|WARD,CARBO,Carbo-P012,0.98580684101129634
HILL|EMAX|WARD,CARBO,Carbo-P013,0.98853700003281197
HILL|EMAX|WARD,CARBO,Carbo-P014,0.99099419835743852
HILL|EMAX|WARD,CARBO,Carbo-P015,0.98838623822730709
HILL|EMAX|WARD,CARBO,Carbo-P016,0.99828280190601071
HILL|EMAX|WARD,CARBO,Carbo-P017,0.78293052192965584
HILL|EMAX|WARD,CARBO,Carbo-P018,1.006116730699552
HILL|EMAX|WARD,CARBO,Carbo-P019,0.99991783024799807
HILL|EMAX|WARD,CARBO,Carbo-P020,0.99950640195276907
HILL|EMAX|WARD,CARBO,Carbo-P021,1.0125966732829514
HILL|EMAX|WARD,CARBO,Carbo-P022,0.98973348286950935
HILL|EMAX|WARD,CARBO,Carbo-P023,0.95471293494596454
HILL|EMAX|WARD,CARBO,Carbo-P024,1.0297916103069358
HILL|EMAX|WARD,CARBO_A,CarboA-P001,0.99229975000000004
HILL|EMAX|WARD,CARBO_A,CarboA-P002,0.98320060289983835
HILL|EMAX|WARD,CARBO_A,CarboA-P003,0.94809681864092521
HILL|EMAX|WARD,CARBO_A,CarboA-P004,0.53747085980746445
HILL|EMAX|WARD,CARBO_A,CarboA-P005,0.99881050004080962
HILL|EMAX|WARD,CARBO_A,CarboA-P006,0.99928581503516223
HILL|EMAX|WARD,CARBO_A,CarboA-P007,0.99934177815109559
HILL|EMAX|WARD,CARBO_A,CarboA-P008,0.9963093890681507
HILL|EMAX|WARD,CARBO_A,CarboA-P009,0.99931784666284174
HILL|EMAX|WARD,CARBO_A,CarboA-P010,0.94197133333254202
HILL|EMAX|WARD,CARBO_A,CarboA-P011,0.97837971841158833
HILL|EMAX|WARD,CARBO_A,CarboA-P012,1.0089165764872146
HILL|EMAX|WARD,CARBO_A,CarboA-P013,0.96486877428897155
HILL|EMAX|WARD,CDDP,CDDP-P001,0.98767246516524143
HILL|EMAX|WARD,CDDP,CDDP-P002,1.0119231982202972
HILL|EMAX|WARD,CDDP,CDDP-P003,1.0284964801870626
HILL|EMAX|WARD,CDDP,CDDP-P004,0.59784339483191662
HILL|EMAX|WARD,CDDP,CDDP-P005,1.016515519683002
HILL|EMAX|WARD,CDDP,CDDP-P006,0.98215951369823817
HILL|EMAX|WARD,CDDP,CDDP-P007,1.0240731917364143
HILL|EMAX|WARD,CDDP,CDDP-P008,0.95289000948864366
HILL|EMAX|WARD,CDDP,CDDP-P009,0.99138053403566662
HILL|EMAX|WARD,CDDP,CDDP-P010,0.93184985391269426
HILL|EMAX|WARD,CDDP,CDDP-P011,0.97741309989950376
HILL|EMAX|WARD,CDDP,CDDP-P012,0.96985065412547222
HILL|EMAX|WARD,CDDP,CDDP-P013,0.96822730089138531
HILL|EMAX|WARD,CDDP,CDDP-P014,0.75645485896633846
HILL|EMAX|WARD,CDDP,CDDP-P015,0.85970308474549184
HILL|EMAX|WARD,CDDP,CDDP-P016,0.99126333547843104
HILL|EMAX|WARD,CDDP,CDDP-P017,0.981696707891064
HILL|EMAX|WARD,CDDP,CDDP-P018,1.041291420682557
HILL|EMAX|WARD,CDDP_A,CDDPA-P001,0.99142329738457358
HILL|EMAX|WARD,CDDP_A,CDDPA-P002,0.79188171428623066
HILL|EMAX|WARD,CDDP_A,CDDPA-P003,0.98797443249703953
HILL|EMAX|WARD,CDDP_A,CDDPA-P004,1.0045719002882458
HILL|EMAX|WARD,CDDP_A,CDDPA-P005,0.99409905840941437
HILL|EMAX|WARD,CDDP_A,CDDPA-P006,0.99227596264158602
HILL|EMAX|WARD,CDDP_A,CDDPA-P007,0.87839026455736091
HILL|EMAX|WARD,CDDP_A,CDDPA-P008,0.73258009478213304
HILL|EMAX|WARD,CDDP_A,CDDPA-P009,0.98301656893288414
HILL|EMAX|WARD,CDDP_A,CDDPA-P010,0.42693580861856451
HILL|EMAX|WARD,CDDP_A,CDDPA-P011,0.81730642144416932
HILL|EMAX|WARD,CDDP_A,CDDPA-P012,0.84304324026981892
HILL|EMAX|WARD,CDDP_A,CDDPA-P013,0.9717670046783653
HILL|EMAX|WARD,CDDP_A,CDDPA-P014,0.73989592089452683
HILL|EMAX|WARD,CDDP_A,CDDPA-P015,0.95861401679931701
HILL|EMAX|WARD,CDDP_A,CDDPA-P016,0.99936183396168332
HILL|EMAX|WARD,CDDP_A,CDDPA-P017,0.54272358165708778
HILL|EMAX|WARD,CDDP_A,CDDPA-P018,0.96177662599325853
HILL|EMAX|WARD,ETO,ETO-P001,0.24918531233901436
HILL|EMAX|WARD,ETO,ETO-P002,0.68270618670192795
HILL|EMAX|WARD,ETO,ETO-P003,0.24597433321432766
HILL|EMAX|WARD,ETO,ETO-P004,0.92818441036232258
HILL|EMAX|WARD,ETO,ETO-P005,0.98147069011524635
HILL|EMAX|WARD,ETO,ETO-P006,0.91536639508774609
HILL|EMAX|WARD,ETO,ETO-P007,0.99859781579591866
HILL|EMAX|WARD,ETO,ETO-P008,0.10427355577651441
HILL|EMAX|WARD,ETO,ETO-P009,0.47496782004421967
HILL|EMAX|WARD,ETO,ETO-P010,0.36617569230769248
HILL|EMAX|WARD,ETO,ETO-P011,0.28982500007708589
HILL|EMAX|WARD,ETO,ETO-P012,0.70727279774043406
HILL|EMAX|WARD,ETO,ETO-P013,0.087358484089116589
HILL|EMAX|WARD,ETO,ETO-P014,0.24244533886690187
HILL|EMAX|WARD,ETO,ETO-P015,0.62967910636299962
HILL|EMAX|WARD,ETO,ETO-P016,0.41645128532161596
HILL|EMAX|WARD,ETO,ETO-P017,0.27151657151930941
HILL|EMAX|WARD,ETO,ETO-P018,0.47410567870638914
HILL|EMAX|TIED_GMM,5FU,5FU-P001,1.0047935169548519
HILL|EMAX|TIED_GMM,5FU,5FU-P002,1.0161267983255986
HILL|EMAX|TIED_GMM,5FU,5FU-P003,0.9474807212171743
HILL|EMAX|TIED_GMM,5FU,5FU-P004,0.72740654240813063
HILL|EMAX|TIED_GMM,5FU,5FU-P005,0.97886874647950173
HILL|EMAX|TIED_GMM,5FU,5FU-P006,0.85466516060875741
HILL|EMAX|TIED_GMM,5FU,5FU-P007,0.95365916639224424
HILL|EMAX|TIED_GMM,5FU,5FU-P008,0.97338343945210559
HILL|EMAX|TIED_GMM,5FU,5FU-P009,1.039847116462413
HILL|EMAX|TIED_GMM,5FU,5FU-P010,0.97044303346268446
HILL|EMAX|TIED_GMM,5FU,5FU-P011,0.83317507564459281
HILL|EMAX|TIED_GMM,5FU,5FU-P012,0.18547712500000071
HILL|EMAX|TIED_GMM,5FU,5FU-P013,0.76357380805172281
HILL|EMAX|TIED_GMM,5FU,5FU-P014,0.97490977216263108
HILL|EMAX|TIED_GMM,5FU,5FU-P015,0.99109299999988598
HILL|EMAX|TIED_GMM,5FU,5FU-P016,0.9959770000163346
HILL|EMAX|TIED_GMM,5FU,5FU-P017,0.99568351364581587
HILL|EMAX|TIED_GMM,5FU,5FU-P018,0.99413815173048947
HILL|EMAX|TIED_GMM,5FU,5FU-P019,0.98782879522670541
HILL|EMAX|TIED_GMM,5FU,5FU-P020,1.0288083049687802
HILL|EMAX|TIED_GMM,5FU,5FU-P021,1.047679412725699
HILL|EMAX|TIED_GMM,5FU,5FU-P022,1.0287253239236347
HILL|EMAX|TIED_GMM,CARBO,Carbo-P001,1.0084647022909559
HILL|EMAX|TIED_GMM,CARBO,Carbo-P002,1.0054721332852925
HILL|EMAX|TIED_GMM,CARBO,Carbo-P003,1.0246140598840989
HILL|EMAX|TIED_GMM,CARBO,Carbo-P004,0.98142274741774749
HILL|EMAX|TIED_GMM,CARBO,Carbo-P005,1.0282799469304964
HILL|EMAX|TIED_GMM,CARBO,Carbo-P006,1.0280463088680025
HILL|EMAX|TIED_GMM,CARBO,Carbo-P007,0.99809122879512846
HILL|EMAX|TIED_GMM,CARBO,Carbo-P008,0.96163568338595928
HILL|EMAX|TIED_GMM,CARBO,Carbo-P009,0.94704977777777788
HILL|EMAX|TIED_GMM,CARBO,Carbo-P010,1.011448662768575
HILL|EMAX|TIED_GMM,CARBO,Carbo-P011,1.020309152360898
HILL|EMAX|TIED_GMM,CARBO,Carbo-P012,0.98580684101129634
HILL|EMAX|TIED_GMM,CARBO,Carbo-P013,0.98853700003281197
HILL|EMAX|TIED_GMM,CARBO,Carbo-P014,0.99099419835743852
HILL|EMAX|TIED_GMM,CARBO,Carbo-P015,0.98838623822730709
HILL|EMAX|TIED_GMM,CARBO,Carbo-P016,0.99828280190601071
HILL|EMAX|TIED_GMM,CARBO,Carbo-P017,0.78293052192965584
HILL|EMAX|TIED_GMM,CARBO,Carbo-P018,1.006116730699552
HILL|EMAX|TIED_GMM,CARBO,Carbo-P019,0.99991783024799807
HILL|EMAX|TIED_GMM,CARBO,Carbo-P020,0.99950640195276907
HILL|EMAX|TIED_GMM,CARBO,Carbo-P021,1.0125966732829514
HILL|EMAX|TIED_GMM,CARBO,Carbo-P022,0.98973348286950935
HILL|EMAX|TIED_GMM,CARBO,Carbo-P023,0.95471293494596454
HILL|EMAX|TIED_GMM,CARBO,Carbo-P024,1.0297916103069358
HILL|EMAX|TIED_GMM,CARBO_A,CarboA-P001,0.99229975000000004
HILL|EMAX|TIED_GMM,CARBO_A,CarboA-P002,0.98320060289983835
HILL|EMAX|TIED_GMM,CARBO_A,CarboA-P003,0.94809681864092521
HILL|EMAX|TIED_GMM,CARBO_A,CarboA-P004,0.53747085980746445
HILL|EMAX|TIED_GMM,CARBO_A,CarboA-P005,0.99881050004080962
HILL|EMAX|TIED_GMM,CARBO_A,CarboA-P006,0.99928581503516223
HILL|EMAX|TIED_GMM,CARBO_A,CarboA-P007,0.99934177815109559
HILL|EMAX|TIED_GMM,CARBO_A,CarboA-P008,0.9963093890681507
HILL|EMAX|TIED_GMM,CARBO_A,CarboA-P009,0.99931784666284174
HILL|EMAX|TIED_GMM,CARBO_A,CarboA-P010,0.94197133333254202
HILL|EMAX|TIED_GMM,CARBO_A,CarboA-P011,0.97837971841158833
HILL|EMAX|TIED_GMM,CARBO_A,CarboA-P012,1.0089165764872146
HILL|EMAX|TIED_GMM,CARBO_A,CarboA-P013,0.96486877428897155
HILL|EMAX|TIED_GMM,CDDP,CDDP-P001,0.98767246516524143
HILL|EMAX|TIED_GMM,CDDP,CDDP-P002,1.0119231982202972
HILL|EMAX|TIED_GMM,CDDP,CDDP-P003,1.0284964801870626
HILL|EMAX|TIED_GMM,CDDP,CDDP-P004,0.59784339483191662
HILL|EMAX|TIED_GMM,CDDP,CDDP-P005,1.016515519683002
HILL|EMAX|TIED_GMM,CDDP,CDDP-P006,0.98215951369823817
HILL|EMAX|TIED_GMM,CDDP,CDDP-P007,1.0240731917364143
HILL|EMAX|TIED_GMM,CDDP,CDDP-P008,0.95289000948864366
HILL|EMAX|TIED_GMM,CDDP,CDDP-P009,0.99138053403566662
HILL|EMAX|TIED_GMM,CDDP,CDDP-P010,0.93184985391269426
HILL|EMAX|TIED_GMM,CDDP,CDDP-P011,0.97741309989950376
HILL|EMAX|TIED_GMM,CDDP,CDDP-P012,0.96985065412547222
HILL|EMAX|TIED_GMM,CDDP,CDDP-P013,0.96822730089138531
HILL|EMAX|TIED_GMM,CDDP,CDDP-P014,0.75645485896633846
HILL|EMAX|TIED_GMM,CDDP,CDDP-P015,0.85970308474549184
HILL|EMAX|TIED_GMM,CDDP,CDDP-P016,0.99126333547843104
HILL|EMAX|TIED_GMM,CDDP,CDDP-P017,0.981696707891064
HILL|EMAX|TIED_GMM,CDDP,CDDP-P018,1.041291420682557
HILL|EMAX|TIED_GMM,CDDP_A,CDDPA-P001,0.99142329738457358
HILL|EMAX|TIED_GMM,CDDP_A,CDDPA-P002,0.79188171428623066
HILL|EMAX|TIED_GMM,CDDP_A,CDDPA-P003,0.98797443249703953
HILL|EMAX|TIED_GMM,CDDP_A,CDDPA-P004,1.0045719002882458
HILL|EMAX|TIED_GMM,CDDP_A,CDDPA-P005,0.99409905840941437
HILL|EMAX|TIED_GMM,CDDP_A,CDDPA-P006,0.99227596264158602
HILL|EMAX|TIED_GMM,CDDP_A,CDDPA-P007,0.87839026455736091
HILL|EMAX|TIED_GMM,CDDP_A,CDDPA-P008,0.73258009478213304
HILL|EMAX|TIED_GMM,CDDP_A,CDDPA-P009,0.98301656893288414
HILL|EMAX|TIED_GMM,CDDP_A,CDDPA-P010,0.42693580861856451
HILL|EMAX|TIED_GMM,CDDP_A,CDDPA-P011,0.81730642144416932
HILL|EMAX|TIED_GMM,CDDP_A,CDDPA-P012,0.84304324026981892
HILL|EMAX|TIED_GMM,CDDP_A,CDDPA-P013,0.9717670046783653
HILL|EMAX|TIED_GMM,CDDP_A,CDDPA-P014,0.73989592089452683
HILL|EMAX|TIED_GMM,CDDP_A,CDDPA-P015,0.95861401679931701
HILL|EMAX|TIED_GMM,CDDP_A,CDDPA-P016,0.99936183396168332
HILL|EMAX|TIED_GMM,CDDP_A,CDDPA-P017,0.54272358165708778
HILL|EMAX|TIED_GMM,CDDP_A,CDDPA-P018,0.96177662599325853
HILL|EMAX|TIED_GMM,ETO,ETO-P001,0.24918531233901436
HILL|EMAX|TIED_GMM,ETO,ETO-P002,0.68270618670192795
HILL|EMAX|TIED_GMM,ETO,ETO-P003,0.24597433321432766
HILL|EMAX|TIED_GMM,ETO,ETO-P004,0.92818441036232258
HILL|EMAX|TIED_GMM,ETO,ETO-P005,0.98147069011524635
HILL|EMAX|TIED_GMM,ETO,ETO-P006,0.91536639508774609
HILL|EMAX|TIED_GMM,ETO,ETO-P007,0.99859781579591866
HILL|EMAX|TIED_GMM,ETO,ETO-P008,0.10427355577651441
HILL|EMAX|TIED_GMM,ETO,ETO-P009,0.47496782004421967
HILL|EMAX|TIED_GMM,ETO,ETO-P010,0.36617569230769248
HILL|EMAX|TIED_GMM,ETO,ETO-P011,0.28982500007708589
HILL|EMAX|TIED_GMM,ETO,ETO-P012,0.70727279774043406
HILL|EMAX|TIED_GMM,ETO,ETO-P013,0.087358484089116589
HILL|EMAX|TIED_GMM,ETO,ETO-P014,0.24244533886690187
HILL|EMAX|TIED_GMM,ETO,ETO-P015,0.62967910636299962
HILL|EMAX|TIED_GMM,ETO,ETO-P016,0.41645128532161596
HILL|EMAX|TIED_GMM,ETO,ETO-P017,0.27151657151930941
HILL|EMAX|TIED_GMM,ETO,ETO-P018,0.47410567870638914
LOGISTIC|IC50|TERTILES,5FU,5FU-P001,-2.1931170199285681
LOGISTIC|IC50|TERTILES,5FU,5FU-P002,-7.1433318728705757
LOGISTIC|IC50|TERTILES,5FU,5FU-P003,-19.104640929789497
LOGISTIC|IC50|TERTILES,5FU,5FU-P004,-3.6200778253211858
LOGISTIC|IC50|TERTILES,5FU,5FU-P005,-4.7256171158843117
LOGISTIC|IC50|TERTILES,5FU,5FU-P006,-8.7660943349548859
LOGISTIC|IC50|TERTILES,5FU,5FU-P007,-7.6557896690303551
LOGISTIC|IC50|TERTILES,5FU,5FU-P008,-2.2142845506657309
LOGISTIC|IC50|TERTILES,5FU,5FU-P009,-4.3212180483624252
LOGISTIC|IC50|TERTILES,5FU,5FU-P010,-27.989220744993283
LOGISTIC|IC50|TERTILES,5FU,5FU-P011,-46.008555913354371
LOGISTIC|IC50|TERTILES,5FU,5FU-P012,
LOGISTIC|IC50|TERTILES,5FU,5FU-P013,-46.778462729257683
LOGISTIC|IC50|TERTILES,5FU,5FU-P014,-40.212391114419724
LOGISTIC|IC50|TERTILES,5FU,5FU-P015,-8.8816846413656521
LOGISTIC|IC50|TERTILES,5FU,5FU-P016,-0
LOGISTIC|IC50|TERTILES,5FU,5FU-P017,-4.7201750295478888
LOGISTIC|IC50|TERTILES,5FU,5FU-P018,-5.0719534121985941
LOGISTIC|IC50|TERTILES,5FU,5FU-P019,-3.5604395764604959
LOGISTIC|IC50|TERTILES,5FU,5FU-P020,-17.946450024657423
LOGISTIC|IC50|TERTILES,5FU,5FU-P021,-11.093715355335334
LOGISTIC|IC50|TERTILES,5FU,5FU-P022,-4.1766850771134187
LOGISTIC|IC50|TERTILES,CARBO,Carbo-P001,-2.3531015642286093
LOGISTIC|IC50|TERTILES,CARBO,Carbo-P002,-21.076765192726807
LOGISTIC|IC50|TERTILES,CARBO,Carbo-P003,-7.7493078701929221
LOGISTIC|IC50|TERTILES,CARBO,Carbo-P004,-13.455573645035406
LOGISTIC|IC50|TERTILES,CARBO,Carbo-P005,-8.4417933450793736
LOGISTIC|IC50|TERTILES,CARBO,Carbo-P006,-8.5931139389414959
LOGISTIC|IC50|TERTILES,CARBO,Carbo-P007,-5.3707662129054352
LOGISTIC|IC50|TERTILES,CARBO,Carbo-P008,-7.4029305910654264
LOGISTIC|IC50|TERTILES,CARBO,Carbo-P009,-20.009925145279475
LOGISTIC|IC50|TERTILES,CARBO,Carbo-P010,-5.1774623188531166
LOGISTIC|IC50|TERTILES,CARBO,Carbo-P011,-13.349167742345678
LOGISTIC|IC50|TERTILES,CARBO,Carbo-P012,-8.4142055077155593
LOGISTIC|IC50|TERTILES,CARBO,Carbo-P013,-16.30982749375125
LOGISTIC|IC50|TERTILES,CARBO,Carbo-P014,-19.985155150479244
LOGISTIC|IC50|TERTILES,CARBO,Carbo-P015,-1.401652278264125
LOGISTIC|IC50|TERTILES,CARBO,Carbo-P016,-25.044778343482442
LOGISTIC|IC50|TERTILES,CARBO,Carbo-P017,-27.680168118284541
LOGISTIC|IC50|TERTILES,CARBO,Carbo-P018,-22.940082384326828
LOGISTIC|IC50|TERTILES,CARBO,Carbo-P019,-1.0809713501834786
LOGISTIC|IC50|TERTILES,CARBO,Carbo-P020,-0
LOGISTIC|IC50|TERTILES,CARBO,Carbo-P021,-34.877716053520714
LOGISTIC|IC50|TERTILES,CARBO,Carbo-P022,-12.581560402199592
LOGISTIC|IC50|TERTILES,CARBO,Carbo-P023,-12.031911548170683
LOGISTIC|IC50|TERTILES,CARBO,Carbo-P024,-8.6297089220774659
LOGISTIC|IC50|TERTILES,CARBO_A,CarboA-P001,-39.210131823314235
LOGISTIC|IC50|TERTILES,CARBO_A,CarboA-P002,-15.915709784473336
LOGISTIC|IC50|TERTILES,CARBO_A,CarboA-P003,-1.1404965990541651
LOGISTIC|IC50|TERTILES,CARBO_A,CarboA-P004,-76.115794113762149
LOGISTIC|IC50|TERTILES,CARBO_A,CarboA-P005,-0
LOGISTIC|IC50|TERTILES,CARBO_A,CarboA-P006,-32.224996912132895
LOGISTIC|IC50|TERTILES,CARBO_A,CarboA-P007,-13.406136417318445
LOGISTIC|IC50|TERTILES,CARBO_A,CarboA-P008,-16.166322056196819
LOGISTIC|IC50|TERTILES,CARBO_A,CarboA-P009,-1.21678350601956
LOGISTIC|IC50|TERTILES,CARBO_A,CarboA-P010,-9.4674833870067943
LOGISTIC|IC50|TERTILES,CARBO_A,CarboA-P011,-4.5211885123117099
LOGISTIC|IC50|TERTILES,CARBO_A,CarboA-P012,-3.8119327135213226
LOGISTIC|IC50|TERTILES,CARBO_A,CarboA-P013,-11.711083473117483
LOGISTIC|IC50|TERTILES,CDDP,CDDP-P001,-2.1060313925530463
LOGISTIC|IC50|TERTILES,CDDP,CDDP-P002,-3.0034897099122553
LOGISTIC|IC50|TERTILES,CDDP,CDDP-P003,-13.403644304376224
LOGISTIC|IC50|TERTILES,CDDP,CDDP-P004,-33.882096774228202
LOGISTIC|IC50|TERTILES,CDDP,CDDP-P005,-49.515351475397196
LOGISTIC|IC50|TERTILES,CDDP,CDDP-P006,-10.271457618695676
LOGISTIC|IC50|TERTILES,CDDP,CDDP-P007,-11.801705839663811
LOGISTIC|IC50|TERTILES,CDDP,CDDP-P008,-8.3839196062441488
LOGISTIC|IC50|TERTILES,CDDP,CDDP-P009,-17.086785804186775
LOGISTIC|IC50|TERTILES,CDDP,CDDP-P010,-25.108397919868651
LOGISTIC|IC50|TERTILES,CDDP,CDDP-P011,-41.764527273367207
LOGISTIC|IC50|TERTILES,CDDP,CDDP-P012,-4.627314852426947
LOGISTIC|IC50|TERTILES,CDDP,CDDP-P013,-2.2618654621141516
LOGISTIC|IC50|TERTILES,CDDP,CDDP-P014,-148.32128347773505
LOGISTIC|IC50|TERTILES,CDDP,CDDP-P015,-47.414083056066616
LOGISTIC|IC50|TERTILES,CDDP,CDDP-P016,-5.625797980275113
LOGISTIC|IC50|TERTILES,CDDP,CDDP-P017,-6.7674661563038789
LOGISTIC|IC50|TERTILES,CDDP,CDDP-P018,-6.8069817835459929
LOGISTIC|IC50|TERTILES,CDDP_A,CDDPA-P001,-1.5032743782345399
LOGISTIC|IC50|TERTILES,CDDP_A,CDDPA-P002,-2.2785686096570661
LOGISTIC|IC50|TERTILES,CDDP_A,CDDPA-P003,-24.74141825041713
LOGISTIC|IC50|TERTILES,CDDP_A,CDDPA-P004,-1.5025360785571422
LOGISTIC|IC50|TERTILES,CDDP_A,CDDPA-P005,-3.351872980782197
LOGISTIC|IC50|TERTILES,CDDP_A,CDDPA-P006,-1.4100154691236568
LOGISTIC|IC50|TERTILES,CDDP_A,CDDPA-P007,-6.3195796507648794
LOGISTIC|IC50|TERTILES,CDDP_A,CDDPA-P008,-48.329910817688081
LOGISTIC|IC50|TERTILES,CDDP_A,CDDPA-P009,-0.41814963197341015
LOGISTIC|IC50|TERTILES,CDDP_A,CDDPA-P010,-61.048788943845807
LOGISTIC|IC50|TERTILES,CDDP_A,CDDPA-P011,-6.9378765393546047
LOGISTIC|IC50|TERTILES,CDDP_A,CDDPA-P012,-9.1630178751999978
LOGISTIC|IC50|TERTILES,CDDP_A,CDDPA-P013,-3.2528241345773772
LOGISTIC|IC50|TERTILES,CDDP_A,CDDPA-P014,-15.069147037840821
LOGISTIC|IC50|TERTILES,CDDP_A,CDDPA-P015,-0.5059421826312418
LOGISTIC|IC50|TERTILES,CDDP_A,CDDPA-P016,-0
LOGISTIC|IC50|TERTILES,CDDP_A,CDDPA-P017,-38.964870312868392
LOGISTIC|IC50|TERTILES,CDDP_A,CDDPA-P018,-4.2120413595687722
LOGISTIC|IC50|TERTILES,ETO,ETO-P001,
LOGISTIC|IC50|TERTILES,ETO,ETO-P002,-4.5729705860481946
LOGISTIC|IC50|TERTILES,ETO,ETO-P003,
LOGISTIC|IC50|TERTILES,ETO,ETO-P004,-0.11425295449857061
LOGISTIC|IC50|TERTILES,ETO,ETO-P005,-176.79431587390829
LOGISTIC|IC50|TERTILES,ETO,ETO-P006,-7.2778795320395346
LOGISTIC|IC50|TERTILES,ETO,ETO-P007,-2.1236619888430255
LOGISTIC|IC50|TERTILES,ETO,ETO-P008,-518.13091055803204
LOGISTIC|IC50|TERTILES,ETO,ETO-P009,-296.72985936176099
LOGISTIC|IC50|TERTILES,ETO,ETO-P010,
LOGISTIC|IC50|TERTILES,ETO,ETO-P011,
LOGISTIC|IC50|TERTILES,ETO,ETO-P012,-74.18605836361661
LOGISTIC|IC50|TERTILES,ETO,ETO-P013,
LOGISTIC|IC50|TERTILES,ETO,ETO-P014,
LOGISTIC|IC50|TERTILES,ETO,ETO-P015,-12.688304818177578
LOGISTIC|IC50|TERTILES,ETO,ETO-P016,
LOGISTIC|IC50|TERTILES,ETO,ETO-P017,
LOGISTIC|IC50|TERTILES,ETO,ETO-P018,-68.942824064063387
LOGISTIC|IC50|JENKS,5FU,5FU-P001,-2.1931170199285681
LOGISTIC|IC50|JENKS,5FU,5FU-P002,-7.1433318728705757
LOGISTIC|IC50|JENKS,5FU,5FU-P003,-19.104640929789497
LOGISTIC|IC50|JENKS,5FU,5FU-P004,-3.6200778253211858
LOGISTIC|IC50|JENKS,5FU,5FU-P005,-4.7256171158843117
LOGISTIC|IC50|JENKS,5FU,5FU-P006,-8.7660943349548859
LOGISTIC|IC50|JENKS,5FU,5FU-P007,-7.6557896690303551
LOGISTIC|IC50|JENKS,5FU,5FU-P008,-2.2142845506657309
LOGISTIC|IC50|JENKS,5FU,5FU-P009,-4.3212180483624252
LOGISTIC|IC50|JENKS,5FU,5FU-P010,-27.989220744993283
LOGISTIC|IC50|JENKS,5FU,5FU-P011,-46.008555913354371
LOGISTIC|IC50|JENKS,5FU,5FU-P012,
LOGISTIC|IC50|JENKS,5FU,5FU-P013,-46.778462729257683
LOGISTIC|IC50|JENKS,5FU,5FU-P014,-40.212391114419724
LOGISTIC|IC50|JENKS,5FU,5FU-P015,-8.8816846413656521
LOGISTIC|IC50|JENKS,5FU,5FU-P016,-0
LOGISTIC|IC50|JENKS,5FU,5FU-P017,-4.7201750295478888
LOGISTIC|IC50|JENKS,5FU,5FU-P018,-5.0719534121985941
LOGISTIC|IC50|JENKS,5FU,5FU-P019,-3.5604395764604959
LOGISTIC|IC50|JENKS,5FU,5FU-P020,-17.946450024657423
LOGISTIC|IC50|JENKS,5FU,5FU-P021,-11.093715355335334
LOGISTIC|IC50|JENKS,5FU,5FU-P022,-4.1766850771134187
LOGISTIC|IC50|JENKS,CARBO,Carbo-P001,-2.3531015642286093
LOGISTIC|IC50|JENKS,CARBO,Carbo-P002,-21.076765192726807
LOGISTIC|IC50|JENKS,CARBO,Carbo-P003,-7.7493078701929221
LOGISTIC|IC50|JENKS,CARBO,Carbo-P004,-13.455573645035406
LOGISTIC|IC50|JENKS,CARBO,Carbo-P005,-8.4417933450793736
LOGISTIC|IC50|JENKS,CARBO,Carbo-P006,-8.5931139389414959
LOGISTIC|IC50|JENKS,CARBO,Carbo-P007,-5.3707662129054352
LOGISTIC|IC50|JENKS,CARBO,Carbo-P008,-7.4029305910654264
LOGISTIC|IC50|JENKS,CARBO,Carbo-P009,-20.009925145279475
LOGISTIC|IC50|JENKS,CARBO,Carbo-P010,-5.1774623188531166
LOGISTIC|IC50|JENKS,CARBO,Carbo-P011,-13.349167742345678
LOGISTIC|IC50|JENKS,CARBO,Carbo-P012,-8.4142055077155593
LOGISTIC|IC50|JENKS,CARBO,Carbo-P013,-16.30982749375125
LOGISTIC|IC50|JENKS,CARBO,Carbo-P014,-19.985155150479244
LOGISTIC|IC50|JENKS,CARBO,Carbo-P015,-1.401652278264125
LOGISTIC|IC50|JENKS,CARBO,Carbo-P016,-25.044778343482442
LOGISTIC|IC50|JENKS,CARBO,Carbo-P017,-27.680168118284541
LOGISTIC|IC50|JENKS,CARBO,Carbo-P018,-22.940082384326828
LOGISTIC|IC50|JENKS,CARBO,Carbo-P019,-1.0809713501834786
LOGISTIC|IC50|JENKS,CARBO,Carbo-P020,-0
LOGISTIC|IC50|JENKS,CARBO,Carbo-P021,-34.877716053520714
LOGISTIC|IC50|JENKS,CARBO,Carbo-P022,-12.581560402199592
LOGISTIC|IC50|JENKS,CARBO,Carbo-P023,-12.031911548170683
LOGISTIC|IC50|JENKS,CARBO,Carbo-P024,-8.6297089220774659
LOGISTIC|IC50|JENKS,CARBO_A,CarboA-P001,-39.210131823314235
LOGISTIC|IC50|JENKS,CARBO_A,CarboA-P002,-15.915709784473336
LOGISTIC|IC50|JENKS,CARBO_A,CarboA-P003,-1.1404965990541651
LOGISTIC|IC50|JENKS,CARBO_A,CarboA-P004,-76.115794113762149
LOGISTIC|IC50|JENKS,CARBO_A,CarboA-P005,-0
LOGISTIC|IC50|JENKS,CARBO_A,CarboA-P006,-32.224996912132895
LOGISTIC|IC50|JENKS,CARBO_A,CarboA-P007,-13.406136417318445
LOGISTIC|IC50|JENKS,CARBO_A,CarboA-P008,-16.166322056196819
LOGISTIC|IC50|JENKS,CARBO_A,CarboA-P009,-1.21678350601956
LOGISTIC|IC50|JENKS,CARBO_A,CarboA-P010,-9.4674833870067943
LOGISTIC|IC50|JENKS,CARBO_A,CarboA-P011,-4.5211885123117099
LOGISTIC|IC50|JENKS,CARBO_A,CarboA-P012,-3.8119327135213226
LOGISTIC|IC50|JENKS,CARBO_A,CarboA-P013,-11.711083473117483
LOGISTIC|IC50|JENKS,CDDP,CDDP-P001,-2.1060313925530463
LOGISTIC|IC50|JENKS,CDDP,CDDP-P002,-3.0034897099122553
LOGISTIC|IC50|JENKS,CDDP,CDDP-P003,-13.403644304376224
LOGISTIC|IC50|JENKS,CDDP,CDDP-P004,-33.882096774228202
LOGISTIC|IC50|JENKS,CDDP,CDDP-P005,-49.515351475397196
LOGISTIC|IC50|JENKS,CDDP,CDDP-P006,-10.271457618695676
LOGISTIC|IC50|JENKS,CDDP,CDDP-P007,-11.801705839663811
LOGISTIC|IC50|JENKS,CDDP,CDDP-P008,-8.3839196062441488
LOGISTIC|IC50|JENKS,CDDP,CDDP-P009,-17.086785804186775
LOGISTIC|IC50|JENKS,CDDP,CDDP-P010,-25.108397919868651
LOGISTIC|IC50|JENKS,CDDP,CDDP-P011,-41.764527273367207
LOGISTIC|IC50|JENKS,CDDP,CDDP-P012,-4.627314852426947
LOGISTIC|IC50|JENKS,CDDP,CDDP-P013,-2.2618654621141516
LOGISTIC|IC50|JENKS,CDDP,CDDP-P014,-148.32128347773505
LOGISTIC|IC50|JENKS,CDDP,CDDP-P015,-47.414083056066616
LOGISTIC|IC50|JENKS,CDDP,CDDP-P016,-5.625797980275113
LOGISTIC|IC50|JENKS,CDDP,CDDP-P017,-6.7674661563038789
LOGISTIC|IC50|JENKS,CDDP,CDDP-P018,-6.8069817835459929
LOGISTIC|IC50|JENKS,CDDP_A,CDDPA-P001,-1.5032743782345399
LOGISTIC|IC50|JENKS,CDDP_A,CDDPA-P002,-2.2785686096570661
LOGISTIC|IC50|JENKS,CDDP_A,CDDPA-P003,-24.74141825041713
LOGISTIC|IC50|JENKS,CDDP_A,CDDPA-P004,-1.5025360785571422
LOGISTIC|IC50|JENKS,CDDP_A,CDDPA-P005,-3.351872980782197
LOGISTIC|IC50|JENKS,CDDP_A,CDDPA-P006,-1.4100154691236568
LOGISTIC|IC50|JENKS,CDDP_A,CDDPA-P007,-6.3195796507648794
LOGISTIC|IC50|JENKS,CDDP_A,CDDPA-P008,-48.329910817688081
LOGISTIC|IC50|JENKS,CDDP_A,CDDPA-P009,-0.41814963197341015
LOGISTIC|IC50|JENKS,CDDP_A,CDDPA-P010,-61.048788943845807
LOGISTIC|IC50|JENKS,CDDP_A,CDDPA-P011,-6.9378765393546047
LOGISTIC|IC50|JENKS,CDDP_A,CDDPA-P012,-9.1630178751999978
LOGISTIC|IC50|JENKS,CDDP_A,CDDPA-P013,-3.2528241345773772
LOGISTIC|IC50|JENKS,CDDP_A,CDDPA-P014,-15.069147037840821
LOGISTIC|IC50|JENKS,CDDP_A,CDDPA-P015,-0.5059421826312418
LOGISTIC|IC50|JENKS,CDDP_A,CDDPA-P016,-0
LOGISTIC|IC50|JENKS,CDDP_A,CDDPA-P017,-38.964870312868392
LOGISTIC|IC50|JENKS,CDDP_A,CDDPA-P018,-4.2120413595687722
LOGISTIC|IC50|JENKS,ETO,ETO-P001,
LOGISTIC|IC50|JENKS,ETO,ETO-P002,-4.5729705860481946
LOGISTIC|IC50|JENKS,ETO,ETO-P003,
LOGISTIC|IC50|JENKS,ETO,ETO-P004,-0.11425295449857061
LOGISTIC|IC50|JENKS,ETO,ETO-P005,-176.79431587390829
LOGISTIC|IC50|JENKS,ETO,ETO-P006,-7.2778795320395346
LOGISTIC|IC50|JENKS,ETO,ETO-P007,-2.1236619888430255
LOGISTIC|IC50|JENKS,ETO,ETO-P008,-518.13091055803204
LOGISTIC|IC50|JENKS,ETO,ETO-P009,-296.72985936176099
LOGISTIC|IC50|JENKS,ETO,ETO-P010,
LOGISTIC|IC50|JENKS,ETO,ETO-P011,
LOGISTIC|IC50|JENKS,ETO,ETO-P012,-74.18605836361661
LOGISTIC|IC50|JENKS,ETO,ETO-P013,
LOGISTIC|IC50|JENKS,ETO,ETO-P014,
LOGISTIC|IC50|JENKS,ETO,ETO-P015,-12.688304818177578
LOGISTIC|IC50|JENKS,ETO,ETO-P016,
LOGISTIC|IC50|JENKS,ETO,ETO-P017,
LOGISTIC|IC50|JENKS,ETO,ETO-P018,-68.942824064063387
LOGISTIC|IC50|KMEANS,5FU,5FU-P001,-2.1931170199285681
LOGISTIC|IC50|KMEANS,5FU,5FU-P002,-7.1433318728705757
LOGISTIC|IC50|KMEANS,5FU,5FU-P003,-19.104640929789497
LOGISTIC|IC50|KMEANS,5FU,5FU-P004,-3.6200778253211858
LOGISTIC|IC50|KMEANS,5FU,5FU-P005,-4.7256171158843117
LOGISTIC|IC50|KMEANS,5FU,5FU-P006,-8.7660943349548859
LOGISTIC|IC50|KMEANS,5FU,5FU-P007,-7.6557896690303551
LOGISTIC|IC50|KMEANS,5FU,5FU-P008,-2.2142845506657309
LOGISTIC|IC50|KMEANS,5FU,5FU-P009,-4.3212180483624252
LOGISTIC|IC50|KMEANS,5FU,5FU-P010,-27.989220744993283
LOGISTIC|IC50|KMEANS,5FU,5FU-P011,-46.008555913354371
LOGISTIC|IC50|KMEANS,5FU,5FU-P012,
LOGISTIC|IC50|KMEANS,5FU,5FU-P013,-46.778462729257683
LOGISTIC|IC50|KMEANS,5FU,5FU-P014,-40.212391114419724
LOGISTIC|IC50|KMEANS,5FU,5FU-P015,-8.8816846413656521
LOGISTIC|IC50|KMEANS,5FU,5FU-P016,-0
LOGISTIC|IC50|KMEANS,5FU,5FU-P017,-4.7201750295478888
LOGISTIC|IC50|KMEANS,5FU,5FU-P018,-5.0719534121985941
LOGISTIC|IC50|KMEANS,5FU,5FU-P019,-3.5604395764604959
LOGISTIC|IC50|KMEANS,5FU,5FU-P020,-17.946450024657423
LOGISTIC|IC50|KMEANS,5FU,5FU-P021,-11.093715355335334
LOGISTIC|IC50|KMEANS,5FU,5FU-P022,-4.1766850771134187
LOGISTIC|IC50|KMEANS,CARBO,Carbo-P001,-2.3531015642286093
LOGISTIC|IC50|KMEANS,CARBO,Carbo-P002,-21.076765192726807
LOGISTIC|IC50|KMEANS,CARBO,Carbo-P003,-7.7493078701929221
LOGISTIC|IC50|KMEANS,CARBO,Carbo-P004,-13.455573645035406
LOGISTIC|IC50|KMEANS,CARBO,Carbo-P005,-8.4417933450793736
LOGISTIC|IC50|KMEANS,CARBO,Carbo-P006,-8.5931139389414959
LOGISTIC|IC50|KMEANS,CARBO,Carbo-P007,-5.3707662129054352
LOGISTIC|IC50|KMEANS,CARBO,Carbo-P008,-7.4029305910654264
LOGISTIC|IC50|KMEANS,CARBO,Carbo-P009,-20.009925145279475
LOGISTIC|IC50|KMEANS,CARBO,Carbo-P010,-5.1774623188531166
LOGISTIC|IC50|KMEANS,CARBO,Carbo-P011,-13.349167742345678
LOGISTIC|IC50|KMEANS,CARBO,Carbo-P012,-8.4142055077155593
LOGISTIC|IC50|KMEANS,CARBO,Carbo-P013,-16.30982749375125
LOGISTIC|IC50|KMEANS,CARBO,Carbo-P014,-19.985155150479244
LOGISTIC|IC50|KMEANS,CARBO,Carbo-P015,-1.401652278264125
LOGISTIC|IC50|KMEANS,CARBO,Carbo-P016,-25.044778343482442
LOGISTIC|IC50|KMEANS,CARBO,Carbo-P017,-27.680168118284541
LOGISTIC|IC50|KMEANS,CARBO,Carbo-P018,-22.940082384326828
LOGISTIC|IC50|KMEANS,CARBO,Carbo-P019,-1.0809713501834786
LOGISTIC|IC50|KMEANS,CARBO,Carbo-P020,-0
LOGISTIC|IC50|KMEANS,CARBO,Carbo-P021,-34.877716053520714
LOGISTIC|IC50|KMEANS,CARBO,Carbo-P022,-12.581560402199592
LOGISTIC|IC50|KMEANS,CARBO,Carbo-P023,-12.031911548170683
LOGISTIC|IC50|KMEANS,CARBO,Carbo-P024,-8.6297089220774659
LOGISTIC|IC50|KMEANS,CARBO_A,CarboA-P001,-39.210131823314235
LOGISTIC|IC50|KMEANS,CARBO_A,CarboA-P002,-15.915709784473336
LOGISTIC|IC50|KMEANS,CARBO_A,CarboA-P003,-1.1404965990541651
LOGISTIC|IC50|KMEANS,CARBO_A,CarboA-P004,-76.115794113762149
LOGISTIC|IC50|KMEANS,CARBO_A,CarboA-P005,-0
LOGISTIC|IC50|KMEANS,CARBO_A,CarboA-P006,-32.224996912132895
LOGISTIC|IC50|KMEANS,CARBO_A,CarboA-P007,-13.406136417318445
LOGISTIC|IC50|KMEANS,CARBO_A,CarboA-P008,-16.166322056196819
LOGISTIC|IC50|KMEANS,CARBO_A,CarboA-P009,-1.21678350601956
LOGISTIC|IC50|KMEANS,CARBO_A,CarboA-P010,-9.4674833870067943
LOGISTIC|IC50|KMEANS,CARBO_A,CarboA-P011,-4.5211885123117099
LOGISTIC|IC50|KMEANS,CARBO_A,CarboA-P012,-3.8119327135213226
LOGISTIC|IC50|KMEANS,CARBO_A,CarboA-P013,-11.711083473117483
LOGISTIC|IC50|KMEANS,CDDP,CDDP-P001,-2.1060313925530463
LOGISTIC|IC50|KMEANS,CDDP,CDDP-P002,-3.0034897099122553
LOGISTIC|IC50|KMEANS,CDDP,CDDP-P003,-13.403644304376224
LOGISTIC|IC50|KMEANS,CDDP,CDDP-P004,-33.882096774228202
LOGISTIC|IC50|KMEANS,CDDP,CDDP-P005,-49.515351475397196
LOGISTIC|IC50|KMEANS,CDDP,CDDP-P006,-10.271457618695676
LOGISTIC|IC50|KMEANS,CDDP,CDDP-P007,-11.801705839663811
LOGISTIC|IC50|KMEANS,CDDP,CDDP-P008,-8.3839196062441488
LOGISTIC|IC50|KMEANS,CDDP,CDDP-P009,-17.086785804186775
LOGISTIC|IC50|KMEANS,CDDP,CDDP-P010,-25.108397919868651
LOGISTIC|IC50|KMEANS,CDDP,CDDP-P011,-41.764527273367207
LOGISTIC|IC50|KMEANS,CDDP,CDDP-P012,-4.627314852426947
LOGISTIC|IC50|KMEANS,CDDP,CDDP-P013,-2.2618654621141516
LOGISTIC|IC50|KMEANS,CDDP,CDDP-P014,-148.32128347773505
LOGISTIC|IC50|KMEANS,CDDP,CDDP-P015,-47.414083056066616
LOGISTIC|IC50|KMEANS,CDDP,CDDP-P016,-5.625797980275113
LOGISTIC|IC50|KMEANS,CDDP,CDDP-P017,-6.7674661563038789
LOGISTIC|IC50|KMEANS,CDDP,CDDP-P018,-6.8069817835459929
LOGISTIC|IC50|KMEANS,CDDP_A,CDDPA-P001,-1.5032743782345399
LOGISTIC|IC50|KMEANS,CDDP_A,CDDPA-P002,-2.2785686096570661
LOGISTIC|IC50|KMEANS,CDDP_A,CDDPA-P003,-24.74141825041713
LOGISTIC|IC50|KMEANS,CDDP_A,CDDPA-P004,-1.5025360785571422
LOGISTIC|IC50|KMEANS,CDDP_A,CDDPA-P005,-3.351872980782197
LOGISTIC|IC50|KMEANS,CDDP_A,CDDPA-P006,-1.4100154691236568
LOGISTIC|IC50|KMEANS,CDDP_A,CDDPA-P007,-6.3195796507648794
LOGISTIC|IC50|KMEANS,CDDP_A,CDDPA-P008,-48.329910817688081
LOGISTIC|IC50|KMEANS,CDDP_A,CDDPA-P009,-0.41814963197341015
LOGISTIC|IC50|KMEANS,CDDP_A,CDDPA-P010,-61.048788943845807
LOGISTIC|IC50|KMEANS,CDDP_A,CDDPA-P011,-6.9378765393546047
LOGISTIC|IC50|KMEANS,CDDP_A,CDDPA-P012,-9.1630178751999978
LOGISTIC|IC50|KMEANS,CDDP_A,CDDPA-P013,-3.2528241345773772
LOGISTIC|IC50|KMEANS,CDDP_A,CDDPA-P014,-15.069147037840821
LOGISTIC|IC50|KMEANS,CDDP_A,CDDPA-P015,-0.5059421826312418
LOGISTIC|IC50|KMEANS,CDDP_A,CDDPA-P016,-0
LOGISTIC|IC50|KMEANS,CDDP_A,CDDPA-P017,-38.964870312868392
LOGISTIC|IC50|KMEANS,CDDP_A,CDDPA-P018,-4.2120413595687722
LOGISTIC|IC50|KMEANS,ETO,ETO-P001,
LOGISTIC|IC50|KMEANS,ETO,ETO-P002,-4.5729705860481946
LOGISTIC|IC50|KMEANS,ETO,ETO-P003,
LOGISTIC|IC50|KMEANS,ETO,ETO-P004,-0.11425295449857061
LOGISTIC|IC50|KMEANS,ETO,ETO-P005,-176.79431587390829
LOGISTIC|IC50|KMEANS,ETO,ETO-P006,-7.2778795320395346
LOGISTIC|IC50|KMEANS,ETO,ETO-P007,-2.1236619888430255
LOGISTIC|IC50|KMEANS,ETO,ETO-P008,-518.13091055803204
LOGISTIC|IC50|KMEANS,ETO,ETO-P009,-296.72985936176099
LOGISTIC|IC50|KMEANS,ETO,ETO-P010,
LOGISTIC|IC50|KMEANS,ETO,ETO-P011,
LOGISTIC|IC50|KMEANS,ETO,ETO-P012,-74.18605836361661
LOGISTIC|IC50|KMEANS,ETO,ETO-P013,
LOGISTIC|IC50|KMEANS,ETO,ETO-P014,
LOGISTIC|IC50|KMEANS,ETO,ETO-P015,-12.688304818177578
LOGISTIC|IC50|KMEANS,ETO,ETO-P016,
LOGISTIC|IC50|KMEANS,ETO,ETO-P017,
LOGISTIC|IC50|KMEANS,ETO,ETO-P018,-68.942824064063387
LOGISTIC|IC50|WARD,5FU,5FU-P001,-2.1931170199285681
LOGISTIC|IC50|WARD,5FU,5FU-P002,-7.1433318728705757
LOGISTIC|IC50|WARD,5FU,5FU-P003,-19.104640929789497
LOGISTIC|IC50|WARD,5FU,5FU-P004,-3.6200778253211858
LOGISTIC|IC50|WARD,5FU,5FU-P005,-4.7256171158843117
LOGISTIC|IC50|WARD,5FU,5FU-P006,-8.7660943349548859
LOGISTIC|IC50|WARD,5FU,5FU-P007,-7.6557896690303551
LOGISTIC|IC50|WARD,5FU,5FU-P008,-2.2142845506657309
LOGISTIC|IC50|WARD,5FU,5FU-P009,-4.3212180483624252
LOGISTIC|IC50|WARD,5FU,5FU-P010,-27.989220744993283
LOGISTIC|IC50|WARD,5FU,5FU-P011,-46.008555913354371
LOGISTIC|IC50|WARD,5FU,5FU-P012,
LOGISTIC|IC50|WARD,5FU,5FU-P013,-46.778462729257683
LOGISTIC|IC50|WARD,5FU,5FU-P014,-40.212391114419724
LOGISTIC|IC50|WARD,5FU,5FU-P015,-8.8816846413656521
LOGISTIC|IC50|WARD,5FU,5FU-P016,-0
LOGISTIC|IC50|WARD,5FU,5FU-P017,-4.7201750295478888
LOGISTIC|IC50|WARD,5FU,5FU-P018,-5.0719534121985941
LOGISTIC|IC50|WARD,5FU,5FU-P019,-3.5604395764604959
LOGISTIC|IC50|WARD,5FU,5FU-P020,-17.946450024657423
LOGISTIC|IC50|WARD,5FU,5FU-P021,-11.093715355335334
LOGISTIC|IC50|WARD,5FU,5FU-P022,-4.1766850771134187
LOGISTIC|IC50|WARD,CARBO,Carbo-P001,-2.3531015642286093
LOGISTIC|IC50|WARD,CARBO,Carbo-P002,-21.076765192726807
LOGISTIC|IC50|WARD,CARBO,Carbo-P003,-7.7493078701929221
LOGISTIC|IC50|WARD,CARBO,Carbo-P004,-13.455573645035406
LOGISTIC|IC50|WARD,CARBO,Carbo-P005,-8.4417933450793736
LOGISTIC|IC50|WARD,CARBO,Carbo-P006,-8.5931139389414959
LOGISTIC|IC50|WARD,CARBO,Carbo-P007,-5.3707662129054352
LOGISTIC|IC50|WARD,CARBO,Carbo-P008,-7.4029305910654264
LOGISTIC|IC50|WARD,CARBO,Carbo-P009,-20.009925145279475
LOGISTIC|IC50|WARD,CARBO,Carbo-P010,-5.1774623188531166
LOGISTIC|IC50|WARD,CARBO,Carbo-P011,-13.349167742345678
LOGISTIC|IC50|WARD,CARBO,Carbo-P012,-8.4142055077155593
LOGISTIC|IC50|WARD,CARBO,Carbo-P013,-16.30982749375125
LOGISTIC|IC50|WARD,CARBO,Carbo-P014,-19.985155150479244
LOGISTIC|IC50|WARD,CARBO,Carbo-P015,-1.401652278264125
LOGISTIC|IC50|WARD,CARBO,Carbo-P016,-25.044778343482442
LOGISTIC|IC50|WARD,CARBO,Carbo-P017,-27.680168118284541
LOGISTIC|IC50|WARD,CARBO,Carbo-P018,-22.940082384326828
LOGISTIC|IC50|WARD,CARBO,Carbo-P019,-1.0809713501834786
LOGISTIC|IC50|WARD,CARBO,Carbo-P020,-0
LOGISTIC|IC50|WARD,CARBO,Carbo-P021,-34.877716053520714
LOGISTIC|IC50|WARD,CARBO,Carbo-P022,-12.581560402199592
LOGISTIC|IC50|WARD,CARBO,Carbo-P023,-12.031911548170683
LOGISTIC|IC50|WARD,CARBO,Carbo-P024,-8.6297089220774659
LOGISTIC|IC50|WARD,CARBO_A,CarboA-P001,-39.210131823314235
LOGISTIC|IC50|WARD,CARBO_A,CarboA-P002,-15.915709784473336
LOGISTIC|IC50|WARD,CARBO_A,CarboA-P003,-1.1404965990541651
LOGISTIC|IC50|WARD,CARBO_A,CarboA-P004,-76.115794113762149
LOGISTIC|IC50|WARD,CARBO_A,CarboA-P005,-0
LOGISTIC|IC50|WARD,CARBO_A,CarboA-P006,-32.224996912132895
LOGISTIC|IC50|WARD,CARBO_A,CarboA-P007,-13.406136417318445
LOGISTIC|IC50|WARD,CARBO_A,CarboA-P008,-16.166322056196819
LOGISTIC|IC50|WARD,CARBO_A,CarboA-P009,-1.21678350601956
LOGISTIC|IC50|WARD,CARBO_A,CarboA-P010,-9.4674833870067943
LOGISTIC|IC50|WARD,CARBO_A,CarboA-P011,-4.5211885123117099
LOGISTIC|IC50|WARD,CARBO_A,CarboA-P012,-3.8119327135213226
LOGISTIC|IC50|WARD,CARBO_A,CarboA-P013,-11.711083473117483
LOGISTIC|IC50|WARD,CDDP,CDDP-P001,-2.1060313925530463
LOGISTIC|IC50|WARD,CDDP,CDDP-P002,-3.0034897099122553
LOGISTIC|IC50|WARD,CDDP,CDDP-P003,-13.403644304376224
LOGISTIC|IC50|WARD,CDDP,CDDP-P004,-33.882096774228202
LOGISTIC|IC50|WARD,CDDP,CDDP-P005,-49.515351475397196
LOGISTIC|IC50|WARD,CDDP,CDDP-P006,-10.271457618695676
LOGISTIC|IC50|WARD,CDDP,CDDP-P007,-11.801705839663811
LOGISTIC|IC50|WARD,CDDP,CDDP-P008,-8.3839196062441488
LOGISTIC|IC50|WARD,CDDP,CDDP-P009,-17.086785804186775
LOGISTIC|IC50|WARD,CDDP,CDDP-P010,-25.108397919868651
LOGISTIC|IC50|WARD,CDDP,CDDP-P011,-41.764527273367207
LOGISTIC|IC50|WARD,CDDP,CDDP-P012,-4.627314852426947
LOGISTIC|IC50|WARD,CDDP,CDDP-P013,-2.2618654621141516
LOGISTIC|IC50|WARD,CDDP,CDDP-P014,-148.32128347773505
LOGISTIC|IC50|WARD,CDDP,CDDP-P015,-47.414083056066616
LOGISTIC|IC50|WARD,CDDP,CDDP-P016,-5.625797980275113
LOGISTIC|IC50|WARD,CDDP,CDDP-P017,-6.7674661563038789
LOGISTIC|IC50|WARD,CDDP,CDDP-P018,-6.8069817835459929
LOGISTIC|IC50|WARD,CDDP_A,CDDPA-P001,-1.5032743782345399
LOGISTIC|IC50|WARD,CDDP_A,CDDPA-P002,-2.2785686096570661
LOGISTIC|IC50|WARD,CDDP_A,CDDPA-P003,-24.74141825041713
LOGISTIC|IC50|WARD,CDDP_A,CDDPA-P004,-1.5025360785571422
LOGISTIC|IC50|WARD,CDDP_A,CDDPA-P005,-3.351872980782197
LOGISTIC|IC50|WARD,CDDP_A,CDDPA-P006,-1.4100154691236568
LOGISTIC|IC50|WARD,CDDP_A,CDDPA-P007,-6.3195796507648794
LOGISTIC|IC50|WARD,CDDP_A,CDDPA-P008,-48.329910817688081
LOGISTIC|IC50|WARD,CDDP_A,CDDPA-P009,-0.41814963197341015
LOGISTIC|IC50|WARD,CDDP_A,CDDPA-P010,-61.048788943845807
LOGISTIC|IC50|WARD,CDDP_A,CDDPA-P011,-6.9378765393546047
LOGISTIC|IC50|WARD,CDDP_A,CDDPA-P012,-9.1630178751999978
LOGISTIC|IC50|WARD,CDDP_A,CDDPA-P013,-3.2528241345773772
LOGISTIC|IC50|WARD,CDDP_A,CDDPA-P014,-15.069147037840821
LOGISTIC|IC50|WARD,CDDP_A,CDDPA-P015,-0.5059421826312418
LOGISTIC|IC50|WARD,CDDP_A,CDDPA-P016,-0
LOGISTIC|IC50|WARD,CDDP_A,CDDPA-P017,-38.964870312868392
LOGISTIC|IC50|WARD,CDDP_A,CDDPA-P018,-4.2120413595687722
LOGISTIC|IC50|WARD,ETO,ETO-P001,
LOGISTIC|IC50|WARD,ETO,ETO-P002,-4.5729705860481946
LOGISTIC|IC50|WARD,ETO,ETO-P003,
LOGISTIC|IC50|WARD,ETO,ETO-P004,-0.11425295449857061
LOGISTIC|IC50|WARD,ETO,ETO-P005,-176.79431587390829
LOGISTIC|IC50|WARD,ETO,ETO-P006,-7.2778795320395346
LOGISTIC|IC50|WARD,ETO,ETO-P007,-2.1236619888430255
LOGISTIC|IC50|WARD,ETO,ETO-P008,-518.13091055803204
LOGISTIC|IC50|WARD,ETO,ETO-P009,-296.72985936176099
LOGISTIC|IC50|WARD,ETO,ETO-P010,
LOGISTIC|IC50|WARD,ETO,ETO-P011,
LOGISTIC|IC50|WARD,ETO,ETO-P012,-74.18605836361661
LOGISTIC|IC50|WARD,ETO,ETO-P013,
LOGISTIC|IC50|WARD,ETO,ETO-P014,
LOGISTIC|IC50|WARD,ETO,ETO-P015,-12.688304818177578
LOGISTIC|IC50|WARD,ETO,ETO-P016,
LOGISTIC|IC50|WARD,ETO,ETO-P017,
LOGISTIC|IC50|WARD,ETO,ETO-P018,-68.942824064063387
LOGISTIC|IC50|TIED_GMM,5FU,5FU-P001,-2.1931170199285681
LOGISTIC|IC50|TIED_GMM,5FU,5FU-P002,-7.1433318728705757
LOGISTIC|IC50|TIED_GMM,5FU,5FU-P003,-19.104640929789497
LOGISTIC|IC50|TIED_GMM,5FU,5FU-P004,-3.6200778253211858
LOGISTIC|IC50|TIED_GMM,5FU,5FU-P005,-4.7256171158843117
LOGISTIC|IC50|TIED_GMM,5FU,5FU-P006,-8.7660943349548859
LOGISTIC|IC50|TIED_GMM,5FU,5FU-P007,-7.6557896690303551
LOGISTIC|IC50|TIED_GMM,5FU,5FU-P008,-2.2142845506657309
LOGISTIC|IC50|TIED_GMM,5FU,5FU-P009,-4.3212180483624252
LOGISTIC|IC50|TIED_GMM,5FU,5FU-P010,-27.989220744993283
LOGISTIC|IC50|TIED_GMM,5FU,5FU-P011,-46.008555913354371
LOGISTIC|IC50|TIED_GMM,5FU,5FU-P012,
LOGISTIC|IC50|TIED_GMM,5FU,5FU-P013,-46.778462729257683
LOGISTIC|IC50|TIED_GMM,5FU,5FU-P014,-40.212391114419724
LOGISTIC|IC50|TIED_GMM,5FU,5FU-P015,-8.8816846413656521
LOGISTIC|IC50|TIED_GMM,5FU,5FU-P016,-0
LOGISTIC|IC50|TIED_GMM,5FU,5FU-P017,-4.7201750295478888
LOGISTIC|IC50|TIED_GMM,5FU,5FU-P018,-5.0719534121985941
LOGISTIC|IC50|TIED_GMM,5FU,5FU-P019,-3.5604395764604959
LOGISTIC|IC50|TIED_GMM,5FU,5FU-P020,-17.946450024657423
LOGISTIC|IC50|TIED_GMM,5FU,5FU-P021,-11.093715355335334
LOGISTIC|IC50|TIED_GMM,5FU,5FU-P022,-4.1766850771134187
LOGISTIC|IC50|TIED_GMM,CARBO,Carbo-P001,-2.3531015642286093
LOGISTIC|IC50|TIED_GMM,CARBO,Carbo-P002,-21.076765192726807
LOGISTIC|IC50|TIED_GMM,CARBO,Carbo-P003,-7.7493078701929221
LOGISTIC|IC50|TIED_GMM,CARBO,Carbo-P004,-13.455573645035406
LOGISTIC|IC50|TIED_GMM,CARBO,Carbo-P005,-8.4417933450793736
LOGISTIC|IC50|TIED_GMM,CARBO,Carbo-P006,-8.5931139389414959
LOGISTIC|IC50|TIED_GMM,CARBO,Carbo-P007,-5.3707662129054352
LOGISTIC|IC50|TIED_GMM,CARBO,Carbo-P008,-7.4029305910654264
LOGISTIC|IC50|TIED_GMM,CARBO,Carbo-P009,-20.009925145279475
LOGISTIC|IC50|TIED_GMM,CARBO,Carbo-P010,-5.1774623188531166
LOGISTIC|IC50|TIED_GMM,CARBO,Carbo-P011,-13.349167742345678
LOGISTIC|IC50|TIED_GMM,CARBO,Carbo-P012,-8.4142055077155593
LOGISTIC|IC50|TIED_GMM,CARBO,Carbo-P013,-16.30982749375125
LOGISTIC|IC50|TIED_GMM,CARBO,Carbo-P014,-19.985155150479244
LOGISTIC|IC50|TIED_GMM,CARBO,Carbo-P015,-1.401652278264125
LOGISTIC|IC50|TIED_GMM,CARBO,Carbo-P016,-25.044778343482442
LOGISTIC|IC50|TIED_GMM,CARBO,Carbo-P017,-27.680168118284541
LOGISTIC|IC50|TIED_GMM,CARBO,Carbo-P018,-22.940082384326828
LOGISTIC|IC50|TIED_GMM,CARBO,Carbo-P019,-1.0809713501834786
LOGISTIC|IC50|TIED_GMM,CARBO,Carbo-P020,-0
LOGISTIC|IC50|TIED_GMM,CARBO,Carbo-P021,-34.877716053520714
LOGISTIC|IC50|TIED_GMM,CARBO,Carbo-P022,-12.581560402199592
LOGISTIC|IC50|TIED_GMM,CARBO,Carbo-P023,-12.031911548170683
LOGISTIC|IC50|TIED_GMM,CARBO,Carbo-P024,-8.6297089220774659
LOGISTIC|IC50|TIED_GMM,CARBO_A,CarboA-P001,-39.210131823314235
LOGISTIC|IC50|TIED_GMM,CARBO_A,CarboA-P002,-15.915709784473336
LOGISTIC|IC50|TIED_GMM,CARBO_A,CarboA-P003,-1.1404965990541651
LOGISTIC|IC50|TIED_GMM,CARBO_A,CarboA-P004,-76.115794113762149
LOGISTIC|IC50|TIED_GMM,CARBO_A,CarboA-P005,-0
LOGISTIC|IC50|TIED_GMM,CARBO_A,CarboA-P006,-32.224996912132895
LOGISTIC|IC50|TIED_GMM,CARBO_A,CarboA-P007,-13.406136417318445
LOGISTIC|IC50|TIED_GMM,CARBO_A,CarboA-P008,-16.166322056196819
LOGISTIC|IC50|TIED_GMM,CARBO_A,CarboA-P009,-1.21678350601956
LOGISTIC|IC50|TIED_GMM,CARBO_A,CarboA-P010,-9.4674833870067943
LOGISTIC|IC50|TIED_GMM,CARBO_A,CarboA-P011,-4.5211885123117099
LOGISTIC|IC50|TIED_GMM,CARBO_A,CarboA-P012,-3.8119327135213226
LOGISTIC|IC50|TIED_GMM,CARBO_A,CarboA-P013,-11.711083473117483
LOGISTIC|IC50|TIED_GMM,CDDP,CDDP-P001,-2.1060313925530463
LOGISTIC|IC50|TIED_GMM,CDDP,CDDP-P002,-3.0034897099122553
LOGISTIC|IC50|TIED_GMM,CDDP,CDDP-P003,-13.403644304376224
LOGISTIC|IC50|TIED_GMM,CDDP,CDDP-P004,-33.882096774228202
LOGISTIC|IC50|TIED_GMM,CDDP,CDDP-P005,-49.515351475397196
LOGISTIC|IC50|TIED_GMM,CDDP,CDDP-P006,-10.271457618695676
LOGISTIC|IC50|TIED_GMM,CDDP,CDDP-P007,-11.801705839663811
LOGISTIC|IC50|TIED_GMM,CDDP,CDDP-P008,-8.3839196062441488
LOGISTIC|IC50|TIED_GMM,CDDP,CDDP-P009,-17.086785804186775
LOGISTIC|IC50|TIED_GMM,CDDP,CDDP-P010,-25.108397919868651
LOGISTIC|IC50|TIED_GMM,CDDP,CDDP-P011,-41.764527273367207
LOGISTIC|IC50|TIED_GMM,CDDP,CDDP-P012,-4.627314852426947
LOGISTIC|IC50|TIED_GMM,CDDP,CDDP-P013,-2.2618654621141516
LOGISTIC|IC50|TIED_GMM,CDDP,CDDP-P014,-148.32128347773505
LOGISTIC|IC50|TIED_GMM,CDDP,CDDP-P015,-47.414083056066616
LOGISTIC|IC50|TIED_GMM,CDDP,CDDP-P016,-5.625797980275113
LOGISTIC|IC50|TIED_GMM,CDDP,CDDP-P017,-6.7674661563038789
LOGISTIC|IC50|TIED_GMM,CDDP,CDDP-P018,-6.8069817835459929
LOGISTIC|IC50|TIED_GMM,CDDP_A,CDDPA-P001,-1.5032743782345399
LOGISTIC|IC50|TIED_GMM,CDDP_A,CDDPA-P002,-2.2785686096570661
LOGISTIC|IC50|TIED_GMM,CDDP_A,CDDPA-P003,-24.74141825041713
LOGISTIC|IC50|TIED_GMM,CDDP_A,CDDPA-P004,-1.5025360785571422
LOGISTIC|IC50|TIED_GMM,CDDP_A,CDDPA-P005,-3.351872980782197
LOGISTIC|IC50|TIED_GMM,CDDP_A,CDDPA-P006,-1.4100154691236568
LOGISTIC|IC50|TIED_GMM,CDDP_A,CDDPA-P007,-6.3195796507648794
LOGISTIC|IC50|TIED_GMM,CDDP_A,CDDPA-P008,-48.329910817688081
LOGISTIC|IC50|TIED_GMM,CDDP_A,CDDPA-P009,-0.41814963197341015
LOGISTIC|IC50|TIED_GMM,CDDP_A,CDDPA-P010,-61.048788943845807
LOGISTIC|IC50|TIED_GMM,CDDP_A,CDDPA-P011,-6.9378765393546047
LOGISTIC|IC50|TIED_GMM,CDDP_A,CDDPA-P012,-9.1630178751999978
LOGISTIC|IC50|TIED_GMM,CDDP_A,CDDPA-P013,-3.2528241345773772
LOGISTIC|IC50|TIED_GMM,CDDP_A,CDDPA-P014,-15.069147037840821
LOGISTIC|IC50|TIED_GMM,CDDP_A,CDDPA-P015,-0.5059421826312418
LOGISTIC|IC50|TIED_GMM,CDDP_A,CDDPA-P016,-0
LOGISTIC|IC50|TIED_GMM,CDDP_A,CDDPA-P017,-38.964870312868392
LOGISTIC|IC50|TIED_GMM,CDDP_A,CDDPA-P018,-4.2120413595687722
LOGISTIC|IC50|TIED_GMM,ETO,ETO-P001,
LOGISTIC|IC50|TIED_GMM,ETO,ETO-P002,-4.5729705860481946
LOGISTIC|IC50|TIED_GMM,ETO,ETO-P003,
LOGISTIC|IC50|TIED_GMM,ETO,ETO-P004,-0.11425295449857061
LOGISTIC|IC50|TIED_GMM,ETO,ETO-P005,-176.79431587390829
LOGISTIC|IC50|TIED_GMM,ETO,ETO-P006,-7.2778795320395346
LOGISTIC|IC50|TIED_GMM,ETO,ETO-P007,-2.1236619888430255
LOGISTIC|IC50|TIED_GMM,ETO,ETO-P008,-518.13091055803204
LOGISTIC|IC50|TIED_GMM,ETO,ETO-P009,-296.72985936176099
LOGISTIC|IC50|TIED_GMM,ETO,ETO-P010,
LOGISTIC|IC50|TIED_GMM,ETO,ETO-P011,
LOGISTIC|IC50|TIED_GMM,ETO,ETO-P012,-74.18605836361661
LOGISTIC|IC50|TIED_GMM,ETO,ETO-P013,
LOGISTIC|IC50|TIED_GMM,ETO,ETO-P014,
LOGISTIC|IC50|TIED_GMM,ETO,ETO-P015,-12.688304818177578
LOGISTIC|IC50|TIED_GMM,ETO,ETO-P016,
LOGISTIC|IC50|TIED_GMM,ETO,ETO-P017,
LOGISTIC|IC50|TIED_GMM,ETO,ETO-P018,-68.942824064063387
LOGISTIC|EC50|TERTILES,5FU,5FU-P001,-1.5648374165643311
LOGISTIC|EC50|TERTILES,5FU,5FU-P002,-7.1393672302606781
LOGISTIC|EC50|TERTILES,5FU,5FU-P003,-24.46330438450293
LOGISTIC|EC50|TERTILES,5FU,5FU-P004,-1.6577728825045197
LOGISTIC|EC50|TERTILES,5FU,5FU-P005,-4.6895531062861959
LOGISTIC|EC50|TERTILES,5FU,5FU-P006,-6.3395070532674191
LOGISTIC|EC50|TERTILES,5FU,5FU-P007,-6.3434842319296276
LOGISTIC|EC50|TERTILES,5FU,5FU-P008,-1.5424938027301889
LOGISTIC|EC50|TERTILES,5FU,5FU-P009,-4.6859521341747108
LOGISTIC|EC50|TERTILES,5FU,5FU-P010,-27.012371272723893
LOGISTIC|EC50|TERTILES,5FU,5FU-P011,-61.090781620807022
LOGISTIC|EC50|TERTILES,5FU,5FU-P012,-2.5609527991668561
LOGISTIC|EC50|TERTILES,5FU,5FU-P013,-30.793264150190954
LOGISTIC|EC50|TERTILES,5FU,5FU-P014,-40.621158230318926
LOGISTIC|EC50|TERTILES,5FU,5FU-P015,-7.6744886542877406
LOGISTIC|EC50|TERTILES,5FU,5FU-P016,-47.834318172444497
LOGISTIC|EC50|TERTILES,5FU,5FU-P017,-3.7671119351252234
LOGISTIC|EC50|TERTILES,5FU,5FU-P018,-5.0373843247481647
LOGISTIC|EC50|TERTILES,5FU,5FU-P019,-5.8865198987252976
LOGISTIC|EC50|TERTILES,5FU,5FU-P020,-19.098750671198722
LOGISTIC|EC50|TERTILES,5FU,5FU-P021,-9.6204780633493421
LOGISTIC|EC50|TERTILES,5FU,5FU-P022,-4.619636408766258
LOGISTIC|EC50|TERTILES,CARBO,Carbo-P001,-2.3271539622237785
LOGISTIC|EC50|TERTILES,CARBO,Carbo-P002,-21.678987020592995
LOGISTIC|EC50|TERTILES,CARBO,Carbo-P003,-8.2220082202280675
LOGISTIC|EC50|TERTILES,CARBO,Carbo-P004,-14.096661006159961
LOGISTIC|EC50|TERTILES,CARBO,Carbo-P005,-8.7877605025890624
LOGISTIC|EC50|TERTILES,CARBO,Carbo-P006,-9.0113636801476709
LOGISTIC|EC50|TERTILES,CARBO,Carbo-P007,-5.3493705528735171
LOGISTIC|EC50|TERTILES,CARBO,Carbo-P008,-7.3416950383074449
LOGISTIC|EC50|TERTILES,CARBO,Carbo-P009,-19.961718305986285
LOGISTIC|EC50|TERTILES,CARBO,Carbo-P010,-7.3034174525576914
LOGISTIC|EC50|TERTILES,CARBO,Carbo-P011,-13.650951600590735
LOGISTIC|EC50|TERTILES,CARBO,Carbo-P012,-8.1806661524658928
LOGISTIC|EC50|TERTILES,CARBO,Carbo-P013,-16.146719466460269
LOGISTIC|EC50|TERTILES,CARBO,Carbo-P014,-22.878622831386032
LOGISTIC|EC50|TERTILES,CARBO,Carbo-P015,-1.3094688498775389
LOGISTIC|EC50|TERTILES,CARBO,Carbo-P016,-25.018087234170864
LOGISTIC|EC50|TERTILES,CARBO,Carbo-P017,-19.362072570312211
LOGISTIC|EC50|TERTILES,CARBO,Carbo-P018,-24.489669741684459
LOGISTIC|EC50|TERTILES,CARBO,Carbo-P019,-1.073741793310478
LOGISTIC|EC50|TERTILES,CARBO,Carbo-P020,-27.827387443061379
LOGISTIC|EC50|TERTILES,CARBO,Carbo-P021,-43.969461933213999
LOGISTIC|EC50|TERTILES,CARBO,Carbo-P022,-13.559383029416828
LOGISTIC|EC50|TERTILES,CARBO,Carbo-P023,-11.937055779710715
LOGISTIC|EC50|TERTILES,CARBO,Carbo-P024,-9.1747418753877881
LOGISTIC|EC50|TERTILES,CARBO_A,CarboA-P001,-39.168132341883648
LOGISTIC|EC50|TERTILES,CARBO_A,CarboA-P002,-18.597920357319492
LOGISTIC|EC50|TERTILES,CARBO_A,CarboA-P003,-1.0601788117691417
LOGISTIC|EC50|TERTILES,CARBO_A,CarboA-P004,-28.687991178240562
LOGISTIC|EC50|TERTILES,CARBO_A,CarboA-P005,-14.022750212834275
LOGISTIC|EC50|TERTILES,CARBO_A,CarboA-P006,-32.214821361951962
LOGISTIC|EC50|TERTILES,CARBO_A,CarboA-P007,-13.405250763542785
LOGISTIC|EC50|TERTILES,CARBO_A,CarboA-P008,-16.105614659000707
LOGISTIC|EC50|TERTILES,CARBO_A,CarboA-P009,-1.2061127266794094
LOGISTIC|EC50|TERTILES,CARBO_A,CarboA-P010,-9.291829953383802
LOGISTIC|EC50|TERTILES,CARBO_A,CarboA-P011,-19.908338264895487
LOGISTIC|EC50|TERTILES,CARBO_A,CarboA-P012,-3.4861766116161967
LOGISTIC|EC50|TERTILES,CARBO_A,CarboA-P013,-11.614065624224461
LOGISTIC|EC50|TERTILES,CDDP,CDDP-P001,-2.0662734917976944
LOGISTIC|EC50|TERTILES,CDDP,CDDP-P002,-3.0127903266336213
LOGISTIC|EC50|TERTILES,CDDP,CDDP-P003,-14.063587533536193
LOGISTIC|EC50|TERTILES,CDDP,CDDP-P004,-23.262118225100668
LOGISTIC|EC50|TERTILES,CDDP,CDDP-P005,-50.787687760055448
LOGISTIC|EC50|TERTILES,CDDP,CDDP-P006,-10.142947845135186
LOGISTIC|EC50|TERTILES,CDDP,CDDP-P007,-13.346909191862675
LOGISTIC|EC50|TERTILES,CDDP,CDDP-P008,-7.9997336094915799
LOGISTIC|EC50|TERTILES,CDDP,CDDP-P009,-16.965891330600442
LOGISTIC|EC50|TERTILES,CDDP,CDDP-P010,-22.149081445529959
LOGISTIC|EC50|TERTILES,CDDP,CDDP-P011,-49.10599715332544
LOGISTIC|EC50|TERTILES,CDDP,CDDP-P012,-4.5104567515484977
LOGISTIC|EC50|TERTILES,CDDP,CDDP-P013,-3.6802460521978118
LOGISTIC|EC50|TERTILES,CDDP,CDDP-P014,-116.36102768250144
LOGISTIC|EC50|TERTILES,CDDP,CDDP-P015,-48.349105483313096
LOGISTIC|EC50|TERTILES,CDDP,CDDP-P016,-5.9724079220741464
LOGISTIC|EC50|TERTILES,CDDP,CDDP-P017,-6.329158923245763
LOGISTIC|EC50|TERTILES,CDDP,CDDP-P018,-7.5091060886518424
LOGISTIC|EC50|TERTILES,CDDP_A,CDDPA-P001,-1.5412184147668508
LOGISTIC|EC50|TERTILES,CDDP_A,CDDPA-P002,-2.2828027256952925
LOGISTIC|EC50|TERTILES,CDDP_A,CDDPA-P003,-24.707082138738972
LOGISTIC|EC50|TERTILES,CDDP_A,CDDPA-P004,-1.5450830812553151
LOGISTIC|EC50|TERTILES,CDDP_A,CDDPA-P005,-4.3002927855941717
LOGISTIC|EC50|TERTILES,CDDP_A,CDDPA-P006,-5.664633854434177
LOGISTIC|EC50|TERTILES,CDDP_A,CDDPA-P007,-6.8339782054733016
LOGISTIC|EC50|TERTILES,CDDP_A,CDDPA-P008,-48.246354384304809
LOGISTIC|EC50|TERTILES,CDDP_A,CDDPA-P009,-2.2388957499112978
LOGISTIC|EC50|TERTILES,CDDP_A,CDDPA-P010,-21.401045968801562
LOGISTIC|EC50|TERTILES,CDDP_A,CDDPA-P011,-6.313947009240314
LOGISTIC|EC50|TERTILES,CDDP_A,CDDPA-P012,-10.544665500388554
LOGISTIC|EC50|TERTILES,CDDP_A,CDDPA-P013,-3.1833466498810612
LOGISTIC|EC50|TERTILES,CDDP_A,CDDPA-P014,-17.174601121991252
LOGISTIC|EC50|TERTILES,CDDP_A,CDDPA-P015,-0.46621119648108028
LOGISTIC|EC50|TERTILES,CDDP_A,CDDPA-P016,-7.3770072253020729
LOGISTIC|EC50|TERTILES,CDDP_A,CDDPA-P017,-18.396739245246181
LOGISTIC|EC50|TERTILES,CDDP_A,CDDPA-P018,-3.6608677955874716
LOGISTIC|EC50|TERTILES,ETO,ETO-P001,-8.4444388726960788
LOGISTIC|EC50|TERTILES,ETO,ETO-P002,-1.4623700943342643
LOGISTIC|EC50|TERTILES,ETO,ETO-P003,-27.667171530493647
LOGISTIC|EC50|TERTILES,ETO,ETO-P004,-0.098046420819890706
LOGISTIC|EC50|TERTILES,ETO,ETO-P005,-177.47551536770061
LOGISTIC|EC50|TERTILES,ETO,ETO-P006,-6.4947393052829678
LOGISTIC|EC50|TERTILES,ETO,ETO-P007,-2.1196675460749117
LOGISTIC|EC50|TERTILES,ETO,ETO-P008,-242.41288634445155
LOGISTIC|EC50|TERTILES,ETO,ETO-P009,-72.751976522627672
LOGISTIC|EC50|TERTILES,ETO,ETO-P010,-4.0080906222104931
LOGISTIC|EC50|TERTILES,ETO,ETO-P011,-10.066279084597715
LOGISTIC|EC50|TERTILES,ETO,ETO-P012,-43.652023849840695
LOGISTIC|EC50|TERTILES,ETO,ETO-P013,-125
LOGISTIC|EC50|TERTILES,ETO,ETO-P014,-24.733512868049715
LOGISTIC|EC50|TERTILES,ETO,ETO-P015,-4.6250508433769291
LOGISTIC|EC50|TERTILES,ETO,ETO-P016,-15.89573905378451
LOGISTIC|EC50|TERTILES,ETO,ETO-P017,-3.0721012471329057
LOGISTIC|EC50|TERTILES,ETO,ETO-P018,-13.328243593797144
LOGISTIC|EC50|JENKS,5FU,5FU-P001,-1.5648374165643311
LOGISTIC|EC50|JENKS,5FU,5FU-P002,-7.1393672302606781
LOGISTIC|EC50|JENKS,5FU,5FU-P003,-24.46330438450293
LOGISTIC|EC50|JENKS,5FU,5FU-P004,-1.6577728825045197
LOGISTIC|EC50|JENKS,5FU,5FU-P005,-4.6895531062861959
LOGISTIC|EC50|JENKS,5FU,5FU-P006,-6.3395070532674191
LOGISTIC|EC50|JENKS,5FU,5FU-P007,-6.3434842319296276
LOGISTIC|EC50|JENKS,5FU,5FU-P008,-1.5424938027301889
LOGISTIC|EC50|JENKS,5FU,5FU-P009,-4.6859521341747108
LOGISTIC|EC50|JENKS,5FU,5FU-P010,-27.012371272723893
LOGISTIC|EC50|JENKS,5FU,5FU-P011,-61.090781620807022
LOGISTIC|EC50|JENKS,5FU,5FU-P012,-2.5609527991668561
LOGISTIC|EC50|JENKS,5FU,5FU-P013,-30.793264150190954
LOGISTIC|EC50|JENKS,5FU,5FU-P014,-40.621158230318926
LOGISTIC|EC50|JENKS,5FU,5FU-P015,-7.6744886542877406
LOGISTIC|EC50|JENKS,5FU,5FU-P016,-47.834318172444497
LOGISTIC|EC50|JENKS,5FU,5FU-P017,-3.7671119351252234
LOGISTIC|EC50|JENKS,5FU,5FU-P018,-5.0373843247481647
LOGISTIC|EC50|JENKS,5FU,5FU-P019,-5.8865198987252976
LOGISTIC|EC50|JENKS,5FU,5FU-P020,-19.098750671198722
LOGISTIC|EC50|JENKS,5FU,5FU-P021,-9.6204780633493421
LOGISTIC|EC50|JENKS,5FU,5FU-P022,-4.619636408766258
LOGISTIC|EC50|JENKS,CARBO,Carbo-P001,-2.3271539622237785
LOGISTIC|EC50|JENKS,CARBO,Carbo-P002,-21.678987020592995
LOGISTIC|EC50|JENKS,CARBO,Carbo-P003,-8.2220082202280675
LOGISTIC|EC50|JENKS,CARBO,Carbo-P004,-14.096661006159961
LOGISTIC|EC50|JENKS,CARBO,Carbo-P005,-8.7877605025890624
LOGISTIC|EC50|JENKS,CARBO,Carbo-P006,-9.0113636801476709
LOGISTIC|EC50|JENKS,CARBO,Carbo-P007,-5.3493705528735171
LOGISTIC|EC50|JENKS,CARBO,Carbo-P008,-7.3416950383074449
LOGISTIC|EC50|JENKS,CARBO,Carbo-P009,-19.961718305986285
LOGISTIC|EC50|JENKS,CARBO,Carbo-P010,-7.3034174525576914
LOGISTIC|EC50|JENKS,CARBO,Carbo-P011,-13.650951600590735
LOGISTIC|EC50|JENKS,CARBO,Carbo-P012,-8.1806661524658928
LOGISTIC|EC50|JENKS,CARBO,Carbo-P013,-16.146719466460269
LOGISTIC|EC50|JENKS,CARBO,Carbo-P014,-22.878622831386032
LOGISTIC|EC50|JENKS,CARBO,Carbo-P015,-1.3094688498775389
LOGISTIC|EC50|JENKS,CARBO,Carbo-P016,-25.018087234170864
LOGISTIC|EC50|JENKS,CARBO,Carbo-P017,-19.362072570312211
LOGISTIC|EC50|JENKS,CARBO,Carbo-P018,-24.489669741684459
LOGISTIC|EC50|JENKS,CARBO,Carbo-P019,-1.073741793310478
LOGISTIC|EC50|JENKS,CARBO,Carbo-P020,-27.827387443061379
LOGISTIC|EC50|JENKS,CARBO,Carbo-P021,-43.969461933213999
LOGISTIC|EC50|JENKS,CARBO,Carbo-P022,-13.559383029416828
LOGISTIC|EC50|JENKS,CARBO,Carbo-P023,-11.937055779710715
LOGISTIC|EC50|JENKS,CARBO,Carbo-P024,-9.1747418753877881
LOGISTIC|EC50|JENKS,CARBO_A,CarboA-P001,-39.168132341883648
LOGISTIC|EC50|JENKS,CARBO_A,CarboA-P002,-18.597920357319492
LOGISTIC|EC50|JENKS,CARBO_A,CarboA-P003,-1.0601788117691417
LOGISTIC|EC50|JENKS,CARBO_A,CarboA-P004,-28.687991178240562
LOGISTIC|EC50|JENKS,CARBO_A,CarboA-P005,-14.022750212834275
LOGISTIC|EC50|JENKS,CARBO_A,CarboA-P006,-32.214821361951962
LOGISTIC|EC50|JENKS,CARBO_A,CarboA-P007,-13.405250763542785
LOGISTIC|EC50|JENKS,CARBO_A,CarboA-P008,-16.105614659000707
LOGISTIC|EC50|JENKS,CARBO_A,CarboA-P009,-1.2061127266794094
LOGISTIC|EC50|JENKS,CARBO_A,CarboA-P010,-9.291829953383802
LOGISTIC|EC50|JENKS,CARBO_A,CarboA-P011,-19.908338264895487
LOGISTIC|EC50|JENKS,CARBO_A,CarboA-P012,-3.4861766116161967
LOGISTIC|EC50|JENKS,CARBO_A,CarboA-P013,-11.614065624224461
LOGISTIC|EC50|JENKS,CDDP,CDDP-P001,-2.0662734917976944
LOGISTIC|EC50|JENKS,CDDP,CDDP-P002,-3.0127903266336213
LOGISTIC|EC50|JENKS,CDDP,CDDP-P003,-14.063587533536193
LOGISTIC|EC50|JENKS,CDDP,CDDP-P004,-23.262118225100668
LOGISTIC|EC50|JENKS,CDDP,CDDP-P005,-50.787687760055448
LOGISTIC|EC50|JENKS,CDDP,CDDP-P006,-10.142947845135186
LOGISTIC|EC50|JENKS,CDDP,CDDP-P007,-13.346909191862675
LOGISTIC|EC50|JENKS,CDDP,CDDP-P008,-7.9997336094915799
LOGISTIC|EC50|JENKS,CDDP,CDDP-P009,-16.965891330600442
LOGISTIC|EC50|JENKS,CDDP,CDDP-P010,-22.149081445529959
LOGISTIC|EC50|JENKS,CDDP,CDDP-P011,-49.10599715332544
LOGISTIC|EC50|JENKS,CDDP,CDDP-P012,-4.5104567515484977
LOGISTIC|EC50|JENKS,CDDP,CDDP-P013,-3.6802460521978118
LOGISTIC|EC50|JENKS,CDDP,CDDP-P014,-116.36102768250144
LOGISTIC|EC50|JENKS,CDDP,CDDP-P015,-48.349105483313096
LOGISTIC|EC50|JENKS,CDDP,CDDP-P016,-5.9724079220741464
LOGISTIC|EC50|JENKS,CDDP,CDDP-P017,-6.329158923245763
LOGISTIC|EC50|JENKS,CDDP,CDDP-P018,-7.5091060886518424
LOGISTIC|EC50|JENKS,CDDP_A,CDDPA-P001,-1.5412184147668508
LOGISTIC|EC50|JENKS,CDDP_A,CDDPA-P002,-2.2828027256952925
LOGISTIC|EC50|JENKS,CDDP_A,CDDPA-P003,-24.707082138738972
LOGISTIC|EC50|JENKS,CDDP_A,CDDPA-P004,-1.5450830812553151
LOGISTIC|EC50|JENKS,CDDP_A,CDDPA-P005,-4.3002927855941717
LOGISTIC|EC50|JENKS,CDDP_A,CDDPA-P006,-5.664633854434177
LOGISTIC|EC50|JENKS,CDDP_A,CDDPA-P007,-6.8339782054733016
LOGISTIC|EC50|JENKS,CDDP_A,CDDPA-P008,-48.246354384304809
LOGISTIC|EC50|JENKS,CDDP_A,CDDPA-P009,-2.2388957499112978
LOGISTIC|EC50|JENKS,CDDP_A,CDDPA-P010,-21.401045968801562
LOGISTIC|EC50|JENKS,CDDP_A,CDDPA-P011,-6.313947009240314
LOGISTIC|EC50|JENKS,CDDP_A,CDDPA-P012,-10.544665500388554
LOGISTIC|EC50|JENKS,CDDP_A,CDDPA-P013,-3.1833466498810612
LOGISTIC|EC50|JENKS,CDDP_A,CDDPA-P014,-17.174601121991252
LOGISTIC|EC50|JENKS,CDDP_A,CDDPA-P015,-0.46621119648108028
LOGISTIC|EC50|JENKS,CDDP_A,CDDPA-P016,-7.3770072253020729
LOGISTIC|EC50|JENKS,CDDP_A,CDDPA-P017,-18.396739245246181
LOGISTIC|EC50|JENKS,CDDP_A,CDDPA-P018,-3.6608677955874716
LOGISTIC|EC50|JENKS,ETO,ETO-P001,-8.4444388726960788
LOGISTIC|EC50|JENKS,ETO,ETO-P002,-1.4623700943342643
LOGISTIC|EC50|JENKS,ETO,ETO-P003,-27.667171530493647
LOGISTIC|EC50|JENKS,ETO,ETO-P004,-0.098046420819890706
LOGISTIC|EC50|JENKS,ETO,ETO-P005,-177.47551536770061
LOGISTIC|EC50|JENKS,ETO,ETO-P006,-6.4947393052829678
LOGISTIC|EC50|JENKS,ETO,ETO-P007,-2.1196675460749117
LOGISTIC|EC50|JENKS,ETO,ETO-P008,-242.41288634445155
LOGISTIC|EC50|JENKS,ETO,ETO-P009,-72.751976522627672
LOGISTIC|EC50|JENKS,ETO,ETO-P010,-4.0080906222104931
LOGISTIC|EC50|JENKS,ETO,ETO-P011,-10.066279084597715
LOGISTIC|EC50|JENKS,ETO,ETO-P012,-43.652023849840695
LOGISTIC|EC50|JENKS,ETO,ETO-P013,-125
LOGISTIC|EC50|JENKS,ETO,ETO-P014,-24.733512868049715
LOGISTIC|EC50|JENKS,ETO,ETO-P015,-4.6250508433769291
LOGISTIC|EC50|JENKS,ETO,ETO-P016,-15.89573905378451
LOGISTIC|EC50|JENKS,ETO,ETO-P017,-3.0721012471329057
LOGISTIC|EC50|JENKS,ETO,ETO-P018,-13.328243593797144
LOGISTIC|EC50|KMEANS,5FU,5FU-P001,-1.5648374165643311
LOGISTIC|EC50|KMEANS,5FU,5FU-P002,-7.1393672302606781
LOGISTIC|EC50|KMEANS,5FU,5FU-P003,-24.46330438450293
LOGISTIC|EC50|KMEANS,5FU,5FU-P004,-1.6577728825045197
LOGISTIC|EC50|KMEANS,5FU,5FU-P005,-4.6895531062861959
LOGISTIC|EC50|KMEANS,5FU,5FU-P006,-6.3395070532674191
LOGISTIC|EC50|KMEANS,5FU,5FU-P007,-6.3434842319296276
LOGISTIC|EC50|KMEANS,5FU,5FU-P008,-1.5424938027301889
LOGISTIC|EC50|KMEANS,5FU,5FU-P009,-4.6859521341747108
LOGISTIC|EC50|KMEANS,5FU,5FU-P010,-27.012371272723893
LOGISTIC|EC50|KMEANS,5FU,5FU-P011,-61.090781620807022
LOGISTIC|EC50|KMEANS,5FU,5FU-P012,-2.5609527991668561
LOGISTIC|EC50|KMEANS,5FU,5FU-P013,-30.793264150190954
LOGISTIC|EC50|KMEANS,5FU,5FU-P014,-40.621158230318926
LOGISTIC|EC50|KMEANS,5FU,5FU-P015,-7.6744886542877406
LOGISTIC|EC50|KMEANS,5FU,5FU-P016,-47.834318172444497
LOGISTIC|EC50|KMEANS,5FU,5FU-P017,-3.7671119351252234
LOGISTIC|EC50|KMEANS,5FU,5FU-P018,-5.0373843247481647
LOGISTIC|EC50|KMEANS,5FU,5FU-P019,-5.8865198987252976
LOGISTIC|EC50|KMEANS,5FU,5FU-P020,-19.098750671198722
LOGISTIC|EC50|KMEANS,5FU,5FU-P021,-9.6204780633493421
LOGISTIC|EC50|KMEANS,5FU,5FU-P022,-4.619636408766258
LOGISTIC|EC50|KMEANS,CARBO,Carbo-P001,-2.3271539622237785
LOGISTIC|EC50|KMEANS,CARBO,Carbo-P002,-21.678987020592995
LOGISTIC|EC50|KMEANS,CARBO,Carbo-P003,-8.2220082202280675
LOGISTIC|EC50|KMEANS,CARBO,Carbo-P004,-14.096661006159961
LOGISTIC|EC50|KMEANS,CARBO,Carbo-P005,-8.7877605025890624
LOGISTIC|EC50|KMEANS,CARBO,Carbo-P006,-9.0113636801476709
LOGISTIC|EC50|KMEANS,CARBO,Carbo-P007,-5.3493705528735171
LOGISTIC|EC50|KMEANS,CARBO,Carbo-P008,-7.3416950383074449
LOGISTIC|EC50|KMEANS,CARBO,Carbo-P009,-19.961718305986285
LOGISTIC|EC50|KMEANS,CARBO,Carbo-P010,-7.3034174525576914
LOGISTIC|EC50|KMEANS,CARBO,Carbo-P011,-13.650951600590735
LOGISTIC|EC50|KMEANS,CARBO,Carbo-P012,-8.1806661524658928
LOGISTIC|EC50|KMEANS,CARBO,Carbo-P013,-16.146719466460269
LOGISTIC|EC50|KMEANS,CARBO,Carbo-P014,-22.878622831386032
LOGISTIC|EC50|KMEANS,CARBO,Carbo-P015,-1.3094688498775389
LOGISTIC|EC50|KMEANS,CARBO,Carbo-P016,-25.018087234170864
LOGISTIC|EC50|KMEANS,CARBO,Carbo-P017,-19.362072570312211
LOGISTIC|EC50|KMEANS,CARBO,Carbo-P018,-24.489669741684459
LOGISTIC|EC50|KMEANS,CARBO,Carbo-P019,-1.073741793310478
LOGISTIC|EC50|KMEANS,CARBO,Carbo-P020,-27.827387443061379
LOGISTIC|EC50|KMEANS,CARBO,Carbo-P021,-43.969461933213999
LOGISTIC|EC50|KMEANS,CARBO,Carbo-P022,-13.559383029416828
LOGISTIC|EC50|KMEANS,CARBO,Carbo-P023,-11.937055779710715
LOGISTIC|EC50|KMEANS,CARBO,Carbo-P024,-9.1747418753877881
LOGISTIC|EC50|KMEANS,CARBO_A,CarboA-P001,-39.168132341883648
LOGISTIC|EC50|KMEANS,CARBO_A,CarboA-P002,-18.597920357319492
LOGISTIC|EC50|KMEANS,CARBO_A,CarboA-P003,-1.0601788117691417
LOGISTIC|EC50|KMEANS,CARBO_A,CarboA-P004,-28.687991178240562
LOGISTIC|EC50|KMEANS,CARBO_A,CarboA-P005,-14.022750212834275
LOGISTIC|EC50|KMEANS,CARBO_A,CarboA-P006,-32.214821361951962
LOGISTIC|EC50|KMEANS,CARBO_A,CarboA-P007,-13.405250763542785
LOGISTIC|EC50|KMEANS,CARBO_A,CarboA-P008,-16.105614659000707
LOGISTIC|EC50|KMEANS,CARBO_A,CarboA-P009,-1.2061127266794094
LOGISTIC|EC50|KMEANS,CARBO_A,CarboA-P010,-9.291829953383802
LOGISTIC|EC50|KMEANS,CARBO_A,CarboA-P011,-19.908338264895487
LOGISTIC|EC50|KMEANS,CARBO_A,CarboA-P012,-3.4861766116161967
LOGISTIC|EC50|KMEANS,CARBO_A,CarboA-P013,-11.614065624224461
LOGISTIC|EC50|KMEANS,CDDP,CDDP-P001,-2.0662734917976944
LOGISTIC|EC50|KMEANS,CDDP,CDDP-P002,-3.0127903266336213
LOGISTIC|EC50|KMEANS,CDDP,CDDP-P003,-14.063587533536193
LOGISTIC|EC50|KMEANS,CDDP,CDDP-P004,-23.262118225100668
LOGISTIC|EC50|KMEANS,CDDP,CDDP-P005,-50.787687760055448
LOGISTIC|EC50|KMEANS,CDDP,CDDP-P006,-10.142947845135186
LOGISTIC|EC50|KMEANS,CDDP,CDDP-P007,-13.346909191862675
LOGISTIC|EC50|KMEANS,CDDP,CDDP-P008,-7.9997336094915799
LOGISTIC|EC50|KMEANS,CDDP,CDDP-P009,-16.965891330600442
LOGISTIC|EC50|KMEANS,CDDP,CDDP-P010,-22.149081445529959
LOGISTIC|EC50|KMEANS,CDDP,CDDP-P011,-49.10599715332544
LOGISTIC|EC50|KMEANS,CDDP,CDDP-P012,-4.5104567515484977
LOGISTIC|EC50|KMEANS,CDDP,CDDP-P013,-3.6802460521978118
LOGISTIC|EC50|KMEANS,CDDP,CDDP-P014,-116.36102768250144
LOGISTIC|EC50|KMEANS,CDDP,CDDP-P015,-48.349105483313096
LOGISTIC|EC50|KMEANS,CDDP,CDDP-P016,-5.9724079220741464
LOGISTIC|EC50|KMEANS,CDDP,CDDP-P017,-6.329158923245763
LOGISTIC|EC50|KMEANS,CDDP,CDDP-P018,-7.5091060886518424
LOGISTIC|EC50|KMEANS,CDDP_A,CDDPA-P001,-1.5412184147668508
LOGISTIC|EC50|KMEANS,CDDP_A,CDDPA-P002,-2.2828027256952925
LOGISTIC|EC50|KMEANS,CDDP_A,CDDPA-P003,-24.707082138738972
LOGISTIC|EC50|KMEANS,CDDP_A,CDDPA-P004,-1.5450830812553151
LOGISTIC|EC50|KMEANS,CDDP_A,CDDPA-P005,-4.3002927855941717
LOGISTIC|EC50|KMEANS,CDDP_A,CDDPA-P006,-5.664633854434177
LOGISTIC|EC50|KMEANS,CDDP_A,CDDPA-P007,-6.8339782054733016
LOGISTIC|EC50|KMEANS,CDDP_A,CDDPA-P008,-48.246354384304809
LOGISTIC|EC50|KMEANS,CDDP_A,CDDPA-P009,-2.2388957499112978
LOGISTIC|EC50|KMEANS,CDDP_A,CDDPA-P010,-21.401045968801562
LOGISTIC|EC50|KMEANS,CDDP_A,CDDPA-P011,-6.313947009240314
LOGISTIC|EC50|KMEANS,CDDP_A,CDDPA-P012,-10.544665500388554
LOGISTIC|EC50|KMEANS,CDDP_A,CDDPA-P013,-3.1833466498810612
LOGISTIC|EC50|KMEANS,CDDP_A,CDDPA-P014,-17.174601121991252
LOGISTIC|EC50|KMEANS,CDDP_A,CDDPA-P015,-0.46621119648108028
LOGISTIC|EC50|KMEANS,CDDP_A,CDDPA-P016,-7.3770072253020729
LOGISTIC|EC50|KMEANS,CDDP_A,CDDPA-P017,-18.396739245246181
LOGISTIC|EC50|KMEANS,CDDP_A,CDDPA-P018,-3.6608677955874716
LOGISTIC|EC50|KMEANS,ETO,ETO-P001,-8.4444388726960788
LOGISTIC|EC50|KMEANS,ETO,ETO-P002,-1.4623700943342643
LOGISTIC|EC50|KMEANS,ETO,ETO-P003,-27.667171530493647
LOGISTIC|EC50|KMEANS,ETO,ETO-P004,-0.098046420819890706
LOGISTIC|EC50|KMEANS,ETO,ETO-P005,-177.47551536770061
LOGISTIC|EC50|KMEANS,ETO,ETO-P006,-6.4947393052829678
LOGISTIC|EC50|KMEANS,ETO,ETO-P007,-2.1196675460749117
LOGISTIC|EC50|KMEANS,ETO,ETO-P008,-242.41288634445155
LOGISTIC|EC50|KMEANS,ETO,ETO-P009,-72.751976522627672
LOGISTIC|EC50|KMEANS,ETO,ETO-P010,-4.0080906222104931
LOGISTIC|EC50|KMEANS,ETO,ETO-P011,-10.066279084597715
LOGISTIC|EC50|KMEANS,ETO,ETO-P012,-43.652023849840695
LOGISTIC|EC50|KMEANS,ETO,ETO-P013,-125
LOGISTIC|EC50|KMEANS,ETO,ETO-P014,-24.733512868049715
LOGISTIC|EC50|KMEANS,ETO,ETO-P015,-4.6250508433769291
LOGISTIC|EC50|KMEANS,ETO,ETO-P016,-15.89573905378451
LOGISTIC|EC50|KMEANS,ETO,ETO-P017,-3.0721012471329057
LOGISTIC|EC50|KMEANS,ETO,ETO-P018,-13.328243593797144
LOGISTIC|EC50|WARD,5FU,5FU-P001,-1.5648374165643311
LOGISTIC|EC50|WARD,5FU,5FU-P002,-7.1393672302606781
LOGISTIC|EC50|WARD,5FU,5FU-P003,-24.46330438450293
LOGISTIC|EC50|WARD,5FU,5FU-P004,-1.6577728825045197
LOGISTIC|EC50|WARD,5FU,5FU-P005,-4.6895531062861959
LOGISTIC|EC50|WARD,5FU,5FU-P006,-6.3395070532674191
LOGISTIC|EC50|WARD,5FU,5FU-P007,-6.3434842319296276
LOGISTIC|EC50|WARD,5FU,5FU-P008,-1.5424938027301889
LOGISTIC|EC50|WARD,5FU,5FU-P009,-4.6859521341747108
LOGISTIC|EC50|WARD,5FU,5FU-P010,-27.012371272723893
LOGISTIC|EC50|WARD,5FU,5FU-P011,-61.090781620807022
LOGISTIC|EC50|WARD,5FU,5FU-P012,-2.5609527991668561
LOGISTIC|EC50|WARD,5FU,5FU-P013,-30.793264150190954
LOGISTIC|EC50|WARD,5FU,5FU-P014,-40.621158230318926
LOGISTIC|EC50|WARD,5FU,5FU-P015,-7.6744886542877406
LOGISTIC|EC50|WARD,5FU,5FU-P016,-47.834318172444497
LOGISTIC|EC50|WARD,5FU,5FU-P017,-3.7671119351252234
LOGISTIC|EC50|WARD,5FU,5FU-P018,-5.0373843247481647
LOGISTIC|EC50|WARD,5FU,5FU-P019,-5.8865198987252976
LOGISTIC|EC50|WARD,5FU,5FU-P020,-19.098750671198722
LOGISTIC|EC50|WARD,5FU,5FU-P021,-9.6204780633493421
LOGISTIC|EC50|WARD,5FU,5FU-P022,-4.619636408766258
LOGISTIC|EC50|WARD,CARBO,Carbo-P001,-2.3271539622237785
LOGISTIC|EC50|WARD,CARBO,Carbo-P002,-21.678987020592995
LOGISTIC|EC50|WARD,CARBO,Carbo-P003,-8.2220082202280675
LOGISTIC|EC50|WARD,CARBO,Carbo-P004,-14.096661006159961
LOGISTIC|EC50|WARD,CARBO,Carbo-P005,-8.7877605025890624
LOGISTIC|EC50|WARD,CARBO,Carbo-P006,-9.0113636801476709
LOGISTIC|EC50|WARD,CARBO,Carbo-P007,-5.3493705528735171
LOGISTIC|EC50|WARD,CARBO,Carbo-P008,-7.3416950383074449
LOGISTIC|EC50|WARD,CARBO,Carbo-P009,-19.961718305986285
LOGISTIC|EC50|WARD,CARBO,Carbo-P010,-7.3034174525576914
LOGISTIC|EC50|WARD,CARBO,Carbo-P011,-13.650951600590735
LOGISTIC|EC50|WARD,CARBO,Carbo-P012,-8.1806661524658928
LOGISTIC|EC50|WARD,CARBO,Carbo-P013,-16.146719466460269
LOGISTIC|EC50|WARD,CARBO,Carbo-P014,-22.878622831386032
LOGISTIC|EC50|WARD,CARBO,Carbo-P015,-1.3094688498775389
LOGISTIC|EC50|WARD,CARBO,Carbo-P016,-25.018087234170864
LOGISTIC|EC50|WARD,CARBO,Carbo-P017,-19.362072570312211
LOGISTIC|EC50|WARD,CARBO,Carbo-P018,-24.489669741684459
LOGISTIC|EC50|WARD,CARBO,Carbo-P019,-1.073741793310478
LOGISTIC|EC50|WARD,CARBO,Carbo-P020,-27.827387443061379
LOGISTIC|EC50|WARD,CARBO,Carbo-P021,-43.969461933213999
LOGISTIC|EC50|WARD,CARBO,Carbo-P022,-13.559383029416828
LOGISTIC|EC50|WARD,CARBO,Carbo-P023,-11.937055779710715
LOGISTIC|EC50|WARD,CARBO,Carbo-P024,-9.1747418753877881
LOGISTIC|EC50|WARD,CARBO_A,CarboA-P001,-39.168132341883648
LOGISTIC|EC50|WARD,CARBO_A,CarboA-P002,-18.597920357319492
LOGISTIC|EC50|WARD,CARBO_A,CarboA-P003,-1.0601788117691417
LOGISTIC|EC50|WARD,CARBO_A,CarboA-P004,-28.687991178240562
LOGISTIC|EC50|WARD,CARBO_A,CarboA-P005,-14.022750212834275
LOGISTIC|EC50|WARD,CARBO_A,CarboA-P006,-32.214821361951962
LOGISTIC|EC50|WARD,CARBO_A,CarboA-P007,-13.405250763542785
LOGISTIC|EC50|WARD,CARBO_A,CarboA-P008,-16.105614659000707
LOGISTIC|EC50|WARD,CARBO_A,CarboA-P009,-1.2061127266794094
LOGISTIC|EC50|WARD,CARBO_A,CarboA-P010,-9.291829953383802
LOGISTIC|EC50|WARD,CARBO_A,CarboA-P011,-19.908338264895487
LOGISTIC|EC50|WARD,CARBO_A,CarboA-P012,-3.4861766116161967
LOGISTIC|EC50|WARD,CARBO_A,CarboA-P013,-11.614065624224461
LOGISTIC|EC50|WARD,CDDP,CDDP-P001,-2.0662734917976944
LOGISTIC|EC50|WARD,CDDP,CDDP-P002,-3.0127903266336213
LOGISTIC|EC50|WARD,CDDP,CDDP-P003,-14.063587533536193
LOGISTIC|EC50|WARD,CDDP,CDDP-P004,-23.262118225100668
LOGISTIC|EC50|WARD,CDDP,CDDP-P005,-50.787687760055448
LOGISTIC|EC50|WARD,CDDP,CDDP-P006,-10.142947845135186
LOGISTIC|EC50|WARD,CDDP,CDDP-P007,-13.346909191862675
LOGISTIC|EC50|WARD,CDDP,CDDP-P008,-7.9997336094915799
LOGISTIC|EC50|WARD,CDDP,CDDP-P009,-16.965891330600442
LOGISTIC|EC50|WARD,CDDP,CDDP-P010,-22.149081445529959
LOGISTIC|EC50|WARD,CDDP,CDDP-P011,-49.10599715332544
LOGISTIC|EC50|WARD,CDDP,CDDP-P012,-4.5104567515484977
LOGISTIC|EC50|WARD,CDDP,CDDP-P013,-3.6802460521978118
LOGISTIC|EC50|WARD,CDDP,CDDP-P014,-116.36102768250144
LOGISTIC|EC50|WARD,CDDP,CDDP-P015,-48.349105483313096
LOGISTIC|EC50|WARD,CDDP,CDDP-P016,-5.9724079220741464
LOGISTIC|EC50|WARD,CDDP,CDDP-P017,-6.329158923245763
LOGISTIC|EC50|WARD,CDDP,CDDP-P018,-7.5091060886518424
LOGISTIC|EC50|WARD,CDDP_A,CDDPA-P001,-1.5412184147668508
LOGISTIC|EC50|WARD,CDDP_A,CDDPA-P002,-2.2828027256952925
LOGISTIC|EC50|WARD,CDDP_A,CDDPA-P003,-24.707082138738972
LOGISTIC|EC50|WARD,CDDP_A,CDDPA-P004,-1.5450830812553151
LOGISTIC|EC50|WARD,CDDP_A,CDDPA-P005,-4.3002927855941717
LOGISTIC|EC50|WARD,CDDP_A,CDDPA-P006,-5.664633854434177
LOGISTIC|EC50|WARD,CDDP_A,CDDPA-P007,-6.8339782054733016
LOGISTIC|EC50|WARD,CDDP_A,CDDPA-P008,-48.246354384304809
LOGISTIC|EC50|WARD,CDDP_A,CDDPA-P009,-2.2388957499112978
LOGISTIC|EC50|WARD,CDDP_A,CDDPA-P010,-21.401045968801562
LOGISTIC|EC50|WARD,CDDP_A,CDDPA-P011,-6.313947009240314
LOGISTIC|EC50|WARD,CDDP_A,CDDPA-P012,-10.544665500388554
LOGISTIC|EC50|WARD,CDDP_A,CDDPA-P013,-3.1833466498810612
LOGISTIC|EC50|WARD,CDDP_A,CDDPA-P014,-17.174601121991252
LOGISTIC|EC50|WARD,CDDP_A,CDDPA-P015,-0.46621119648108028
LOGISTIC|EC50|WARD,CDDP_A,CDDPA-P016,-7.3770072253020729
LOGISTIC|EC50|WARD,CDDP_A,CDDPA-P017,-18.396739245246181
LOGISTIC|EC50|WARD,CDDP_A,CDDPA-P018,-3.6608677955874716
LOGISTIC|EC50|WARD,ETO,ETO-P001,-8.4444388726960788
LOGISTIC|EC50|WARD,ETO,ETO-P002,-1.4623700943342643
LOGISTIC|EC50|WARD,ETO,ETO-P003,-27.667171530493647
LOGISTIC|EC50|WARD,ETO,ETO-P004,-0.098046420819890706
LOGISTIC|EC50|WARD,ETO,ETO-P005,-177.47551536770061
LOGISTIC|EC50|WARD,ETO,ETO-P006,-6.4947393052829678
LOGISTIC|EC50|WARD,ETO,ETO-P007,-2.1196675460749117
LOGISTIC|EC50|WARD,ETO,ETO-P008,-242.41288634445155
LOGISTIC|EC50|WARD,ETO,ETO-P009,-72.751976522627672
LOGISTIC|EC50|WARD,ETO,ETO-P010,-4.0080906222104931
LOGISTIC|EC50|WARD,ETO,ETO-P011,-10.066279084597715
LOGISTIC|EC50|WARD,ETO,ETO-P012,-43.652023849840695
LOGISTIC|EC50|WARD,ETO,ETO-P013,-125
LOGISTIC|EC50|WARD,ETO,ETO-P014,-24.733512868049715
LOGISTIC|EC50|WARD,ETO,ETO-P015,-4.6250508433769291
LOGISTIC|EC50|WARD,ETO,ETO-P016,-15.89573905378451
LOGISTIC|EC50|WARD,ETO,ETO-P017,-3.0721012471329057
LOGISTIC|EC50|WARD,ETO,ETO-P018,-13.328243593797144
LOGISTIC|EC50|TIED_GMM,5FU,5FU-P001,-1.5648374165643311
LOGISTIC|EC50|TIED_GMM,5FU,5FU-P002,-7.1393672302606781
LOGISTIC|EC50|TIED_GMM,5FU,5FU-P003,-24.46330438450293
LOGISTIC|EC50|TIED_GMM,5FU,5FU-P004,-1.6577728825045197
LOGISTIC|EC50|TIED_GMM,5FU,5FU-P005,-4.6895531062861959
LOGISTIC|EC50|TIED_GMM,5FU,5FU-P006,-6.3395070532674191
LOGISTIC|EC50|TIED_GMM,5FU,5FU-P007,-6.3434842319296276
LOGISTIC|EC50|TIED_GMM,5FU,5FU-P008,-1.5424938027301889
LOGISTIC|EC50|TIED_GMM,5FU,5FU-P009,-4.6859521341747108
LOGISTIC|EC50|TIED_GMM,5FU,5FU-P010,-27.012371272723893
LOGISTIC|EC50|TIED_GMM,5FU,5FU-P011,-61.090781620807022
LOGISTIC|EC50|TIED_GMM,5FU,5FU-P012,-2.5609527991668561
LOGISTIC|EC50|TIED_GMM,5FU,5FU-P013,-30.793264150190954
LOGISTIC|EC50|TIED_GMM,5FU,5FU-P014,-40.621158230318926
LOGISTIC|EC50|TIED_GMM,5FU,5FU-P015,-7.6744886542877406
LOGISTIC|EC50|TIED_GMM,5FU,5FU-P016,-47.834318172444497
LOGISTIC|EC50|TIED_GMM,5FU,5FU-P017,-3.7671119351252234
LOGISTIC|EC50|TIED_GMM,5FU,5FU-P018,-5.0373843247481647
LOGISTIC|EC50|TIED_GMM,5FU,5FU-P019,-5.8865198987252976
LOGISTIC|EC50|TIED_GMM,5FU,5FU-P020,-19.098750671198722
LOGISTIC|EC50|TIED_GMM,5FU,5FU-P021,-9.6204780633493421
LOGISTIC|EC50|TIED_GMM,5FU,5FU-P022,-4.619636408766258
LOGISTIC|EC50|TIED_GMM,CARBO,Carbo-P001,-2.3271539622237785
LOGISTIC|EC50|TIED_GMM,CARBO,Carbo-P002,-21.678987020592995
LOGISTIC|EC50|TIED_GMM,CARBO,Carbo-P003,-8.2220082202280675
LOGISTIC|EC50|TIED_GMM,CARBO,Carbo-P004,-14.096661006159961
LOGISTIC|EC50|TIED_GMM,CARBO,Carbo-P005,-8.7877605025890624
LOGISTIC|EC50|TIED_GMM,CARBO,Carbo-P006,-9.0113636801476709
LOGISTIC|EC50|TIED_GMM,CARBO,Carbo-P007,-5.3493705528735171
LOGISTIC|EC50|TIED_GMM,CARBO,Carbo-P008,-7.3416950383074449
LOGISTIC|EC50|TIED_GMM,CARBO,Carbo-P009,-19.961718305986285
LOGISTIC|EC50|TIED_GMM,CARBO,Carbo-P010,-7.3034174525576914
LOGISTIC|EC50|TIED_GMM,CARBO,Carbo-P011,-13.650951600590735
LOGISTIC|EC50|TIED_GMM,CARBO,Carbo-P012,-8.1806661524658928
LOGISTIC|EC50|TIED_GMM,CARBO,Carbo-P013,-16.146719466460269
LOGISTIC|EC50|TIED_GMM,CARBO,Carbo-P014,-22.878622831386032
LOGISTIC|EC50|TIED_GMM,CARBO,Carbo-P015,-1.3094688498775389
LOGISTIC|EC50|TIED_GMM,CARBO,Carbo-P016,-25.018087234170864
LOGISTIC|EC50|TIED_GMM,CARBO,Carbo-P017,-19.362072570312211
LOGISTIC|EC50|TIED_GMM,CARBO,Carbo-P018,-24.489669741684459
LOGISTIC|EC50|TIED_GMM,CARBO,Carbo-P019,-1.073741793310478
LOGISTIC|EC50|TIED_GMM,CARBO,Carbo-P020,-27.827387443061379
LOGISTIC|EC50|TIED_GMM,CARBO,Carbo-P021,-43.969461933213999
LOGISTIC|EC50|TIED_GMM,CARBO,Carbo-P022,-13.559383029416828
LOGISTIC|EC50|TIED_GMM,CARBO,Carbo-P023,-11.937055779710715
LOGISTIC|EC50|TIED_GMM,CARBO,Carbo-P024,-9.1747418753877881
LOGISTIC|EC50|TIED_GMM,CARBO_A,CarboA-P001,-39.168132341883648
LOGISTIC|EC50|TIED_GMM,CARBO_A,CarboA-P002,-18.597920357319492
LOGISTIC|EC50|TIED_GMM,CARBO_A,CarboA-P003,-1.0601788117691417
LOGISTIC|EC50|TIED_GMM,CARBO_A,CarboA-P004,-28.687991178240562
LOGISTIC|EC50|TIED_GMM,CARBO_A,CarboA-P005,-14.022750212834275
LOGISTIC|EC50|TIED_GMM,CARBO_A,CarboA-P006,-32.214821361951962
LOGISTIC|EC50|TIED_GMM,CARBO_A,CarboA-P007,-13.405250763542785
LOGISTIC|EC50|TIED_GMM,CARBO_A,CarboA-P008,-16.105614659000707
LOGISTIC|EC50|TIED_GMM,CARBO_A,CarboA-P009,-1.2061127266794094
LOGISTIC|EC50|TIED_GMM,CARBO_A,CarboA-P010,-9.291829953383802
LOGISTIC|EC50|TIED_GMM,CARBO_A,CarboA-P011,-19.908338264895487
LOGISTIC|EC50|TIED_GMM,CARBO_A,CarboA-P012,-3.4861766116161967
LOGISTIC|EC50|TIED_GMM,CARBO_A,CarboA-P013,-11.614065624224461
LOGISTIC|EC50|TIED_GMM,CDDP,CDDP-P001,-2.0662734917976944
LOGISTIC|EC50|TIED_GMM,CDDP,CDDP-P002,-3.0127903266336213
LOGISTIC|EC50|TIED_GMM,CDDP,CDDP-P003,-14.063587533536193
LOGISTIC|EC50|TIED_GMM,CDDP,CDDP-P004,-23.262118225100668
LOGISTIC|EC50|TIED_GMM,CDDP,CDDP-P005,-50.787687760055448
LOGISTIC|EC50|TIED_GMM,CDDP,CDDP-P006,-10.142947845135186
LOGISTIC|EC50|TIED_GMM,CDDP,CDDP-P007,-13.346909191862675
LOGISTIC|EC50|TIED_GMM,CDDP,CDDP-P008,-7.9997336094915799
LOGISTIC|EC50|TIED_GMM,CDDP,CDDP-P009,-16.965891330600442
LOGISTIC|EC50|TIED_GMM,CDDP,CDDP-P010,-22.149081445529959
LOGISTIC|EC50|TIED_GMM,CDDP,CDDP-P011,-49.10599715332544
LOGISTIC|EC50|TIED_GMM,CDDP,CDDP-P012,-4.5104567515484977
LOGISTIC|EC50|TIED_GMM,CDDP,CDDP-P013,-3.6802460521978118
LOGISTIC|EC50|TIED_GMM,CDDP,CDDP-P014,-116.36102768250144
LOGISTIC|EC50|TIED_GMM,CDDP,CDDP-P015,-48.349105483313096
LOGISTIC|EC50|TIED_GMM,CDDP,CDDP-P016,-5.9724079220741464
LOGISTIC|EC50|TIED_GMM,CDDP,CDDP-P017,-6.329158923245763
LOGISTIC|EC50|TIED_GMM,CDDP,CDDP-P018,-7.5091060886518424
LOGISTIC|EC50|TIED_GMM,CDDP_A,CDDPA-P001,-1.5412184147668508
LOGISTIC|EC50|TIED_GMM,CDDP_A,CDDPA-P002,-2.2828027256952925
LOGISTIC|EC50|TIED_GMM,CDDP_A,CDDPA-P003,-24.707082138738972
LOGISTIC|EC50|TIED_GMM,CDDP_A,CDDPA-P004,-1.5450830812553151
LOGISTIC|EC50|TIED_GMM,CDDP_A,CDDPA-P005,-4.3002927855941717
LOGISTIC|EC50|TIED_GMM,CDDP_A,CDDPA-P006,-5.664633854434177
LOGISTIC|EC50|TIED_GMM,CDDP_A,CDDPA-P007,-6.8339782054733016
LOGISTIC|EC50|TIED_GMM,CDDP_A,CDDPA-P008,-48.246354384304809
LOGISTIC|EC50|TIED_GMM,CDDP_A,CDDPA-P009,-2.2388957499112978
LOGISTIC|EC50|TIED_GMM,CDDP_A,CDDPA-P010,-21.401045968801562
LOGISTIC|EC50|TIED_GMM,CDDP_A,CDDPA-P011,-6.313947009240314
LOGISTIC|EC50|TIED_GMM,CDDP_A,CDDPA-P012,-10.544665500388554
LOGISTIC|EC50|TIED_GMM,CDDP_A,CDDPA-P013,-3.1833466498810612
LOGISTIC|EC50|TIED_GMM,CDDP_A,CDDPA-P014,-17.174601121991252
LOGISTIC|EC50|TIED_GMM,CDDP_A,CDDPA-P015,-0.46621119648108028
LOGISTIC|EC50|TIED_GMM,CDDP_A,CDDPA-P016,-7.3770072253020729
LOGISTIC|EC50|TIED_GMM,CDDP_A,CDDPA-P017,-18.396739245246181
LOGISTIC|EC50|TIED_GMM,CDDP_A,CDDPA-P018,-3.6608677955874716
LOGISTIC|EC50|TIED_GMM,ETO,ETO-P001,-8.4444388726960788
LOGISTIC|EC50|TIED_GMM,ETO,ETO-P002,-1.4623700943342643
LOGISTIC|EC50|TIED_GMM,ETO,ETO-P003,-27.667171530493647
LOGISTIC|EC50|TIED_GMM,ETO,ETO-P004,-0.098046420819890706
LOGISTIC|EC50|TIED_GMM,ETO,ETO-P005,-177.47551536770061
LOGISTIC|EC50|TIED_GMM,ETO,ETO-P006,-6.4947393052829678
LOGISTIC|EC50|TIED_GMM,ETO,ETO-P007,-2.1196675460749117
LOGISTIC|EC50|TIED_GMM,ETO,ETO-P008,-242.41288634445155
LOGISTIC|EC50|TIED_GMM,ETO,ETO-P009,-72.751976522627672
LOGISTIC|EC50|TIED_GMM,ETO,ETO-P010,-4.0080906222104931
LOGISTIC|EC50|TIED_GMM,ETO,ETO-P011,-10.066279084597715
LOGISTIC|EC50|TIED_GMM,ETO,ETO-P012,-43.652023849840695
LOGISTIC|EC50|TIED_GMM,ETO,ETO-P013,-125
LOGISTIC|EC50|TIED_GMM,ETO,ETO-P014,-24.733512868049715
LOGISTIC|EC50|TIED_GMM,ETO,ETO-P015,-4.6250508433769291
LOGISTIC|EC50|TIED_GMM,ETO,ETO-P016,-15.89573905378451
LOGISTIC|EC50|TIED_GMM,ETO,ETO-P017,-3.0721012471329057
LOGISTIC|EC50|TIED_GMM,ETO,ETO-P018,-13.328243593797144
LOGISTIC|EMAX|TERTILES,5FU,5FU-P001,0.79082724541694915
LOGISTIC|EMAX|TERTILES,5FU,5FU-P002,0.99014513218457978
LOGISTIC|EMAX|TERTILES,5FU,5FU-P003,0.90767723798478528
LOGISTIC|EMAX|TERTILES,5FU,5FU-P004,0.6373761115992238
LOGISTIC|EMAX|TERTILES,5FU,5FU-P005,0.83093152601691145
LOGISTIC|EMAX|TERTILES,5FU,5FU-P006,0.81062380474941165
LOGISTIC|EMAX|TERTILES,5FU,5FU-P007,0.77951457417520942
LOGISTIC|EMAX|TERTILES,5FU,5FU-P008,0.7878380533870768
LOGISTIC|EMAX|TERTILES,5FU,5FU-P009,0.95821324889539028
LOGISTIC|EMAX|TERTILES,5FU,5FU-P010,0.97006966208481882
LOGISTIC|EMAX|TERTILES,5FU,5FU-P011,0.89069129175845774
LOGISTIC|EMAX|TERTILES,5FU,5FU-P012,0.1854771250026695
LOGISTIC|EMAX|TERTILES,5FU,5FU-P013,0.76141338169054507
LOGISTIC|EMAX|TERTILES,5FU,5FU-P014,0.97496851106538351
LOGISTIC|EMAX|TERTILES,5FU,5FU-P015,0.90409493223023674
LOGISTIC|EMAX|TERTILES,5FU,5FU-P016,0.995977
LOGISTIC|EMAX|TERTILES,5FU,5FU-P017,0.98714586059531939
LOGISTIC|EMAX|TERTILES,5FU,5FU-P018,0.99353921355506936
LOGISTIC|EMAX|TERTILES,5FU,5FU-P019,0.96658547956417351
LOGISTIC|EMAX|TERTILES,5FU,5FU-P020,0.97918412854710368
LOGISTIC|EMAX|TERTILES,5FU,5FU-P021,0.96646253566018459
LOGISTIC|EMAX|TERTILES,5FU,5FU-P022,0.95227397444432427
LOGISTIC|EMAX|TERTILES,CARBO,Carbo-P001,0.98569717265331747
LOGISTIC|EMAX|TERTILES,CARBO,Carbo-P002,1.0013683731396754
LOGISTIC|EMAX|TERTILES,CARBO,Carbo-P003,1.0043068126738035
LOGISTIC|EMAX|TERTILES,CARBO,Carbo-P004,0.98299806576259241
LOGISTIC|EMAX|TERTILES,CARBO,Carbo-P005,1.0040919282481546
LOGISTIC|EMAX|TERTILES,CARBO,Carbo-P006,1.0050303753922127
LOGISTIC|EMAX|TERTILES,CARBO,Carbo-P007,0.99489042199313249
LOGISTIC|EMAX|TERTILES,CARBO,Carbo-P008,0.96161786037644992
LOGISTIC|EMAX|TERTILES,CARBO,Carbo-P009,0.94704977777777755
LOGISTIC|EMAX|TERTILES,CARBO,Carbo-P010,0.97302829040359029
LOGISTIC|EMAX|TERTILES,CARBO,Carbo-P011,1.0045226176451556
LOGISTIC|EMAX|TERTILES,CARBO,Carbo-P012,0.96147499783156187
LOGISTIC|EMAX|TERTILES,CARBO,Carbo-P013,0.988537
LOGISTIC|EMAX|TERTILES,CARBO,Carbo-P014,1.0140521185072713
LOGISTIC|EMAX|TERTILES,CARBO,Carbo-P015,0.93827091891512282
LOGISTIC|EMAX|TERTILES,CARBO,Carbo-P016,0.99829219957071191
LOGISTIC|EMAX|TERTILES,CARBO,Carbo-P017,0.77670885689758506
LOGISTIC|EMAX|TERTILES,CARBO,Carbo-P018,1.0086283878610585
LOGISTIC|EMAX|TERTILES,CARBO,Carbo-P019,0.99535995631708829
LOGISTIC|EMAX|TERTILES,CARBO,Carbo-P020,0.99951666492111502
LOGISTIC|EMAX|TERTILES,CARBO,Carbo-P021,1.0033838861001361
LOGISTIC|EMAX|TERTILES,CARBO,Carbo-P022,0.99535671216752797
LOGISTIC|EMAX|TERTILES,CARBO,Carbo-P023,0.95474050468683014
LOGISTIC|EMAX|TERTILES,CARBO,Carbo-P024,1.004848801969886
LOGISTIC|EMAX|TERTILES,CARBO_A,CarboA-P001,0.99229975000000015
LOGISTIC|EMAX|TERTILES,CARBO_A,CarboA-P002,1.0144020336282438
LOGISTIC|EMAX|TERTILES,CARBO_A,CarboA-P003,0.93534420179651079
LOGISTIC|EMAX|TERTILES,CARBO_A,CarboA-P004,0.60125040960156184
LOGISTIC|EMAX|TERTILES,CARBO_A,CarboA-P005,0.99881071208751038
LOGISTIC|EMAX|TERTILES,CARBO_A,CarboA-P006,0.99932993836452111
LOGISTIC|EMAX|TERTILES,CARBO_A,CarboA-P007,0.99934177777885902
LOGISTIC|EMAX|TERTILES,CARBO_A,CarboA-P008,0.99657890832690499
LOGISTIC|EMAX|TERTILES,CARBO_A,CarboA-P009,0.99391665355301484
LOGISTIC|EMAX|TERTILES,CARBO_A,CarboA-P010,0.94197133374317221
LOGISTIC|EMAX|TERTILES,CARBO_A,CarboA-P011,0.99740163314584152
LOGISTIC|EMAX|TERTILES,CARBO_A,CarboA-P012,0.9855023865943906
LOGISTIC|EMAX|TERTILES,CARBO_A,CarboA-P013,0.89864587428803588
LOGISTIC|EMAX|TERTILES,CDDP,CDDP-P001,0.98400155093716524
LOGISTIC|EMAX|TERTILES,CDDP,CDDP-P002,1.0003368468533642
LOGISTIC|EMAX|TERTILES,CDDP,CDDP-P003,1.0028697341922495
LOGISTIC|EMAX|TERTILES,CDDP,CDDP-P004,0.58195991558677074
LOGISTIC|EMAX|TERTILES,CDDP,CDDP-P005,0.99835611785671319
LOGISTIC|EMAX|TERTILES,CDDP,CDDP-P006,0.98215949998063534
LOGISTIC|EMAX|TERTILES,CDDP,CDDP-P007,1.006736785655562
LOGISTIC|EMAX|TERTILES,CDDP,CDDP-P008,0.87014370359020177
LOGISTIC|EMAX|TERTILES,CDDP,CDDP-P009,0.99467135396348549
LOGISTIC|EMAX|TERTILES,CDDP,CDDP-P010,0.8687087529128803
LOGISTIC|EMAX|TERTILES,CDDP,CDDP-P011,0.98660888913127565
LOGISTIC|EMAX|TERTILES,CDDP,CDDP-P012,0.96765017681507348
LOGISTIC|EMAX|TERTILES,CDDP,CDDP-P013,0.91811325422730761
LOGISTIC|EMAX|TERTILES,CDDP,CDDP-P014,0.7567049319635567
LOGISTIC|EMAX|TERTILES,CDDP,CDDP-P015,0.8499973682593075
LOGISTIC|EMAX|TERTILES,CDDP,CDDP-P016,0.99533856573235968
LOGISTIC|EMAX|TERTILES,CDDP,CDDP-P017,0.94775107484186094
LOGISTIC|EMAX|TERTILES,CDDP,CDDP-P018,0.98814418602228216
LOGISTIC|EMAX|TERTILES,CDDP_A,CDDPA-P001,0.98217449177514027
LOGISTIC|EMAX|TERTILES,CDDP_A,CDDPA-P002,0.79188175147706663
LOGISTIC|EMAX|TERTILES,CDDP_A,CDDPA-P003,0.98797466666666645
LOGISTIC|EMAX|TERTILES,CDDP_A,CDDPA-P004,0.99263401496682491
LOGISTIC|EMAX|TERTILES,CDDP_A,CDDPA-P005,0.9952160545643256
LOGISTIC|EMAX|TERTILES,CDDP_A,CDDPA-P006,0.99146358399743251
LOGISTIC|EMAX|TERTILES,CDDP_A,CDDPA-P007,0.93511216326692193
LOGISTIC|EMAX|TERTILES,CDDP_A,CDDPA-P008,0.73258076148743656
LOGISTIC|EMAX|TERTILES,CDDP_A,CDDPA-P009,0.98238026785440979
LOGISTIC|EMAX|TERTILES,CDDP_A,CDDPA-P010,0.42585713595462948
LOGISTIC|EMAX|TERTILES,CDDP_A,CDDPA-P011,0.88182634761619738
LOGISTIC|EMAX|TERTILES,CDDP_A,CDDPA-P012,0.96525814283199907
LOGISTIC|EMAX|TERTILES,CDDP_A,CDDPA-P013,0.98518261910481897
LOGISTIC|EMAX|TERTILES,CDDP_A,CDDPA-P014,0.79635617328381159
LOGISTIC|EMAX|TERTILES,CDDP_A,CDDPA-P015,0.94568667843992671
LOGISTIC|EMAX|TERTILES,CDDP_A,CDDPA-P016,0.99936183333843087
LOGISTIC|EMAX|TERTILES,CDDP_A,CDDPA-P017,0.55988205451057071
LOGISTIC|EMAX|TERTILES,CDDP_A,CDDPA-P018,0.95334376360233364
LOGISTIC|EMAX|TERTILES,ETO,ETO-P001,0.23438555602922406
LOGISTIC|EMAX|TERTILES,ETO,ETO-P002,0.56410597986473476
LOGISTIC|EMAX|TERTILES,ETO,ETO-P003,0.24597432340413186
LOGISTIC|EMAX|TERTILES,ETO,ETO-P004,0.889077384051983
LOGISTIC|EMAX|TERTILES,ETO,ETO-P005,0.98147067568015833
LOGISTIC|EMAX|TERTILES,ETO,ETO-P006,0.90908984651218816
LOGISTIC|EMAX|TERTILES,ETO,ETO-P007,0.99859799999999455
LOGISTIC|EMAX|TERTILES,ETO,ETO-P008,0.10427358940669203
LOGISTIC|EMAX|TERTILES,ETO,ETO-P009,0.47670414780174042
LOGISTIC|EMAX|TERTILES,ETO,ETO-P010,0.36617569230769237
LOGISTIC|EMAX|TERTILES,ETO,ETO-P011,0.28982500003934775
LOGISTIC|EMAX|TERTILES,ETO,ETO-P012,0.73943801415623511
LOGISTIC|EMAX|TERTILES,ETO,ETO-P013,0.087358427243754366
LOGISTIC|EMAX|TERTILES,ETO,ETO-P014,0.242480043810894
LOGISTIC|EMAX|TERTILES,ETO,ETO-P015,0.58693905564413917
LOGISTIC|EMAX|TERTILES,ETO,ETO-P016,0.41645140404332115
LOGISTIC|EMAX|TERTILES,ETO,ETO-P017,0.2715165704865567
LOGISTIC|EMAX|TERTILES,ETO,ETO-P018,0.50988142144944959
LOGISTIC|EMAX|JENKS,5FU,5FU-P001,0.79082724541694915
LOGISTIC|EMAX|JENKS,5FU,5FU-P002,0.99014513218457978
LOGISTIC|EMAX|JENKS,5FU,5FU-P003,0.90767723798478528
LOGISTIC|EMAX|JENKS,5FU,5FU-P004,0.6373761115992238
LOGISTIC|EMAX|JENKS,5FU,5FU-P005,0.83093152601691145
LOGISTIC|EMAX|JENKS,5FU,5FU-P006,0.81062380474941165
LOGISTIC|EMAX|JENKS,5FU,5FU-P007,0.77951457417520942
LOGISTIC|EMAX|JENKS,5FU,5FU-P008,0.7878380533870768
LOGISTIC|EMAX|JENKS,5FU,5FU-P009,0.95821324889539028
LOGISTIC|EMAX|JENKS,5FU,5FU-P010,0.97006966208481882
LOGISTIC|EMAX|JENKS,5FU,5FU-P011,0.89069129175845774
LOGISTIC|EMAX|JENKS,5FU,5FU-P012,0.1854771250026695
LOGISTIC|EMAX|JENKS,5FU,5FU-P013,0.76141338169054507
LOGISTIC|EMAX|JENKS,5FU,5FU-P014,0.97496851106538351
LOGISTIC|EMAX|JENKS,5FU,5FU-P015,0.90409493223023674
LOGISTIC|EMAX|JENKS,5FU,5FU-P016,0.995977
LOGISTIC|EMAX|JENKS,5FU,5FU-P017,0.98714586059531939
LOGISTIC|EMAX|JENKS,5FU,5FU-P018,0.99353921355506936
LOGISTIC|EMAX|JENKS,5FU,5FU-P019,0.96658547956417351
LOGISTIC|EMAX|JENKS,5FU,5FU-P020,0.97918412854710368
LOGISTIC|EMAX|JENKS,5FU,5FU-P021,0.96646253566018459
LOGISTIC|EMAX|JENKS,5FU,5FU-P022,0.95227397444432427
LOGISTIC|EMAX|JENKS,CARBO,Carbo-P001,0.98569717265331747
LOGISTIC|EMAX|JENKS,CARBO,Carbo-P002,1.0013683731396754
LOGISTIC|EMAX|JENKS,CARBO,Carbo-P003,1.0043068126738035
LOGISTIC|EMAX|JENKS,CARBO,Carbo-P004,0.98299806576259241
LOGISTIC|EMAX|JENKS,CARBO,Carbo-P005,1.0040919282481546
LOGISTIC|EMAX|JENKS,CARBO,Carbo-P006,1.0050303753922127
LOGISTIC|EMAX|JENKS,CARBO,Carbo-P007,0.99489042199313249
LOGISTIC|EMAX|JENKS,CARBO,Carbo-P008,0.96161786037644992
LOGISTIC|EMAX|JENKS,CARBO,Carbo-P009,0.94704977777777755
LOGISTIC|EMAX|JENKS,CARBO,Carbo-P010,0.97302829040359029
LOGISTIC|EMAX|JENKS,CARBO,Carbo-P011,1.0045226176451556
LOGISTIC|EMAX|JENKS,CARBO,Carbo-P012,0.96147499783156187
LOGISTIC|EMAX|JENKS,CARBO,Carbo-P013,0.988537
LOGISTIC|EMAX|JENKS,CARBO,Carbo-P014,1.0140521185072713
LOGISTIC|EMAX|JENKS,CARBO,Carbo-P015,0.93827091891512282
LOGISTIC|EMAX|JENKS,CARBO,Carbo-P016,0.99829219957071191
LOGISTIC|EMAX|JENKS,CARBO,Carbo-P017,0.77670885689758506
LOGISTIC|EMAX|JENKS,CARBO,Carbo-P018,1.0086283878610585
LOGISTIC|EMAX|JENKS,CARBO,Carbo-P019,0.99535995631708829
LOGISTIC|EMAX|JENKS,CARBO,Carbo-P020,0.99951666492111502
LOGISTIC|EMAX|JENKS,CARBO,Carbo-P021,1.0033838861001361
LOGISTIC|EMAX|JENKS,CARBO,Carbo-P022,0.99535671216752797
LOGISTIC|EMAX|JENKS,CARBO,Carbo-P023,0.95474050468683014
LOGISTIC|EMAX|JENKS,CARBO,Carbo-P024,1.004848801969886
LOGISTIC|EMAX|JENKS,CARBO_A,CarboA-P001,0.99229975000000015
LOGISTIC|EMAX|JENKS,CARBO_A,CarboA-P002,1.0144020336282438
LOGISTIC|EMAX|JENKS,CARBO_A,CarboA-P003,0.93534420179651079
LOGISTIC|EMAX|JENKS,CARBO_A,CarboA-P004,0.60125040960156184
LOGISTIC|EMAX|JENKS,CARBO_A,CarboA-P005,0.99881071208751038
LOGISTIC|EMAX|JENKS,CARBO_A,CarboA-P006,0.99932993836452111
LOGISTIC|EMAX|JENKS,CARBO_A,CarboA-P007,0.99934177777885902
LOGISTIC|EMAX|JENKS,CARBO_A,CarboA-P008,0.99657890832690499
LOGISTIC|EMAX|JENKS,CARBO_A,CarboA-P009,0.99391665355301484
LOGISTIC|EMAX|JENKS,CARBO_A,CarboA-P010,0.94197133374317221
LOGISTIC|EMAX|JENKS,CARBO_A,CarboA-P011,0.99740163314584152
LOGISTIC|EMAX|JENKS,CARBO_A,CarboA-P012,0.9855023865943906
LOGISTIC|EMAX|JENKS,CARBO_A,CarboA-P013,0.89864587428803588
LOGISTIC|EMAX|JENKS,CDDP,CDDP-P001,0.98400155093716524
LOGISTIC|EMAX|JENKS,CDDP,CDDP-P002,1.0003368468533642
LOGISTIC|EMAX|JENKS,CDDP,CDDP-P003,1.0028697341922495
LOGISTIC|EMAX|JENKS,CDDP,CDDP-P004,0.58195991558677074
LOGISTIC|EMAX|JENKS,CDDP,CDDP-P005,0.99835611785671319
LOGISTIC|EMAX|JENKS,CDDP,CDDP-P006,0.98215949998063534
LOGISTIC|EMAX|JENKS,CDDP,CDDP-P007,1.006736785655562
LOGISTIC|EMAX|JENKS,CDDP,CDDP-P008,0.87014370359020177
LOGISTIC|EMAX|JENKS,CDDP,CDDP-P009,0.99467135396348549
LOGISTIC|EMAX|JENKS,CDDP,CDDP-P010,0.8687087529128803
LOGISTIC|EMAX|JENKS,CDDP,CDDP-P011,0.98660888913127565
LOGISTIC|EMAX|JENKS,CDDP,CDDP-P012,0.96765017681507348
LOGISTIC|EMAX|JENKS,CDDP,CDDP-P013,0.91811325422730761
LOGISTIC|EMAX|JENKS,CDDP,CDDP-P014,0.7567049319635567
LOGISTIC|EMAX|JENKS,CDDP,CDDP-P015,0.8499973682593075
LOGISTIC|EMAX|JENKS,CDDP,CDDP-P016,0.99533856573235968
LOGISTIC|EMAX|JENKS,CDDP,CDDP-P017,0.94775107484186094
LOGISTIC|EMAX|JENKS,CDDP,CDDP-P018,0.98814418602228216
LOGISTIC|EMAX|JENKS,CDDP_A,CDDPA-P001,0.98217449177514027
LOGISTIC|EMAX|JENKS,CDDP_A,CDDPA-P002,0.79188175147706663
LOGISTIC|EMAX|JENKS,CDDP_A,CDDPA-P003,0.98797466666666645
LOGISTIC|EMAX|JENKS,CDDP_A,CDDPA-P004,0.99263401496682491
LOGISTIC|EMAX|JENKS,CDDP_A,CDDPA-P005,0.9952160545643256
LOGISTIC|EMAX|JENKS,CDDP_A,CDDPA-P006,0.99146358399743251
LOGISTIC|EMAX|JENKS,CDDP_A,CDDPA-P007,0.93511216326692193
LOGISTIC|EMAX|JENKS,CDDP_A,CDDPA-P008,0.73258076148743656
LOGISTIC|EMAX|JENKS,CDDP_A,CDDPA-P009,0.98238026785440979
LOGISTIC|EMAX|JENKS,CDDP_A,CDDPA-P010,0.42585713595462948
LOGISTIC|EMAX|JENKS,CDDP_A,CDDPA-P011,0.88182634761619738
LOGISTIC|EMAX|JENKS,CDDP_A,CDDPA-P012,0.96525814283199907
LOGISTIC|EMAX|JENKS,CDDP_A,CDDPA-P013,0.98518261910481897
LOGISTIC|EMAX|JENKS,CDDP_A,CDDPA-P014,0.79635617328381159
LOGISTIC|EMAX|JENKS,CDDP_A,CDDPA-P015,0.94568667843992671
LOGISTIC|EMAX|JENKS,CDDP_A,CDDPA-P016,0.99936183333843087
LOGISTIC|EMAX|JENKS,CDDP_A,CDDPA-P017,0.55988205451057071
LOGISTIC|EMAX|JENKS,CDDP_A,CDDPA-P018,0.95334376360233364
LOGISTIC|EMAX|JENKS,ETO,ETO-P001,0.23438555602922406
LOGISTIC|EMAX|JENKS,ETO,ETO-P002,0.56410597986473476
LOGISTIC|EMAX|JENKS,ETO,ETO-P003,0.24597432340413186
LOGISTIC|EMAX|JENKS,ETO,ETO-P004,0.889077384051983
LOGISTIC|EMAX|JENKS,ETO,ETO-P005,0.98147067568015833
LOGISTIC|EMAX|JENKS,ETO,ETO-P006,0.90908984651218816
LOGISTIC|EMAX|JENKS,ETO,ETO-P007,0.99859799999999455
LOGISTIC|EMAX|JENKS,ETO,ETO-P008,0.10427358940669203
LOGISTIC|EMAX|JENKS,ETO,ETO-P009,0.47670414780174042
LOGISTIC|EMAX|JENKS,ETO,ETO-P010,0.36617569230769237
LOGISTIC|EMAX|JENKS,ETO,ETO-P011,0.28982500003934775
LOGISTIC|EMAX|JENKS,ETO,ETO-P012,0.73943801415623511
LOGISTIC|EMAX|JENKS,ETO,ETO-P013,0.087358427243754366
LOGISTIC|EMAX|JENKS,ETO,ETO-P014,0.242480043810894
LOGISTIC|EMAX|JENKS,ETO,ETO-P015,0.58693905564413917
LOGISTIC|EMAX|JENKS,ETO,ETO-P016,0.41645140404332115
LOGISTIC|EMAX|JENKS,ETO,ETO-P017,0.2715165704865567
LOGISTIC|EMAX|JENKS,ETO,ETO-P018,0.50988142144944959
LOGISTIC|EMAX|KMEANS,5FU,5FU-P001,0.79082724541694915
LOGISTIC|EMAX|KMEANS,5FU,5FU-P002,0.99014513218457978
LOGISTIC|EMAX|KMEANS,5FU,5FU-P003,0.90767723798478528
LOGISTIC|EMAX|KMEANS,5FU,5FU-P004,0.6373761115992238
LOGISTIC|EMAX|KMEANS,5FU,5FU-P005,0.83093152601691145
LOGISTIC|EMAX|KMEANS,5FU,5FU-P006,0.81062380474941165
LOGISTIC|EMAX|KMEANS,5FU,5FU-P007,0.77951457417520942
LOGISTIC|EMAX|KMEANS,5FU,5FU-P008,0.7878380533870768
LOGISTIC|EMAX|KMEANS,5FU,5FU-P009,0.95821324889539028
LOGISTIC|EMAX|KMEANS,5FU,5FU-P010,0.97006966208481882
LOGISTIC|EMAX|KMEANS,5FU,5FU-P011,0.89069129175845774
LOGISTIC|EMAX|KMEANS,5FU,5FU-P012,0.1854771250026695
LOGISTIC|EMAX|KMEANS,5FU,5FU-P013,0.76141338169054507
LOGISTIC|EMAX|KMEANS,5FU,5FU-P014,0.97496851106538351
LOGISTIC|EMAX|KMEANS,5FU,5FU-P015,0.90409493223023674
LOGISTIC|EMAX|KMEANS,5FU,5FU-P016,0.995977
LOGISTIC|EMAX|KMEANS,5FU,5FU-P017,0.98714586059531939
LOGISTIC|EMAX|KMEANS,5FU,5FU-P018,0.99353921355506936
LOGISTIC|EMAX|KMEANS,5FU,5FU-P019,0.96658547956417351
LOGISTIC|EMAX|KMEANS,5FU,5FU-P020,0.97918412854710368
LOGISTIC|EMAX|KMEANS,5FU,5FU-P021,0.96646253566018459
LOGISTIC|EMAX|KMEANS,5FU,5FU-P022,0.95227397444432427
LOGISTIC|EMAX|KMEANS,CARBO,Carbo-P001,0.98569717265331747
LOGISTIC|EMAX|KMEANS,CARBO,Carbo-P002,1.0013683731396754
LOGISTIC|EMAX|KMEANS,CARBO,Carbo-P003,1.0043068126738035
LOGISTIC|EMAX|KMEANS,CARBO,Carbo-P004,0.98299806576259241
LOGISTIC|EMAX|KMEANS,CARBO,Carbo-P005,1.0040919282481546
LOGISTIC|EMAX|KMEANS,CARBO,Carbo-P006,1.0050303753922127
LOGISTIC|EMAX|KMEANS,CARBO,Carbo-P007,0.99489042199313249
LOGISTIC|EMAX|KMEANS,CARBO,Carbo-P008,0.96161786037644992
LOGISTIC|EMAX|KMEANS,CARBO,Carbo-P009,0.94704977777777755
LOGISTIC|EMAX|KMEANS,CARBO,Carbo-P010,0.97302829040359029
LOGISTIC|EMAX|KMEANS,CARBO,Carbo-P011,1.0045226176451556
LOGISTIC|EMAX|KMEANS,CARBO,Carbo-P012,0.96147499783156187
LOGISTIC|EMAX|KMEANS,CARBO,Carbo-P013,0.988537
LOGISTIC|EMAX|KMEANS,CARBO,Carbo-P014,1.0140521185072713
LOGISTIC|EMAX|KMEANS,CARBO,Carbo-P015,0.93827091891512282
LOGISTIC|EMAX|KMEANS,CARBO,Carbo-P016,0.99829219957071191
LOGISTIC|EMAX|KMEANS,CARBO,Carbo-P017,0.77670885689758506
LOGISTIC|EMAX|KMEANS,CARBO,Carbo-P018,1.0086283878610585
LOGISTIC|EMAX|KMEANS,CARBO,Carbo-P019,0.99535995631708829
LOGISTIC|EMAX|KMEANS,CARBO,Carbo-P020,0.99951666492111502
LOGISTIC|EMAX|KMEANS,CARBO,Carbo-P021,1.0033838861001361
LOGISTIC|EMAX|KMEANS,CARBO,Carbo-P022,0.99535671216752797
LOGISTIC|EMAX|KMEANS,CARBO,Carbo-P023,0.95474050468683014
LOGISTIC|EMAX|KMEANS,CARBO,Carbo-P024,1.004848801969886
LOGISTIC|EMAX|KMEANS,CARBO_A,CarboA-P001,0.99229975000000015
LOGISTIC|EMAX|KMEANS,CARBO_A,CarboA-P002,1.0144020336282438
LOGISTIC|EMAX|KMEANS,CARBO_A,CarboA-P003,0.93534420179651079
LOGISTIC|EMAX|KMEANS,CARBO_A,CarboA-P004,0.60125040960156184
LOGISTIC|EMAX|KMEANS,CARBO_A,CarboA-P005,0.99881071208751038
LOGISTIC|EMAX|KMEANS,CARBO_A,CarboA-P006,0.99932993836452111
LOGISTIC|EMAX|KMEANS,CARBO_A,CarboA-P007,0.99934177777885902
LOGISTIC|EMAX|KMEANS,CARBO_A,CarboA-P008,0.99657890832690499
LOGISTIC|EMAX|KMEANS,CARBO_A,CarboA-P009,0.99391665355301484
LOGISTIC|EMAX|KMEANS,CARBO_A,CarboA-P010,0.94197133374317221
LOGISTIC|EMAX|KMEANS,CARBO_A,CarboA-P011,0.99740163314584152
LOGISTIC|EMAX|KMEANS,CARBO_A,CarboA-P012,0.9855023865943906
LOGISTIC|EMAX|KMEANS,CARBO_A,CarboA-P013,0.89864587428803588
LOGISTIC|EMAX|KMEANS,CDDP,CDDP-P001,0.98400155093716524
LOGISTIC|EMAX|KMEANS,CDDP,CDDP-P002,1.0003368468533642
LOGISTIC|EMAX|KMEANS,CDDP,CDDP-P003,1.0028697341922495
LOGISTIC|EMAX|KMEANS,CDDP,CDDP-P004,0.58195991558677074
LOGISTIC|EMAX|KMEANS,CDDP,CDDP-P005,0.99835611785671319
LOGISTIC|EMAX|KMEANS,CDDP,CDDP-P006,0.98215949998063534
LOGISTIC|EMAX|KMEANS,CDDP,CDDP-P007,1.006736785655562
LOGISTIC|EMAX|KMEANS,CDDP,CDDP-P008,0.87014370359020177
LOGISTIC|EMAX|KMEANS,CDDP,CDDP-P009,0.99467135396348549
LOGISTIC|EMAX|KMEANS,CDDP,CDDP-P010,0.8687087529128803
LOGISTIC|EMAX|KMEANS,CDDP,CDDP-P011,0.98660888913127565
LOGISTIC|EMAX|KMEANS,CDDP,CDDP-P012,0.96765017681507348
LOGISTIC|EMAX|KMEANS,CDDP,CDDP-P013,0.91811325422730761
LOGISTIC|EMAX|KMEANS,CDDP,CDDP-P014,0.7567049319635567
LOGISTIC|EMAX|KMEANS,CDDP,CDDP-P015,0.8499973682593075
LOGISTIC|EMAX|KMEANS,CDDP,CDDP-P016,0.99533856573235968
LOGISTIC|EMAX|KMEANS,CDDP,CDDP-P017,0.94775107484186094
LOGISTIC|EMAX|KMEANS,CDDP,CDDP-P018,0.98814418602228216
LOGISTIC|EMAX|KMEANS,CDDP_A,CDDPA-P001,0.98217449177514027
LOGISTIC|EMAX|KMEANS,CDDP_A,CDDPA-P002,0.79188175147706663
LOGISTIC|EMAX|KMEANS,CDDP_A,CDDPA-P003,0.98797466666666645
LOGISTIC|EMAX|KMEANS,CDDP_A,CDDPA-P004,0.99263401496682491
LOGISTIC|EMAX|KMEANS,CDDP_A,CDDPA-P005,0.9952160545643256
LOGISTIC|EMAX|KMEANS,CDDP_A,CDDPA-P006,0.99146358399743251
LOGISTIC|EMAX|KMEANS,CDDP_A,CDDPA-P007,0.93511216326692193
LOGISTIC|EMAX|KMEANS,CDDP_A,CDDPA-P008,0.73258076148743656
LOGISTIC|EMAX|KMEANS,CDDP_A,CDDPA-P009,0.98238026785440979
LOGISTIC|EMAX|KMEANS,CDDP_A,CDDPA-P010,0.42585713595462948
LOGISTIC|EMAX|KMEANS,CDDP_A,CDDPA-P011,0.88182634761619738
LOGISTIC|EMAX|KMEANS,CDDP_A,CDDPA-P012,0.96525814283199907
LOGISTIC|EMAX|KMEANS,CDDP_A,CDDPA-P013,0.98518261910481897
LOGISTIC|EMAX|KMEANS,CDDP_A,CDDPA-P014,0.79635617328381159
LOGISTIC|EMAX|KMEANS,CDDP_A,CDDPA-P015,0.94568667843992671
LOGISTIC|EMAX|KMEANS,CDDP_A,CDDPA-P016,0.99936183333843087
LOGISTIC|EMAX|KMEANS,CDDP_A,CDDPA-P017,0.55988205451057071
LOGISTIC|EMAX|KMEANS,CDDP_A,CDDPA-P018,0.95334376360233364
LOGISTIC|EMAX|KMEANS,ETO,ETO-P001,0.23438555602922406
LOGISTIC|EMAX|KMEANS,ETO,ETO-P002,0.56410597986473476
LOGISTIC|EMAX|KMEANS,ETO,ETO-P003,0.24597432340413186
LOGISTIC|EMAX|KMEANS,ETO,ETO-P004,0.889077384051983
LOGISTIC|EMAX|KMEANS,ETO,ETO-P005,0.98147067568015833
LOGISTIC|EMAX|KMEANS,ETO,ETO-P006,0.90908984651218816
LOGISTIC|EMAX|KMEANS,ETO,ETO-P007,0.99859799999999455
LOGISTIC|EMAX|KMEANS,ETO,ETO-P008,0.10427358940669203
LOGISTIC|EMAX|KMEANS,ETO,ETO-P009,0.47670414780174042
LOGISTIC|EMAX|KMEANS,ETO,ETO-P010,0.36617569230769237
LOGISTIC|EMAX|KMEANS,ETO,ETO-P011,0.28982500003934775
LOGISTIC|EMAX|KMEANS,ETO,ETO-P012,0.73943801415623511
LOGISTIC|EMAX|KMEANS,ETO,ETO-P013,0.087358427243754366
LOGISTIC|EMAX|KMEANS,ETO,ETO-P014,0.242480043810894
LOGISTIC|EMAX|KMEANS,ETO,ETO-P015,0.58693905564413917
LOGISTIC|EMAX|KMEANS,ETO,ETO-P016,0.41645140404332115
LOGISTIC|EMAX|KMEANS,ETO,ETO-P017,0.2715165704865567
LOGISTIC|EMAX|KMEANS,ETO,ETO-P018,0.50988142144944959
LOGISTIC|EMAX|WARD,5FU,5FU-P001,0.79082724541694915
LOGISTIC|EMAX|WARD,5FU,5FU-P002,0.99014513218457978
LOGISTIC|EMAX|WARD,5FU,5FU-P003,0.90767723798478528
LOGISTIC|EMAX|WARD,5FU,5FU-P004,0.6373761115992238
LOGISTIC|EMAX|WARD,5FU,5FU-P005,0.83093152601691145
LOGISTIC|EMAX|WARD,5FU,5FU-P006,0.81062380474941165
LOGISTIC|EMAX|WARD,5FU,5FU-P007,0.77951457417520942
LOGISTIC|EMAX|WARD,5FU,5FU-P008,0.7878380533870768
LOGISTIC|EMAX|WARD,5FU,5FU-P009,0.95821324889539028
LOGISTIC|EMAX|WARD,5FU,5FU-P010,0.97006966208481882
LOGISTIC|EMAX|WARD,5FU,5FU-P011,0.89069129175845774
LOGISTIC|EMAX|WARD,5FU,5FU-P012,0.1854771250026695
LOGISTIC|EMAX|WARD,5FU,5FU-P013,0.76141338169054507
LOGISTIC|EMAX|WARD,5FU,5FU-P014,0.97496851106538351
LOGISTIC|EMAX|WARD,5FU,5FU-P015,0.90409493223023674
LOGISTIC|EMAX|WARD,5FU,5FU-P016,0.995977
LOGISTIC|EMAX|WARD,5FU,5FU-P017,0.98714586059531939
LOGISTIC|EMAX|WARD,5FU,5FU-P018,0.99353921355506936
LOGISTIC|EMAX|WARD,5FU,5FU-P019,0.96658547956417351
LOGISTIC|EMAX|WARD,5FU,5FU-P020,0.97918412854710368
LOGISTIC|EMAX|WARD,5FU,5FU-P021,0.96646253566018459
LOGISTIC|EMAX|WARD,5FU,5FU-P022,0.95227397444432427
LOGISTIC|EMAX|WARD,CARBO,Carbo-P001,0.98569717265331747
LOGISTIC|EMAX|WARD,CARBO,Carbo-P002,1.0013683731396754
LOGISTIC|EMAX|WARD,CARBO,Carbo-P003,1.0043068126738035
LOGISTIC|EMAX|WARD,CARBO,Carbo-P004,0.98299806576259241
LOGISTIC|EMAX|WARD,CARBO,Carbo-P005,1.0040919282481546
LOGISTIC|EMAX|WARD,CARBO,Carbo-P006,1.0050303753922127
LOGISTIC|EMAX|WARD,CARBO,Carbo-P007,0.99489042199313249
LOGISTIC|EMAX|WARD,CARBO,Carbo-P008,0.96161786037644992
LOGISTIC|EMAX|WARD,CARBO,Carbo-P009,0.94704977777777755
LOGISTIC|EMAX|WARD,CARBO,Carbo-P010,0.97302829040359029
LOGISTIC|EMAX|WARD,CARBO,Carbo-P011,1.0045226176451556
LOGISTIC|EMAX|WARD,CARBO,Carbo-P012,0.96147499783156187
LOGISTIC|EMAX|WARD,CARBO,Carbo-P013,0.988537
LOGISTIC|EMAX|WARD,CARBO,Carbo-P014,1.0140521185072713
LOGISTIC|EMAX|WARD,CARBO,Carbo-P015,0.93827091891512282
LOGISTIC|EMAX|WARD,CARBO,Carbo-P016,0.99829219957071191
LOGISTIC|EMAX|WARD,CARBO,Carbo-P017,0.77670885689758506
LOGISTIC|EMAX|WARD,CARBO,Carbo-P018,1.0086283878610585
LOGISTIC|EMAX|WARD,CARBO,Carbo-P019,0.99535995631708829
LOGISTIC|EMAX|WARD,CARBO,Carbo-P020,0.99951666492111502
LOGISTIC|EMAX|WARD,CARBO,Carbo-P021,1.0033838861001361
LOGISTIC|EMAX|WARD,CARBO,Carbo-P022,0.99535671216752797
LOGISTIC|EMAX|WARD,CARBO,Carbo-P023,0.95474050468683014
LOGISTIC|EMAX|WARD,CARBO,Carbo-P024,1.004848801969886
LOGISTIC|EMAX|WARD,CARBO_A,CarboA-P001,0.99229975000000015
LOGISTIC|EMAX|WARD,CARBO_A,CarboA-P002,1.0144020336282438
LOGISTIC|EMAX|WARD,CARBO_A,CarboA-P003,0.93534420179651079
LOGISTIC|EMAX|WARD,CARBO_A,CarboA-P004,0.60125040960156184
LOGISTIC|EMAX|WARD,CARBO_A,CarboA-P005,0.99881071208751038
LOGISTIC|EMAX|WARD,CARBO_A,CarboA-P006,0.99932993836452111
LOGISTIC|EMAX|WARD,CARBO_A,CarboA-P007,0.99934177777885902
LOGISTIC|EMAX|WARD,CARBO_A,CarboA-P008,0.99657890832690499
LOGISTIC|EMAX|WARD,CARBO_A,CarboA-P009,0.99391665355301484
LOGISTIC|EMAX|WARD,CARBO_A,CarboA-P010,0.94197133374317221
LOGISTIC|EMAX|WARD,CARBO_A,CarboA-P011,0.99740163314584152
LOGISTIC|EMAX|WARD,CARBO_A,CarboA-P012,0.9855023865943906
LOGISTIC|EMAX|WARD,CARBO_A,CarboA-P013,0.89864587428803588
LOGISTIC|EMAX|WARD,CDDP,CDDP-P001,0.98400155093716524
LOGISTIC|EMAX|WARD,CDDP,CDDP-P002,1.0003368468533642
LOGISTIC|EMAX|WARD,CDDP,CDDP-P003,1.0028697341922495
LOGISTIC|EMAX|WARD,CDDP,CDDP-P004,0.58195991558677074
LOGISTIC|EMAX|WARD,CDDP,CDDP-P005,0.99835611785671319
LOGISTIC|EMAX|WARD,CDDP,CDDP-P006,0.98215949998063534
LOGISTIC|EMAX|WARD,CDDP,CDDP-P007,1.006736785655562
LOGISTIC|EMAX|WARD,CDDP,CDDP-P008,0.87014370359020177
LOGISTIC|EMAX|WARD,CDDP,CDDP-P009,0.99467135396348549
LOGISTIC|EMAX|WARD,CDDP,CDDP-P010,0.8687087529128803
LOGISTIC|EMAX|WARD,CDDP,CDDP-P011,0.98660888913127565
LOGISTIC|EMAX|WARD,CDDP,CDDP-P012,0.96765017681507348
LOGISTIC|EMAX|WARD,CDDP,CDDP-P013,0.91811325422730761
LOGISTIC|EMAX|WARD,CDDP,CDDP-P014,0.7567049319635567
LOGISTIC|EMAX|WARD,CDDP,CDDP-P015,0.8499973682593075
LOGISTIC|EMAX|WARD,CDDP,CDDP-P016,0.99533856573235968
LOGISTIC|EMAX|WARD,CDDP,CDDP-P017,0.94775107484186094
LOGISTIC|EMAX|WARD,CDDP,CDDP-P018,0.98814418602228216
LOGISTIC|EMAX|WARD,CDDP_A,CDDPA-P001,0.98217449177514027
LOGISTIC|EMAX|WARD,CDDP_A,CDDPA-P002,0.79188175147706663
LOGISTIC|EMAX|WARD,CDDP_A,CDDPA-P003,0.98797466666666645
LOGISTIC|EMAX|WARD,CDDP_A,CDDPA-P004,0.99263401496682491
LOGISTIC|EMAX|WARD,CDDP_A,CDDPA-P005,0.9952160545643256
LOGISTIC|EMAX|WARD,CDDP_A,CDDPA-P006,0.99146358399743251
LOGISTIC|EMAX|WARD,CDDP_A,CDDPA-P007,0.93511216326692193
LOGISTIC|EMAX|WARD,CDDP_A,CDDPA-P008,0.73258076148743656
LOGISTIC|EMAX|WARD,CDDP_A,CDDPA-P009,0.98238026785440979
LOGISTIC|EMAX|WARD,CDDP_A,CDDPA-P010,0.42585713595462948
LOGISTIC|EMAX|WARD,CDDP_A,CDDPA-P011,0.88182634761619738
LOGISTIC|EMAX|WARD,CDDP_A,CDDPA-P012,0.96525814283199907
LOGISTIC|EMAX|WARD,CDDP_A,CDDPA-P013,0.98518261910481897
LOGISTIC|EMAX|WARD,CDDP_A,CDDPA-P014,0.79635617328381159
LOGISTIC|EMAX|WARD,CDDP_A,CDDPA-P015,0.94568667843992671
LOGISTIC|EMAX|WARD,CDDP_A,CDDPA-P016,0.99936183333843087
LOGISTIC|EMAX|WARD,CDDP_A,CDDPA-P017,0.55988205451057071
LOGISTIC|EMAX|WARD,CDDP_A,CDDPA-P018,0.95334376360233364
LOGISTIC|EMAX|WARD,ETO,ETO-P001,0.23438555602922406
LOGISTIC|EMAX|WARD,ETO,ETO-P002,0.56410597986473476
LOGISTIC|EMAX|WARD,ETO,ETO-P003,0.24597432340413186
LOGISTIC|EMAX|WARD,ETO,ETO-P004,0.889077384051983
LOGISTIC|EMAX|WARD,ETO,ETO-P005,0.98147067568015833
LOGISTIC|EMAX|WARD,ETO,ETO-P006,0.90908984651218816
LOGISTIC|EMAX|WARD,ETO,ETO-P007,0.99859799999999455
LOGISTIC|EMAX|WARD,ETO,ETO-P008,0.10427358940669203
LOGISTIC|EMAX|WARD,ETO,ETO-P009,0.47670414780174042
LOGISTIC|EMAX|WARD,ETO,ETO-P010,0.36617569230769237
LOGISTIC|EMAX|WARD,ETO,ETO-P011,0.28982500003934775
LOGISTIC|EMAX|WARD,ETO,ETO-P012,0.73943801415623511
LOGISTIC|EMAX|WARD,ETO,ETO-P013,0.087358427243754366
LOGISTIC|EMAX|WARD,ETO,ETO-P014,0.242480043810894
LOGISTIC|EMAX|WARD,ETO,ETO-P015,0.58693905564413917
LOGISTIC|EMAX|WARD,ETO,ETO-P016,0.41645140404332115
LOGISTIC|EMAX|WARD,ETO,ETO-P017,0.2715165704865567
LOGISTIC|EMAX|WARD,ETO,ETO-P018,0.50988142144944959
LOGISTIC|EMAX|TIED_GMM,5FU,5FU-P001,0.79082724541694915
LOGISTIC|EMAX|TIED_GMM,5FU,5FU-P002,0.99014513218457978
LOGISTIC|EMAX|TIED_GMM,5FU,5FU-P003,0.90767723798478528
LOGISTIC|EMAX|TIED_GMM,5FU,5FU-P004,0.6373761115992238
LOGISTIC|EMAX|TIED_GMM,5FU,5FU-P005,0.83093152601691145
LOGISTIC|EMAX|TIED_GMM,5FU,5FU-P006,0.81062380474941165
LOGISTIC|EMAX|TIED_GMM,5FU,5FU-P007,0.77951457417520942
LOGISTIC|EMAX|TIED_GMM,5FU,5FU-P008,0.7878380533870768
LOGISTIC|EMAX|TIED_GMM,5FU,5FU-P009,0.95821324889539028
LOGISTIC|EMAX|TIED_GMM,5FU,5FU-P010,0.97006966208481882
LOGISTIC|EMAX|TIED_GMM,5FU,5FU-P011,0.89069129175845774
LOGISTIC|EMAX|TIED_GMM,5FU,5FU-P012,0.1854771250026695
LOGISTIC|EMAX|TIED_GMM,5FU,5FU-P013,0.76141338169054507
LOGISTIC|EMAX|TIED_GMM,5FU,5FU-P014,0.97496851106538351
LOGISTIC|EMAX|TIED_GMM,5FU,5FU-P015,0.90409493223023674
LOGISTIC|EMAX|TIED_GMM,5FU,5FU-P016,0.995977
LOGISTIC|EMAX|TIED_GMM,5FU,5FU-P017,0.98714586059531939
LOGISTIC|EMAX|TIED_GMM,5FU,5FU-P018,0.99353921355506936
LOGISTIC|EMAX|TIED_GMM,5FU,5FU-P019,0.96658547956417351
LOGISTIC|EMAX|TIED_GMM,5FU,5FU-P020,0.97918412854710368
LOGISTIC|EMAX|TIED_GMM,5FU,5FU-P021,0.96646253566018459
LOGISTIC|EMAX|TIED_GMM,5FU,5FU-P022,0.95227397444432427
LOGISTIC|EMAX|TIED_GMM,CARBO,Carbo-P001,0.98569717265331747
LOGISTIC|EMAX|TIED_GMM,CARBO,Carbo-P002,1.0013683731396754
LOGISTIC|EMAX|TIED_GMM,CARBO,Carbo-P003,1.0043068126738035
LOGISTIC|EMAX|TIED_GMM,CARBO,Carbo-P004,0.98299806576259241
LOGISTIC|EMAX|TIED_GMM,CARBO,Carbo-P005,1.0040919282481546
LOGISTIC|EMAX|TIED_GMM,CARBO,Carbo-P006,1.0050303753922127
LOGISTIC|EMAX|TIED_GMM,CARBO,Carbo-P007,0.99489042199313249
LOGISTIC|EMAX|TIED_GMM,CARBO,Carbo-P008,0.96161786037644992
LOGISTIC|EMAX|TIED_GMM,CARBO,Carbo-P009,0.94704977777777755
LOGISTIC|EMAX|TIED_GMM,CARBO,Carbo-P010,0.97302829040359029
LOGISTIC|EMAX|TIED_GMM,CARBO,Carbo-P011,1.0045226176451556
LOGISTIC|EMAX|TIED_GMM,CARBO,Carbo-P012,0.96147499783156187
LOGISTIC|EMAX|TIED_GMM,CARBO,Carbo-P013,0.988537
LOGISTIC|EMAX|TIED_GMM,CARBO,Carbo-P014,1.0140521185072713
LOGISTIC|EMAX|TIED_GMM,CARBO,Carbo-P015,0.93827091891512282
LOGISTIC|EMAX|TIED_GMM,CARBO,Carbo-P016,0.99829219957071191
LOGISTIC|EMAX|TIED_GMM,CARBO,Carbo-P017,0.77670885689758506
LOGISTIC|EMAX|TIED_GMM,CARBO,Carbo-P018,1.0086283878610585
LOGISTIC|EMAX|TIED_GMM,CARBO,Carbo-P019,0.99535995631708829
LOGISTIC|EMAX|TIED_GMM,CARBO,Carbo-P020,0.99951666492111502
LOGISTIC|EMAX|TIED_GMM,CARBO,Carbo-P021,1.0033838861001361
LOGISTIC|EMAX|TIED_GMM,CARBO,Carbo-P022,0.99535671216752797
LOGISTIC|EMAX|TIED_GMM,CARBO,Carbo-P023,0.95474050468683014
LOGISTIC|EMAX|TIED_GMM,CARBO,Carbo-P024,1.004848801969886
LOGISTIC|EMAX|TIED_GMM,CARBO_A,CarboA-P001,0.99229975000000015
LOGISTIC|EMAX|TIED_GMM,CARBO_A,CarboA-P002,1.0144020336282438
LOGISTIC|EMAX|TIED_GMM,CARBO_A,CarboA-P003,0.93534420179651079
LOGISTIC|EMAX|TIED_GMM,CARBO_A,CarboA-P004,0.60125040960156184
LOGISTIC|EMAX|TIED_GMM,CARBO_A,CarboA-P005,0.99881071208751038
LOGISTIC|EMAX|TIED_GMM,CARBO_A,CarboA-P006,0.99932993836452111
LOGISTIC|EMAX|TIED_GMM,CARBO_A,CarboA-P007,0.99934177777885902
LOGISTIC|EMAX|TIED_GMM,CARBO_A,CarboA-P008,0.99657890832690499
LOGISTIC|EMAX|TIED_GMM,CARBO_A,CarboA-P009,0.99391665355301484
LOGISTIC|EMAX|TIED_GMM,CARBO_A,CarboA-P010,0.94197133374317221
LOGISTIC|EMAX|TIED_GMM,CARBO_A,CarboA-P011,0.99740163314584152
LOGISTIC|EMAX|TIED_GMM,CARBO_A,CarboA-P012,0.9855023865943906
LOGISTIC|EMAX|TIED_GMM,CARBO_A,CarboA-P013,0.89864587428803588
LOGISTIC|EMAX|TIED_GMM,CDDP,CDDP-P001,0.98400155093716524
LOGISTIC|EMAX|TIED_GMM,CDDP,CDDP-P002,1.0003368468533642
LOGISTIC|EMAX|TIED_GMM,CDDP,CDDP-P003,1.0028697341922495
LOGISTIC|EMAX|TIED_GMM,CDDP,CDDP-P004,0.58195991558677074
LOGISTIC|EMAX|TIED_GMM,CDDP,CDDP-P005,0.99835611785671319
LOGISTIC|EMAX|TIED_GMM,CDDP,CDDP-P006,0.98215949998063534
LOGISTIC|EMAX|TIED_GMM,CDDP,CDDP-P007,1.006736785655562
LOGISTIC|EMAX|TIED_GMM,CDDP,CDDP-P008,0.87014370359020177
LOGISTIC|EMAX|TIED_GMM,CDDP,CDDP-P009,0.99467135396348549
LOGISTIC|EMAX|TIED_GMM,CDDP,CDDP-P010,0.8687087529128803
LOGISTIC|EMAX|TIED_GMM,CDDP,CDDP-P011,0.98660888913127565
LOGISTIC|EMAX|TIED_GMM,CDDP,CDDP-P012,0.96765017681507348
LOGISTIC|EMAX|TIED_GMM,CDDP,CDDP-P013,0.91811325422730761
LOGISTIC|EMAX|TIED_GMM,CDDP,CDDP-P014,0.7567049319635567
LOGISTIC|EMAX|TIED_GMM,CDDP,CDDP-P015,0.8499973682593075
LOGISTIC|EMAX|TIED_GMM,CDDP,CDDP-P016,0.99533856573235968
LOGISTIC|EMAX|TIED_GMM,CDDP,CDDP-P017,0.94775107484186094
LOGISTIC|EMAX|TIED_GMM,CDDP,CDDP-P018,0.98814418602228216
LOGISTIC|EMAX|TIED_GMM,CDDP_A,CDDPA-P001,0.98217449177514027
LOGISTIC|EMAX|TIED_GMM,CDDP_A,CDDPA-P002,0.79188175147706663
LOGISTIC|EMAX|TIED_GMM,CDDP_A,CDDPA-P003,0.98797466666666645
LOGISTIC|EMAX|TIED_GMM,CDDP_A,CDDPA-P004,0.99263401496682491
LOGISTIC|EMAX|TIED_GMM,CDDP_A,CDDPA-P005,0.9952160545643256
LOGISTIC|EMAX|TIED_GMM,CDDP_A,CDDPA-P006,0.99146358399743251
LOGISTIC|EMAX|TIED_GMM,CDDP_A,CDDPA-P007,0.93511216326692193
LOGISTIC|EMAX|TIED_GMM,CDDP_A,CDDPA-P008,0.73258076148743656
LOGISTIC|EMAX|TIED_GMM,CDDP_A,CDDPA-P009,0.98238026785440979
LOGISTIC|EMAX|TIED_GMM,CDDP_A,CDDPA-P010,0.42585713595462948
LOGISTIC|EMAX|TIED_GMM,CDDP_A,CDDPA-P011,0.88182634761619738
LOGISTIC|EMAX|TIED_GMM,CDDP_A,CDDPA-P012,0.96525814283199907
LOGISTIC|EMAX|TIED_GMM,CDDP_A,CDDPA-P013,0.98518261910481897
LOGISTIC|EMAX|TIED_GMM,CDDP_A,CDDPA-P014,0.79635617328381159
LOGISTIC|EMAX|TIED_GMM,CDDP_A,CDDPA-P015,0.94568667843992671
LOGISTIC|EMAX|TIED_GMM,CDDP_A,CDDPA-P016,0.99936183333843087
LOGISTIC|EMAX|TIED_GMM,CDDP_A,CDDPA-P017,0.55988205451057071
LOGISTIC|EMAX|TIED_GMM,CDDP_A,CDDPA-P018,0.95334376360233364
LOGISTIC|EMAX|TIED_GMM,ETO,ETO-P001,0.23438555602922406
LOGISTIC|EMAX|TIED_GMM,ETO,ETO-P002,0.56410597986473476
LOGISTIC|EMAX|TIED_GMM,ETO,ETO-P003,0.24597432340413186
LOGISTIC|EMAX|TIED_GMM,ETO,ETO-P004,0.889077384051983
LOGISTIC|EMAX|TIED_GMM,ETO,ETO-P005,0.98147067568015833
LOGISTIC|EMAX|TIED_GMM,ETO,ETO-P006,0.90908984651218816
LOGISTIC|EMAX|TIED_GMM,ETO,ETO-P007,0.99859799999999455
LOGISTIC|EMAX|TIED_GMM,ETO,ETO-P008,0.10427358940669203
LOGISTIC|EMAX|TIED_GMM,ETO,ETO-P009,0.47670414780174042
LOGISTIC|EMAX|TIED_GMM,ETO,ETO-P010,0.36617569230769237
LOGISTIC|EMAX|TIED_GMM,ETO,ETO-P011,0.28982500003934775
LOGISTIC|EMAX|TIED_GMM,ETO,ETO-P012,0.73943801415623511
LOGISTIC|EMAX|TIED_GMM,ETO,ETO-P013,0.087358427243754366
LOGISTIC|EMAX|TIED_GMM,ETO,ETO-P014,0.242480043810894
LOGISTIC|EMAX|TIED_GMM,ETO,ETO-P015,0.58693905564413917
LOGISTIC|EMAX|TIED_GMM,ETO,ETO-P016,0.41645140404332115
LOGISTIC|EMAX|TIED_GMM,ETO,ETO-P017,0.2715165704865567
LOGISTIC|EMAX|TIED_GMM,ETO,ETO-P018,0.50988142144944959
WEIBULL|IC50|TERTILES,5FU,5FU-P001,-1.7385689803797577
WEIBULL|IC50|TERTILES,5FU,5FU-P002,-7.1112972097421023
WEIBULL|IC50|TERTILES,5FU,5FU-P003,-10.32048375442457
WEIBULL|IC50|TERTILES,5FU,5FU-P004,-6.4812253416163337
WEIBULL|IC50|TERTILES,5FU,5FU-P005,-2.7071725553898105
WEIBULL|IC50|TERTILES,5FU,5FU-P006,-9.5652209163326436
WEIBULL|IC50|TERTILES,5FU,5FU-P007,-6.3084098759163529
WEIBULL|IC50|TERTILES,5FU,5FU-P008,-0.8321841901300383
WEIBULL|IC50|TERTILES,5FU,5FU-P009,-3.2690530496312271
WEIBULL|IC50|TERTILES,5FU,5FU-P010,-26.946883512246849
WEIBULL|IC50|TERTILES,5FU,5FU-P011,-28.137698583019422
WEIBULL|IC50|TERTILES,5FU,5FU-P012,
WEIBULL|IC50|TERTILES,5FU,5FU-P013,-49.579723185721562
WEIBULL|IC50|TERTILES,5FU,5FU-P014,-40.353086094780018
WEIBULL|IC50|TERTILES,5FU,5FU-P015,-7.0083598991536507
WEIBULL|IC50|TERTILES,5FU,5FU-P016,-0
WEIBULL|IC50|TERTILES,5FU,5FU-P017,-4.7572046392560061
WEIBULL|IC50|TERTILES,5FU,5FU-P018,-5.049811396152676
WEIBULL|IC50|TERTILES,5FU,5FU-P019,-3.3485633152267269
WEIBULL|IC50|TERTILES,5FU,5FU-P020,-16.584791161948097
WEIBULL|IC50|TERTILES,5FU,5FU-P021,-10.071063170425463
WEIBULL|IC50|TERTILES,5FU,5FU-P022,-2.8514823628379919
WEIBULL|IC50|TERTILES,CARBO,Carbo-P001,-1.397783110222707
WEIBULL|IC50|TERTILES,CARBO,Carbo-P002,-21.057518226967943
WEIBULL|IC50|TERTILES,CARBO,Carbo-P003,-7.3641501782897905
WEIBULL|IC50|TERTILES,CARBO,Carbo-P004,-13.769337778869401
WEIBULL|IC50|TERTILES,CARBO,Carbo-P005,-8.117166924363012
WEIBULL|IC50|TERTILES,CARBO,Carbo-P006,-8.1083264078686614
WEIBULL|IC50|TERTILES,CARBO,Carbo-P007,-5.3288425717399273
WEIBULL|IC50|TERTILES,CARBO,Carbo-P008,-7.7523389179209383
WEIBULL|IC50|TERTILES,CARBO,Carbo-P009,-20.024150305942953
WEIBULL|IC50|TERTILES,CARBO,Carbo-P010,-1.4423540992924686
WEIBULL|IC50|TERTILES,CARBO,Carbo-P011,-13.063159196608439
WEIBULL|IC50|TERTILES,CARBO,Carbo-P012,-8.5443700757676542
WEIBULL|IC50|TERTILES,CARBO,Carbo-P013,-16.40527182658958
WEIBULL|IC50|TERTILES,CARBO,Carbo-P014,-17.123357484643574
WEIBULL|IC50|TERTILES,CARBO,Carbo-P015,-0.099476888787080942
WEIBULL|IC50|TERTILES,CARBO,Carbo-P016,-25.935057413066701
WEIBULL|IC50|TERTILES,CARBO,Carbo-P017,-28.186698913280477
WEIBULL|IC50|TERTILES,CARBO,Carbo-P018,-22.749089530019365
WEIBULL|IC50|TERTILES,CARBO,Carbo-P019,-0.32622628251318897
WEIBULL|IC50|TERTILES,CARBO,Carbo-P020,-0
WEIBULL|IC50|TERTILES,CARBO,Carbo-P021,-34.073472543737687
WEIBULL|IC50|TERTILES,CARBO,Carbo-P022,-12.926018096388942
WEIBULL|IC50|TERTILES,CARBO,Carbo-P023,-13.459568310092653
WEIBULL|IC50|TERTILES,CARBO,Carbo-P024,-8.107908987463027
WEIBULL|IC50|TERTILES,CARBO_A,CarboA-P001,-37.75242848749437
WEIBULL|IC50|TERTILES,CARBO_A,CarboA-P002,-12.494923334854386
WEIBULL|IC50|TERTILES,CARBO_A,CarboA-P003,-0.019579921447578943
WEIBULL|IC50|TERTILES,CARBO_A,CarboA-P004,-99.53401564895978
WEIBULL|IC50|TERTILES,CARBO_A,CarboA-P005,-0
WEIBULL|IC50|TERTILES,CARBO_A,CarboA-P006,-33.838711136782187
WEIBULL|IC50|TERTILES,CARBO_A,CarboA-P007,-5.165960240538749
WEIBULL|IC50|TERTILES,CARBO_A,CarboA-P008,-16.166962445957285
WEIBULL|IC50|TERTILES,CARBO_A,CarboA-P009,-0.49615413981304546
WEIBULL|IC50|TERTILES,CARBO_A,CarboA-P010,-10.730372147591497
WEIBULL|IC50|TERTILES,CARBO_A,CarboA-P011,-5.2262991585281018
WEIBULL|IC50|TERTILES,CARBO_A,CarboA-P012,-3.7969789143820414
WEIBULL|IC50|TERTILES,CARBO_A,CarboA-P013,-9.49671119859714
WEIBULL|IC50|TERTILES,CDDP,CDDP-P001,-2.1031867649025284
WEIBULL|IC50|TERTILES,CDDP,CDDP-P002,-2.9674506757004244
WEIBULL|IC50|TERTILES,CDDP,CDDP-P003,-13.06635022702665
WEIBULL|IC50|TERTILES,CDDP,CDDP-P004,-35.790056923622849
WEIBULL|IC50|TERTILES,CDDP,CDDP-P005,-48.715359733953562
WEIBULL|IC50|TERTILES,CDDP,CDDP-P006,-10.161948793957491
WEIBULL|IC50|TERTILES,CDDP,CDDP-P007,-10.15607120066122
WEIBULL|IC50|TERTILES,CDDP,CDDP-P008,-9.6070047151927689
WEIBULL|IC50|TERTILES,CDDP,CDDP-P009,-16.920035300829973
WEIBULL|IC50|TERTILES,CDDP,CDDP-P010,-24.142751432353652
WEIBULL|IC50|TERTILES,CDDP,CDDP-P011,-40.743332990602717
WEIBULL|IC50|TERTILES,CDDP,CDDP-P012,-4.386712011158437
WEIBULL|IC50|TERTILES,CDDP,CDDP-P013,-1.9671827100186323
WEIBULL|IC50|TERTILES,CDDP,CDDP-P014,-142.97340230060851
WEIBULL|IC50|TERTILES,CDDP,CDDP-P015,-46.923044846710447
WEIBULL|IC50|TERTILES,CDDP,CDDP-P016,-5.4672003660752493
WEIBULL|IC50|TERTILES,CDDP,CDDP-P017,-6.6776634960469012
WEIBULL|IC50|TERTILES,CDDP,CDDP-P018,-6.1278352754870058
WEIBULL|IC50|TERTILES,CDDP_A,CDDPA-P001,-1.4794551595534846
WEIBULL|IC50|TERTILES,CDDP_A,CDDPA-P002,-2.3291025776036869
WEIBULL|IC50|TERTILES,CDDP_A,CDDPA-P003,-24.615535805214588
WEIBULL|IC50|TERTILES,CDDP_A,CDDPA-P004,-1.4330829111379626
WEIBULL|IC50|TERTILES,CDDP_A,CDDPA-P005,-3.349339109402464
WEIBULL|IC50|TERTILES,CDDP_A,CDDPA-P006,-1.2956275344725794
WEIBULL|IC50|TERTILES,CDDP_A,CDDPA-P007,-4.8645499600239575
WEIBULL|IC50|TERTILES,CDDP_A,CDDPA-P008,-49.621655378462371
WEIBULL|IC50|TERTILES,CDDP_A,CDDPA-P009,-0.41611431000911603
WEIBULL|IC50|TERTILES,CDDP_A,CDDPA-P010,-62.241863352652238
WEIBULL|IC50|TERTILES,CDDP_A,CDDPA-P011,-8.0210934036474004
WEIBULL|IC50|TERTILES,CDDP_A,CDDPA-P012,-5.1715843807742967
WEIBULL|IC50|TERTILES,CDDP_A,CDDPA-P013,-0.91759900193234223
WEIBULL|IC50|TERTILES,CDDP_A,CDDPA-P014,-7.0486305987671267
WEIBULL|IC50|TERTILES,CDDP_A,CDDPA-P015,-2.0044248025711266e-06
WEIBULL|IC50|TERTILES,CDDP_A,CDDPA-P016,-0
WEIBULL|IC50|TERTILES,CDDP_A,CDDPA-P017,-38.968823968755991
WEIBULL|IC50|TERTILES,CDDP_A,CDDPA-P018,-4.3075056037737918
WEIBULL|IC50|TERTILES,ETO,ETO-P001,
WEIBULL|IC50|TERTILES,ETO,ETO-P002,-23.583303446360098
WEIBULL|IC50|TERTILES,ETO,ETO-P003,
WEIBULL|IC50|TERTILES,ETO,ETO-P004,-3.2990254716737467e-13
WEIBULL|IC50|TERTILES,ETO,ETO-P005,-236.57238395394484
WEIBULL|IC50|TERTILES,ETO,ETO-P006,-7.2310895793548831
WEIBULL|IC50|TERTILES,ETO,ETO-P007,-2.1093523477114822
WEIBULL|IC50|TERTILES,ETO,ETO-P008,-970.34147780642525
WEIBULL|IC50|TERTILES,ETO,ETO-P009,-274.56249053602909
WEIBULL|IC50|TERTILES,ETO,ETO-P010,
WEIBULL|IC50|TERTILES,ETO,ETO-P011,
WEIBULL|IC50|TERTILES,ETO,ETO-P012,-72.331886664094
WEIBULL|IC50|TERTILES,ETO,ETO-P013,
WEIBULL|IC50|TERTILES,ETO,ETO-P014,
WEIBULL|IC50|TERTILES,ETO,ETO-P015,-12.678753000037768
WEIBULL|IC50|TERTILES,ETO,ETO-P016,
WEIBULL|IC50|TERTILES,ETO,ETO-P017,
WEIBULL|IC50|TERTILES,ETO,ETO-P018,-754.98442025116174
WEIBULL|IC50|JENKS,5FU,5FU-P001,-1.7385689803797577
WEIBULL|IC50|JENKS,5FU,5FU-P002,-7.1112972097421023
WEIBULL|IC50|JENKS,5FU,5FU-P003,-10.32048375442457
WEIBULL|IC50|JENKS,5FU,5FU-P004,-6.4812253416163337
WEIBULL|IC50|JENKS,5FU,5FU-P005,-2.7071725553898105
WEIBULL|IC50|JENKS,5FU,5FU-P006,-9.5652209163326436
WEIBULL|IC50|JENKS,5FU,5FU-P007,-6.3084098759163529
WEIBULL|IC50|JENKS,5FU,5FU-P008,-0.8321841901300383
WEIBULL|IC50|JENKS,5FU,5FU-P009,-3.2690530496312271
WEIBULL|IC50|JENKS,5FU,5FU-P010,-26.946883512246849
WEIBULL|IC50|JENKS,5FU,5FU-P011,-28.137698583019422
WEIBULL|IC50|JENKS,5FU,5FU-P012,
WEIBULL|IC50|JENKS,5FU,5FU-P013,-49.579723185721562
WEIBULL|IC50|JENKS,5FU,5FU-P014,-40.353086094780018
WEIBULL|IC50|JENKS,5FU,5FU-P015,-7.0083598991536507
WEIBULL|IC50|JENKS,5FU,5FU-P016,-0
WEIBULL|IC50|JENKS,5FU,5FU-P017,-4.7572046392560061
WEIBULL|IC50|JENKS,5FU,5FU-P018,-5.049811396152676
WEIBULL|IC50|JENKS,5FU,5FU-P019,-3.3485633152267269
WEIBULL|IC50|JENKS,5FU,5FU-P020,-16.584791161948097
WEIBULL|IC50|JENKS,5FU,5FU-P021,-10.071063170425463
WEIBULL|IC50|JENKS,5FU,5FU-P022,-2.8514823628379919
WEIBULL|IC50|JENKS,CARBO,Carbo-P001,-1.397783110222707
WEIBULL|IC50|JENKS,CARBO,Carbo-P002,-21.057518226967943
WEIBULL|IC50|JENKS,CARBO,Carbo-P003,-7.3641501782897905
WEIBULL|IC50|JENKS,CARBO,Carbo-P004,-13.769337778869401
WEIBULL|IC50|JENKS,CARBO,Carbo-P005,-8.117166924363012
WEIBULL|IC50|JENKS,CARBO,Carbo-P006,-8.1083264078686614
WEIBULL|IC50|JENKS,CARBO,Carbo-P007,-5.3288425717399273
WEIBULL|IC50|JENKS,CARBO,Carbo-P008,-7.7523389179209383
WEIBULL|IC50|JENKS,CARBO,Carbo-P009,-20.024150305942953
WEIBULL|IC50|JENKS,CARBO,Carbo-P010,-1.4423540992924686
WEIBULL|IC50|JENKS,CARBO,Carbo-P011,-13.063159196608439
WEIBULL|IC50|JENKS,CARBO,Carbo-P012,-8.5443700757676542
WEIBULL|IC50|JENKS,CARBO,Carbo-P013,-16.40527182658958
WEIBULL|IC50|JENKS,CARBO,Carbo-P014,-17.123357484643574
WEIBULL|IC50|JENKS,CARBO,Carbo-P015,-0.099476888787080942
WEIBULL|IC50|JENKS,CARBO,Carbo-P016,-25.935057413066701
WEIBULL|IC50|JENKS,CARBO,Carbo-P017,-28.186698913280477
WEIBULL|IC50|JENKS,CARBO,Carbo-P018,-22.749089530019365
WEIBULL|IC50|JENKS,CARBO,Carbo-P019,-0.32622628251318897
WEIBULL|IC50|JENKS,CARBO,Carbo-P020,-0
WEIBULL|IC50|JENKS,CARBO,Carbo-P021,-34.073472543737687
WEIBULL|IC50|JENKS,CARBO,Carbo-P022,-12.926018096388942
WEIBULL|IC50|JENKS,CARBO,Carbo-P023,-13.459568310092653
WEIBULL|IC50|JENKS,CARBO,Carbo-P024,-8.107908987463027
WEIBULL|IC50|JENKS,CARBO_A,CarboA-P001,-37.75242848749437
WEIBULL|IC50|JENKS,CARBO_A,CarboA-P002,-12.494923334854386
WEIBULL|IC50|JENKS,CARBO_A,CarboA-P003,-0.019579921447578943
WEIBULL|IC50|JENKS,CARBO_A,CarboA-P004,-99.53401564895978
WEIBULL|IC50|JENKS,CARBO_A,CarboA-P005,-0
WEIBULL|IC50|JENKS,CARBO_A,CarboA-P006,-33.838711136782187
WEIBULL|IC50|JENKS,CARBO_A,CarboA-P007,-5.165960240538749
WEIBULL|IC50|JENKS,CARBO_A,CarboA-P008,-16.166962445957285
WEIBULL|IC50|JENKS,CARBO_A,CarboA-P009,-0.49615413981304546
WEIBULL|IC50|JENKS,CARBO_A,CarboA-P010,-10.730372147591497
WEIBULL|IC50|JENKS,CARBO_A,CarboA-P011,-5.2262991585281018
WEIBULL|IC50|JENKS,CARBO_A,CarboA-P012,-3.7969789143820414
WEIBULL|IC50|JENKS,CARBO_A,CarboA-P013,-9.49671119859714
WEIBULL|IC50|JENKS,CDDP,CDDP-P001,-2.1031867649025284
WEIBULL|IC50|JENKS,CDDP,CDDP-P002,-2.9674506757004244
WEIBULL|IC50|JENKS,CDDP,CDDP-P003,-13.06635022702665
WEIBULL|IC50|JENKS,CDDP,CDDP-P004,-35.790056923622849
WEIBULL|IC50|JENKS,CDDP,CDDP-P005,-48.715359733953562
WEIBULL|IC50|JENKS,CDDP,CDDP-P006,-10.161948793957491
WEIBULL|IC50|JENKS,CDDP,CDDP-P007,-10.15607120066122
WEIBULL|IC50|JENKS,CDDP,CDDP-P008,-9.6070047151927689
WEIBULL|IC50|JENKS,CDDP,CDDP-P009,-16.920035300829973
WEIBULL|IC50|JENKS,CDDP,CDDP-P010,-24.142751432353652
WEIBULL|IC50|JENKS,CDDP,CDDP-P011,-40.743332990602717
WEIBULL|IC50|JENKS,CDDP,CDDP-P012,-4.386712011158437
WEIBULL|IC50|JENKS,CDDP,CDDP-P013,-1.9671827100186323
WEIBULL|IC50|JENKS,CDDP,CDDP-P014,-142.97340230060851
WEIBULL|IC50|JENKS,CDDP,CDDP-P015,-46.923044846710447
WEIBULL|IC50|JENKS,CDDP,CDDP-P016,-5.4672003660752493
WEIBULL|IC50|JENKS,CDDP,CDDP-P017,-6.6776634960469012
WEIBULL|IC50|JENKS,CDDP,CDDP-P018,-6.1278352754870058
WEIBULL|IC50|JENKS,CDDP_A,CDDPA-P001,-1.4794551595534846
WEIBULL|IC50|JENKS,CDDP_A,CDDPA-P002,-2.3291025776036869
WEIBULL|IC50|JENKS,CDDP_A,CDDPA-P003,-24.615535805214588
WEIBULL|IC50|JENKS,CDDP_A,CDDPA-P004,-1.4330829111379626
WEIBULL|IC50|JENKS,CDDP_A,CDDPA-P005,-3.349339109402464
WEIBULL|IC50|JENKS,CDDP_A,CDDPA-P006,-1.2956275344725794
WEIBULL|IC50|JENKS,CDDP_A,CDDPA-P007,-4.8645499600239575
WEIBULL|IC50|JENKS,CDDP_A,CDDPA-P008,-49.621655378462371
WEIBULL|IC50|JENKS,CDDP_A,CDDPA-P009,-0.41611431000911603
WEIBULL|IC50|JENKS,CDDP_A,CDDPA-P010,-62.241863352652238
WEIBULL|IC50|JENKS,CDDP_A,CDDPA-P011,-8.0210934036474004
WEIBULL|IC50|JENKS,CDDP_A,CDDPA-P012,-5.1715843807742967
WEIBULL|IC50|JENKS,CDDP_A,CDDPA-P013,-0.91759900193234223
WEIBULL|IC50|JENKS,CDDP_A,CDDPA-P014,-7.0486305987671267
WEIBULL|IC50|JENKS,CDDP_A,CDDPA-P015,-2.0044248025711266e-06
WEIBULL|IC50|JENKS,CDDP_A,CDDPA-P016,-0
WEIBULL|IC50|JENKS,CDDP_A,CDDPA-P017,-38.968823968755991
WEIBULL|IC50|JENKS,CDDP_A,CDDPA-P018,-4.3075056037737918
WEIBULL|IC50|JENKS,ETO,ETO-P001,
WEIBULL|IC50|JENKS,ETO,ETO-P002,-23.583303446360098
WEIBULL|IC50|JENKS,ETO,ETO-P003,
WEIBULL|IC50|JENKS,ETO,ETO-P004,-3.2990254716737467e-13
WEIBULL|IC50|JENKS,ETO,ETO-P005,-236.57238395394484
WEIBULL|IC50|JENKS,ETO,ETO-P006,-7.2310895793548831
WEIBULL|IC50|JENKS,ETO,ETO-P007,-2.1093523477114822
WEIBULL|IC50|JENKS,ETO,ETO-P008,-970.34147780642525
WEIBULL|IC50|JENKS,ETO,ETO-P009,-274.56249053602909
WEIBULL|IC50|JENKS,ETO,ETO-P010,
WEIBULL|IC50|JENKS,ETO,ETO-P011,
WEIBULL|IC50|JENKS,ETO,ETO-P012,-72.331886664094
WEIBULL|IC50|JENKS,ETO,ETO-P013,
WEIBULL|IC50|JENKS,ETO,ETO-P014,
WEIBULL|IC50|JENKS,ETO,ETO-P015,-12.678753000037768
WEIBULL|IC50|JENKS,ETO,ETO-P016,
WEIBULL|IC50|JENKS,ETO,ETO-P017,
WEIBULL|IC50|JENKS,ETO,ETO-P018,-754.98442025116174
WEIBULL|IC50|KMEANS,5FU,5FU-P001,-1.7385689803797577
WEIBULL|IC50|KMEANS,5FU,5FU-P002,-7.1112972097421023
WEIBULL|IC50|KMEANS,5FU,5FU-P003,-10.32048375442457
WEIBULL|IC50|KMEANS,5FU,5FU-P004,-6.4812253416163337
WEIBULL|IC50|KMEANS,5FU,5FU-P005,-2.7071725553898105
WEIBULL|IC50|KMEANS,5FU,5FU-P006,-9.5652209163326436
WEIBULL|IC50|KMEANS,5FU,5FU-P007,-6.3084098759163529
WEIBULL|IC50|KMEANS,5FU,5FU-P008,-0.8321841901300383
WEIBULL|IC50|KMEANS,5FU,5FU-P009,-3.2690530496312271
WEIBULL|IC50|KMEANS,5FU,5FU-P010,-26.946883512246849
WEIBULL|IC50|KMEANS,5FU,5FU-P011,-28.137698583019422
WEIBULL|IC50|KMEANS,5FU,5FU-P012,
WEIBULL|IC50|KMEANS,5FU,5FU-P013,-49.579723185721562
WEIBULL|IC50|KMEANS,5FU,5FU-P014,-40.353086094780018
WEIBULL|IC50|KMEANS,5FU,5FU-P015,-7.0083598991536507
WEIBULL|IC50|KMEANS,5FU,5FU-P016,-0
WEIBULL|IC50|KMEANS,5FU,5FU-P017,-4.7572046392560061
WEIBULL|IC50|KMEANS,5FU,5FU-P018,-5.049811396152676
WEIBULL|IC50|KMEANS,5FU,5FU-P019,-3.3485633152267269
WEIBULL|IC50|KMEANS,5FU,5FU-P020,-16.584791161948097
WEIBULL|IC50|KMEANS,5FU,5FU-P021,-10.071063170425463
WEIBULL|IC50|KMEANS,5FU,5FU-P022,-2.8514823628379919
WEIBULL|IC50|KMEANS,CARBO,Carbo-P001,-1.397783110222707
WEIBULL|IC50|KMEANS,CARBO,Carbo-P002,-21.057518226967943
WEIBULL|IC50|KMEANS,CARBO,Carbo-P003,-7.3641501782897905
WEIBULL|IC50|KMEANS,CARBO,Carbo-P004,-13.769337778869401
WEIBULL|IC50|KMEANS,CARBO,Carbo-P005,-8.117166924363012
WEIBULL|IC50|KMEANS,CARBO,Carbo-P006,-8.1083264078686614
WEIBULL|IC50|KMEANS,CARBO,Carbo-P007,-5.3288425717399273
WEIBULL|IC50|KMEANS,CARBO,Carbo-P008,-7.7523389179209383
WEIBULL|IC50|KMEANS,CARBO,Carbo-P009,-20.024150305942953
WEIBULL|IC50|KMEANS,CARBO,Carbo-P010,-1.4423540992924686
WEIBULL|IC50|KMEANS,CARBO,Carbo-P011,-13.063159196608439
WEIBULL|IC50|KMEANS,CARBO,Carbo-P012,-8.5443700757676542
WEIBULL|IC50|KMEANS,CARBO,Carbo-P013,-16.40527182658958
WEIBULL|IC50|KMEANS,CARBO,Carbo-P014,-17.123357484643574
WEIBULL|IC50|KMEANS,CARBO,Carbo-P015,-0.099476888787080942
WEIBULL|IC50|KMEANS,CARBO,Carbo-P016,-25.935057413066701
WEIBULL|IC50|KMEANS,CARBO,Carbo-P017,-28.186698913280477
WEIBULL|IC50|KMEANS,CARBO,Carbo-P018,-22.749089530019365
WEIBULL|IC50|KMEANS,CARBO,Carbo-P019,-0.32622628251318897
WEIBULL|IC50|KMEANS,CARBO,Carbo-P020,-0
WEIBULL|IC50|KMEANS,CARBO,Carbo-P021,-34.073472543737687
WEIBULL|IC50|KMEANS,CARBO,Carbo-P022,-12.926018096388942
WEIBULL|IC50|KMEANS,CARBO,Carbo-P023,-13.459568310092653
WEIBULL|IC50|KMEANS,CARBO,Carbo-P024,-8.107908987463027
WEIBULL|IC50|KMEANS,CARBO_A,CarboA-P001,-37.75242848749437
WEIBULL|IC50|KMEANS,CARBO_A,CarboA-P002,-12.494923334854386
WEIBULL|IC50|KMEANS,CARBO_A,CarboA-P003,-0.019579921447578943
WEIBULL|IC50|KMEANS,CARBO_A,CarboA-P004,-99.53401564895978
WEIBULL|IC50|KMEANS,CARBO_A,CarboA-P005,-0
WEIBULL|IC50|KMEANS,CARBO_A,CarboA-P006,-33.838711136782187
WEIBULL|IC50|KMEANS,CARBO_A,CarboA-P007,-5.165960240538749
WEIBULL|IC50|KMEANS,CARBO_A,CarboA-P008,-16.166962445957285
WEIBULL|IC50|KMEANS,CARBO_A,CarboA-P009,-0.49615413981304546
WEIBULL|IC50|KMEANS,CARBO_A,CarboA-P010,-10.730372147591497
WEIBULL|IC50|KMEANS,CARBO_A,CarboA-P011,-5.2262991585281018
WEIBULL|IC50|KMEANS,CARBO_A,CarboA-P012,-3.7969789143820414
WEIBULL|IC50|KMEANS,CARBO_A,CarboA-P013,-9.49671119859714
WEIBULL|IC50|KMEANS,CDDP,CDDP-P001,-2.1031867649025284
WEIBULL|IC50|KMEANS,CDDP,CDDP-P002,-2.9674506757004244
WEIBULL|IC50|KMEANS,CDDP,CDDP-P003,-13.06635022702665
WEIBULL|IC50|KMEANS,CDDP,CDDP-P004,-35.790056923622849
WEIBULL|IC50|KMEANS,CDDP,CDDP-P005,-48.715359733953562
WEIBULL|IC50|KMEANS,CDDP,CDDP-P006,-10.161948793957491
WEIBULL|IC50|KMEANS,CDDP,CDDP-P007,-10.15607120066122
WEIBULL|IC50|KMEANS,CDDP,CDDP-P008,-9.6070047151927689
WEIBULL|IC50|KMEANS,CDDP,CDDP-P009,-16.920035300829973
WEIBULL|IC50|KMEANS,CDDP,CDDP-P010,-24.142751432353652
WEIBULL|IC50|KMEANS,CDDP,CDDP-P011,-40.743332990602717
WEIBULL|IC50|KMEANS,CDDP,CDDP-P012,-4.386712011158437
WEIBULL|IC50|KMEANS,CDDP,CDDP-P013,-1.9671827100186323
WEIBULL|IC50|KMEANS,CDDP,CDDP-P014,-142.97340230060851
WEIBULL|IC50|KMEANS,CDDP,CDDP-P015,-46.923044846710447
WEIBULL|IC50|KMEANS,CDDP,CDDP-P016,-5.4672003660752493
WEIBULL|IC50|KMEANS,CDDP,CDDP-P017,-6.6776634960469012
WEIBULL|IC50|KMEANS,CDDP,CDDP-P018,-6.1278352754870058
WEIBULL|IC50|KMEANS,CDDP_A,CDDPA-P001,-1.4794551595534846
WEIBULL|IC50|KMEANS,CDDP_A,CDDPA-P002,-2.3291025776036869
WEIBULL|IC50|KMEANS,CDDP_A,CDDPA-P003,-24.615535805214588
WEIBULL|IC50|KMEANS,CDDP_A,CDDPA-P004,-1.4330829111379626
WEIBULL|IC50|KMEANS,CDDP_A,CDDPA-P005,-3.349339109402464
WEIBULL|IC50|KMEANS,CDDP_A,CDDPA-P006,-1.2956275344725794
WEIBULL|IC50|KMEANS,CDDP_A,CDDPA-P007,-4.8645499600239575
WEIBULL|IC50|KMEANS,CDDP_A,CDDPA-P008,-49.621655378462371
WEIBULL|IC50|KMEANS,CDDP_A,CDDPA-P009,-0.41611431000911603
WEIBULL|IC50|KMEANS,CDDP_A,CDDPA-P010,-62.241863352652238
WEIBULL|IC50|KMEANS,CDDP_A,CDDPA-P011,-8.0210934036474004
WEIBULL|IC50|KMEANS,CDDP_A,CDDPA-P012,-5.1715843807742967
WEIBULL|IC50|KMEANS,CDDP_A,CDDPA-P013,-0.91759900193234223
WEIBULL|IC50|KMEANS,CDDP_A,CDDPA-P014,-7.0486305987671267
WEIBULL|IC50|KMEANS,CDDP_A,CDDPA-P015,-2.0044248025711266e-06
WEIBULL|IC50|KMEANS,CDDP_A,CDDPA-P016,-0
WEIBULL|IC50|KMEANS,CDDP_A,CDDPA-P017,-38.968823968755991
WEIBULL|IC50|KMEANS,CDDP_A,CDDPA-P018,-4.3075056037737918
WEIBULL|IC50|KMEANS,ETO,ETO-P001,
WEIBULL|IC50|KMEANS,ETO,ETO-P002,-23.583303446360098
WEIBULL|IC50|KMEANS,ETO,ETO-P003,
WEIBULL|IC50|KMEANS,ETO,ETO-P004,-3.2990254716737467e-13
WEIBULL|IC50|KMEANS,ETO,ETO-P005,-236.57238395394484
WEIBULL|IC50|KMEANS,ETO,ETO-P006,-7.2310895793548831
WEIBULL|IC50|KMEANS,ETO,ETO-P007,-2.1093523477114822
WEIBULL|IC50|KMEANS,ETO,ETO-P008,-970.34147780642525
WEIBULL|IC50|KMEANS,ETO,ETO-P009,-274.56249053602909
WEIBULL|IC50|KMEANS,ETO,ETO-P010,
WEIBULL|IC50|KMEANS,ETO,ETO-P011,
WEIBULL|IC50|KMEANS,ETO,ETO-P012,-72.331886664094
WEIBULL|IC50|KMEANS,ETO,ETO-P013,
WEIBULL|IC50|KMEANS,ETO,ETO-P014,
WEIBULL|IC50|KMEANS,ETO,ETO-P015,-12.678753000037768
WEIBULL|IC50|KMEANS,ETO,ETO-P016,
WEIBULL|IC50|KMEANS,ETO,ETO-P017,
WEIBULL|IC50|KMEANS,ETO,ETO-P018,-754.98442025116174
WEIBULL|IC50|WARD,5FU,5FU-P001,-1.7385689803797577
WEIBULL|IC50|WARD,5FU,5FU-P002,-7.1112972097421023
WEIBULL|IC50|WARD,5FU,5FU-P003,-10.32048375442457
WEIBULL|IC50|WARD,5FU,5FU-P004,-6.4812253416163337
WEIBULL|IC50|WARD,5FU,5FU-P005,-2.7071725553898105
WEIBULL|IC50|WARD,5FU,5FU-P006,-9.5652209163326436
WEIBULL|IC50|WARD,5FU,5FU-P007,-6.3084098759163529
WEIBULL|IC50|WARD,5FU,5FU-P008,-0.8321841901300383
WEIBULL|IC50|WARD,5FU,5FU-P009,-3.2690530496312271
WEIBULL|IC50|WARD,5FU,5FU-P010,-26.946883512246849
WEIBULL|IC50|WARD,5FU,5FU-P011,-28.137698583019422
WEIBULL|IC50|WARD,5FU,5FU-P012,
WEIBULL|IC50|WARD,5FU,5FU-P013,-49.579723185721562
WEIBULL|IC50|WARD,5FU,5FU-P014,-40.353086094780018
WEIBULL|IC50|WARD,5FU,5FU-P015,-7.0083598991536507
WEIBULL|IC50|WARD,5FU,5FU-P016,-0
WEIBULL|IC50|WARD,5FU,5FU-P017,-4.7572046392560061
WEIBULL|IC50|WARD,5FU,5FU-P018,-5.049811396152676
WEIBULL|IC50|WARD,5FU,5FU-P019,-3.3485633152267269
WEIBULL|IC50|WARD,5FU,5FU-P020,-16.584791161948097
WEIBULL|IC50|WARD,5FU,5FU-P021,-10.071063170425463
WEIBULL|IC50|WARD,5FU,5FU-P022,-2.8514823628379919
WEIBULL|IC50|WARD,CARBO,Carbo-P001,-1.397783110222707
WEIBULL|IC50|WARD,CARBO,Carbo-P002,-21.057518226967943
WEIBULL|IC50|WARD,CARBO,Carbo-P003,-7.3641501782897905
WEIBULL|IC50|WARD,CARBO,Carbo-P004,-13.769337778869401
WEIBULL|IC50|WARD,CARBO,Carbo-P005,-8.117166924363012
WEIBULL|IC50|WARD,CARBO,Carbo-P006,-8.1083264078686614
WEIBULL|IC50|WARD,CARBO,Carbo-P007,-5.3288425717399273
WEIBULL|IC50|WARD,CARBO,Carbo-P008,-7.7523389179209383
WEIBULL|IC50|WARD,CARBO,Carbo-P009,-20.024150305942953
WEIBULL|IC50|WARD,CARBO,Carbo-P010,-1.4423540992924686
WEIBULL|IC50|WARD,CARBO,Carbo-P011,-13.063159196608439
WEIBULL|IC50|WARD,CARBO,Carbo-P012,-8.5443700757676542
WEIBULL|IC50|WARD,CARBO,Carbo-P013,-16.40527182658958
WEIBULL|IC50|WARD,CARBO,Carbo-P014,-17.123357484643574
WEIBULL|IC50|WARD,CARBO,Carbo-P015,-0.099476888787080942
WEIBULL|IC50|WARD,CARBO,Carbo-P016,-25.935057413066701
WEIBULL|IC50|WARD,CARBO,Carbo-P017,-28.186698913280477
WEIBULL|IC50|WARD,CARBO,Carbo-P018,-22.749089530019365
WEIBULL|IC50|WARD,CARBO,Carbo-P019,-0.32622628251318897
WEIBULL|IC50|WARD,CARBO,Carbo-P020,-0
WEIBULL|IC50|WARD,CARBO,Carbo-P021,-34.073472543737687
WEIBULL|IC50|WARD,CARBO,Carbo-P022,-12.926018096388942
WEIBULL|IC50|WARD,CARBO,Carbo-P023,-13.459568310092653
WEIBULL|IC50|WARD,CARBO,Carbo-P024,-8.107908987463027
WEIBULL|IC50|WARD,CARBO_A,CarboA-P001,-37.75242848749437
WEIBULL|IC50|WARD,CARBO_A,CarboA-P002,-12.494923334854386
WEIBULL|IC50|WARD,CARBO_A,CarboA-P003,-0.019579921447578943
WEIBULL|IC50|WARD,CARBO_A,CarboA-P004,-99.53401564895978
WEIBULL|IC50|WARD,CARBO_A,CarboA-P005,-0
WEIBULL|IC50|WARD,CARBO_A,CarboA-P006,-33.838711136782187
WEIBULL|IC50|WARD,CARBO_A,CarboA-P007,-5.165960240538749
WEIBULL|IC50|WARD,CARBO_A,CarboA-P008,-16.166962445957285
WEIBULL|IC50|WARD,CARBO_A,CarboA-P009,-0.49615413981304546
WEIBULL|IC50|WARD,CARBO_A,CarboA-P010,-10.730372147591497
WEIBULL|IC50|WARD,CARBO_A,CarboA-P011,-5.2262991585281018
WEIBULL|IC50|WARD,CARBO_A,CarboA-P012,-3.7969789143820414
WEIBULL|IC50|WARD,CARBO_A,CarboA-P013,-9.49671119859714
WEIBULL|IC50|WARD,CDDP,CDDP-P001,-2.1031867649025284
WEIBULL|IC50|WARD,CDDP,CDDP-P002,-2.9674506757004244
WEIBULL|IC50|WARD,CDDP,CDDP-P003,-13.06635022702665
WEIBULL|IC50|WARD,CDDP,CDDP-P004,-35.790056923622849
WEIBULL|IC50|WARD,CDDP,CDDP-P005,-48.715359733953562
WEIBULL|IC50|WARD,CDDP,CDDP-P006,-10.161948793957491
WEIBULL|IC50|WARD,CDDP,CDDP-P007,-10.15607120066122
WEIBULL|IC50|WARD,CDDP,CDDP-P008,-9.6070047151927689
WEIBULL|IC50|WARD,CDDP,CDDP-P009,-16.920035300829973
WEIBULL|IC50|WARD,CDDP,CDDP-P010,-24.142751432353652
WEIBULL|IC50|WARD,CDDP,CDDP-P011,-40.743332990602717
WEIBULL|IC50|WARD,CDDP,CDDP-P012,-4.386712011158437
WEIBULL|IC50|WARD,CDDP,CDDP-P013,-1.9671827100186323
WEIBULL|IC50|WARD,CDDP,CDDP-P014,-142.97340230060851
WEIBULL|IC50|WARD,CDDP,CDDP-P015,-46.923044846710447
WEIBULL|IC50|WARD,CDDP,CDDP-P016,-5.4672003660752493
WEIBULL|IC50|WARD,CDDP,CDDP-P017,-6.6776634960469012
WEIBULL|IC50|WARD,CDDP,CDDP-P018,-6.1278352754870058
WEIBULL|IC50|WARD,CDDP_A,CDDPA-P001,-1.4794551595534846
WEIBULL|IC50|WARD,CDDP_A,CDDPA-P002,-2.3291025776036869
WEIBULL|IC50|WARD,CDDP_A,CDDPA-P003,-24.615535805214588
WEIBULL|IC50|WARD,CDDP_A,CDDPA-P004,-1.4330829111379626
WEIBULL|IC50|WARD,CDDP_A,CDDPA-P005,-3.349339109402464
WEIBULL|IC50|WARD,CDDP_A,CDDPA-P006,-1.2956275344725794
WEIBULL|IC50|WARD,CDDP_A,CDDPA-P007,-4.8645499600239575
WEIBULL|IC50|WARD,CDDP_A,CDDPA-P008,-49.621655378462371
WEIBULL|IC50|WARD,CDDP_A,CDDPA-P009,-0.41611431000911603
WEIBULL|IC50|WARD,CDDP_A,CDDPA-P010,-62.241863352652238
WEIBULL|IC50|WARD,CDDP_A,CDDPA-P011,-8.0210934036474004
WEIBULL|IC50|WARD,CDDP_A,CDDPA-P012,-5.1715843807742967
WEIBULL|IC50|WARD,CDDP_A,CDDPA-P013,-0.91759900193234223
WEIBULL|IC50|WARD,CDDP_A,CDDPA-P014,-7.0486305987671267
WEIBULL|IC50|WARD,CDDP_A,CDDPA-P015,-2.0044248025711266e-06
WEIBULL|IC50|WARD,CDDP_A,CDDPA-P016,-0
WEIBULL|IC50|WARD,CDDP_A,CDDPA-P017,-38.968823968755991
WEIBULL|IC50|WARD,CDDP_A,CDDPA-P018,-4.3075056037737918
WEIBULL|IC50|WARD,ETO,ETO-P001,
WEIBULL|IC50|WARD,ETO,ETO-P002,-23.583303446360098
WEIBULL|IC50|WARD,ETO,ETO-P003,
WEIBULL|IC50|WARD,ETO,ETO-P004,-3.2990254716737467e-13
WEIBULL|IC50|WARD,ETO,ETO-P005,-236.57238395394484
WEIBULL|IC50|WARD,ETO,ETO-P006,-7.2310895793548831
WEIBULL|IC50|WARD,ETO,ETO-P007,-2.1093523477114822
WEIBULL|IC50|WARD,ETO,ETO-P008,-970.34147780642525
WEIBULL|IC50|WARD,ETO,ETO-P009,-274.56249053602909
WEIBULL|IC50|WARD,ETO,ETO-P010,
WEIBULL|IC50|WARD,ETO,ETO-P011,
WEIBULL|IC50|WARD,ETO,ETO-P012,-72.331886664094
WEIBULL|IC50|WARD,ETO,ETO-P013,
WEIBULL|IC50|WARD,ETO,ETO-P014,
WEIBULL|IC50|WARD,ETO,ETO-P015,-12.678753000037768
WEIBULL|IC50|WARD,ETO,ETO-P016,
WEIBULL|IC50|WARD,ETO,ETO-P017,
WEIBULL|IC50|WARD,ETO,ETO-P018,-754.98442025116174
WEIBULL|IC50|TIED_GMM,5FU,5FU-P001,-1.7385689803797577
WEIBULL|IC50|TIED_GMM,5FU,5FU-P002,-7.1112972097421023
WEIBULL|IC50|TIED_GMM,5FU,5FU-P003,-10.32048375442457
WEIBULL|IC50|TIED_GMM,5FU,5FU-P004,-6.4812253416163337
WEIBULL|IC50|TIED_GMM,5FU,5FU-P005,-2.7071725553898105
WEIBULL|IC50|TIED_GMM,5FU,5FU-P006,-9.5652209163326436
WEIBULL|IC50|TIED_GMM,5FU,5FU-P007,-6.3084098759163529
WEIBULL|IC50|TIED_GMM,5FU,5FU-P008,-0.8321841901300383
WEIBULL|IC50|TIED_GMM,5FU,5FU-P009,-3.2690530496312271
WEIBULL|IC50|TIED_GMM,5FU,5FU-P010,-26.946883512246849
WEIBULL|IC50|TIED_GMM,5FU,5FU-P011,-28.137698583019422
WEIBULL|IC50|TIED_GMM,5FU,5FU-P012,
WEIBULL|IC50|TIED_GMM,5FU,5FU-P013,-49.579723185721562
WEIBULL|IC50|TIED_GMM,5FU,5FU-P014,-40.353086094780018
WEIBULL|IC50|TIED_GMM,5FU,5FU-P015,-7.0083598991536507
WEIBULL|IC50|TIED_GMM,5FU,5FU-P016,-0
WEIBULL|IC50|TIED_GMM,5FU,5FU-P017,-4.7572046392560061
WEIBULL|IC50|TIED_GMM,5FU,5FU-P018,-5.049811396152676
WEIBULL|IC50|TIED_GMM,5FU,5FU-P019,-3.3485633152267269
WEIBULL|IC50|TIED_GMM,5FU,5FU-P020,-16.584791161948097
WEIBULL|IC50|TIED_GMM,5FU,5FU-P021,-10.071063170425463
WEIBULL|IC50|TIED_GMM,5FU,5FU-P022,-2.8514823628379919
WEIBULL|IC50|TIED_GMM,CARBO,Carbo-P001,-1.397783110222707
WEIBULL|IC50|TIED_GMM,CARBO,Carbo-P002,-21.057518226967943
WEIBULL|IC50|TIED_GMM,CARBO,Carbo-P003,-7.3641501782897905
WEIBULL|IC50|TIED_GMM,CARBO,Carbo-P004,-13.769337778869401
WEIBULL|IC50|TIED_GMM,CARBO,Carbo-P005,-8.117166924363012
WEIBULL|IC50|TIED_GMM,CARBO,Carbo-P006,-8.1083264078686614
WEIBULL|IC50|TIED_GMM,CARBO,Carbo-P007,-5.3288425717399273
WEIBULL|IC50|TIED_GMM,CARBO,Carbo-P008,-7.7523389179209383
WEIBULL|IC50|TIED_GMM,CARBO,Carbo-P009,-20.024150305942953
WEIBULL|IC50|TIED_GMM,CARBO,Carbo-P010,-1.4423540992924686
WEIBULL|IC50|TIED_GMM,CARBO,Carbo-P011,-13.063159196608439
WEIBULL|IC50|TIED_GMM,CARBO,Carbo-P012,-8.5443700757676542
WEIBULL|IC50|TIED_GMM,CARBO,Carbo-P013,-16.40527182658958
WEIBULL|IC50|TIED_GMM,CARBO,Carbo-P014,-17.123357484643574
WEIBULL|IC50|TIED_GMM,CARBO,Carbo-P015,-0.099476888787080942
WEIBULL|IC50|TIED_GMM,CARBO,Carbo-P016,-25.935057413066701
WEIBULL|IC50|TIED_GMM,CARBO,Carbo-P017,-28.186698913280477
WEIBULL|IC50|TIED_GMM,CARBO,Carbo-P018,-22.749089530019365
WEIBULL|IC50|TIED_GMM,CARBO,Carbo-P019,-0.32622628251318897
WEIBULL|IC50|TIED_GMM,CARBO,Carbo-P020,-0
WEIBULL|IC50|TIED_GMM,CARBO,Carbo-P021,-34.073472543737687
WEIBULL|IC50|TIED_GMM,CARBO,Carbo-P022,-12.926018096388942
WEIBULL|IC50|TIED_GMM,CARBO,Carbo-P023,-13.459568310092653
WEIBULL|IC50|TIED_GMM,CARBO,Carbo-P024,-8.107908987463027
WEIBULL|IC50|TIED_GMM,CARBO_A,CarboA-P001,-37.75242848749437
WEIBULL|IC50|TIED_GMM,CARBO_A,CarboA-P002,-12.494923334854386
WEIBULL|IC50|TIED_GMM,CARBO_A,CarboA-P003,-0.019579921447578943
WEIBULL|IC50|TIED_GMM,CARBO_A,CarboA-P004,-99.53401564895978
WEIBULL|IC50|TIED_GMM,CARBO_A,CarboA-P005,-0
WEIBULL|IC50|TIED_GMM,CARBO_A,CarboA-P006,-33.838711136782187
WEIBULL|IC50|TIED_GMM,CARBO_A,CarboA-P007,-5.165960240538749
WEIBULL|IC50|TIED_GMM,CARBO_A,CarboA-P008,-16.166962445957285
WEIBULL|IC50|TIED_GMM,CARBO_A,CarboA-P009,-0.49615413981304546
WEIBULL|IC50|TIED_GMM,CARBO_A,CarboA-P010,-10.730372147591497
WEIBULL|IC50|TIED_GMM,CARBO_A,CarboA-P011,-5.2262991585281018
WEIBULL|IC50|TIED_GMM,CARBO_A,CarboA-P012,-3.7969789143820414
WEIBULL|IC50|TIED_GMM,CARBO_A,CarboA-P013,-9.49671119859714
WEIBULL|IC50|TIED_GMM,CDDP,CDDP-P001,-2.1031867649025284
WEIBULL|IC50|TIED_GMM,CDDP,CDDP-P002,-2.9674506757004244
WEIBULL|IC50|TIED_GMM,CDDP,CDDP-P003,-13.06635022702665
WEIBULL|IC50|TIED_GMM,CDDP,CDDP-P004,-35.790056923622849
WEIBULL|IC50|TIED_GMM,CDDP,CDDP-P005,-48.715359733953562
WEIBULL|IC50|TIED_GMM,CDDP,CDDP-P006,-10.161948793957491
WEIBULL|IC50|TIED_GMM,CDDP,CDDP-P007,-10.15607120066122
WEIBULL|IC50|TIED_GMM,CDDP,CDDP-P008,-9.6070047151927689
WEIBULL|IC50|TIED_GMM,CDDP,CDDP-P009,-16.920035300829973
WEIBULL|IC50|TIED_GMM,CDDP,CDDP-P010,-24.142751432353652
WEIBULL|IC50|TIED_GMM,CDDP,CDDP-P011,-40.743332990602717
WEIBULL|IC50|TIED_GMM,CDDP,CDDP-P012,-4.386712011158437
WEIBULL|IC50|TIED_GMM,CDDP,CDDP-P013,-1.9671827100186323
WEIBULL|IC50|TIED_GMM,CDDP,CDDP-P014,-142.97340230060851
WEIBULL|IC50|TIED_GMM,CDDP,CDDP-P015,-46.923044846710447
WEIBULL|IC50|TIED_GMM,CDDP,CDDP-P016,-5.4672003660752493
WEIBULL|IC50|TIED_GMM,CDDP,CDDP-P017,-6.6776634960469012
WEIBULL|IC50|TIED_GMM,CDDP,CDDP-P018,-6.1278352754870058
WEIBULL|IC50|TIED_GMM,CDDP_A,CDDPA-P001,-1.4794551595534846
WEIBULL|IC50|TIED_GMM,CDDP_A,CDDPA-P002,-2.3291025776036869
WEIBULL|IC50|TIED_GMM,CDDP_A,CDDPA-P003,-24.615535805214588
WEIBULL|IC50|TIED_GMM,CDDP_A,CDDPA-P004,-1.4330829111379626
WEIBULL|IC50|TIED_GMM,CDDP_A,CDDPA-P005,-3.349339109402464
WEIBULL|IC50|TIED_GMM,CDDP_A,CDDPA-P006,-1.2956275344725794
WEIBULL|IC50|TIED_GMM,CDDP_A,CDDPA-P007,-4.8645499600239575
WEIBULL|IC50|TIED_GMM,CDDP_A,CDDPA-P008,-49.621655378462371
WEIBULL|IC50|TIED_GMM,CDDP_A,CDDPA-P009,-0.41611431000911603
WEIBULL|IC50|TIED_GMM,CDDP_A,CDDPA-P010,-62.241863352652238
WEIBULL|IC50|TIED_GMM,CDDP_A,CDDPA-P011,-8.0210934036474004
WEIBULL|IC50|TIED_GMM,CDDP_A,CDDPA-P012,-5.1715843807742967
WEIBULL|IC50|TIED_GMM,CDDP_A,CDDPA-P013,-0.91759900193234223
WEIBULL|IC50|TIED_GMM,CDDP_A,CDDPA-P014,-7.0486305987671267
WEIBULL|IC50|TIED_GMM,CDDP_A,CDDPA-P015,-2.0044248025711266e-06
WEIBULL|IC50|TIED_GMM,CDDP_A,CDDPA-P016,-0
WEIBULL|IC50|TIED_GMM,CDDP_A,CDDPA-P017,-38.968823968755991
WEIBULL|IC50|TIED_GMM,CDDP_A,CDDPA-P018,-4.3075056037737918
WEIBULL|IC50|TIED_GMM,ETO,ETO-P001,
WEIBULL|IC50|TIED_GMM,ETO,ETO-P002,-23.583303446360098
WEIBULL|IC50|TIED_GMM,ETO,ETO-P003,
WEIBULL|IC50|TIED_GMM,ETO,ETO-P004,-3.2990254716737467e-13
WEIBULL|IC50|TIED_GMM,ETO,ETO-P005,-236.57238395394484
WEIBULL|IC50|TIED_GMM,ETO,ETO-P006,-7.2310895793548831
WEIBULL|IC50|TIED_GMM,ETO,ETO-P007,-2.1093523477114822
WEIBULL|IC50|TIED_GMM,ETO,ETO-P008,-970.34147780642525
WEIBULL|IC50|TIED_GMM,ETO,ETO-P009,-274.56249053602909
WEIBULL|IC50|TIED_GMM,ETO,ETO-P010,
WEIBULL|IC50|TIED_GMM,ETO,ETO-P011,
WEIBULL|IC50|TIED_GMM,ETO,ETO-P012,-72.331886664094
WEIBULL|IC50|TIED_GMM,ETO,ETO-P013,
WEIBULL|IC50|TIED_GMM,ETO,ETO-P014,
WEIBULL|IC50|TIED_GMM,ETO,ETO-P015,-12.678753000037768
WEIBULL|IC50|TIED_GMM,ETO,ETO-P016,
WEIBULL|IC50|TIED_GMM,ETO,ETO-P017,
WEIBULL|IC50|TIED_GMM,ETO,ETO-P018,-754.98442025116174
WEIBULL|EC50|TERTILES,5FU,5FU-P001,-1.8411733457861363
WEIBULL|EC50|TERTILES,5FU,5FU-P002,-7.07669149305364
WEIBULL|EC50|TERTILES,5FU,5FU-P003,-8.0173157925790921
WEIBULL|EC50|TERTILES,5FU,5FU-P004,-0.83248459348852688
WEIBULL|EC50|TERTILES,5FU,5FU-P005,-2.3597173147161183
WEIBULL|EC50|TERTILES,5FU,5FU-P006,-6.5465406223134917
WEIBULL|EC50|TERTILES,5FU,5FU-P007,-4.9254682397968255
WEIBULL|EC50|TERTILES,5FU,5FU-P008,-0.64059519998546099
WEIBULL|EC50|TERTILES,5FU,5FU-P009,-3.478587260925075
WEIBULL|EC50|TERTILES,5FU,5FU-P010,-26.106621556078121
WEIBULL|EC50|TERTILES,5FU,5FU-P011,-15.490533736974914
WEIBULL|EC50|TERTILES,5FU,5FU-P012,-4.0440409763666603
WEIBULL|EC50|TERTILES,5FU,5FU-P013,-26.649524859291631
WEIBULL|EC50|TERTILES,5FU,5FU-P014,-40.878069863424329
WEIBULL|EC50|TERTILES,5FU,5FU-P015,-6.7915370133054465
WEIBULL|EC50|TERTILES,5FU,5FU-P016,-47.153305694598451
WEIBULL|EC50|TERTILES,5FU,5FU-P017,-3.7228151580930535
WEIBULL|EC50|TERTILES,5FU,5FU-P018,-5.0158271496374462
WEIBULL|EC50|TERTILES,5FU,5FU-P019,-3.4335599313587348
WEIBULL|EC50|TERTILES,5FU,5FU-P020,-16.669357402424403
WEIBULL|EC50|TERTILES,5FU,5FU-P021,-6.9509748333797212
WEIBULL|EC50|TERTILES,5FU,5FU-P022,-2.9597674021909097
WEIBULL|EC50|TERTILES,CARBO,Carbo-P001,-1.4136928575589183
WEIBULL|EC50|TERTILES,CARBO,Carbo-P002,-21.863620347286965
WEIBULL|EC50|TERTILES,CARBO,Carbo-P003,-7.6895741759699439
WEIBULL|EC50|TERTILES,CARBO,Carbo-P004,-14.516803015021884
WEIBULL|EC50|TERTILES,CARBO,Carbo-P005,-8.3980042537667696
WEIBULL|EC50|TERTILES,CARBO,Carbo-P006,-8.4139665672511015
WEIBULL|EC50|TERTILES,CARBO,Carbo-P007,-5.3061390256922758
WEIBULL|EC50|TERTILES,CARBO,Carbo-P008,-7.6805305429854123
WEIBULL|EC50|TERTILES,CARBO,Carbo-P009,-19.903023928688118
WEIBULL|EC50|TERTILES,CARBO,Carbo-P010,-1.554291493241551
WEIBULL|EC50|TERTILES,CARBO,Carbo-P011,-13.365429779273779
WEIBULL|EC50|TERTILES,CARBO,Carbo-P012,-8.2341732222514565
WEIBULL|EC50|TERTILES,CARBO,Carbo-P013,-16.197630411341947
WEIBULL|EC50|TERTILES,CARBO,Carbo-P014,-19.194661452200258
WEIBULL|EC50|TERTILES,CARBO,Carbo-P015,-0.10554519737725435
WEIBULL|EC50|TERTILES,CARBO,Carbo-P016,-25.903409175725105
WEIBULL|EC50|TERTILES,CARBO,Carbo-P017,-12.728900656500867
WEIBULL|EC50|TERTILES,CARBO,Carbo-P018,-24.648238699880466
WEIBULL|EC50|TERTILES,CARBO,Carbo-P019,-0.32584826069871375
WEIBULL|EC50|TERTILES,CARBO,Carbo-P020,-28.989879555235998
WEIBULL|EC50|TERTILES,CARBO,Carbo-P021,-44.460295227355289
WEIBULL|EC50|TERTILES,CARBO,Carbo-P022,-13.929522817239151
WEIBULL|EC50|TERTILES,CARBO,Carbo-P023,-13.303180676583322
WEIBULL|EC50|TERTILES,CARBO,Carbo-P024,-8.5013611023745366
WEIBULL|EC50|TERTILES,CARBO_A,CarboA-P001,-37.520957033233657
WEIBULL|EC50|TERTILES,CARBO_A,CarboA-P002,-13.602326985921461
WEIBULL|EC50|TERTILES,CARBO_A,CarboA-P003,-0.014999352603415889
WEIBULL|EC50|TERTILES,CARBO_A,CarboA-P004,-22.104438674619242
WEIBULL|EC50|TERTILES,CARBO_A,CarboA-P005,-14.01996891501058
WEIBULL|EC50|TERTILES,CARBO_A,CarboA-P006,-33.82587427669948
WEIBULL|EC50|TERTILES,CARBO_A,CarboA-P007,-5.1627380097734994
WEIBULL|EC50|TERTILES,CARBO_A,CarboA-P008,-16.106054811597954
WEIBULL|EC50|TERTILES,CARBO_A,CarboA-P009,-0.49492656325209972
WEIBULL|EC50|TERTILES,CARBO_A,CarboA-P010,-10.391723567329818
WEIBULL|EC50|TERTILES,CARBO_A,CarboA-P011,-5.6843418860808015e-13
WEIBULL|EC50|TERTILES,CARBO_A,CarboA-P012,-3.4663504204896296
WEIBULL|EC50|TERTILES,CARBO_A,CarboA-P013,-4.0835791755706756
WEIBULL|EC50|TERTILES,CDDP,CDDP-P001,-2.0638816200531678
WEIBULL|EC50|TERTILES,CDDP,CDDP-P002,-2.9724796106252231
WEIBULL|EC50|TERTILES,CDDP,CDDP-P003,-13.821695165588821
WEIBULL|EC50|TERTILES,CDDP,CDDP-P004,-22.770204165172402
WEIBULL|EC50|TERTILES,CDDP,CDDP-P005,-50.452509022099612
WEIBULL|EC50|TERTILES,CDDP,CDDP-P006,-10.08836086895221
WEIBULL|EC50|TERTILES,CDDP,CDDP-P007,-11.260421745549472
WEIBULL|EC50|TERTILES,CDDP,CDDP-P008,-8.5532216023435623
WEIBULL|EC50|TERTILES,CDDP,CDDP-P009,-16.80132661962076
WEIBULL|EC50|TERTILES,CDDP,CDDP-P010,-19.656253938416871
WEIBULL|EC50|TERTILES,CDDP,CDDP-P011,-42.334529422393082
WEIBULL|EC50|TERTILES,CDDP,CDDP-P012,-4.2658102834457132
WEIBULL|EC50|TERTILES,CDDP,CDDP-P013,-7.1054273576010019e-13
WEIBULL|EC50|TERTILES,CDDP,CDDP-P014,-110.79961626283682
WEIBULL|EC50|TERTILES,CDDP,CDDP-P015,-48.919861070423018
WEIBULL|EC50|TERTILES,CDDP,CDDP-P016,-5.8374532888131068
WEIBULL|EC50|TERTILES,CDDP,CDDP-P017,-6.1546441962421197
WEIBULL|EC50|TERTILES,CDDP,CDDP-P018,-6.4850650213433294
WEIBULL|EC50|TERTILES,CDDP_A,CDDPA-P001,-1.5202946831625674
WEIBULL|EC50|TERTILES,CDDP_A,CDDPA-P002,-2.3365576083090374
WEIBULL|EC50|TERTILES,CDDP_A,CDDPA-P003,-24.5594388440676
WEIBULL|EC50|TERTILES,CDDP_A,CDDPA-P004,-1.4513547222726599
WEIBULL|EC50|TERTILES,CDDP_A,CDDPA-P005,-4.3096126811453459
WEIBULL|EC50|TERTILES,CDDP_A,CDDPA-P006,-5.8326230816919322
WEIBULL|EC50|TERTILES,CDDP_A,CDDPA-P007,-3.3104990892036916
WEIBULL|EC50|TERTILES,CDDP_A,CDDPA-P008,-49.599922254385866
WEIBULL|EC50|TERTILES,CDDP_A,CDDPA-P009,-2.2491413286388071
WEIBULL|EC50|TERTILES,CDDP_A,CDDPA-P010,-20.199707403183513
WEIBULL|EC50|TERTILES,CDDP_A,CDDPA-P011,-4.4411103461944634
WEIBULL|EC50|TERTILES,CDDP_A,CDDPA-P012,-3.4352796585990819
WEIBULL|EC50|TERTILES,CDDP_A,CDDPA-P013,-0.83181848222336363
WEIBULL|EC50|TERTILES,CDDP_A,CDDPA-P014,-1.6739997105379818
WEIBULL|EC50|TERTILES,CDDP_A,CDDPA-P015,-6.6336921578434626e-07
WEIBULL|EC50|TERTILES,CDDP_A,CDDPA-P016,-6.0193192765721584
WEIBULL|EC50|TERTILES,CDDP_A,CDDPA-P017,-17.720691831001169
WEIBULL|EC50|TERTILES,CDDP_A,CDDPA-P018,-1.9245964864678442
WEIBULL|EC50|TERTILES,ETO,ETO-P001,-7.0137414934664157
WEIBULL|EC50|TERTILES,ETO,ETO-P002,-1.4476912892877336
WEIBULL|EC50|TERTILES,ETO,ETO-P003,-38.371624975486412
WEIBULL|EC50|TERTILES,ETO,ETO-P004,-8.8817841970012523e-13
WEIBULL|EC50|TERTILES,ETO,ETO-P005,-238.22609995514543
WEIBULL|EC50|TERTILES,ETO,ETO-P006,-6.4276957198614504
WEIBULL|EC50|TERTILES,ETO,ETO-P007,-2.1053849400574567
WEIBULL|EC50|TERTILES,ETO,ETO-P008,-0
WEIBULL|EC50|TERTILES,ETO,ETO-P009,-72.66081291659431
WEIBULL|EC50|TERTILES,ETO,ETO-P010,-4.0083993759101277
WEIBULL|EC50|TERTILES,ETO,ETO-P011,-10.085187009014749
WEIBULL|EC50|TERTILES,ETO,ETO-P012,-44.376316876046964
WEIBULL|EC50|TERTILES,ETO,ETO-P013,-7.2249705976446599
WEIBULL|EC50|TERTILES,ETO,ETO-P014,-26.364404561215881
WEIBULL|EC50|TERTILES,ETO,ETO-P015,-4.67129799986356
WEIBULL|EC50|TERTILES,ETO,ETO-P016,-17.921560950483105
WEIBULL|EC50|TERTILES,ETO,ETO-P017,-3.12143275536403
WEIBULL|EC50|TERTILES,ETO,ETO-P018,-9.488611016161907e-05
WEIBULL|EC50|JENKS,5FU,5FU-P001,-1.8411733457861363
WEIBULL|EC50|JENKS,5FU,5FU-P002,-7.07669149305364
WEIBULL|EC50|JENKS,5FU,5FU-P003,-8.0173157925790921
WEIBULL|EC50|JENKS,5FU,5FU-P004,-0.83248459348852688
WEIBULL|EC50|JENKS,5FU,5FU-P005,-2.3597173147161183
WEIBULL|EC50|JENKS,5FU,5FU-P006,-6.5465406223134917
WEIBULL|EC50|JENKS,5FU,5FU-P007,-4.9254682397968255
WEIBULL|EC50|JENKS,5FU,5FU-P008,-0.64059519998546099
WEIBULL|EC50|JENKS,5FU,5FU-P009,-3.478587260925075
WEIBULL|EC50|JENKS,5FU,5FU-P010,-26.106621556078121
WEIBULL|EC50|JENKS,5FU,5FU-P011,-15.490533736974914
WEIBULL|EC50|JENKS,5FU,5FU-P012,-4.0440409763666603
WEIBULL|EC50|JENKS,5FU,5FU-P013,-26.649524859291631
WEIBULL|EC50|JENKS,5FU,5FU-P014,-40.878069863424329
WEIBULL|EC50|JENKS,5FU,5FU-P015,-6.7915370133054465
WEIBULL|EC50|JENKS,5FU,5FU-P016,-47.153305694598451
WEIBULL|EC50|JENKS,5FU,5FU-P017,-3.7228151580930535
WEIBULL|EC50|JENKS,5FU,5FU-P018,-5.0158271496374462
WEIBULL|EC50|JENKS,5FU,5FU-P019,-3.4335599313587348
WEIBULL|EC50|JENKS,5FU,5FU-P020,-16.669357402424403
WEIBULL|EC50|JENKS,5FU,5FU-P021,-6.9509748333797212
WEIBULL|EC50|JENKS,5FU,5FU-P022,-2.9597674021909097
WEIBULL|EC50|JENKS,CARBO,Carbo-P001,-1.4136928575589183
WEIBULL|EC50|JENKS,CARBO,Carbo-P002,-21.863620347286965
WEIBULL|EC50|JENKS,CARBO,Carbo-P003,-7.6895741759699439
WEIBULL|EC50|JENKS,CARBO,Carbo-P004,-14.516803015021884
WEIBULL|EC50|JENKS,CARBO,Carbo-P005,-8.3980042537667696
WEIBULL|EC50|JENKS,CARBO,Carbo-P006,-8.4139665672511015
WEIBULL|EC50|JENKS,CARBO,Carbo-P007,-5.3061390256922758
WEIBULL|EC50|JENKS,CARBO,Carbo-P008,-7.6805305429854123
WEIBULL|EC50|JENKS,CARBO,Carbo-P009,-19.903023928688118
WEIBULL|EC50|JENKS,CARBO,Carbo-P010,-1.554291493241551
WEIBULL|EC50|JENKS,CARBO,Carbo-P011,-13.365429779273779
WEIBULL|EC50|JENKS,CARBO,Carbo-P012,-8.2341732222514565
WEIBULL|EC50|JENKS,CARBO,Carbo-P013,-16.197630411341947
WEIBULL|EC50|JENKS,CARBO,Carbo-P014,-19.194661452200258
WEIBULL|EC50|JENKS,CARBO,Carbo-P015,-0.10554519737725435
WEIBULL|EC50|JENKS,CARBO,Carbo-P016,-25.903409175725105
WEIBULL|EC50|JENKS,CARBO,Carbo-P017,-12.728900656500867
WEIBULL|EC50|JENKS,CARBO,Carbo-P018,-24.648238699880466
WEIBULL|EC50|JENKS,CARBO,Carbo-P019,-0.32584826069871375
WEIBULL|EC50|JENKS,CARBO,Carbo-P020,-28.989879555235998
WEIBULL|EC50|JENKS,CARBO,Carbo-P021,-44.460295227355289
WEIBULL|EC50|JENKS,CARBO,Carbo-P022,-13.929522817239151
WEIBULL|EC50|JENKS,CARBO,Carbo-P023,-13.303180676583322
WEIBULL|EC50|JENKS,CARBO,Carbo-P024,-8.5013611023745366
WEIBULL|EC50|JENKS,CARBO_A,CarboA-P001,-37.520957033233657
WEIBULL|EC50|JENKS,CARBO_A,CarboA-P002,-13.602326985921461
WEIBULL|EC50|JENKS,CARBO_A,CarboA-P003,-0.014999352603415889
WEIBULL|EC50|JENKS,CARBO_A,CarboA-P004,-22.104438674619242
WEIBULL|EC50|JENKS,CARBO_A,CarboA-P005,-14.01996891501058
WEIBULL|EC50|JENKS,CARBO_A,CarboA-P006,-33.82587427669948
WEIBULL|EC50|JENKS,CARBO_A,CarboA-P007,-5.1627380097734994
WEIBULL|EC50|JENKS,CARBO_A,CarboA-P008,-16.106054811597954
WEIBULL|EC50|JENKS,CARBO_A,CarboA-P009,-0.49492656325209972
WEIBULL|EC50|JENKS,CARBO_A,CarboA-P010,-10.391723567329818
WEIBULL|EC50|JENKS,CARBO_A,CarboA-P011,-5.6843418860808015e-13
WEIBULL|EC50|JENKS,CARBO_A,CarboA-P012,-3.4663504204896296
WEIBULL|EC50|JENKS,CARBO_A,CarboA-P013,-4.0835791755706756
WEIBULL|EC50|JENKS,CDDP,CDDP-P001,-2.0638816200531678
WEIBULL|EC50|JENKS,CDDP,CDDP-P002,-2.9724796106252231
WEIBULL|EC50|JENKS,CDDP,CDDP-P003,-13.821695165588821
WEIBULL|EC50|JENKS,CDDP,CDDP-P004,-22.770204165172402
WEIBULL|EC50|JENKS,CDDP,CDDP-P005,-50.452509022099612
WEIBULL|EC50|JENKS,CDDP,CDDP-P006,-10.08836086895221
WEIBULL|EC50|JENKS,CDDP,CDDP-P007,-11.260421745549472
WEIBULL|EC50|JENKS,CDDP,CDDP-P008,-8.5532216023435623
WEIBULL|EC50|JENKS,CDDP,CDDP-P009,-16.80132661962076
WEIBULL|EC50|JENKS,CDDP,CDDP-P010,-19.656253938416871
WEIBULL|EC50|JENKS,CDDP,CDDP-P011,-42.334529422393082
WEIBULL|EC50|JENKS,CDDP,CDDP-P012,-4.2658102834457132
WEIBULL|EC50|JENKS,CDDP,CDDP-P013,-7.1054273576010019e-13
WEIBULL|EC50|JENKS,CDDP,CDDP-P014,-110.79961626283682
WEIBULL|EC50|JENKS,CDDP,CDDP-P015,-48.919861070423018
WEIBULL|EC50|JENKS,CDDP,CDDP-P016,-5.8374532888131068
WEIBULL|EC50|JENKS,CDDP,CDDP-P017,-6.1546441962421197
WEIBULL|EC50|JENKS,CDDP,CDDP-P018,-6.4850650213433294
WEIBULL|EC50|JENKS,CDDP_A,CDDPA-P001,-1.5202946831625674
WEIBULL|EC50|JENKS,CDDP_A,CDDPA-P002,-2.3365576083090374
WEIBULL|EC50|JENKS,CDDP_A,CDDPA-P003,-24.5594388440676
WEIBULL|EC50|JENKS,CDDP_A,CDDPA-P004,-1.4513547222726599
WEIBULL|EC50|JENKS,CDDP_A,CDDPA-P005,-4.3096126811453459
WEIBULL|EC50|JENKS,CDDP_A,CDDPA-P006,-5.8326230816919322
WEIBULL|EC50|JENKS,CDDP_A,CDDPA-P007,-3.3104990892036916
WEIBULL|EC50|JENKS,CDDP_A,CDDPA-P008,-49.599922254385866
WEIBULL|EC50|JENKS,CDDP_A,CDDPA-P009,-2.2491413286388071
WEIBULL|EC50|JENKS,CDDP_A,CDDPA-P010,-20.199707403183513
WEIBULL|EC50|JENKS,CDDP_A,CDDPA-P011,-4.4411103461944634
WEIBULL|EC50|JENKS,CDDP_A,CDDPA-P012,-3.4352796585990819
WEIBULL|EC50|JENKS,CDDP_A,CDDPA-P013,-0.83181848222336363
WEIBULL|EC50|JENKS,CDDP_A,CDDPA-P014,-1.6739997105379818
WEIBULL|EC50|JENKS,CDDP_A,CDDPA-P015,-6.6336921578434626e-07
WEIBULL|EC50|JENKS,CDDP_A,CDDPA-P016,-6.0193192765721584
WEIBULL|EC50|JENKS,CDDP_A,CDDPA-P017,-17.720691831001169
WEIBULL|EC50|JENKS,CDDP_A,CDDPA-P018,-1.9245964864678442
WEIBULL|EC50|JENKS,ETO,ETO-P001,-7.0137414934664157
WEIBULL|EC50|JENKS,ETO,ETO-P002,-1.4476912892877336
WEIBULL|EC50|JENKS,ETO,ETO-P003,-38.371624975486412
WEIBULL|EC50|JENKS,ETO,ETO-P004,-8.8817841970012523e-13
WEIBULL|EC50|JENKS,ETO,ETO-P005,-238.22609995514543
WEIBULL|EC50|JENKS,ETO,ETO-P006,-6.4276957198614504
WEIBULL|EC50|JENKS,ETO,ETO-P007,-2.1053849400574567
WEIBULL|EC50|JENKS,ETO,ETO-P008,-0
WEIBULL|EC50|JENKS,ETO,ETO-P009,-72.66081291659431
WEIBULL|EC50|JENKS,ETO,ETO-P010,-4.0083993759101277
WEIBULL|EC50|JENKS,ETO,ETO-P011,-10.085187009014749
WEIBULL|EC50|JENKS,ETO,ETO-P012,-44.376316876046964
WEIBULL|EC50|JENKS,ETO,ETO-P013,-7.2249705976446599
WEIBULL|EC50|JENKS,ETO,ETO-P014,-26.364404561215881
WEIBULL|EC50|JENKS,ETO,ETO-P015,-4.67129799986356
WEIBULL|EC50|JENKS,ETO,ETO-P016,-17.921560950483105
WEIBULL|EC50|JENKS,ETO,ETO-P017,-3.12143275536403
WEIBULL|EC50|JENKS,ETO,ETO-P018,-9.488611016161907e-05
WEIBULL|EC50|KMEANS,5FU,5FU-P001,-1.8411733457861363
WEIBULL|EC50|KMEANS,5FU,5FU-P002,-7.07669149305364
WEIBULL|EC50|KMEANS,5FU,5FU-P003,-8.0173157925790921
WEIBULL|EC50|KMEANS,5FU,5FU-P004,-0.83248459348852688
WEIBULL|EC50|KMEANS,5FU,5FU-P005,-2.3597173147161183
WEIBULL|EC50|KMEANS,5FU,5FU-P006,-6.5465406223134917
WEIBULL|EC50|KMEANS,5FU,5FU-P007,-4.9254682397968255
WEIBULL|EC50|KMEANS,5FU,5FU-P008,-0.64059519998546099
WEIBULL|EC50|KMEANS,5FU,5FU-P009,-3.478587260925075
WEIBULL|EC50|KMEANS,5FU,5FU-P010,-26.106621556078121
WEIBULL|EC50|KMEANS,5FU,5FU-P011,-15.490533736974914
WEIBULL|EC50|KMEANS,5FU,5FU-P012,-4.0440409763666603
WEIBULL|EC50|KMEANS,5FU,5FU-P013,-26.649524859291631
WEIBULL|EC50|KMEANS,5FU,5FU-P014,-40.878069863424329
WEIBULL|EC50|KMEANS,5FU,5FU-P015,-6.7915370133054465
WEIBULL|EC50|KMEANS,5FU,5FU-P016,-47.153305694598451
WEIBULL|EC50|KMEANS,5FU,5FU-P017,-3.7228151580930535
WEIBULL|EC50|KMEANS,5FU,5FU-P018,-5.0158271496374462
WEIBULL|EC50|KMEANS,5FU,5FU-P019,-3.4335599313587348
WEIBULL|EC50|KMEANS,5FU,5FU-P020,-16.669357402424403
WEIBULL|EC50|KMEANS,5FU,5FU-P021,-6.9509748333797212
WEIBULL|EC50|KMEANS,5FU,5FU-P022,-2.9597674021909097
WEIBULL|EC50|KMEANS,CARBO,Carbo-P001,-1.4136928575589183
WEIBULL|EC50|KMEANS,CARBO,Carbo-P002,-21.863620347286965
WEIBULL|EC50|KMEANS,CARBO,Carbo-P003,-7.6895741759699439
WEIBULL|EC50|KMEANS,CARBO,Carbo-P004,-14.516803015021884
WEIBULL|EC50|KMEANS,CARBO,Carbo-P005,-8.3980042537667696
WEIBULL|EC50|KMEANS,CARBO,Carbo-P006,-8.4139665672511015
WEIBULL|EC50|KMEANS,CARBO,Carbo-P007,-5.3061390256922758
WEIBULL|EC50|KMEANS,CARBO,Carbo-P008,-7.6805305429854123
WEIBULL|EC50|KMEANS,CARBO,Carbo-P009,-19.903023928688118
WEIBULL|EC50|KMEANS,CARBO,Carbo-P010,-1.554291493241551
WEIBULL|EC50|KMEANS,CARBO,Carbo-P011,-13.365429779273779
WEIBULL|EC50|KMEANS,CARBO,Carbo-P012,-8.2341732222514565
WEIBULL|EC50|KMEANS,CARBO,Carbo-P013,-16.197630411341947
WEIBULL|EC50|KMEANS,CARBO,Carbo-P014,-19.194661452200258
WEIBULL|EC50|KMEANS,CARBO,Carbo-P015,-0.10554519737725435
WEIBULL|EC50|KMEANS,CARBO,Carbo-P016,-25.903409175725105
WEIBULL|EC50|KMEANS,CARBO,Carbo-P017,-12.728900656500867
WEIBULL|EC50|KMEANS,CARBO,Carbo-P018,-24.648238699880466
WEIBULL|EC50|KMEANS,CARBO,Carbo-P019,-0.32584826069871375
WEIBULL|EC50|KMEANS,CARBO,Carbo-P020,-28.989879555235998
WEIBULL|EC50|KMEANS,CARBO,Carbo-P021,-44.460295227355289
WEIBULL|EC50|KMEANS,CARBO,Carbo-P022,-13.929522817239151
WEIBULL|EC50|KMEANS,CARBO,Carbo-P023,-13.303180676583322
WEIBULL|EC50|KMEANS,CARBO,Carbo-P024,-8.5013611023745366
WEIBULL|EC50|KMEANS,CARBO_A,CarboA-P001,-37.520957033233657
WEIBULL|EC50|KMEANS,CARBO_A,CarboA-P002,-13.602326985921461
WEIBULL|EC50|KMEANS,CARBO_A,CarboA-P003,-0.014999352603415889
WEIBULL|EC50|KMEANS,CARBO_A,CarboA-P004,-22.104438674619242
WEIBULL|EC50|KMEANS,CARBO_A,CarboA-P005,-14.01996891501058
WEIBULL|EC50|KMEANS,CARBO_A,CarboA-P006,-33.82587427669948
WEIBULL|EC50|KMEANS,CARBO_A,CarboA-P007,-5.1627380097734994
WEIBULL|EC50|KMEANS,CARBO_A,CarboA-P008,-16.106054811597954
WEIBULL|EC50|KMEANS,CARBO_A,CarboA-P009,-0.49492656325209972
WEIBULL|EC50|KMEANS,CARBO_A,CarboA-P010,-10.391723567329818
WEIBULL|EC50|KMEANS,CARBO_A,CarboA-P011,-5.6843418860808015e-13
WEIBULL|EC50|KMEANS,CARBO_A,CarboA-P012,-3.4663504204896296
WEIBULL|EC50|KMEANS,CARBO_A,CarboA-P013,-4.0835791755706756
WEIBULL|EC50|KMEANS,CDDP,CDDP-P001,-2.0638816200531678
WEIBULL|EC50|KMEANS,CDDP,CDDP-P002,-2.9724796106252231
WEIBULL|EC50|KMEANS,CDDP,CDDP-P003,-13.821695165588821
WEIBULL|EC50|KMEANS,CDDP,CDDP-P004,-22.770204165172402
WEIBULL|EC50|KMEANS,CDDP,CDDP-P005,-50.452509022099612
WEIBULL|EC50|KMEANS,CDDP,CDDP-P006,-10.08836086895221
WEIBULL|EC50|KMEANS,CDDP,CDDP-P007,-11.260421745549472
WEIBULL|EC50|KMEANS,CDDP,CDDP-P008,-8.5532216023435623
WEIBULL|EC50|KMEANS,CDDP,CDDP-P009,-16.80132661962076
WEIBULL|EC50|KMEANS,CDDP,CDDP-P010,-19.656253938416871
WEIBULL|EC50|KMEANS,CDDP,CDDP-P011,-42.334529422393082
WEIBULL|EC50|KMEANS,CDDP,CDDP-P012,-4.2658102834457132
WEIBULL|EC50|KMEANS,CDDP,CDDP-P013,-7.1054273576010019e-13
WEIBULL|EC50|KMEANS,CDDP,CDDP-P014,-110.79961626283682
WEIBULL|EC50|KMEANS,CDDP,CDDP-P015,-48.919861070423018
WEIBULL|EC50|KMEANS,CDDP,CDDP-P016,-5.8374532888131068
WEIBULL|EC50|KMEANS,CDDP,CDDP-P017,-6.1546441962421197
WEIBULL|EC50|KMEANS,CDDP,CDDP-P018,-6.4850650213433294
WEIBULL|EC50|KMEANS,CDDP_A,CDDPA-P001,-1.5202946831625674
WEIBULL|EC50|KMEANS,CDDP_A,CDDPA-P002,-2.3365576083090374
WEIBULL|EC50|KMEANS,CDDP_A,CDDPA-P003,-24.5594388440676
WEIBULL|EC50|KMEANS,CDDP_A,CDDPA-P004,-1.4513547222726599
WEIBULL|EC50|KMEANS,CDDP_A,CDDPA-P005,-4.3096126811453459
WEIBULL|EC50|KMEANS,CDDP_A,CDDPA-P006,-5.8326230816919322
WEIBULL|EC50|KMEANS,CDDP_A,CDDPA-P007,-3.3104990892036916
WEIBULL|EC50|KMEANS,CDDP_A,CDDPA-P008,-49.599922254385866
WEIBULL|EC50|KMEANS,CDDP_A,CDDPA-P009,-2.2491413286388071
WEIBULL|EC50|KMEANS,CDDP_A,CDDPA-P010,-20.199707403183513
WEIBULL|EC50|KMEANS,CDDP_A,CDDPA-P011,-4.4411103461944634
WEIBULL|EC50|KMEANS,CDDP_A,CDDPA-P012,-3.4352796585990819
WEIBULL|EC50|KMEANS,CDDP_A,CDDPA-P013,-0.83181848222336363
WEIBULL|EC50|KMEANS,CDDP_A,CDDPA-P014,-1.6739997105379818
WEIBULL|EC50|KMEANS,CDDP_A,CDDPA-P015,-6.6336921578434626e-07
WEIBULL|EC50|KMEANS,CDDP_A,CDDPA-P016,-6.0193192765721584
WEIBULL|EC50|KMEANS,CDDP_A,CDDPA-P017,-17.720691831001169
WEIBULL|EC50|KMEANS,CDDP_A,CDDPA-P018,-1.9245964864678442
WEIBULL|EC50|KMEANS,ETO,ETO-P001,-7.0137414934664157
WEIBULL|EC50|KMEANS,ETO,ETO-P002,-1.4476912892877336
WEIBULL|EC50|KMEANS,ETO,ETO-P003,-38.371624975486412
WEIBULL|EC50|KMEANS,ETO,ETO-P004,-8.8817841970012523e-13
WEIBULL|EC50|KMEANS,ETO,ETO-P005,-238.22609995514543
WEIBULL|EC50|KMEANS,ETO,ETO-P006,-6.4276957198614504
WEIBULL|EC50|KMEANS,ETO,ETO-P007,-2.1053849400574567
WEIBULL|EC50|KMEANS,ETO,ETO-P008,-0
WEIBULL|EC50|KMEANS,ETO,ETO-P009,-72.66081291659431
WEIBULL|EC50|KMEANS,ETO,ETO-P010,-4.0083993759101277
WEIBULL|EC50|KMEANS,ETO,ETO-P011,-10.085187009014749
WEIBULL|EC50|KMEANS,ETO,ETO-P012,-44.376316876046964
WEIBULL|EC50|KMEANS,ETO,ETO-P013,-7.2249705976446599
WEIBULL|EC50|KMEANS,ETO,ETO-P014,-26.364404561215881
WEIBULL|EC50|KMEANS,ETO,ETO-P015,-4.67129799986356
WEIBULL|EC50|KMEANS,ETO,ETO-P016,-17.921560950483105
WEIBULL|EC50|KMEANS,ETO,ETO-P017,-3.12143275536403
WEIBULL|EC50|KMEANS,ETO,ETO-P018,-9.488611016161907e-05
WEIBULL|EC50|WARD,5FU,5FU-P001,-1.8411733457861363
WEIBULL|EC50|WARD,5FU,5FU-P002,-7.07669149305364
WEIBULL|EC50|WARD,5FU,5FU-P003,-8.0173157925790921
WEIBULL|EC50|WARD,5FU,5FU-P004,-0.83248459348852688
WEIBULL|EC50|WARD,5FU,5FU-P005,-2.3597173147161183
WEIBULL|EC50|WARD,5FU,5FU-P006,-6.5465406223134917
WEIBULL|EC50|WARD,5FU,5FU-P007,-4.9254682397968255
WEIBULL|EC50|WARD,5FU,5FU-P008,-0.64059519998546099
WEIBULL|EC50|WARD,5FU,5FU-P009,-3.478587260925075
WEIBULL|EC50|WARD,5FU,5FU-P010,-26.106621556078121
WEIBULL|EC50|WARD,5FU,5FU-P011,-15.490533736974914
WEIBULL|EC50|WARD,5FU,5FU-P012,-4.0440409763666603
WEIBULL|EC50|WARD,5FU,5FU-P013,-26.649524859291631
WEIBULL|EC50|WARD,5FU,5FU-P014,-40.878069863424329
WEIBULL|EC50|WARD,5FU,5FU-P015,-6.7915370133054465
WEIBULL|EC50|WARD,5FU,5FU-P016,-47.153305694598451
WEIBULL|EC50|WARD,5FU,5FU-P017,-3.7228151580930535
WEIBULL|EC50|WARD,5FU,5FU-P018,-5.0158271496374462
WEIBULL|EC50|WARD,5FU,5FU-P019,-3.4335599313587348
WEIBULL|EC50|WARD,5FU,5FU-P020,-16.669357402424403
WEIBULL|EC50|WARD,5FU,5FU-P021,-6.9509748333797212
WEIBULL|EC50|WARD,5FU,5FU-P022,-2.9597674021909097
WEIBULL|EC50|WARD,CARBO,Carbo-P001,-1.4136928575589183
WEIBULL|EC50|WARD,CARBO,Carbo-P002,-21.863620347286965
WEIBULL|EC50|WARD,CARBO,Carbo-P003,-7.6895741759699439
WEIBULL|EC50|WARD,CARBO,Carbo-P004,-14.516803015021884
WEIBULL|EC50|WARD,CARBO,Carbo-P005,-8.3980042537667696
WEIBULL|EC50|WARD,CARBO,Carbo-P006,-8.4139665672511015
WEIBULL|EC50|WARD,CARBO,Carbo-P007,-5.3061390256922758
WEIBULL|EC50|WARD,CARBO,Carbo-P008,-7.6805305429854123
WEIBULL|EC50|WARD,CARBO,Carbo-P009,-19.903023928688118
WEIBULL|EC50|WARD,CARBO,Carbo-P010,-1.554291493241551
WEIBULL|EC50|WARD,CARBO,Carbo-P011,-13.365429779273779
WEIBULL|EC50|WARD,CARBO,Carbo-P012,-8.2341732222514565
WEIBULL|EC50|WARD,CARBO,Carbo-P013,-16.197630411341947
WEIBULL|EC50|WARD,CARBO,Carbo-P014,-19.194661452200258
WEIBULL|EC50|WARD,CARBO,Carbo-P015,-0.10554519737725435
WEIBULL|EC50|WARD,CARBO,Carbo-P016,-25.903409175725105
WEIBULL|EC50|WARD,CARBO,Carbo-P017,-12.728900656500867
WEIBULL|EC50|WARD,CARBO,Carbo-P018,-24.648238699880466
WEIBULL|EC50|WARD,CARBO,Carbo-P019,-0.32584826069871375
WEIBULL|EC50|WARD,CARBO,Carbo-P020,-28.989879555235998
WEIBULL|EC50|WARD,CARBO,Carbo-P021,-44.460295227355289
WEIBULL|EC50|WARD,CARBO,Carbo-P022,-13.929522817239151
WEIBULL|EC50|WARD,CARBO,Carbo-P023,-13.303180676583322
WEIBULL|EC50|WARD,CARBO,Carbo-P024,-8.5013611023745366
WEIBULL|EC50|WARD,CARBO_A,CarboA-P001,-37.520957033233657
WEIBULL|EC50|WARD,CARBO_A,CarboA-P002,-13.602326985921461
WEIBULL|EC50|WARD,CARBO_A,CarboA-P003,-0.014999352603415889
WEIBULL|EC50|WARD,CARBO_A,CarboA-P004,-22.104438674619242
WEIBULL|EC50|WARD,CARBO_A,CarboA-P005,-14.01996891501058
WEIBULL|EC50|WARD,CARBO_A,CarboA-P006,-33.82587427669948
WEIBULL|EC50|WARD,CARBO_A,CarboA-P007,-5.1627380097734994
WEIBULL|EC50|WARD,CARBO_A,CarboA-P008,-16.106054811597954
WEIBULL|EC50|WARD,CARBO_A,CarboA-P009,-0.49492656325209972
WEIBULL|EC50|WARD,CARBO_A,CarboA-P010,-10.391723567329818
WEIBULL|EC50|WARD,CARBO_A,CarboA-P011,-5.6843418860808015e-13
WEIBULL|EC50|WARD,CARBO_A,CarboA-P012,-3.4663504204896296
WEIBULL|EC50|WARD,CARBO_A,CarboA-P013,-4.0835791755706756
WEIBULL|EC50|WARD,CDDP,CDDP-P001,-2.0638816200531678
WEIBULL|EC50|WARD,CDDP,CDDP-P002,-2.9724796106252231
WEIBULL|EC50|WARD,CDDP,CDDP-P003,-13.821695165588821
WEIBULL|EC50|WARD,CDDP,CDDP-P004,-22.770204165172402
WEIBULL|EC50|WARD,CDDP,CDDP-P005,-50.452509022099612
WEIBULL|EC50|WARD,CDDP,CDDP-P006,-10.08836086895221
WEIBULL|EC50|WARD,CDDP,CDDP-P007,-11.260421745549472
WEIBULL|EC50|WARD,CDDP,CDDP-P008,-8.5532216023435623
WEIBULL|EC50|WARD,CDDP,CDDP-P009,-16.80132661962076
WEIBULL|EC50|WARD,CDDP,CDDP-P010,-19.656253938416871
WEIBULL|EC50|WARD,CDDP,CDDP-P011,-42.334529422393082
WEIBULL|EC50|WARD,CDDP,CDDP-P012,-4.2658102834457132
WEIBULL|EC50|WARD,CDDP,CDDP-P013,-7.1054273576010019e-13
WEIBULL|EC50|WARD,CDDP,CDDP-P014,-110.79961626283682
WEIBULL|EC50|WARD,CDDP,CDDP-P015,-48.919861070423018
WEIBULL|EC50|WARD,CDDP,CDDP-P016,-5.8374532888131068
WEIBULL|EC50|WARD,CDDP,CDDP-P017,-6.1546441962421197
WEIBULL|EC50|WARD,CDDP,CDDP-P018,-6.4850650213433294
WEIBULL|EC50|WARD,CDDP_A,CDDPA-P001,-1.5202946831625674
WEIBULL|EC50|WARD,CDDP_A,CDDPA-P002,-2.3365576083090374
WEIBULL|EC50|WARD,CDDP_A,CDDPA-P003,-24.5594388440676
WEIBULL|EC50|WARD,CDDP_A,CDDPA-P004,-1.4513547222726599
WEIBULL|EC50|WARD,CDDP_A,CDDPA-P005,-4.3096126811453459
WEIBULL|EC50|WARD,CDDP_A,CDDPA-P006,-5.8326230816919322
WEIBULL|EC50|WARD,CDDP_A,CDDPA-P007,-3.3104990892036916
WEIBULL|EC50|WARD,CDDP_A,CDDPA-P008,-49.599922254385866
WEIBULL|EC50|WARD,CDDP_A,CDDPA-P009,-2.2491413286388071
WEIBULL|EC50|WARD,CDDP_A,CDDPA-P010,-20.199707403183513
WEIBULL|EC50|WARD,CDDP_A,CDDPA-P011,-4.4411103461944634
WEIBULL|EC50|WARD,CDDP_A,CDDPA-P012,-3.4352796585990819
WEIBULL|EC50|WARD,CDDP_A,CDDPA-P013,-0.83181848222336363
WEIBULL|EC50|WARD,CDDP_A,CDDPA-P014,-1.6739997105379818
WEIBULL|EC50|WARD,CDDP_A,CDDPA-P015,-6.6336921578434626e-07
WEIBULL|EC50|WARD,CDDP_A,CDDPA-P016,-6.0193192765721584
WEIBULL|EC50|WARD,CDDP_A,CDDPA-P017,-17.720691831001169
WEIBULL|EC50|WARD,CDDP_A,CDDPA-P018,-1.9245964864678442
WEIBULL|EC50|WARD,ETO,ETO-P001,-7.0137414934664157
WEIBULL|EC50|WARD,ETO,ETO-P002,-1.4476912892877336
WEIBULL|EC50|WARD,ETO,ETO-P003,-38.371624975486412
WEIBULL|EC50|WARD,ETO,ETO-P004,-8.8817841970012523e-13
WEIBULL|EC50|WARD,ETO,ETO-P005,-238.22609995514543
WEIBULL|EC50|WARD,ETO,ETO-P006,-6.4276957198614504
WEIBULL|EC50|WARD,ETO,ETO-P007,-2.1053849400574567
WEIBULL|EC50|WARD,ETO,ETO-P008,-0
WEIBULL|EC50|WARD,ETO,ETO-P009,-72.66081291659431
WEIBULL|EC50|WARD,ETO,ETO-P010,-4.0083993759101277
WEIBULL|EC50|WARD,ETO,ETO-P011,-10.085187009014749
WEIBULL|EC50|WARD,ETO,ETO-P012,-44.376316876046964
WEIBULL|EC50|WARD,ETO,ETO-P013,-7.2249705976446599
WEIBULL|EC50|WARD,ETO,ETO-P014,-26.364404561215881
WEIBULL|EC50|WARD,ETO,ETO-P015,-4.67129799986356
WEIBULL|EC50|WARD,ETO,ETO-P016,-17.921560950483105
WEIBULL|EC50|WARD,ETO,ETO-P017,-3.12143275536403
WEIBULL|EC50|WARD,ETO,ETO-P018,-9.488611016161907e-05
WEIBULL|EC50|TIED_GMM,5FU,5FU-P001,-1.8411733457861363
WEIBULL|EC50|TIED_GMM,5FU,5FU-P002,-7.07669149305364
WEIBULL|EC50|TIED_GMM,5FU,5FU-P003,-8.0173157925790921
WEIBULL|EC50|TIED_GMM,5FU,5FU-P004,-0.83248459348852688
WEIBULL|EC50|TIED_GMM,5FU,5FU-P005,-2.3597173147161183
WEIBULL|EC50|TIED_GMM,5FU,5FU-P006,-6.5465406223134917
WEIBULL|EC50|TIED_GMM,5FU,5FU-P007,-4.9254682397968255
WEIBULL|EC50|TIED_GMM,5FU,5FU-P008,-0.64059519998546099
WEIBULL|EC50|TIED_GMM,5FU,5FU-P009,-3.478587260925075
WEIBULL|EC50|TIED_GMM,5FU,5FU-P010,-26.106621556078121
WEIBULL|EC50|TIED_GMM,5FU,5FU-P011,-15.490533736974914
WEIBULL|EC50|TIED_GMM,5FU,5FU-P012,-4.0440409763666603
WEIBULL|EC50|TIED_GMM,5FU,5FU-P013,-26.649524859291631
WEIBULL|EC50|TIED_GMM,5FU,5FU-P014,-40.878069863424329
WEIBULL|EC50|TIED_GMM,5FU,5FU-P015,-6.7915370133054465
WEIBULL|EC50|TIED_GMM,5FU,5FU-P016,-47.153305694598451
WEIBULL|EC50|TIED_GMM,5FU,5FU-P017,-3.7228151580930535
WEIBULL|EC50|TIED_GMM,5FU,5FU-P018,-5.0158271496374462
WEIBULL|EC50|TIED_GMM,5FU,5FU-P019,-3.4335599313587348
WEIBULL|EC50|TIED_GMM,5FU,5FU-P020,-16.669357402424403
WEIBULL|EC50|TIED_GMM,5FU,5FU-P021,-6.9509748333797212
WEIBULL|EC50|TIED_GMM,5FU,5FU-P022,-2.9597674021909097
WEIBULL|EC50|TIED_GMM,CARBO,Carbo-P001,-1.4136928575589183
WEIBULL|EC50|TIED_GMM,CARBO,Carbo-P002,-21.863620347286965
WEIBULL|EC50|TIED_GMM,CARBO,Carbo-P003,-7.6895741759699439
WEIBULL|EC50|TIED_GMM,CARBO,Carbo-P004,-14.516803015021884
WEIBULL|EC50|TIED_GMM,CARBO,Carbo-P005,-8.3980042537667696
WEIBULL|EC50|TIED_GMM,CARBO,Carbo-P006,-8.4139665672511015
WEIBULL|EC50|TIED_GMM,CARBO,Carbo-P007,-5.3061390256922758
WEIBULL|EC50|TIED_GMM,CARBO,Carbo-P008,-7.6805305429854123
WEIBULL|EC50|TIED_GMM,CARBO,Carbo-P009,-19.903023928688118
WEIBULL|EC50|TIED_GMM,CARBO,Carbo-P010,-1.554291493241551
WEIBULL|EC50|TIED_GMM,CARBO,Carbo-P011,-13.365429779273779
WEIBULL|EC50|TIED_GMM,CARBO,Carbo-P012,-8.2341732222514565
WEIBULL|EC50|TIED_GMM,CARBO,Carbo-P013,-16.197630411341947
WEIBULL|EC50|TIED_GMM,CARBO,Carbo-P014,-19.194661452200258
WEIBULL|EC50|TIED_GMM,CARBO,Carbo-P015,-0.10554519737725435
WEIBULL|EC50|TIED_GMM,CARBO,Carbo-P016,-25.903409175725105
WEIBULL|EC50|TIED_GMM,CARBO,Carbo-P017,-12.728900656500867
WEIBULL|EC50|TIED_GMM,CARBO,Carbo-P018,-24.648238699880466
WEIBULL|EC50|TIED_GMM,CARBO,Carbo-P019,-0.32584826069871375
WEIBULL|EC50|TIED_GMM,CARBO,Carbo-P020,-28.989879555235998
WEIBULL|EC50|TIED_GMM,CARBO,Carbo-P021,-44.460295227355289
WEIBULL|EC50|TIED_GMM,CARBO,Carbo-P022,-13.929522817239151
WEIBULL|EC50|TIED_GMM,CARBO,Carbo-P023,-13.303180676583322
WEIBULL|EC50|TIED_GMM,CARBO,Carbo-P024,-8.5013611023745366
WEIBULL|EC50|TIED_GMM,CARBO_A,CarboA-P001,-37.520957033233657
WEIBULL|EC50|TIED_GMM,CARBO_A,CarboA-P002,-13.602326985921461
WEIBULL|EC50|TIED_GMM,CARBO_A,CarboA-P003,-0.014999352603415889
WEIBULL|EC50|TIED_GMM,CARBO_A,CarboA-P004,-22.104438674619242
WEIBULL|EC50|TIED_GMM,CARBO_A,CarboA-P005,-14.01996891501058
WEIBULL|EC50|TIED_GMM,CARBO_A,CarboA-P006,-33.82587427669948
WEIBULL|EC50|TIED_GMM,CARBO_A,CarboA-P007,-5.1627380097734994
WEIBULL|EC50|TIED_GMM,CARBO_A,CarboA-P008,-16.106054811597954
WEIBULL|EC50|TIED_GMM,CARBO_A,CarboA-P009,-0.49492656325209972
WEIBULL|EC50|TIED_GMM,CARBO_A,CarboA-P010,-10.391723567329818
WEIBULL|EC50|TIED_GMM,CARBO_A,CarboA-P011,-5.6843418860808015e-13
WEIBULL|EC50|TIED_GMM,CARBO_A,CarboA-P012,-3.4663504204896296
WEIBULL|EC50|TIED_GMM,CARBO_A,CarboA-P013,-4.0835791755706756
WEIBULL|EC50|TIED_GMM,CDDP,CDDP-P001,-2.0638816200531678
WEIBULL|EC50|TIED_GMM,CDDP,CDDP-P002,-2.9724796106252231
WEIBULL|EC50|TIED_GMM,CDDP,CDDP-P003,-13.821695165588821
WEIBULL|EC50|TIED_GMM,CDDP,CDDP-P004,-22.770204165172402
WEIBULL|EC50|TIED_GMM,CDDP,CDDP-P005,-50.452509022099612
WEIBULL|EC50|TIED_GMM,CDDP,CDDP-P006,-10.08836086895221
WEIBULL|EC50|TIED_GMM,CDDP,CDDP-P007,-11.260421745549472
WEIBULL|EC50|TIED_GMM,CDDP,CDDP-P008,-8.5532216023435623
WEIBULL|EC50|TIED_GMM,CDDP,CDDP-P009,-16.80132661962076
WEIBULL|EC50|TIED_GMM,CDDP,CDDP-P010,-19.656253938416871
WEIBULL|EC50|TIED_GMM,CDDP,CDDP-P011,-42.334529422393082
WEIBULL|EC50|TIED_GMM,CDDP,CDDP-P012,-4.2658102834457132
WEIBULL|EC50|TIED_GMM,CDDP,CDDP-P013,-7.1054273576010019e-13
WEIBULL|EC50|TIED_GMM,CDDP,CDDP-P014,-110.79961626283682
WEIBULL|EC50|TIED_GMM,CDDP,CDDP-P015,-48.919861070423018
WEIBULL|EC50|TIED_GMM,CDDP,CDDP-P016,-5.8374532888131068
WEIBULL|EC50|TIED_GMM,CDDP,CDDP-P017,-6.1546441962421197
WEIBULL|EC50|TIED_GMM,CDDP,CDDP-P018,-6.4850650213433294
WEIBULL|EC50|TIED_GMM,CDDP_A,CDDPA-P001,-1.5202946831625674
WEIBULL|EC50|TIED_GMM,CDDP_A,CDDPA-P002,-2.3365576083090374
WEIBULL|EC50|TIED_GMM,CDDP_A,CDDPA-P003,-24.5594388440676
WEIBULL|EC50|TIED_GMM,CDDP_A,CDDPA-P004,-1.4513547222726599
WEIBULL|EC50|TIED_GMM,CDDP_A,CDDPA-P005,-4.3096126811453459
WEIBULL|EC50|TIED_GMM,CDDP_A,CDDPA-P006,-5.8326230816919322
WEIBULL|EC50|TIED_GMM,CDDP_A,CDDPA-P007,-3.3104990892036916
WEIBULL|EC50|TIED_GMM,CDDP_A,CDDPA-P008,-49.599922254385866
WEIBULL|EC50|TIED_GMM,CDDP_A,CDDPA-P009,-2.2491413286388071
WEIBULL|EC50|TIED_GMM,CDDP_A,CDDPA-P010,-20.199707403183513
WEIBULL|EC50|TIED_GMM,CDDP_A,CDDPA-P011,-4.4411103461944634
WEIBULL|EC50|TIED_GMM,CDDP_A,CDDPA-P012,-3.4352796585990819
WEIBULL|EC50|TIED_GMM,CDDP_A,CDDPA-P013,-0.83181848222336363
WEIBULL|EC50|TIED_GMM,CDDP_A,CDDPA-P014,-1.6739997105379818
WEIBULL|EC50|TIED_GMM,CDDP_A,CDDPA-P015,-6.6336921578434626e-07
WEIBULL|EC50|TIED_GMM,CDDP_A,CDDPA-P016,-6.0193192765721584
WEIBULL|EC50|TIED_GMM,CDDP_A,CDDPA-P017,-17.720691831001169
WEIBULL|EC50|TIED_GMM,CDDP_A,CDDPA-P018,-1.9245964864678442
WEIBULL|EC50|TIED_GMM,ETO,ETO-P001,-7.0137414934664157
WEIBULL|EC50|TIED_GMM,ETO,ETO-P002,-1.4476912892877336
WEIBULL|EC50|TIED_GMM,ETO,ETO-P003,-38.371624975486412
WEIBULL|EC50|TIED_GMM,ETO,ETO-P004,-8.8817841970012523e-13
WEIBULL|EC50|TIED_GMM,ETO,ETO-P005,-238.22609995514543
WEIBULL|EC50|TIED_GMM,ETO,ETO-P006,-6.4276957198614504
WEIBULL|EC50|TIED_GMM,ETO,ETO-P007,-2.1053849400574567
WEIBULL|EC50|TIED_GMM,ETO,ETO-P008,-0
WEIBULL|EC50|TIED_GMM,ETO,ETO-P009,-72.66081291659431
WEIBULL|EC50|TIED_GMM,ETO,ETO-P010,-4.0083993759101277
WEIBULL|EC50|TIED_GMM,ETO,ETO-P011,-10.085187009014749
WEIBULL|EC50|TIED_GMM,ETO,ETO-P012,-44.376316876046964
WEIBULL|EC50|TIED_GMM,ETO,ETO-P013,-7.2249705976446599
WEIBULL|EC50|TIED_GMM,ETO,ETO-P014,-26.364404561215881
WEIBULL|EC50|TIED_GMM,ETO,ETO-P015,-4.67129799986356
WEIBULL|EC50|TIED_GMM,ETO,ETO-P016,-17.921560950483105
WEIBULL|EC50|TIED_GMM,ETO,ETO-P017,-3.12143275536403
WEIBULL|EC50|TIED_GMM,ETO,ETO-P018,-9.488611016161907e-05
WEIBULL|EMAX|TERTILES,5FU,5FU-P001,1.0047935160500945
WEIBULL|EMAX|TERTILES,5FU,5FU-P002,0.99245705525680961
WEIBULL|EMAX|TERTILES,5FU,5FU-P003,0.94748073395813026
WEIBULL|EMAX|TERTILES,5FU,5FU-P004,0.72625916244351785
WEIBULL|EMAX|TERTILES,5FU,5FU-P005,0.97853960313579424
WEIBULL|EMAX|TERTILES,5FU,5FU-P006,0.83322163656847115
WEIBULL|EMAX|TERTILES,5FU,5FU-P007,0.953659163249445
WEIBULL|EMAX|TERTILES,5FU,5FU-P008,0.97338342871409278
WEIBULL|EMAX|TERTILES,5FU,5FU-P009,1.0162638895207916
WEIBULL|EMAX|TERTILES,5FU,5FU-P010,0.97017835328586188
WEIBULL|EMAX|TERTILES,5FU,5FU-P011,0.83317507783716271
WEIBULL|EMAX|TERTILES,5FU,5FU-P012,0.18547712500503849
WEIBULL|EMAX|TERTILES,5FU,5FU-P013,0.7669995287664948
WEIBULL|EMAX|TERTILES,5FU,5FU-P014,0.97490975182401951
WEIBULL|EMAX|TERTILES,5FU,5FU-P015,0.99109300000000011
WEIBULL|EMAX|TERTILES,5FU,5FU-P016,0.99597700000858769
WEIBULL|EMAX|TERTILES,5FU,5FU-P017,0.99475181567925197
WEIBULL|EMAX|TERTILES,5FU,5FU-P018,0.99353920267120466
WEIBULL|EMAX|TERTILES,5FU,5FU-P019,0.97904137325587759
WEIBULL|EMAX|TERTILES,5FU,5FU-P020,1.0158430477572187
WEIBULL|EMAX|TERTILES,5FU,5FU-P021,1.006759496500625
WEIBULL|EMAX|TERTILES,5FU,5FU-P022,1.0036212407293383
WEIBULL|EMAX|TERTILES,CARBO,Carbo-P001,1.0039758267740966
WEIBULL|EMAX|TERTILES,CARBO,Carbo-P002,1.0002584387207045
WEIBULL|EMAX|TERTILES,CARBO,Carbo-P003,1.0088749533851442
WEIBULL|EMAX|TERTILES,CARBO,Carbo-P004,0.98094140337003344
WEIBULL|EMAX|TERTILES,CARBO,Carbo-P005,1.0065271826761617
WEIBULL|EMAX|TERTILES,CARBO,Carbo-P006,1.0057822351338224
WEIBULL|EMAX|TERTILES,CARBO,Carbo-P007,0.99457871832321731
WEIBULL|EMAX|TERTILES,CARBO,Carbo-P008,0.96161784615391099
WEIBULL|EMAX|TERTILES,CARBO,Carbo-P009,0.94704977777777777
WEIBULL|EMAX|TERTILES,CARBO,Carbo-P010,1.0110598820047971
WEIBULL|EMAX|TERTILES,CARBO,Carbo-P011,1.0053165458084428
WEIBULL|EMAX|TERTILES,CARBO,Carbo-P012,0.96161600657297075
WEIBULL|EMAX|TERTILES,CARBO,Carbo-P013,0.98853700000008859
WEIBULL|EMAX|TERTILES,CARBO,Carbo-P014,1.0189845473052053
WEIBULL|EMAX|TERTILES,CARBO,Carbo-P015,0.98994882731587652
WEIBULL|EMAX|TERTILES,CARBO,Carbo-P016,0.99829220000000018
WEIBULL|EMAX|TERTILES,CARBO,Carbo-P017,0.78499685040350475
WEIBULL|EMAX|TERTILES,CARBO,Carbo-P018,1.0122208249564084
WEIBULL|EMAX|TERTILES,CARBO,Carbo-P019,0.9996204342230528
WEIBULL|EMAX|TERTILES,CARBO,Carbo-P020,0.99951666666666661
WEIBULL|EMAX|TERTILES,CARBO,Carbo-P021,1.0033910988670449
WEIBULL|EMAX|TERTILES,CARBO,Carbo-P022,0.99083482653984167
WEIBULL|EMAX|TERTILES,CARBO,Carbo-P023,0.95472310815342376
WEIBULL|EMAX|TERTILES,CARBO,Carbo-P024,1.0052619219453787
WEIBULL|EMAX|TERTILES,CARBO_A,CarboA-P001,0.99229975003580284
WEIBULL|EMAX|TERTILES,CARBO_A,CarboA-P002,1.0105125136414681
WEIBULL|EMAX|TERTILES,CARBO_A,CarboA-P003,0.94932282555542036
WEIBULL|EMAX|TERTILES,CARBO_A,CarboA-P004,0.56335518712874111
WEIBULL|EMAX|TERTILES,CARBO_A,CarboA-P005,0.99881050358483559
WEIBULL|EMAX|TERTILES,CARBO_A,CarboA-P006,0.99932999999999994
WEIBULL|EMAX|TERTILES,CARBO_A,CarboA-P007,0.99934177777778166
WEIBULL|EMAX|TERTILES,CARBO_A,CarboA-P008,0.99658224281027974
WEIBULL|EMAX|TERTILES,CARBO_A,CarboA-P009,0.99911579757848845
WEIBULL|EMAX|TERTILES,CARBO_A,CarboA-P010,0.94197133333370708
WEIBULL|EMAX|TERTILES,CARBO_A,CarboA-P011,0.97897004164451573
WEIBULL|EMAX|TERTILES,CARBO_A,CarboA-P012,0.98715262434015572
WEIBULL|EMAX|TERTILES,CARBO_A,CarboA-P013,0.96486923071259456
WEIBULL|EMAX|TERTILES,CDDP,CDDP-P001,0.98377562527088647
WEIBULL|EMAX|TERTILES,CDDP,CDDP-P002,1.0003425996720348
WEIBULL|EMAX|TERTILES,CDDP,CDDP-P003,1.0060660356029214
WEIBULL|EMAX|TERTILES,CDDP,CDDP-P004,0.58227445298803548
WEIBULL|EMAX|TERTILES,CDDP,CDDP-P005,0.99758574198973549
WEIBULL|EMAX|TERTILES,CDDP,CDDP-P006,0.98215949999999985
WEIBULL|EMAX|TERTILES,CDDP,CDDP-P007,1.0211150277104561
WEIBULL|EMAX|TERTILES,CDDP,CDDP-P008,0.95663809224547869
WEIBULL|EMAX|TERTILES,CDDP,CDDP-P009,0.99468198931488461
WEIBULL|EMAX|TERTILES,CDDP,CDDP-P010,0.93309365447562687
WEIBULL|EMAX|TERTILES,CDDP,CDDP-P011,0.97741246231277579
WEIBULL|EMAX|TERTILES,CDDP,CDDP-P012,0.96765016666667236
WEIBULL|EMAX|TERTILES,CDDP,CDDP-P013,0.96852168317582255
WEIBULL|EMAX|TERTILES,CDDP,CDDP-P014,0.75645481195254005
WEIBULL|EMAX|TERTILES,CDDP,CDDP-P015,0.8497122856289997
WEIBULL|EMAX|TERTILES,CDDP,CDDP-P016,0.99479431569709553
WEIBULL|EMAX|TERTILES,CDDP,CDDP-P017,0.95563115189311454
WEIBULL|EMAX|TERTILES,CDDP,CDDP-P018,1.0130400835446269
WEIBULL|EMAX|TERTILES,CDDP_A,CDDPA-P001,0.98422327881184135
WEIBULL|EMAX|TERTILES,CDDP_A,CDDPA-P002,0.79188172057435346
WEIBULL|EMAX|TERTILES,CDDP_A,CDDPA-P003,0.98797466666666656
WEIBULL|EMAX|TERTILES,CDDP_A,CDDPA-P004,0.99962970086992708
WEIBULL|EMAX|TERTILES,CDDP_A,CDDPA-P005,0.99521400156221174
WEIBULL|EMAX|TERTILES,CDDP_A,CDDPA-P006,0.99144036134525426
WEIBULL|EMAX|TERTILES,CDDP_A,CDDPA-P007,0.88948390397468324
WEIBULL|EMAX|TERTILES,CDDP_A,CDDPA-P008,0.73258266248742054
WEIBULL|EMAX|TERTILES,CDDP_A,CDDPA-P009,0.98237910270376705
WEIBULL|EMAX|TERTILES,CDDP_A,CDDPA-P010,0.42289965949837122
WEIBULL|EMAX|TERTILES,CDDP_A,CDDPA-P011,0.8128973995421549
WEIBULL|EMAX|TERTILES,CDDP_A,CDDPA-P012,0.86846590435835835
WEIBULL|EMAX|TERTILES,CDDP_A,CDDPA-P013,0.9725122617427715
WEIBULL|EMAX|TERTILES,CDDP_A,CDDPA-P014,0.73989592072419685
WEIBULL|EMAX|TERTILES,CDDP_A,CDDPA-P015,0.95861402019843067
WEIBULL|EMAX|TERTILES,CDDP_A,CDDPA-P016,0.99936183506712439
WEIBULL|EMAX|TERTILES,CDDP_A,CDDPA-P017,0.55709241574773227
WEIBULL|EMAX|TERTILES,CDDP_A,CDDPA-P018,0.9617763349439663
WEIBULL|EMAX|TERTILES,ETO,ETO-P001,0.24399950558252581
WEIBULL|EMAX|TERTILES,ETO,ETO-P002,0.68276243987649143
WEIBULL|EMAX|TERTILES,ETO,ETO-P003,0.24597433332406099
WEIBULL|EMAX|TERTILES,ETO,ETO-P004,0.92818438723440255
WEIBULL|EMAX|TERTILES,ETO,ETO-P005,0.98147009312831568
WEIBULL|EMAX|TERTILES,ETO,ETO-P006,0.9096789100039776
WEIBULL|EMAX|TERTILES,ETO,ETO-P007,0.9985980000000001
WEIBULL|EMAX|TERTILES,ETO,ETO-P008,0.10427355555555549
WEIBULL|EMAX|TERTILES,ETO,ETO-P009,0.47496784560300326
WEIBULL|EMAX|TERTILES,ETO,ETO-P010,0.36617569230769237
WEIBULL|EMAX|TERTILES,ETO,ETO-P011,0.2898249999992199
WEIBULL|EMAX|TERTILES,ETO,ETO-P012,0.74045546431272424
WEIBULL|EMAX|TERTILES,ETO,ETO-P013,0.087358386088203552
WEIBULL|EMAX|TERTILES,ETO,ETO-P014,0.24241777870183773
WEIBULL|EMAX|TERTILES,ETO,ETO-P015,0.58685597355926267
WEIBULL|EMAX|TERTILES,ETO,ETO-P016,0.41645125076373929
WEIBULL|EMAX|TERTILES,ETO,ETO-P017,0.2715166321692164
WEIBULL|EMAX|TERTILES,ETO,ETO-P018,0.47410564933642707
WEIBULL|EMAX|JENKS,5FU,5FU-P001,1.0047935160500945
WEIBULL|EMAX|JENKS,5FU,5FU-P002,0.99245705525680961
WEIBULL|EMAX|JENKS,5FU,5FU-P003,0.94748073395813026
WEIBULL|EMAX|JENKS,5FU,5FU-P004,0.72625916244351785
WEIBULL|EMAX|JENKS,5FU,5FU-P005,0.97853960313579424
WEIBULL|EMAX|JENKS,5FU,5FU-P006,0.83322163656847115
WEIBULL|EMAX|JENKS,5FU,5FU-P007,0.953659163249445
WEIBULL|EMAX|JENKS,5FU,5FU-P008,0.97338342871409278
WEIBULL|EMAX|JENKS,5FU,5FU-P009,1.0162638895207916
WEIBULL|EMAX|JENKS,5FU,5FU-P010,0.97017835328586188
WEIBULL|EMAX|JENKS,5FU,5FU-P011,0.83317507783716271
WEIBULL|EMAX|JENKS,5FU,5FU-P012,0.18547712500503849
WEIBULL|EMAX|JENKS,5FU,5FU-P013,0.7669995287664948
WEIBULL|EMAX|JENKS,5FU,5FU-P014,0.97490975182401951
WEIBULL|EMAX|JENKS,5FU,5FU-P015,0.99109300000000011
WEIBULL|EMAX|JENKS,5FU,5FU-P016,0.99597700000858769
WEIBULL|EMAX|JENKS,5FU,5FU-P017,0.99475181567925197
WEIBULL|EMAX|JENKS,5FU,5FU-P018,0.99353920267120466
WEIBULL|EMAX|JENKS,5FU,5FU-P019,0.97904137325587759
WEIBULL|EMAX|JENKS,5FU,5FU-P020,1.0158430477572187
WEIBULL|EMAX|JENKS,5FU,5FU-P021,1.006759496500625
WEIBULL|EMAX|JENKS,5FU,5FU-P022,1.0036212407293383
WEIBULL|EMAX|JENKS,CARBO,Carbo-P001,1.0039758267740966
WEIBULL|EMAX|JENKS,CARBO,Carbo-P002,1.0002584387207045
WEIBULL|EMAX|JENKS,CARBO,Carbo-P003,1.0088749533851442
WEIBULL|EMAX|JENKS,CARBO,Carbo-P004,0.98094140337003344
WEIBULL|EMAX|JENKS,CARBO,Carbo-P005,1.0065271826761617
WEIBULL|EMAX|JENKS,CARBO,Carbo-P006,1.0057822351338224
WEIBULL|EMAX|JENKS,CARBO,Carbo-P007,0.99457871832321731
WEIBULL|EMAX|JENKS,CARBO,Carbo-P008,0.96161784615391099
WEIBULL|EMAX|JENKS,CARBO,Carbo-P009,0.94704977777777777
WEIBULL|EMAX|JENKS,CARBO,Carbo-P010,1.0110598820047971
WEIBULL|EMAX|JENKS,CARBO,Carbo-P011,1.0053165458084428
WEIBULL|EMAX|JENKS,CARBO,Carbo-P012,0.96161600657297075
WEIBULL|EMAX|JENKS,CARBO,Carbo-P013,0.98853700000008859
WEIBULL|EMAX|JENKS,CARBO,Carbo-P014,1.0189845473052053
WEIBULL|EMAX|JENKS,CARBO,Carbo-P015,0.98994882731587652
WEIBULL|EMAX|JENKS,CARBO,Carbo-P016,0.99829220000000018
WEIBULL|EMAX|JENKS,CARBO,Carbo-P017,0.78499685040350475
WEIBULL|EMAX|JENKS,CARBO,Carbo-P018,1.0122208249564084
WEIBULL|EMAX|JENKS,CARBO,Carbo-P019,0.9996204342230528
WEIBULL|EMAX|JENKS,CARBO,Carbo-P020,0.99951666666666661
WEIBULL|EMAX|JENKS,CARBO,Carbo-P021,1.0033910988670449
WEIBULL|EMAX|JENKS,CARBO,Carbo-P022,0.99083482653984167
WEIBULL|EMAX|JENKS,CARBO,Carbo-P023,0.95472310815342376
WEIBULL|EMAX|JENKS,CARBO,Carbo-P024,1.0052619219453787
WEIBULL|EMAX|JENKS,CARBO_A,CarboA-P001,0.99229975003580284
WEIBULL|EMAX|JENKS,CARBO_A,CarboA-P002,1.0105125136414681
WEIBULL|EMAX|JENKS,CARBO_A,CarboA-P003,0.94932282555542036
WEIBULL|EMAX|JENKS,CARBO_A,CarboA-P004,0.56335518712874111
WEIBULL|EMAX|JENKS,CARBO_A,CarboA-P005,0.99881050358483559
WEIBULL|EMAX|JENKS,CARBO_A,CarboA-P006,0.99932999999999994
WEIBULL|EMAX|JENKS,CARBO_A,CarboA-P007,0.99934177777778166
WEIBULL|EMAX|JENKS,CARBO_A,CarboA-P008,0.99658224281027974
WEIBULL|EMAX|JENKS,CARBO_A,CarboA-P009,0.99911579757848845
WEIBULL|EMAX|JENKS,CARBO_A,CarboA-P010,0.94197133333370708
WEIBULL|EMAX|JENKS,CARBO_A,CarboA-P011,0.97897004164451573
WEIBULL|EMAX|JENKS,CARBO_A,CarboA-P012,0.98715262434015572
WEIBULL|EMAX|JENKS,CARBO_A,CarboA-P013,0.96486923071259456
WEIBULL|EMAX|JENKS,CDDP,CDDP-P001,0.98377562527088647
WEIBULL|EMAX|JENKS,CDDP,CDDP-P002,1.0003425996720348
WEIBULL|EMAX|JENKS,CDDP,CDDP-P003,1.0060660356029214
WEIBULL|EMAX|JENKS,CDDP,CDDP-P004,0.58227445298803548
WEIBULL|EMAX|JENKS,CDDP,CDDP-P005,0.99758574198973549
WEIBULL|EMAX|JENKS,CDDP,CDDP-P006,0.98215949999999985
WEIBULL|EMAX|JENKS,CDDP,CDDP-P007,1.0211150277104561
WEIBULL|EMAX|JENKS,CDDP,CDDP-P008,0.95663809224547869
WEIBULL|EMAX|JENKS,CDDP,CDDP-P009,0.99468198931488461
WEIBULL|EMAX|JENKS,CDDP,CDDP-P010,0.93309365447562687
WEIBULL|EMAX|JENKS,CDDP,CDDP-P011,0.97741246231277579
WEIBULL|EMAX|JENKS,CDDP,CDDP-P012,0.96765016666667236
WEIBULL|EMAX|JENKS,CDDP,CDDP-P013,0.96852168317582255
WEIBULL|EMAX|JENKS,CDDP,CDDP-P014,0.75645481195254005
WEIBULL|EMAX|JENKS,CDDP,CDDP-P015,0.8497122856289997
WEIBULL|EMAX|JENKS,CDDP,CDDP-P016,0.99479431569709553
WEIBULL|EMAX|JENKS,CDDP,CDDP-P017,0.95563115189311454
WEIBULL|EMAX|JENKS,CDDP,CDDP-P018,1.0130400835446269
WEIBULL|EMAX|JENKS,CDDP_A,CDDPA-P001,0.98422327881184135
WEIBULL|EMAX|JENKS,CDDP_A,CDDPA-P002,0.79188172057435346
WEIBULL|EMAX|JENKS,CDDP_A,CDDPA-P003,0.98797466666666656
WEIBULL|EMAX|JENKS,CDDP_A,CDDPA-P004,0.99962970086992708
WEIBULL|EMAX|JENKS,CDDP_A,CDDPA-P005,0.99521400156221174
WEIBULL|EMAX|JENKS,CDDP_A,CDDPA-P006,0.99144036134525426
WEIBULL|EMAX|JENKS,CDDP_A,CDDPA-P007,0.88948390397468324
WEIBULL|EMAX|JENKS,CDDP_A,CDDPA-P008,0.73258266248742054
WEIBULL|EMAX|JENKS,CDDP_A,CDDPA-P009,0.98237910270376705
WEIBULL|EMAX|JENKS,CDDP_A,CDDPA-P010,0.42289965949837122
WEIBULL|EMAX|JENKS,CDDP_A,CDDPA-P011,0.8128973995421549
WEIBULL|EMAX|JENKS,CDDP_A,CDDPA-P012,0.86846590435835835
WEIBULL|EMAX|JENKS,CDDP_A,CDDPA-P013,0.9725122617427715
WEIBULL|EMAX|JENKS,CDDP_A,CDDPA-P014,0.73989592072419685
WEIBULL|EMAX|JENKS,CDDP_A,CDDPA-P015,0.95861402019843067
WEIBULL|EMAX|JENKS,CDDP_A,CDDPA-P016,0.99936183506712439
WEIBULL|EMAX|JENKS,CDDP_A,CDDPA-P017,0.55709241574773227
WEIBULL|EMAX|JENKS,CDDP_A,CDDPA-P018,0.9617763349439663
WEIBULL|EMAX|JENKS,ETO,ETO-P001,0.24399950558252581
WEIBULL|EMAX|JENKS,ETO,ETO-P002,0.68276243987649143
WEIBULL|EMAX|JENKS,ETO,ETO-P003,0.24597433332406099
WEIBULL|EMAX|JENKS,ETO,ETO-P004,0.92818438723440255
WEIBULL|EMAX|JENKS,ETO,ETO-P005,0.98147009312831568
WEIBULL|EMAX|JENKS,ETO,ETO-P006,0.9096789100039776
WEIBULL|EMAX|JENKS,ETO,ETO-P007,0.9985980000000001
WEIBULL|EMAX|JENKS,ETO,ETO-P008,0.10427355555555549
WEIBULL|EMAX|JENKS,ETO,ETO-P009,0.47496784560300326
WEIBULL|EMAX|JENKS,ETO,ETO-P010,0.36617569230769237
WEIBULL|EMAX|JENKS,ETO,ETO-P011,0.2898249999992199
WEIBULL|EMAX|JENKS,ETO,ETO-P012,0.74045546431272424
WEIBULL|EMAX|JENKS,ETO,ETO-P013,0.087358386088203552
WEIBULL|EMAX|JENKS,ETO,ETO-P014,0.24241777870183773
WEIBULL|EMAX|JENKS,ETO,ETO-P015,0.58685597355926267
WEIBULL|EMAX|JENKS,ETO,ETO-P016,0.41645125076373929
WEIBULL|EMAX|JENKS,ETO,ETO-P017,0.2715166321692164
WEIBULL|EMAX|JENKS,ETO,ETO-P018,0.47410564933642707
WEIBULL|EMAX|KMEANS,5FU,5FU-P001,1.0047935160500945
WEIBULL|EMAX|KMEANS,5FU,5FU-P002,0.99245705525680961
WEIBULL|EMAX|KMEANS,5FU,5FU-P003,0.94748073395813026
WEIBULL|EMAX|KMEANS,5FU,5FU-P004,0.72625916244351785
WEIBULL|EMAX|KMEANS,5FU,5FU-P005,0.97853960313579424
WEIBULL|EMAX|KMEANS,5FU,5FU-P006,0.83322163656847115
WEIBULL|EMAX|KMEANS,5FU,5FU-P007,0.953659163249445
WEIBULL|EMAX|KMEANS,5FU,5FU-P008,0.97338342871409278
WEIBULL|EMAX|KMEANS,5FU,5FU-P009,1.0162638895207916
WEIBULL|EMAX|KMEANS,5FU,5FU-P010,0.97017835328586188
WEIBULL|EMAX|KMEANS,5FU,5FU-P011,0.83317507783716271
WEIBULL|EMAX|KMEANS,5FU,5FU-P012,0.18547712500503849
WEIBULL|EMAX|KMEANS,5FU,5FU-P013,0.7669995287664948
WEIBULL|EMAX|KMEANS,5FU,5FU-P014,0.97490975182401951
WEIBULL|EMAX|KMEANS,5FU,5FU-P015,0.99109300000000011
WEIBULL|EMAX|KMEANS,5FU,5FU-P016,0.99597700000858769
WEIBULL|EMAX|KMEANS,5FU,5FU-P017,0.99475181567925197
WEIBULL|EMAX|KMEANS,5FU,5FU-P018,0.99353920267120466
WEIBULL|EMAX|KMEANS,5FU,5FU-P019,0.97904137325587759
WEIBULL|EMAX|KMEANS,5FU,5FU-P020,1.0158430477572187
WEIBULL|EMAX|KMEANS,5FU,5FU-P021,1.006759496500625
WEIBULL|EMAX|KMEANS,5FU,5FU-P022,1.0036212407293383
WEIBULL|EMAX|KMEANS,CARBO,Carbo-P001,1.0039758267740966
WEIBULL|EMAX|KMEANS,CARBO,Carbo-P002,1.0002584387207045
WEIBULL|EMAX|KMEANS,CARBO,Carbo-P003,1.0088749533851442
WEIBULL|EMAX|KMEANS,CARBO,Carbo-P004,0.98094140337003344
WEIBULL|EMAX|KMEANS,CARBO,Carbo-P005,1.0065271826761617
WEIBULL|EMAX|KMEANS,CARBO,Carbo-P006,1.0057822351338224
WEIBULL|EMAX|KMEANS,CARBO,Carbo-P007,0.99457871832321731
WEIBULL|EMAX|KMEANS,CARBO,Carbo-P008,0.96161784615391099
WEIBULL|EMAX|KMEANS,CARBO,Carbo-P009,0.94704977777777777
WEIBULL|EMAX|KMEANS,CARBO,Carbo-P010,1.0110598820047971
WEIBULL|EMAX|KMEANS,CARBO,Carbo-P011,1.0053165458084428
WEIBULL|EMAX|KMEANS,CARBO,Carbo-P012,0.96161600657297075
WEIBULL|EMAX|KMEANS,CARBO,Carbo-P013,0.98853700000008859
WEIBULL|EMAX|KMEANS,CARBO,Carbo-P014,1.0189845473052053
WEIBULL|EMAX|KMEANS,CARBO,Carbo-P015,0.98994882731587652
WEIBULL|EMAX|KMEANS,CARBO,Carbo-P016,0.99829220000000018
WEIBULL|EMAX|KMEANS,CARBO,Carbo-P017,0.78499685040350475
WEIBULL|EMAX|KMEANS,CARBO,Carbo-P018,1.0122208249564084
WEIBULL|EMAX|KMEANS,CARBO,Carbo-P019,0.9996204342230528
WEIBULL|EMAX|KMEANS,CARBO,Carbo-P020,0.99951666666666661
WEIBULL|EMAX|KMEANS,CARBO,Carbo-P021,1.0033910988670449
WEIBULL|EMAX|KMEANS,CARBO,Carbo-P022,0.99083482653984167
WEIBULL|EMAX|KMEANS,CARBO,Carbo-P023,0.95472310815342376
WEIBULL|EMAX|KMEANS,CARBO,Carbo-P024,1.0052619219453787
WEIBULL|EMAX|KMEANS,CARBO_A,CarboA-P001,0.99229975003580284
WEIBULL|EMAX|KMEANS,CARBO_A,CarboA-P002,1.0105125136414681
WEIBULL|EMAX|KMEANS,CARBO_A,CarboA-P003,0.94932282555542036
WEIBULL|EMAX|KMEANS,CARBO_A,CarboA-P004,0.56335518712874111
WEIBULL|EMAX|KMEANS,CARBO_A,CarboA-P005,0.99881050358483559
WEIBULL|EMAX|KMEANS,CARBO_A,CarboA-P006,0.99932999999999994
WEIBULL|EMAX|KMEANS,CARBO_A,CarboA-P007,0.99934177777778166
WEIBULL|EMAX|KMEANS,CARBO_A,CarboA-P008,0.99658224281027974
WEIBULL|EMAX|KMEANS,CARBO_A,CarboA-P009,0.99911579757848845
WEIBULL|EMAX|KMEANS,CARBO_A,CarboA-P010,0.94197133333370708
WEIBULL|EMAX|KMEANS,CARBO_A,CarboA-P011,0.97897004164451573
WEIBULL|EMAX|KMEANS,CARBO_A,CarboA-P012,0.98715262434015572
WEIBULL|EMAX|KMEANS,CARBO_A,CarboA-P013,0.96486923071259456
WEIBULL|EMAX|KMEANS,CDDP,CDDP-P001,0.98377562527088647
WEIBULL|EMAX|KMEANS,CDDP,CDDP-P002,1.0003425996720348
WEIBULL|EMAX|KMEANS,CDDP,CDDP-P003,1.0060660356029214
WEIBULL|EMAX|KMEANS,CDDP,CDDP-P004,0.58227445298803548
WEIBULL|EMAX|KMEANS,CDDP,CDDP-P005,0.99758574198973549
WEIBULL|EMAX|KMEANS,CDDP,CDDP-P006,0.98215949999999985
WEIBULL|EMAX|KMEANS,CDDP,CDDP-P007,1.0211150277104561
WEIBULL|EMAX|KMEANS,CDDP,CDDP-P008,0.95663809224547869
WEIBULL|EMAX|KMEANS,CDDP,CDDP-P009,0.99468198931488461
WEIBULL|EMAX|KMEANS,CDDP,CDDP-P010,0.93309365447562687
WEIBULL|EMAX|KMEANS,CDDP,CDDP-P011,0.97741246231277579
WEIBULL|EMAX|KMEANS,CDDP,CDDP-P012,0.96765016666667236
WEIBULL|EMAX|KMEANS,CDDP,CDDP-P013,0.96852168317582255
WEIBULL|EMAX|KMEANS,CDDP,CDDP-P014,0.75645481195254005
WEIBULL|EMAX|KMEANS,CDDP,CDDP-P015,0.8497122856289997
WEIBULL|EMAX|KMEANS,CDDP,CDDP-P016,0.99479431569709553
WEIBULL|EMAX|KMEANS,CDDP,CDDP-P017,0.95563115189311454
WEIBULL|EMAX|KMEANS,CDDP,CDDP-P018,1.0130400835446269
WEIBULL|EMAX|KMEANS,CDDP_A,CDDPA-P001,0.98422327881184135
WEIBULL|EMAX|KMEANS,CDDP_A,CDDPA-P002,0.79188172057435346
WEIBULL|EMAX|KMEANS,CDDP_A,CDDPA-P003,0.98797466666666656
WEIBULL|EMAX|KMEANS,CDDP_A,CDDPA-P004,0.99962970086992708
WEIBULL|EMAX|KMEANS,CDDP_A,CDDPA-P005,0.99521400156221174
WEIBULL|EMAX|KMEANS,CDDP_A,CDDPA-P006,0.99144036134525426
WEIBULL|EMAX|KMEANS,CDDP_A,CDDPA-P007,0.88948390397468324
WEIBULL|EMAX|KMEANS,CDDP_A,CDDPA-P008,0.73258266248742054
WEIBULL|EMAX|KMEANS,CDDP_A,CDDPA-P009,0.98237910270376705
WEIBULL|EMAX|KMEANS,CDDP_A,CDDPA-P010,0.42289965949837122
WEIBULL|EMAX|KMEANS,CDDP_A,CDDPA-P011,0.8128973995421549
WEIBULL|EMAX|KMEANS,CDDP_A,CDDPA-P012,0.86846590435835835
WEIBULL|EMAX|KMEANS,CDDP_A,CDDPA-P013,0.9725122617427715
WEIBULL|EMAX|KMEANS,CDDP_A,CDDPA-P014,0.73989592072419685
WEIBULL|EMAX|KMEANS,CDDP_A,CDDPA-P015,0.95861402019843067
WEIBULL|EMAX|KMEANS,CDDP_A,CDDPA-P016,0.99936183506712439
WEIBULL|EMAX|KMEANS,CDDP_A,CDDPA-P017,0.55709241574773227
WEIBULL|EMAX|KMEANS,CDDP_A,CDDPA-P018,0.9617763349439663
WEIBULL|EMAX|KMEANS,ETO,ETO-P001,0.24399950558252581
WEIBULL|EMAX|KMEANS,ETO,ETO-P002,0.68276243987649143
WEIBULL|EMAX|KMEANS,ETO,ETO-P003,0.24597433332406099
WEIBULL|EMAX|KMEANS,ETO,ETO-P004,0.92818438723440255
WEIBULL|EMAX|KMEANS,ETO,ETO-P005,0.98147009312831568
WEIBULL|EMAX|KMEANS,ETO,ETO-P006,0.9096789100039776
WEIBULL|EMAX|KMEANS,ETO,ETO-P007,0.9985980000000001
WEIBULL|EMAX|KMEANS,ETO,ETO-P008,0.10427355555555549
WEIBULL|EMAX|KMEANS,ETO,ETO-P009,0.47496784560300326
WEIBULL|EMAX|KMEANS,ETO,ETO-P010,0.36617569230769237
WEIBULL|EMAX|KMEANS,ETO,ETO-P011,0.2898249999992199
WEIBULL|EMAX|KMEANS,ETO,ETO-P012,0.74045546431272424
WEIBULL|EMAX|KMEANS,ETO,ETO-P013,0.087358386088203552
WEIBULL|EMAX|KMEANS,ETO,ETO-P014,0.24241777870183773
WEIBULL|EMAX|KMEANS,ETO,ETO-P015,0.58685597355926267
WEIBULL|EMAX|KMEANS,ETO,ETO-P016,0.41645125076373929
WEIBULL|EMAX|KMEANS,ETO,ETO-P017,0.2715166321692164
WEIBULL|EMAX|KMEANS,ETO,ETO-P018,0.47410564933642707
WEIBULL|EMAX|WARD,5FU,5FU-P001,1.0047935160500945
WEIBULL|EMAX|WARD,5FU,5FU-P002,0.99245705525680961
WEIBULL|EMAX|WARD,5FU,5FU-P003,0.94748073395813026
WEIBULL|EMAX|WARD,5FU,5FU-P004,0.72625916244351785
WEIBULL|EMAX|WARD,5FU,5FU-P005,0.97853960313579424
WEIBULL|EMAX|WARD,5FU,5FU-P006,0.83322163656847115
WEIBULL|EMAX|WARD,5FU,5FU-P007,0.953659163249445
WEIBULL|EMAX|WARD,5FU,5FU-P008,0.97338342871409278
WEIBULL|EMAX|WARD,5FU,5FU-P009,1.0162638895207916
WEIBULL|EMAX|WARD,5FU,5FU-P010,0.97017835328586188
WEIBULL|EMAX|WARD,5FU,5FU-P011,0.83317507783716271
WEIBULL|EMAX|WARD,5FU,5FU-P012,0.18547712500503849
WEIBULL|EMAX|WARD,5FU,5FU-P013,0.7669995287664948
WEIBULL|EMAX|WARD,5FU,5FU-P014,0.97490975182401951
WEIBULL|EMAX|WARD,5FU,5FU-P015,0.99109300000000011
WEIBULL|EMAX|WARD,5FU,5FU-P016,0.99597700000858769
WEIBULL|EMAX|WARD,5FU,5FU-P017,0.99475181567925197
WEIBULL|EMAX|WARD,5FU,5FU-P018,0.99353920267120466
WEIBULL|EMAX|WARD,5FU,5FU-P019,0.97904137325587759
WEIBULL|EMAX|WARD,5FU,5FU-P020,1.0158430477572187
WEIBULL|EMAX|WARD,5FU,5FU-P021,1.006759496500625
WEIBULL|EMAX|WARD,5FU,5FU-P022,1.0036212407293383
WEIBULL|EMAX|WARD,CARBO,Carbo-P001,1.0039758267740966
WEIBULL|EMAX|WARD,CARBO,Carbo-P002,1.0002584387207045
WEIBULL|EMAX|WARD,CARBO,Carbo-P003,1.0088749533851442
WEIBULL|EMAX|WARD,CARBO,Carbo-P004,0.98094140337003344
WEIBULL|EMAX|WARD,CARBO,Carbo-P005,1.0065271826761617
WEIBULL|EMAX|WARD,CARBO,Carbo-P006,1.0057822351338224
WEIBULL|EMAX|WARD,CARBO,Carbo-P007,0.99457871832321731
WEIBULL|EMAX|WARD,CARBO,Carbo-P008,0.96161784615391099
WEIBULL|EMAX|WARD,CARBO,Carbo-P009,0.94704977777777777
WEIBULL|EMAX|WARD,CARBO,Carbo-P010,1.0110598820047971
WEIBULL|EMAX|WARD,CARBO,Carbo-P011,1.0053165458084428
WEIBULL|EMAX|WARD,CARBO,Carbo-P012,0.96161600657297075
WEIBULL|EMAX|WARD,CARBO,Carbo-P013,0.98853700000008859
WEIBULL|EMAX|WARD,CARBO,Carbo-P014,1.0189845473052053
WEIBULL|EMAX|WARD,CARBO,Carbo-P015,0.98994882731587652
WEIBULL|EMAX|WARD,CARBO,Carbo-P016,0.99829220000000018
WEIBULL|EMAX|WARD,CARBO,Carbo-P017,0.78499685040350475
WEIBULL|EMAX|WARD,CARBO,Carbo-P018,1.0122208249564084
WEIBULL|EMAX|WARD,CARBO,Carbo-P019,0.9996204342230528
WEIBULL|EMAX|WARD,CARBO,Carbo-P020,0.99951666666666661
WEIBULL|EMAX|WARD,CARBO,Carbo-P021,1.0033910988670449
WEIBULL|EMAX|WARD,CARBO,Carbo-P022,0.99083482653984167
WEIBULL|EMAX|WARD,CARBO,Carbo-P023,0.95472310815342376
WEIBULL|EMAX|WARD,CARBO,Carbo-P024,1.0052619219453787
WEIBULL|EMAX|WARD,CARBO_A,CarboA-P001,0.99229975003580284
WEIBULL|EMAX|WARD,CARBO_A,CarboA-P002,1.0105125136414681
WEIBULL|EMAX|WARD,CARBO_A,CarboA-P003,0.94932282555542036
WEIBULL|EMAX|WARD,CARBO_A,CarboA-P004,0.56335518712874111
WEIBULL|EMAX|WARD,CARBO_A,CarboA-P005,0.99881050358483559
WEIBULL|EMAX|WARD,CARBO_A,CarboA-P006,0.99932999999999994
WEIBULL|EMAX|WARD,CARBO_A,CarboA-P007,0.99934177777778166
WEIBULL|EMAX|WARD,CARBO_A,CarboA-P008,0.99658224281027974
WEIBULL|EMAX|WARD,CARBO_A,CarboA-P009,0.99911579757848845
WEIBULL|EMAX|WARD,CARBO_A,CarboA-P010,0.94197133333370708
WEIBULL|EMAX|WARD,CARBO_A,CarboA-P011,0.97897004164451573
WEIBULL|EMAX|WARD,CARBO_A,CarboA-P012,0.98715262434015572
WEIBULL|EMAX|WARD,CARBO_A,CarboA-P013,0.96486923071259456
WEIBULL|EMAX|WARD,CDDP,CDDP-P001,0.98377562527088647
WEIBULL|EMAX|WARD,CDDP,CDDP-P002,1.0003425996720348
WEIBULL|EMAX|WARD,CDDP,CDDP-P003,1.0060660356029214
WEIBULL|EMAX|WARD,CDDP,CDDP-P004,0.58227445298803548
WEIBULL|EMAX|WARD,CDDP,CDDP-P005,0.99758574198973549
WEIBULL|EMAX|WARD,CDDP,CDDP-P006,0.98215949999999985
WEIBULL|EMAX|WARD,CDDP,CDDP-P007,1.0211150277104561
WEIBULL|EMAX|WARD,CDDP,CDDP-P008,0.95663809224547869
WEIBULL|EMAX|WARD,CDDP,CDDP-P009,0.99468198931488461
WEIBULL|EMAX|WARD,CDDP,CDDP-P010,0.93309365447562687
WEIBULL|EMAX|WARD,CDDP,CDDP-P011,0.97741246231277579
WEIBULL|EMAX|WARD,CDDP,CDDP-P012,0.96765016666667236
WEIBULL|EMAX|WARD,CDDP,CDDP-P013,0.96852168317582255
WEIBULL|EMAX|WARD,CDDP,CDDP-P014,0.75645481195254005
WEIBULL|EMAX|WARD,CDDP,CDDP-P015,0.8497122856289997
WEIBULL|EMAX|WARD,CDDP,CDDP-P016,0.99479431569709553
WEIBULL|EMAX|WARD,CDDP,CDDP-P017,0.95563115189311454
WEIBULL|EMAX|WARD,CDDP,CDDP-P018,1.0130400835446269
WEIBULL|EMAX|WARD,CDDP_A,CDDPA-P001,0.98422327881184135
WEIBULL|EMAX|WARD,CDDP_A,CDDPA-P002,0.79188172057435346
WEIBULL|EMAX|WARD,CDDP_A,CDDPA-P003,0.98797466666666656
WEIBULL|EMAX|WARD,CDDP_A,CDDPA-P004,0.99962970086992708
WEIBULL|EMAX|WARD,CDDP_A,CDDPA-P005,0.99521400156221174
WEIBULL|EMAX|WARD,CDDP_A,CDDPA-P006,0.99144036134525426
WEIBULL|EMAX|WARD,CDDP_A,CDDPA-P007,0.88948390397468324
WEIBULL|EMAX|WARD,CDDP_A,CDDPA-P008,0.73258266248742054
WEIBULL|EMAX|WARD,CDDP_A,CDDPA-P009,0.98237910270376705
WEIBULL|EMAX|WARD,CDDP_A,CDDPA-P010,0.42289965949837122
WEIBULL|EMAX|WARD,CDDP_A,CDDPA-P011,0.8128973995421549
WEIBULL|EMAX|WARD,CDDP_A,CDDPA-P012,0.86846590435835835
WEIBULL|EMAX|WARD,CDDP_A,CDDPA-P013,0.9725122617427715
WEIBULL|EMAX|WARD,CDDP_A,CDDPA-P014,0.73989592072419685
WEIBULL|EMAX|WARD,CDDP_A,CDDPA-P015,0.95861402019843067
WEIBULL|EMAX|WARD,CDDP_A,CDDPA-P016,0.99936183506712439
WEIBULL|EMAX|WARD,CDDP_A,CDDPA-P017,0.55709241574773227
WEIBULL|EMAX|WARD,CDDP_A,CDDPA-P018,0.9617763349439663
WEIBULL|EMAX|WARD,ETO,ETO-P001,0.24399950558252581
WEIBULL|EMAX|WARD,ETO,ETO-P002,0.68276243987649143
WEIBULL|EMAX|WARD,ETO,ETO-P003,0.24597433332406099
WEIBULL|EMAX|WARD,ETO,ETO-P004,0.92818438723440255
WEIBULL|EMAX|WARD,ETO,ETO-P005,0.98147009312831568
WEIBULL|EMAX|WARD,ETO,ETO-P006,0.9096789100039776
WEIBULL|EMAX|WARD,ETO,ETO-P007,0.9985980000000001
WEIBULL|EMAX|WARD,ETO,ETO-P008,0.10427355555555549
WEIBULL|EMAX|WARD,ETO,ETO-P009,0.47496784560300326
WEIBULL|EMAX|WARD,ETO,ETO-P010,0.36617569230769237
WEIBULL|EMAX|WARD,ETO,ETO-P011,0.2898249999992199
WEIBULL|EMAX|WARD,ETO,ETO-P012,0.74045546431272424
WEIBULL|EMAX|WARD,ETO,ETO-P013,0.087358386088203552
WEIBULL|EMAX|WARD,ETO,ETO-P014,0.24241777870183773
WEIBULL|EMAX|WARD,ETO,ETO-P015,0.58685597355926267
WEIBULL|EMAX|WARD,ETO,ETO-P016,0.41645125076373929
WEIBULL|EMAX|WARD,ETO,ETO-P017,0.2715166321692164
WEIBULL|EMAX|WARD,ETO,ETO-P018,0.47410564933642707
WEIBULL|EMAX|TIED_GMM,5FU,5FU-P001,1.0047935160500945
WEIBULL|EMAX|TIED_GMM,5FU,5FU-P002,0.99245705525680961
WEIBULL|EMAX|TIED_GMM,5FU,5FU-P003,0.94748073395813026
WEIBULL|EMAX|TIED_GMM,5FU,5FU-P004,0.72625916244351785
WEIBULL|EMAX|TIED_GMM,5FU,5FU-P005,0.97853960313579424
WEIBULL|EMAX|TIED_GMM,5FU,5FU-P006,0.83322163656847115
WEIBULL|EMAX|TIED_GMM,5FU,5FU-P007,0.953659163249445
WEIBULL|EMAX|TIED_GMM,5FU,5FU-P008,0.97338342871409278
WEIBULL|EMAX|TIED_GMM,5FU,5FU-P009,1.0162638895207916
WEIBULL|EMAX|TIED_GMM,5FU,5FU-P010,0.97017835328586188
WEIBULL|EMAX|TIED_GMM,5FU,5FU-P011,0.83317507783716271
WEIBULL|EMAX|TIED_GMM,5FU,5FU-P012,0.18547712500503849
WEIBULL|EMAX|TIED_GMM,5FU,5FU-P013,0.7669995287664948
WEIBULL|EMAX|TIED_GMM,5FU,5FU-P014,0.97490975182401951
WEIBULL|EMAX|TIED_GMM,5FU,5FU-P015,0.99109300000000011
WEIBULL|EMAX|TIED_GMM,5FU,5FU-P016,0.99597700000858769
WEIBULL|EMAX|TIED_GMM,5FU,5FU-P017,0.99475181567925197
WEIBULL|EMAX|TIED_GMM,5FU,5FU-P018,0.99353920267120466
WEIBULL|EMAX|TIED_GMM,5FU,5FU-P019,0.97904137325587759
WEIBULL|EMAX|TIED_GMM,5FU,5FU-P020,1.0158430477572187
WEIBULL|EMAX|TIED_GMM,5FU,5FU-P021,1.006759496500625
WEIBULL|EMAX|TIED_GMM,5FU,5FU-P022,1.0036212407293383
WEIBULL|EMAX|TIED_GMM,CARBO,Carbo-P001,1.0039758267740966
WEIBULL|EMAX|TIED_GMM,CARBO,Carbo-P002,1.0002584387207045
WEIBULL|EMAX|TIED_GMM,CARBO,Carbo-P003,1.0088749533851442
WEIBULL|EMAX|TIED_GMM,CARBO,Carbo-P004,0.98094140337003344
WEIBULL|EMAX|TIED_GMM,CARBO,Carbo-P005,1.0065271826761617
WEIBULL|EMAX|TIED_GMM,CARBO,Carbo-P006,1.0057822351338224
WEIBULL|EMAX|TIED_GMM,CARBO,Carbo-P007,0.99457871832321731
WEIBULL|EMAX|TIED_GMM,CARBO,Carbo-P008,0.96161784615391099
WEIBULL|EMAX|TIED_GMM,CARBO,Carbo-P009,0.94704977777777777
WEIBULL|EMAX|TIED_GMM,CARBO,Carbo-P010,1.0110598820047971
WEIBULL|EMAX|TIED_GMM,CARBO,Carbo-P011,1.0053165458084428
WEIBULL|EMAX|TIED_GMM,CARBO,Carbo-P012,0.96161600657297075
WEIBULL|EMAX|TIED_GMM,CARBO,Carbo-P013,0.98853700000008859
WEIBULL|EMAX|TIED_GMM,CARBO,Carbo-P014,1.0189845473052053
WEIBULL|EMAX|TIED_GMM,CARBO,Carbo-P015,0.98994882731587652
WEIBULL|EMAX|TIED_GMM,CARBO,Carbo-P016,0.99829220000000018
WEIBULL|EMAX|TIED_GMM,CARBO,Carbo-P017,0.78499685040350475
WEIBULL|EMAX|TIED_GMM,CARBO,Carbo-P018,1.0122208249564084
WEIBULL|EMAX|TIED_GMM,CARBO,Carbo-P019,0.9996204342230528
WEIBULL|EMAX|TIED_GMM,CARBO,Carbo-P020,0.99951666666666661
WEIBULL|EMAX|TIED_GMM,CARBO,Carbo-P021,1.0033910988670449
WEIBULL|EMAX|TIED_GMM,CARBO,Carbo-P022,0.99083482653984167
WEIBULL|EMAX|TIED_GMM,CARBO,Carbo-P023,0.95472310815342376
WEIBULL|EMAX|TIED_GMM,CARBO,Carbo-P024,1.0052619219453787
WEIBULL|EMAX|TIED_GMM,CARBO_A,CarboA-P001,0.99229975003580284
WEIBULL|EMAX|TIED_GMM,CARBO_A,CarboA-P002,1.0105125136414681
WEIBULL|EMAX|TIED_GMM,CARBO_A,CarboA-P003,0.94932282555542036
WEIBULL|EMAX|TIED_GMM,CARBO_A,CarboA-P004,0.56335518712874111
WEIBULL|EMAX|TIED_GMM,CARBO_A,CarboA-P005,0.99881050358483559
WEIBULL|EMAX|TIED_GMM,CARBO_A,CarboA-P006,0.99932999999999994
WEIBULL|EMAX|TIED_GMM,CARBO_A,CarboA-P007,0.99934177777778166
WEIBULL|EMAX|TIED_GMM,CARBO_A,CarboA-P008,0.99658224281027974
WEIBULL|EMAX|TIED_GMM,CARBO_A,CarboA-P009,0.99911579757848845
WEIBULL|EMAX|TIED_GMM,CARBO_A,CarboA-P010,0.94197133333370708
WEIBULL|EMAX|TIED_GMM,CARBO_A,CarboA-P011,0.97897004164451573
WEIBULL|EMAX|TIED_GMM,CARBO_A,CarboA-P012,0.98715262434015572
WEIBULL|EMAX|TIED_GMM,CARBO_A,CarboA-P013,0.96486923071259456
WEIBULL|EMAX|TIED_GMM,CDDP,CDDP-P001,0.98377562527088647
WEIBULL|EMAX|TIED_GMM,CDDP,CDDP-P002,1.0003425996720348
WEIBULL|EMAX|TIED_GMM,CDDP,CDDP-P003,1.0060660356029214
WEIBULL|EMAX|TIED_GMM,CDDP,CDDP-P004,0.58227445298803548
WEIBULL|EMAX|TIED_GMM,CDDP,CDDP-P005,0.99758574198973549
WEIBULL|EMAX|TIED_GMM,CDDP,CDDP-P006,0.98215949999999985
WEIBULL|EMAX|TIED_GMM,CDDP,CDDP-P007,1.0211150277104561
WEIBULL|EMAX|TIED_GMM,CDDP,CDDP-P008,0.95663809224547869
WEIBULL|EMAX|TIED_GMM,CDDP,CDDP-P009,0.99468198931488461
WEIBULL|EMAX|TIED_GMM,CDDP,CDDP-P010,0.93309365447562687
WEIBULL|EMAX|TIED_GMM,CDDP,CDDP-P011,0.97741246231277579
WEIBULL|EMAX|TIED_GMM,CDDP,CDDP-P012,0.96765016666667236
WEIBULL|EMAX|TIED_GMM,CDDP,CDDP-P013,0.96852168317582255
WEIBULL|EMAX|TIED_GMM,CDDP,CDDP-P014,0.75645481195254005
WEIBULL|EMAX|TIED_GMM,CDDP,CDDP-P015,0.8497122856289997
WEIBULL|EMAX|TIED_GMM,CDDP,CDDP-P016,0.99479431569709553
WEIBULL|EMAX|TIED_GMM,CDDP,CDDP-P017,0.95563115189311454
WEIBULL|EMAX|TIED_GMM,CDDP,CDDP-P018,1.0130400835446269
WEIBULL|EMAX|TIED_GMM,CDDP_A,CDDPA-P001,0.98422327881184135
WEIBULL|EMAX|TIED_GMM,CDDP_A,CDDPA-P002,0.79188172057435346
WEIBULL|EMAX|TIED_GMM,CDDP_A,CDDPA-P003,0.98797466666666656
WEIBULL|EMAX|TIED_GMM,CDDP_A,CDDPA-P004,0.99962970086992708
WEIBULL|EMAX|TIED_GMM,CDDP_A,CDDPA-P005,0.99521400156221174
WEIBULL|EMAX|TIED_GMM,CDDP_A,CDDPA-P006,0.99144036134525426
WEIBULL|EMAX|TIED_GMM,CDDP_A,CDDPA-P007,0.88948390397468324
WEIBULL|EMAX|TIED_GMM,CDDP_A,CDDPA-P008,0.73258266248742054
WEIBULL|EMAX|TIED_GMM,CDDP_A,CDDPA-P009,0.98237910270376705
WEIBULL|EMAX|TIED_GMM,CDDP_A,CDDPA-P010,0.42289965949837122
WEIBULL|EMAX|TIED_GMM,CDDP_A,CDDPA-P011,0.8128973995421549
WEIBULL|EMAX|TIED_GMM,CDDP_A,CDDPA-P012,0.86846590435835835
WEIBULL|EMAX|TIED_GMM,CDDP_A,CDDPA-P013,0.9725122617427715
WEIBULL|EMAX|TIED_GMM,CDDP_A,CDDPA-P014,0.73989592072419685
WEIBULL|EMAX|TIED_GMM,CDDP_A,CDDPA-P015,0.95861402019843067
WEIBULL|EMAX|TIED_GMM,CDDP_A,CDDPA-P016,0.99936183506712439
WEIBULL|EMAX|TIED_GMM,CDDP_A,CDDPA-P017,0.55709241574773227
WEIBULL|EMAX|TIED_GMM,CDDP_A,CDDPA-P018,0.9617763349439663
WEIBULL|EMAX|TIED_GMM,ETO,ETO-P001,0.24399950558252581
WEIBULL|EMAX|TIED_GMM,ETO,ETO-P002,0.68276243987649143
WEIBULL|EMAX|TIED_GMM,ETO,ETO-P003,0.24597433332406099
WEIBULL|EMAX|TIED_GMM,ETO,ETO-P004,0.92818438723440255
WEIBULL|EMAX|TIED_GMM,ETO,ETO-P005,0.98147009312831568
WEIBULL|EMAX|TIED_GMM,ETO,ETO-P006,0.9096789100039776
WEIBULL|EMAX|TIED_GMM,ETO,ETO-P007,0.9985980000000001
WEIBULL|EMAX|TIED_GMM,ETO,ETO-P008,0.10427355555555549
WEIBULL|EMAX|TIED_GMM,ETO,ETO-P009,0.47496784560300326
WEIBULL|EMAX|TIED_GMM,ETO,ETO-P010,0.36617569230769237
WEIBULL|EMAX|TIED_GMM,ETO,ETO-P011,0.2898249999992199
WEIBULL|EMAX|TIED_GMM,ETO,ETO-P012,0.74045546431272424
WEIBULL|EMAX|TIED_GMM,ETO,ETO-P013,0.087358386088203552
WEIBULL|EMAX|TIED_GMM,ETO,ETO-P014,0.24241777870183773
WEIBULL|EMAX|TIED_GMM,ETO,ETO-P015,0.58685597355926267
WEIBULL|EMAX|TIED_GMM,ETO,ETO-P016,0.41645125076373929
WEIBULL|EMAX|TIED_GMM,ETO,ETO-P017,0.2715166321692164
WEIBULL|EMAX|TIED_GMM,ETO,ETO-P018,0.47410564933642707
TRIOS,5FU,5FU-P001,0.63649352079182031
TRIOS,5FU,5FU-P002,0.65070356903404336
TRIOS,5FU,5FU-P003,0.48045926239377318
TRIOS,5FU,5FU-P004,0.52698668885011024
TRIOS,5FU,5FU-P005,0.62203765197144056
TRIOS,5FU,5FU-P006,0.52373022885789267
TRIOS,5FU,5FU-P007,0.54856079790253542
TRIOS,5FU,5FU-P008,0.6714538947320341
TRIOS,5FU,5FU-P009,0.73100968339095473
TRIOS,5FU,5FU-P010,0.32094318979313091
TRIOS,5FU,5FU-P011,0.42526645568083887
TRIOS,5FU,5FU-P012,0.15440555322224983
TRIOS,5FU,5FU-P013,0.28738332681063639
TRIOS,5FU,5FU-P014,0.38519704704604507
TRIOS,5FU,5FU-P015,0.55285415053040343
TRIOS,5FU,5FU-P016,0.82361114455217133
TRIOS,5FU,5FU-P017,0.73990328496687907
TRIOS,5FU,5FU-P018,0.74538929598865566
TRIOS,5FU,5FU-P019,0.74353531007580875
TRIOS,5FU,5FU-P020,0.45958744322211531
TRIOS,5FU,5FU-P021,0.55414467247718502
TRIOS,5FU,5FU-P022,0.75091306285067072
TRIOS,CARBO,Carbo-P001,0.89658370815200039
TRIOS,CARBO,Carbo-P002,0.46779234832092936
TRIOS,CARBO,Carbo-P003,0.71257268827516229
TRIOS,CARBO,Carbo-P004,0.62401956636925016
TRIOS,CARBO,Carbo-P005,0.71106829139397187
TRIOS,CARBO,Carbo-P006,0.71958604856427189
TRIOS,CARBO,Carbo-P007,0.79792270946676602
TRIOS,CARBO,Carbo-P008,0.73157444102912816
TRIOS,CARBO,Carbo-P009,0.32848472905900844
TRIOS,CARBO,Carbo-P010,0.75042616820239361
TRIOS,CARBO,Carbo-P011,0.58293966718252099
TRIOS,CARBO,Carbo-P012,0.64437815854388314
TRIOS,CARBO,Carbo-P013,0.34207706538269378
TRIOS,CARBO,Carbo-P014,0.49407476234845082
TRIOS,CARBO,Carbo-P015,0.84195273527563641
TRIOS,CARBO,Carbo-P016,0.38629099518311949
TRIOS,CARBO,Carbo-P017,0.41214340262368659
TRIOS,CARBO,Carbo-P018,0.44155018783281708
TRIOS,CARBO,Carbo-P019,0.95289395591749648
TRIOS,CARBO,Carbo-P020,0.86764433886732839
TRIOS,CARBO,Carbo-P021,0.43684411681233692
TRIOS,CARBO,Carbo-P022,0.69638328903812963
TRIOS,CARBO,Carbo-P023,0.54113990000072121
TRIOS,CARBO,Carbo-P024,0.71437073876082335
TRIOS,CARBO_A,CarboA-P001,0.21797576156342535
TRIOS,CARBO_A,CarboA-P002,0.53994498123587598
TRIOS,CARBO_A,CarboA-P003,0.87420327534013897
TRIOS,CARBO_A,CarboA-P004,0.21047628770178956
TRIOS,CARBO_A,CarboA-P005,0.92580958529856039
TRIOS,CARBO_A,CarboA-P006,0.28540291942533447
TRIOS,CARBO_A,CarboA-P007,0.89419541329754981
TRIOS,CARBO_A,CarboA-P008,0.53369305974315906
TRIOS,CARBO_A,CarboA-P009,0.9433172324510154
TRIOS,CARBO_A,CarboA-P010,0.60558114177937972
TRIOS,CARBO_A,CarboA-P011,0.65767701596868489
TRIOS,CARBO_A,CarboA-P012,0.82022923348246779
TRIOS,CARBO_A,CarboA-P013,0.55173587666451929
TRIOS,CDDP,CDDP-P001,0.8742166497071262
TRIOS,CDDP,CDDP-P002,0.82562646299777853
TRIOS,CDDP,CDDP-P003,0.46633000571245853
TRIOS,CDDP,CDDP-P004,0.063846932443934412
TRIOS,CDDP,CDDP-P005,0.13961688287529009
TRIOS,CDDP,CDDP-P006,0.32422224986470394
TRIOS,CDDP,CDDP-P007,0.50043278319670803
TRIOS,CDDP,CDDP-P008,0.49042658550514229
TRIOS,CDDP,CDDP-P009,0.38523442713741929
TRIOS,CDDP,CDDP-P010,0.3825803480045169
TRIOS,CDDP,CDDP-P011,0.35700510581035388
TRIOS,CDDP,CDDP-P012,0.74490778729478924
TRIOS,CDDP,CDDP-P013,0.7411096181374377
TRIOS,CDDP,CDDP-P014,0.01125007472288202
TRIOS,CDDP,CDDP-P015,0.23877361356630586
TRIOS,CDDP,CDDP-P016,0.73157600608688433
TRIOS,CDDP,CDDP-P017,0.61596864926057504
TRIOS,CDDP,CDDP-P018,0.62153078565536324
TRIOS,CDDP_A,CDDPA-P001,0.82779803487780368
TRIOS,CDDP_A,CDDPA-P002,0.64219648839243071
TRIOS,CDDP_A,CDDPA-P003,0.076113316834555481
TRIOS,CDDP_A,CDDPA-P004,0.84238377388131347
TRIOS,CDDP_A,CDDPA-P005,0.69694017201408842
TRIOS,CDDP_A,CDDPA-P006,0.78148760076450996
TRIOS,CDDP_A,CDDPA-P007,0.54475809299888756
TRIOS,CDDP_A,CDDPA-P008,0.32435352912253956
TRIOS,CDDP_A,CDDPA-P009,0.85641185100005823
TRIOS,CDDP_A,CDDPA-P010,0.068075364304191144
TRIOS,CDDP_A,CDDPA-P011,0.45278273677633185
TRIOS,CDDP_A,CDDPA-P012,0.47533687638865613
TRIOS,CDDP_A,CDDPA-P013,0.73709545821411637
TRIOS,CDDP_A,CDDPA-P014,0.45628764456026566
TRIOS,CDDP_A,CDDPA-P015,0.86146927125260475
TRIOS,CDDP_A,CDDPA-P016,0.94407946748529237
TRIOS,CDDP_A,CDDPA-P017,0.1566782909273324
TRIOS,CDDP_A,CDDPA-P018,0.5161895023880807
TRIOS,ETO,ETO-P001,0.088587187155868802
TRIOS,ETO,ETO-P002,0.46587888633867142
TRIOS,ETO,ETO-P003,0.11365000560732721
TRIOS,ETO,ETO-P004,0.86287870561694169
TRIOS,ETO,ETO-P005,0.13608061827294421
TRIOS,ETO,ETO-P006,0.62706687275645345
TRIOS,ETO,ETO-P007,0.88927510677363242
TRIOS,ETO,ETO-P008,0.15127469842287955
TRIOS,ETO,ETO-P009,0.11875889603134812
TRIOS,ETO,ETO-P010,0.27768616986024675
TRIOS,ETO,ETO-P011,0.16175543613303101
TRIOS,ETO,ETO-P012,0.13415591568262816
TRIOS,ETO,ETO-P013,0.087358388888891345
TRIOS,ETO,ETO-P014,0.060987118867193907
TRIOS,ETO,ETO-P015,0.42645528816261402
TRIOS,ETO,ETO-P016,0.16535715410675719
TRIOS,ETO,ETO-P017,0.23348197495624479
TRIOS,ETO,ETO-P018,0.38242873036788472
