cohort_id,replicate_id,member_position,cell_line
CCLE-10-AZD6244-HEM,1,1,BDCM_HAEMATOPOIETIC_AND_LYMPHOID_TISSUE
CCLE-10-AZD6244-HEM,1,2,BL70_HAEMATOPOIETIC_AND_LYMPHOID_TISSUE
CCLE-10-AZD6244-HEM,1,3,DOHH2_HAEMATOPOIETIC_AND_LYMPHOID_TISSUE
CCLE-10-AZD6244-HEM,1,4,GRANTA519_HAEMATOPOIETIC_AND_LYMPHOID_TISSUE
CCLE-10-AZD6244-HEM,1,5,HDMYZ_HAEMATOPOIETIC_AND_LYMPHOID_TISSUE
CCLE-10-AZD6244-HEM,1,6,HT_HAEMATOPOIETIC_AND_LYMPHOID_TISSUE
CCLE-10-AZD6244-HEM,1,7,JM1_HAEMATOPOIETIC_AND_LYMPHOID_TISSUE
CCLE-10-AZD6244-HEM,1,8,KARPAS299_HAEMATOPOIETIC_AND_LYMPHOID_TISSUE
CCLE-10-AZD6244-HEM,1,9,KASUMI2_HAEMATOPOIETIC_AND_LYMPHOID_TISSUE
CCLE-10-AZD6244-HEM,1,10,KCL22_HAEMATOPOIETIC_AND_LYMPHOID_TISSUE
CCLE-10-AZD6244-HEM,1,11,KHM1B_HAEMATOPOIETIC_AND_LYMPHOID_TISSUE
CCLE-10-AZD6244-HEM,1,12,KMS34_HAEMATOPOIETIC_AND_LYMPHOID_TISSUE
CCLE-10-AZD6244-HEM,1,13,KO52_HAEMATOPOIETIC_AND_LYMPHOID_TISSUE
CCLE-10-AZD6244-HEM,1,14,MOLP8_HAEMATOPOIETIC_AND_LYMPHOID_TISSUE
CCLE-10-AZD6244-HEM,1,15,P3HR1_HAEMATOPOIETIC_AND_LYMPHOID_TISSUE
CCLE-10-AZD6244-HEM,1,16,PFEIFFER_HAEMATOPOIETIC_AND_LYMPHOID_TISSUE
CCLE-10-AZD6244-HEM,1,17,SKMM2_HAEMATOPOIETIC_AND_LYMPHOID_TISSUE
CCLE-10-AZD6244-HEM,1,18,SUPM2_HAEMATOPOIETIC_AND_LYMPHOID_TISSUE
CCLE-10-AZD6244-HEM,2,1,BDCM_HAEMATOPOIETIC_AND_LYMPHOID_TISSUE
CCLE-10-AZD6244-HEM,2,2,CI1_HAEMATOPOIETIC_AND_LYMPHOID_TISSUE
CCLE-10-AZD6244-HEM,2,3,DEL_HAEMATOPOIETIC_AND_LYMPHOID_TISSUE
CCLE-10-AZD6244-HEM,2,4,EM2_HAEMATOPOIETIC_AND_LYMPHOID_TISSUE
CCLE-10-AZD6244-HEM,2,5,KARPAS299_HAEMATOPOIETIC_AND_LYMPHOID_TISSUE
CCLE-10-AZD6244-HEM,2,6,KCL22_HAEMATOPOIETIC_AND_LYMPHOID_TISSUE
CCLE-10-AZD6244-HEM,2,7,KG1_HAEMATOPOIETIC_AND_LYMPHOID_TISSUE
CCLE-10-AZD6244-HEM,2,8,KHM1B_HAEMATOPOIETIC_AND_LYMPHOID_TISSUE
CCLE-10-AZD6244-HEM,2,9,KMS11_HAEMATOPOIETIC_AND_LYMPHOID_TISSUE
CCLE-10-AZD6244-HEM,2,10,KMS26_HAEMATOPOIETIC_AND_LYMPHOID_TISSUE
CCLE-10-AZD6244-HEM,2,11,L428_HAEMATOPOIETIC_AND_LYMPHOID_TISSUE
CCLE-10-AZD6244-HEM,2,12,LP1_HAEMATOPOIETIC_AND_LYMPHOID_TISSUE
CCLE-10-AZD6244-HEM,2,13,MEG01_HAEMATOPOIETIC_AND_LYMPHOID_TISSUE
CCLE-10-AZD6244-HEM,2,14,MJ_HAEMATOPOIETIC_AND_LYMPHOID_TISSUE
CCLE-10-AZD6244-HEM,2,15,NCO2_HAEMATOPOIETIC_AND_LYMPHOID_TISSUE
CCLE-10-AZD6244-HEM,2,16,SIGM5_HAEMATOPOIETIC_AND_LYMPHOID_TISSUE
CCLE-10-AZD6244-HEM,2,17,SUDHL10_HAEMATOPOIETIC_AND_LYMPHOID_TISSUE
CCLE-10-AZD6244-HEM,2,18,SUPM2_HAEMATOPOIETIC_AND_LYMPHOID_TISSUE
CCLE-10-AZD6244-HEM,3,1,AMO1_HAEMATOPOIETIC_AND_LYMPHOID_TISSUE
CCLE-10-AZD6244-HEM,3,2,F36P_HAEMATOPOIETIC_AND_LYMPHOID_TISSUE
CCLE-10-AZD6244-HEM,3,3,HDMYZ_HAEMATOPOIETIC_AND_LYMPHOID_TISSUE
CCLE-10-AZD6244-HEM,3,4,HUT78_HAEMATOPOIETIC_AND_LYMPHOID_TISSUE
CCLE-10-AZD6244-HEM,3,5,JURKAT_HAEMATOPOIETIC_AND_LYMPHOID_TISSUE
CCLE-10-AZD6244-HEM,3,6,KASUMI2_HAEMATOPOIETIC_AND_LYMPHOID_TISSUE
CCLE-10-AZD6244-HEM,3,7,KG1_HAEMATOPOIETIC_AND_LYMPHOID_TISSUE
CCLE-10-AZD6244-HEM,3,8,L428_HAEMATOPOIETIC_AND_LYMPHOID_TISSUE
CCLE-10-AZD6244-HEM,3,9,LP1_HAEMATOPOIETIC_AND_LYMPHOID_TISSUE
CCLE-10-AZD6244-HEM,3,10,OPM2_HAEMATOPOIETIC_AND_LYMPHOID_TISSUE
CCLE-10-AZD6244-HEM,3,11,PFEIFFER_HAEMATOPOIETIC_AND_LYMPHOID_TISSUE
CCLE-10-AZD6244-HEM,3,12,REH_HAEMATOPOIETIC_AND_LYMPHOID_TISSUE
CCLE-10-AZD6244-HEM,3,13,SIGM5_HAEMATOPOIETIC_AND_LYMPHOID_TISSUE
CCLE-10-AZD6244-HEM,3,14,SUDHL4_HAEMATOPOIETIC_AND_LYMPHOID_TISSUE
CCLE-10-AZD6244-HEM,3,15,SUDHL8_HAEMATOPOIETIC_AND_LYMPHOID_TISSUE
CCLE-10-AZD6244-HEM,3,16,SUPM2_HAEMATOPOIETIC_AND_LYMPHOID_TISSUE
CCLE-10-AZD6244-HEM,3,17,SUPT1_HAEMATOPOIETIC_AND_LYMPHOID_TISSUE
CCLE-10-AZD6244-HEM,3,18,TOLEDO_HAEMATOPOIETIC_AND_LYMPHOID_TISSUE
CCLE-10-AZD6244-HEM,4,1,697_HAEMATOPOIETIC_AND_LYMPHOID_TISSUE
CCLE-10-AZD6244-HEM,4,2,ALLSIL_HAEMATOPOIETIC_AND_LYMPHOID_TISSUE
CCLE-10-AZD6244-HEM,4,3,AMO1_HAEMATOPOIETIC_AND_LYMPHOID_TISSUE
CCLE-10-AZD6244-HEM,4,4,BL41_HAEMATOPOIETIC_AND_LYMPHOID_TISSUE
CCLE-10-AZD6244-HEM,4,5,HT_HAEMATOPOIETIC_AND_LYMPHOID_TISSUE
CCLE-10-AZD6244-HEM,4,6,JVM3_HAEMATOPOIETIC_AND_LYMPHOID_TISSUE
CCLE-10-AZD6244-HEM,4,7,KARPAS620_HAEMATOPOIETIC_AND_LYMPHOID_TISSUE
CCLE-10-AZD6244-HEM,4,8,KASUMI2_HAEMATOPOIETIC_AND_LYMPHOID_TISSUE
CCLE-10-AZD6244-HEM,4,9,KG1_HAEMATOPOIETIC_AND_LYMPHOID_TISSUE
CCLE-10-AZD6244-HEM,4,10,KMM1_HAEMATOPOIETIC_AND_LYMPHOID_TISSUE
CCLE-10-AZD6244-HEM,4,11,MC116_HAEMATOPOIETIC_AND_LYMPHOID_TISSUE
CCLE-10-AZD6244-HEM,4,12,MJ_HAEMATOPOIETIC_AND_LYMPHOID_TISSUE
CCLE-10-AZD6244-HEM,4,13,MOLP8_HAEMATOPOIETIC_AND_LYMPHOID_TISSUE
CCLE-10-AZD6244-HEM,4,14,P31FUJ_HAEMATOPOIETIC_AND_LYMPHOID_TISSUE
CCLE-10-AZD6244-HEM,4,15,RAJI_HAEMATOPOIETIC_AND_LYMPHOID_TISSUE
CCLE-10-AZD6244-HEM,4,16,RPMI8402_HAEMATOPOIETIC_AND_LYMPHOID_TISSUE
CCLE-10-AZD6244-HEM,4,17,SKMM2_HAEMATOPOIETIC_AND_LYMPHOID_TISSUE
CCLE-10-AZD6244-HEM,4,18,SUDHL10_HAEMATOPOIETIC_AND_LYMPHOID_TISSUE
CCLE-10-AZD6244-HEM,5,1,ALLSIL_HAEMATOPOIETIC_AND_LYMPHOID_TISSUE
CCLE-10-AZD6244-HEM,5,2,CI1_HAEMATOPOIETIC_AND_LYMPHOID_TISSUE
CCLE-10-AZD6244-HEM,5,3,DOHH2_HAEMATOPOIETIC_AND_LYMPHOID_TISSUE
CCLE-10-AZD6244-HEM,5,4,F36P_HAEMATOPOIETIC_AND_LYMPHOID_TISSUE
CCLE-10-AZD6244-HEM,5,5,KARPAS299_HAEMATOPOIETIC_AND_LYMPHOID_TISSUE
CCLE-10-AZD6244-HEM,5,6,KCL22_HAEMATOPOIETIC_AND_LYMPHOID_TISSUE
CCLE-10-AZD6244-HEM,5,7,KHM1B_HAEMATOPOIETIC_AND_LYMPHOID_TISSUE
CCLE-10-AZD6244-HEM,5,8,KMM1_HAEMATOPOIETIC_AND_LYMPHOID_TISSUE
CCLE-10-AZD6244-HEM,5,9,KMS26_HAEMATOPOIETIC_AND_LYMPHOID_TISSUE
CCLE-10-AZD6244-HEM,5,10,L363_HAEMATOPOIETIC_AND_LYMPHOID_TISSUE
CCLE-10-AZD6244-HEM,5,11,LP1_HAEMATOPOIETIC_AND_LYMPHOID_TISSUE
CCLE-10-AZD6244-HEM,5,12,MC116_HAEMATOPOIETIC_AND_LYMPHOID_TISSUE
CCLE-10-AZD6244-HEM,5,13,MEG01_HAEMATOPOIETIC_AND_LYMPHOID_TISSUE
CCLE-10-AZD6244-HEM,5,14,MINO_HAEMATOPOIETIC_AND_LYMPHOID_TISSUE
CCLE-10-AZD6244-HEM,5,15,OCIAML2_HAEMATOPOIETIC_AND_LYMPHOID_TISSUE
CCLE-10-AZD6244-HEM,5,16,SUDHL8_HAEMATOPOIETIC_AND_LYMPHOID_TISSUE
CCLE-10-AZD6244-HEM,5,17,SUPM2_HAEMATOPOIETIC_AND_LYMPHOID_TISSUE
CCLE-10-AZD6244-HEM,5,18,U937_HAEMATOPOIETIC_AND_LYMPHOID_TISSUE
CCLE-10-AZD6244-HEM,6,1,AMO1_HAEMATOPOIETIC_AND_LYMPHOID_TISSUE
CCLE-10-AZD6244-HEM,6,2,BL70_HAEMATOPOIETIC_AND_LYMPHOID_TISSUE
CCLE-10-AZD6244-HEM,6,3,EM2_HAEMATOPOIETIC_AND_LYMPHOID_TISSUE
CCLE-10-AZD6244-HEM,6,4,HH_HAEMATOPOIETIC_AND_LYMPHOID_TISSUE
CCLE-10-AZD6244-HEM,6,5,KARPAS620_HAEMATOPOIETIC_AND_LYMPHOID_TISSUE
CCLE-10-AZD6244-HEM,6,6,KCL22_HAEMATOPOIETIC_AND_LYMPHOID_TISSUE
CCLE-10-AZD6244-HEM,6,7,KG1_HAEMATOPOIETIC_AND_LYMPHOID_TISSUE
CCLE-10-AZD6244-HEM,6,8,KHM1B_HAEMATOPOIETIC_AND_LYMPHOID_TISSUE
CCLE-10-AZD6244-HEM,6,9,KMM1_HAEMATOPOIETIC_AND_LYMPHOID_TISSUE
CCLE-10-AZD6244-HEM,6,10,KMS11_HAEMATOPOIETIC_AND_LYMPHOID_TISSUE
CCLE-10-AZD6244-HEM,6,11,MC116_HAEMATOPOIETIC_AND_LYMPHOID_TISSUE
CCLE-10-AZD6244-HEM,6,12,MEG01_HAEMATOPOIETIC_AND_LYMPHOID_TISSUE
CCLE-10-AZD6244-HEM,6,13,MINO_HAEMATOPOIETIC_AND_LYMPHOID_TISSUE
CCLE-10-AZD6244-HEM,6,14,OCIAML5_HAEMATOPOIETIC_AND_LYMPHOID_TISSUE
CCLE-10-AZD6244-HEM,6,15,P31FUJ_HAEMATOPOIETIC_AND_LYMPHOID_TISSUE
CCLE-10-AZD6244-HEM,6,16,P3HR1_HAEMATOPOIETIC_AND_LYMPHOID_TISSUE
CCLE-10-AZD6244-HEM,6,17,SUDHL4_HAEMATOPOIETIC_AND_LYMPHOID_TISSUE
CCLE-10-AZD6244-HEM,6,18,SUDHL8_HAEMATOPOIETIC_AND_LYMPHOID_TISSUE
CCLE-10-AZD6244-HEM,7,1,CI1_HAEMATOPOIETIC_AND_LYMPHOID_TISSUE
CCLE-10-AZD6244-HEM,7,2,HUT78_HAEMATOPOIETIC_AND_LYMPHOID_TISSUE
CCLE-10-AZD6244-HEM,7,3,JURKAT_HAEMATOPOIETIC_AND_LYMPHOID_TISSUE
CCLE-10-AZD6244-HEM,7,4,KARPAS299_HAEMATOPOIETIC_AND_LYMPHOID_TISSUE
CCLE-10-AZD6244-HEM,7,5,KCL22_HAEMATOPOIETIC_AND_LYMPHOID_TISSUE
CCLE-10-AZD6244-HEM,7,6,KMS34_HAEMATOPOIETIC_AND_LYMPHOID_TISSUE
CCLE-10-AZD6244-HEM,7,7,KU812_HAEMATOPOIETIC_AND_LYMPHOID_TISSUE
CCLE-10-AZD6244-HEM,7,8,MC116_HAEMATOPOIETIC_AND_LYMPHOID_TISSUE
CCLE-10-AZD6244-HEM,7,9,MINO_HAEMATOPOIETIC_AND_LYMPHOID_TISSUE
CCLE-10-AZD6244-HEM,7,10,OPM2_HAEMATOPOIETIC_AND_LYMPHOID_TISSUE
CCLE-10-AZD6244-HEM,7,11,PFEIFFER_HAEMATOPOIETIC_AND_LYMPHOID_TISSUE
CCLE-10-AZD6244-HEM,7,12,RAJI_HAEMATOPOIETIC_AND_LYMPHOID_TISSUE
CCLE-10-AZD6244-HEM,7,13,RPMI8402_HAEMATOPOIETIC_AND_LYMPHOID_TISSUE
CCLE-10-AZD6244-HEM,7,14,SIGM5_HAEMATOPOIETIC_AND_LYMPHOID_TISSUE
CCLE-10-AZD6244-HEM,7,15,SUDHL4_HAEMATOPOIETIC_AND_LYMPHOID_TISSUE
CCLE-10-AZD6244-HEM,7,16,SUDHL8_HAEMATOPOIETIC_AND_LYMPHOID_TISSUE
CCLE-10-AZD6244-HEM,7,17,SUPT1_HAEMATOPOIETIC_AND_LYMPHOID_TISSUE
CCLE-10-AZD6244-HEM,7,18,U937_HAEMATOPOIETIC_AND_LYMPHOID_TISSUE
CCLE-10-AZD6244-HEM,8,1,697_HAEMATOPOIETIC_AND_LYMPHOID_TISSUE
CCLE-10-AZD6244-HEM,8,2,AMO1_HAEMATOPOIETIC_AND_LYMPHOID_TISSUE
CCLE-10-AZD6244-HEM,8,3,BDCM_HAEMATOPOIETIC_AND_LYMPHOID_TISSUE
CCLE-10-AZD6244-HEM,8,4,BL70_HAEMATOPOIETIC_AND_LYMPHOID_TISSUE
CCLE-10-AZD6244-HEM,8,5,DOHH2_HAEMATOPOIETIC_AND_LYMPHOID_TISSUE
CCLE-10-AZD6244-HEM,8,6,F36P_HAEMATOPOIETIC_AND_LYMPHOID_TISSUE
CCLE-10-AZD6244-HEM,8,7,GRANTA519_HAEMATOPOIETIC_AND_LYMPHOID_TISSUE
CCLE-10-AZD6244-HEM,8,8,KASUMI2_HAEMATOPOIETIC_AND_LYMPHOID_TISSUE
CCLE-10-AZD6244-HEM,8,9,KMS26_HAEMATOPOIETIC_AND_LYMPHOID_TISSUE
CCLE-10-AZD6244-HEM,8,10,KU812_HAEMATOPOIETIC_AND_LYMPHOID_TISSUE
CCLE-10-AZD6244-HEM,8,11,L363_HAEMATOPOIETIC_AND_LYMPHOID_TISSUE
CCLE-10-AZD6244-HEM,8,12,MOLT16_HAEMATOPOIETIC_AND_LYMPHOID_TISSUE
CCLE-10-AZD6244-HEM,8,13,OCIAML2_HAEMATOPOIETIC_AND_LYMPHOID_TISSUE
CCLE-10-AZD6244-HEM,8,14,P12ICHIKAWA_HAEMATOPOIETIC_AND_LYMPHOID_TISSUE
CCLE-10-AZD6244-HEM,8,15,P31FUJ_HAEMATOPOIETIC_AND_LYMPHOID_TISSUE
CCLE-10-AZD6244-HEM,8,16,SIGM5_HAEMATOPOIETIC_AND_LYMPHOID_TISSUE
CCLE-10-AZD6244-HEM,8,17,SUDHL8_HAEMATOPOIETIC_AND_LYMPHOID_TISSUE
CCLE-10-AZD6244-HEM,8,18,SUPT1_HAEMATOPOIETIC_AND_LYMPHOID_TISSUE
CCLE-10-AZD6244-HEM,9,1,BDCM_HAEMATOPOIETIC_AND_LYMPHOID_TISSUE
CCLE-10-AZD6244-HEM,9,2,BL70_HAEMATOPOIETIC_AND_LYMPHOID_TISSUE
CCLE-10-AZD6244-HEM,9,3,DOHH2_HAEMATOPOIETIC_AND_LYMPHOID_TISSUE
CCLE-10-AZD6244-HEM,9,4,EM2_HAEMATOPOIETIC_AND_LYMPHOID_TISSUE
CCLE-10-AZD6244-HEM,9,5,HH_HAEMATOPOIETIC_AND_LYMPHOID_TISSUE
CCLE-10-AZD6244-HEM,9,6,HT_HAEMATOPOIETIC_AND_LYMPHOID_TISSUE
CCLE-10-AZD6244-HEM,9,7,JURKAT_HAEMATOPOIETIC_AND_LYMPHOID_TISSUE
CCLE-10-AZD6244-HEM,9,8,JVM3_HAEMATOPOIETIC_AND_LYMPHOID_TISSUE
CCLE-10-AZD6244-HEM,9,9,KU812_HAEMATOPOIETIC_AND_LYMPHOID_TISSUE
CCLE-10-AZD6244-HEM,9,10,MINO_HAEMATOPOIETIC_AND_LYMPHOID_TISSUE
CCLE-10-AZD6244-HEM,9,11,MOLT16_HAEMATOPOIETIC_AND_LYMPHOID_TISSUE
CCLE-10-AZD6244-HEM,9,12,OCIAML2_HAEMATOPOIETIC_AND_LYMPHOID_TISSUE
CCLE-10-AZD6244-HEM,9,13,P31FUJ_HAEMATOPOIETIC_AND_LYMPHOID_TISSUE
CCLE-10-AZD6244-HEM,9,14,P3HR1_HAEMATOPOIETIC_AND_LYMPHOID_TISSUE
CCLE-10-AZD6244-HEM,9,15,SUDHL4_HAEMATOPOIETIC_AND_LYMPHOID_TISSUE
CCLE-10-AZD6244-HEM,9,16,SUPM2_HAEMATOPOIETIC_AND_LYMPHOID_TISSUE
CCLE-10-AZD6244-HEM,9,17,SUPT1_HAEMATOPOIETIC_AND_LYMPHOID_TISSUE
CCLE-10-AZD6244-HEM,9,18,U937_HAEMATOPOIETIC_AND_LYMPHOID_TISSUE
CCLE-10-AZD6244-HEM,10,1,CI1_HAEMATOPOIETIC_AND_LYMPHOID_TISSUE
CCLE-10-AZD6244-HEM,10,2,HDMYZ_HAEMATOPOIETIC_AND_LYMPHOID_TISSUE
CCLE-10-AZD6244-HEM,10,3,HUT78_HAEMATOPOIETIC_AND_LYMPHOID_TISSUE
CCLE-10-AZD6244-HEM,10,4,KARPAS299_HAEMATOPOIETIC_AND_LYMPHOID_TISSUE
CCLE-10-AZD6244-HEM,10,5,KARPAS620_HAEMATOPOIETIC_AND_LYMPHOID_TISSUE
CCLE-10-AZD6244-HEM,10,6,KASUMI2_HAEMATOPOIETIC_AND_LYMPHOID_TISSUE
CCLE-10-AZD6244-HEM,10,7,KCL22_HAEMATOPOIETIC_AND_LYMPHOID_TISSUE
CCLE-10-AZD6244-HEM,10,8,KHM1B_HAEMATOPOIETIC_AND_LYMPHOID_TISSUE
CCLE-10-AZD6244-HEM,10,9,KMM1_HAEMATOPOIETIC_AND_LYMPHOID_TISSUE
CCLE-10-AZD6244-HEM,10,10,KMS11_HAEMATOPOIETIC_AND_LYMPHOID_TISSUE
CCLE-10-AZD6244-HEM,10,11,KU812_HAEMATOPOIETIC_AND_LYMPHOID_TISSUE
CCLE-10-AZD6244-HEM,10,12,L363_HAEMATOPOIETIC_AND_LYMPHOID_TISSUE
CCLE-10-AZD6244-HEM,10,13,MINO_HAEMATOPOIETIC_AND_LYMPHOID_TISSUE
CCLE-10-AZD6244-HEM,10,14,MJ_HAEMATOPOIETIC_AND_LYMPHOID_TISSUE
CCLE-10-AZD6244-HEM,10,15,P31FUJ_HAEMATOPOIETIC_AND_LYMPHOID_TISSUE
CCLE-10-AZD6244-HEM,10,16,SUDHL4_HAEMATOPOIETIC_AND_LYMPHOID_TISSUE
CCLE-10-AZD6244-HEM,10,17,SUDHL8_HAEMATOPOIETIC_AND_LYMPHOID_TISSUE
CCLE-10-AZD6244-HEM,10,18,SUPM2_HAEMATOPOIETIC_AND_LYMPHOID_TISSUE
CCLE-10-AZD6244-HEM,11,1,CI1_HAEMATOPOIETIC_AND_LYMPHOID_TISSUE
CCLE-10-AZD6244-HEM,11,2,DEL_HAEMATOPOIETIC_AND_LYMPHOID_TISSUE
CCLE-10-AZD6244-HEM,11,3,HDMYZ_HAEMATOPOIETIC_AND_LYMPHOID_TISSUE
CCLE-10-AZD6244-HEM,11,4,HH_HAEMATOPOIETIC_AND_LYMPHOID_TISSUE
CCLE-10-AZD6244-HEM,11,5,JURKAT_HAEMATOPOIETIC_AND_LYMPHOID_TISSUE
CCLE-10-AZD6244-HEM,11,6,KASUMI2_HAEMATOPOIETIC_AND_LYMPHOID_TISSUE
CCLE-10-AZD6244-HEM,11,7,KO52_HAEMATOPOIETIC_AND_LYMPHOID_TISSUE
CCLE-10-AZD6244-HEM,11,8,L428_HAEMATOPOIETIC_AND_LYMPHOID_TISSUE
CCLE-10-AZD6244-HEM,11,9,MC116_HAEMATOPOIETIC_AND_LYMPHOID_TISSUE
CCLE-10-AZD6244-HEM,11,10,MJ_HAEMATOPOIETIC_AND_LYMPHOID_TISSUE
CCLE-10-AZD6244-HEM,11,11,MOLP8_HAEMATOPOIETIC_AND_LYMPHOID_TISSUE
CCLE-10-AZD6244-HEM,11,12,OCIAML2_HAEMATOPOIETIC_AND_LYMPHOID_TISSUE
CCLE-10-AZD6244-HEM,11,13,OCIAML5_HAEMATOPOIETIC_AND_LYMPHOID_TISSUE
CCLE-10-AZD6244-HEM,11,14,P31FUJ_HAEMATOPOIETIC_AND_LYMPHOID_TISSUE
CCLE-10-AZD6244-HEM,11,15,RPMI8402_HAEMATOPOIETIC_AND_LYMPHOID_TISSUE
CCLE-10-AZD6244-HEM,11,16,SUDHL6_HAEMATOPOIETIC_AND_LYMPHOID_TISSUE
CCLE-10-AZD6244-HEM,11,17,TOLEDO_HAEMATOPOIETIC_AND_LYMPHOID_TISSUE
CCLE-10-AZD6244-HEM,11,18,U937_HAEMATOPOIETIC_AND_LYMPHOID_TISSUE
CCLE-10-AZD6244-HEM,12,1,BL41_HAEMATOPOIETIC_AND_LYMPHOID_TISSUE
CCLE-10-AZD6244-HEM,12,2,CI1_HAEMATOPOIETIC_AND_LYMPHOID_TISSUE
CCLE-10-AZD6244-HEM,12,3,GRANTA519_HAEMATOPOIETIC_AND_LYMPHOID_TISSUE
CCLE-10-AZD6244-HEM,12,4,HDMYZ_HAEMATOPOIETIC_AND_LYMPHOID_TISSUE
CCLE-10-AZD6244-HEM,12,5,HH_HAEMATOPOIETIC_AND_LYMPHOID_TISSUE
CCLE-10-AZD6244-HEM,12,6,KARPAS299_HAEMATOPOIETIC_AND_LYMPHOID_TISSUE
CCLE-10-AZD6244-HEM,12,7,KARPAS620_HAEMATOPOIETIC_AND_LYMPHOID_TISSUE
CCLE-10-AZD6244-HEM,12,8,KASUMI2_HAEMATOPOIETIC_AND_LYMPHOID_TISSUE
CCLE-10-AZD6244-HEM,12,9,KG1_HAEMATOPOIETIC_AND_LYMPHOID_TISSUE
CCLE-10-AZD6244-HEM,12,10,KMS11_HAEMATOPOIETIC_AND_LYMPHOID_TISSUE
CCLE-10-AZD6244-HEM,12,11,MC116_HAEMATOPOIETIC_AND_LYMPHOID_TISSUE
CCLE-10-AZD6244-HEM,12,12,NCO2_HAEMATOPOIETIC_AND_LYMPHOID_TISSUE
CCLE-10-AZD6244-HEM,12,13,OCIAML2_HAEMATOPOIETIC_AND_LYMPHOID_TISSUE
CCLE-10-AZD6244-HEM,12,14,P3HR1_HAEMATOPOIETIC_AND_LYMPHOID_TISSUE
CCLE-10-AZD6244-HEM,12,15,SUDHL4_HAEMATOPOIETIC_AND_LYMPHOID_TISSUE
CCLE-10-AZD6244-HEM,12,16,SUDHL6_HAEMATOPOIETIC_AND_LYMPHOID_TISSUE
CCLE-10-AZD6244-HEM,12,17,SUPM2_HAEMATOPOIETIC_AND_LYMPHOID_TISSUE
CCLE-10-AZD6244-HEM,12,18,SUPT1_HAEMATOPOIETIC_AND_LYMPHOID_TISSUE
CCLE-10-AZD6244-HEM,13,1,F36P_HAEMATOPOIETIC_AND_LYMPHOID_TISSUE
CCLE-10-AZD6244-HEM,13,2,HT_HAEMATOPOIETIC_AND_LYMPHOID_TISSUE
CCLE-10-AZD6244-HEM,13,3,JM1_HAEMATOPOIETIC_AND_LYMPHOID_TISSUE
CCLE-10-AZD6244-HEM,13,4,KARPAS299_HAEMATOPOIETIC_AND_LYMPHOID_TISSUE
CCLE-10-AZD6244-HEM,13,5,KCL22_HAEMATOPOIETIC_AND_LYMPHOID_TISSUE
CCLE-10-AZD6244-HEM,13,6,KHM1B_HAEMATOPOIETIC_AND_LYMPHOID_TISSUE
CCLE-10-AZD6244-HEM,13,7,KMS34_HAEMATOPOIETIC_AND_LYMPHOID_TISSUE
CCLE-10-AZD6244-HEM,13,8,L363_HAEMATOPOIETIC_AND_LYMPHOID_TISSUE
CCLE-10-AZD6244-HEM,13,9,L428_HAEMATOPOIETIC_AND_LYMPHOID_TISSUE
CCLE-10-AZD6244-HEM,13,10,MOLT16_HAEMATOPOIETIC_AND_LYMPHOID_TISSUE
CCLE-10-AZD6244-HEM,13,11,OCIAML2_HAEMATOPOIETIC_AND_LYMPHOID_TISSUE
CCLE-10-AZD6244-HEM,13,12,OPM2_HAEMATOPOIETIC_AND_LYMPHOID_TISSUE
CCLE-10-AZD6244-HEM,13,13,P3HR1_HAEMATOPOIETIC_AND_LYMPHOID_TISSUE
CCLE-10-AZD6244-HEM,13,14,RAJI_HAEMATOPOIETIC_AND_LYMPHOID_TISSUE
CCLE-10-AZD6244-HEM,13,15,SUDHL10_HAEMATOPOIETIC_AND_LYMPHOID_TISSUE
CCLE-10-AZD6244-HEM,13,16,SUDHL8_HAEMATOPOIETIC_AND_LYMPHOID_TISSUE
CCLE-10-AZD6244-HEM,13,17,SUPT1_HAEMATOPOIETIC_AND_LYMPHOID_TISSUE
CCLE-10-AZD6244-HEM,13,18,U937_HAEMATOPOIETIC_AND_LYMPHOID_TISSUE
CCLE-10-AZD6244-HEM,14,1,BDCM_HAEMATOPOIETIC_AND_LYMPHOID_TISSUE
CCLE-10-AZD6244-HEM,14,2,BL70_HAEMATOPOIETIC_AND_LYMPHOID_TISSUE
CCLE-10-AZD6244-HEM,14,3,DEL_HAEMATOPOIETIC_AND_LYMPHOID_TISSUE
CCLE-10-AZD6244-HEM,14,4,HDMYZ_HAEMATOPOIETIC_AND_LYMPHOID_TISSUE
CCLE-10-AZD6244-HEM,14,5,JURKAT_HAEMATOPOIETIC_AND_LYMPHOID_TISSUE
CCLE-10-AZD6244-HEM,14,6,KARPAS620_HAEMATOPOIETIC_AND_LYMPHOID_TISSUE
CCLE-10-AZD6244-HEM,14,7,KG1_HAEMATOPOIETIC_AND_LYMPHOID_TISSUE
CCLE-10-AZD6244-HEM,14,8,KMS12BM_HAEMATOPOIETIC_AND_LYMPHOID_TISSUE
CCLE-10-AZD6244-HEM,14,9,KMS34_HAEMATOPOIETIC_AND_LYMPHOID_TISSUE
CCLE-10-AZD6244-HEM,14,10,L428_HAEMATOPOIETIC_AND_LYMPHOID_TISSUE
CCLE-10-AZD6244-HEM,14,11,MJ_HAEMATOPOIETIC_AND_LYMPHOID_TISSUE
CCLE-10-AZD6244-HEM,14,12,NCO2_HAEMATOPOIETIC_AND_LYMPHOID_TISSUE
CCLE-10-AZD6244-HEM,14,13,OCIAML2_HAEMATOPOIETIC_AND_LYMPHOID_TISSUE
CCLE-10-AZD6244-HEM,14,14,OCIAML5_HAEMATOPOIETIC_AND_LYMPHOID_TISSUE
CCLE-10-AZD6244-HEM,14,15,OPM2_HAEMATOPOIETIC_AND_LYMPHOID_TISSUE
CCLE-10-AZD6244-HEM,14,16,SUPT1_HAEMATOPOIETIC_AND_LYMPHOID_TISSUE
CCLE-10-AZD6244-HEM,14,17,TOLEDO_HAEMATOPOIETIC_AND_LYMPHOID_TISSUE
CCLE-10-AZD6244-HEM,14,18,U937_HAEMATOPOIETIC_AND_LYMPHOID_TISSUE
CCLE-10-AZD6244-HEM,15,1,BDCM_HAEMATOPOIETIC_AND_LYMPHOID_TISSUE
CCLE-10-AZD6244-HEM,15,2,HUT78_HAEMATOPOIETIC_AND_LYMPHOID_TISSUE
CCLE-10-AZD6244-HEM,15,3,JM1_HAEMATOPOIETIC_AND_LYMPHOID_TISSUE
CCLE-10-AZD6244-HEM,15,4,JVM3_HAEMATOPOIETIC_AND_LYMPHOID_TISSUE
CCLE-10-AZD6244-HEM,15,5,KARPAS299_HAEMATOPOIETIC_AND_LYMPHOID_TISSUE
CCLE-10-AZD6244-HEM,15,6,KG1_HAEMATOPOIETIC_AND_LYMPHOID_TISSUE
CCLE-10-AZD6244-HEM,15,7,KMM1_HAEMATOPOIETIC_AND_LYMPHOID_TISSUE
CCLE-10-AZD6244-HEM,15,8,KMS12BM_HAEMATOPOIETIC_AND_LYMPHOID_TISSUE
CCLE-10-AZD6244-HEM,15,9,KO52_HAEMATOPOIETIC_AND_LYMPHOID_TISSUE
CCLE-10-AZD6244-HEM,15,10,L363_HAEMATOPOIETIC_AND_LYMPHOID_TISSUE
CCLE-10-AZD6244-HEM,15,11,L428_HAEMATOPOIETIC_AND_LYMPHOID_TISSUE
CCLE-10-AZD6244-HEM,15,12,MC116_HAEMATOPOIETIC_AND_LYMPHOID_TISSUE
CCLE-10-AZD6244-HEM,15,13,MOLP8_HAEMATOPOIETIC_AND_LYMPHOID_TISSUE
CCLE-10-AZD6244-HEM,15,14,P12ICHIKAWA_HAEMATOPOIETIC_AND_LYMPHOID_TISSUE
CCLE-10-AZD6244-HEM,15,15,RPMI8402_HAEMATOPOIETIC_AND_LYMPHOID_TISSUE
CCLE-10-AZD6244-HEM,15,16,SIGM5_HAEMATOPOIETIC_AND_LYMPHOID_TISSUE
CCLE-10-AZD6244-HEM,15,17,SUPM2_HAEMATOPOIETIC_AND_LYMPHOID_TISSUE
CCLE-10-AZD6244-HEM,15,18,TOLEDO_HAEMATOPOIETIC_AND_LYMPHOID_TISSUE
CCLE-10-AZD6244-HEM,16,1,ALLSIL_HAEMATOPOIETIC_AND_LYMPHOID_TISSUE
CCLE-10-AZD6244-HEM,16,2,BDCM_HAEMATOPOIETIC_AND_LYMPHOID_TISSUE
CCLE-10-AZD6244-HEM,16,3,CI1_HAEMATOPOIETIC_AND_LYMPHOID_TISSUE
CCLE-10-AZD6244-HEM,16,4,DOHH2_HAEMATOPOIETIC_AND_LYMPHOID_TISSUE
CCLE-10-AZD6244-HEM,16,5,F36P_HAEMATOPOIETIC_AND_LYMPHOID_TISSUE
CCLE-10-AZD6244-HEM,16,6,GRANTA519_HAEMATOPOIETIC_AND_LYMPHOID_TISSUE
CCLE-10-AZD6244-HEM,16,7,HH_HAEMATOPOIETIC_AND_LYMPHOID_TISSUE
CCLE-10-AZD6244-HEM,16,8,JURKAT_HAEMATOPOIETIC_AND_LYMPHOID_TISSUE
CCLE-10-AZD6244-HEM,16,9,KARPAS620_HAEMATOPOIETIC_AND_LYMPHOID_TISSUE
CCLE-10-AZD6244-HEM,16,10,KASUMI2_HAEMATOPOIETIC_AND_LYMPHOID_TISSUE
CCLE-10-AZD6244-HEM,16,11,KMS26_HAEMATOPOIETIC_AND_LYMPHOID_TISSUE
CCLE-10-AZD6244-HEM,16,12,MEG01_HAEMATOPOIETIC_AND_LYMPHOID_TISSUE
CCLE-10-AZD6244-HEM,16,13,MOLT16_HAEMATOPOIETIC_AND_LYMPHOID_TISSUE
CCLE-10-AZD6244-HEM,16,14,P31FUJ_HAEMATOPOIETIC_AND_LYMPHOID_TISSUE
CCLE-10-AZD6244-HEM,16,15,P3HR1_HAEMATOPOIETIC_AND_LYMPHOID_TISSUE
CCLE-10-AZD6244-HEM,16,16,REH_HAEMATOPOIETIC_AND_LYMPHOID_TISSUE
CCLE-10-AZD6244-HEM,16,17,RPMI8402_HAEMATOPOIETIC_AND_LYMPHOID_TISSUE
CCLE-10-AZD6244-HEM,16,18,SKMM2_HAEMATOPOIETIC_AND_LYMPHOID_TISSUE
CCLE-10-AZD6244-HEM,17,1,AMO1_HAEMATOPOIETIC_AND_LYMPHOID_TISSUE
CCLE-10-AZD6244-HEM,17,2,BDCM_HAEMATOPOIETIC_AND_LYMPHOID_TISSUE
CCLE-10-AZD6244-HEM,17,3,BL70_HAEMATOPOIETIC_AND_LYMPHOID_TISSUE
CCLE-10-AZD6244-HEM,17,4,CI1_HAEMATOPOIETIC_AND_LYMPHOID_TISSUE
CCLE-10-AZD6244-HEM,17,5,HT_HAEMATOPOIETIC_AND_LYMPHOID_TISSUE
CCLE-10-AZD6244-HEM,17,6,JVM3_HAEMATOPOIETIC_AND_LYMPHOID_TISSUE
CCLE-10-AZD6244-HEM,17,7,KARPAS299_HAEMATOPOIETIC_AND_LYMPHOID_TISSUE
CCLE-10-AZD6244-HEM,17,8,KASUMI2_HAEMATOPOIETIC_AND_LYMPHOID_TISSUE
CCLE-10-AZD6244-HEM,17,9,KG1_HAEMATOPOIETIC_AND_LYMPHOID_TISSUE
CCLE-10-AZD6244-HEM,17,10,KMM1_HAEMATOPOIETIC_AND_LYMPHOID_TISSUE
CCLE-10-AZD6244-HEM,17,11,KMS12BM_HAEMATOPOIETIC_AND_LYMPHOID_TISSUE
CCLE-10-AZD6244-HEM,17,12,KMS26_HAEMATOPOIETIC_AND_LYMPHOID_TISSUE
CCLE-10-AZD6244-HEM,17,13,KU812_HAEMATOPOIETIC_AND_LYMPHOID_TISSUE
CCLE-10-AZD6244-HEM,17,14,MOLP8_HAEMATOPOIETIC_AND_LYMPHOID_TISSUE
CCLE-10-AZD6244-HEM,17,15,NCO2_HAEMATOPOIETIC_AND_LYMPHOID_TISSUE
CCLE-10-AZD6244-HEM,17,16,P12ICHIKAWA_HAEMATOPOIETIC_AND_LYMPHOID_TISSUE
CCLE-10-AZD6244-HEM,17,17,P3HR1_HAEMATOPOIETIC_AND_LYMPHOID_TISSUE
CCLE-10-AZD6244-HEM,17,18,REH_HAEMATOPOIETIC_AND_LYMPHOID_TISSUE
CCLE-10-AZD6244-HEM,18,1,697_HAEMATOPOIETIC_AND_LYMPHOID_TISSUE
CCLE-10-AZD6244-HEM,18,2,AMO1_HAEMATOPOIETIC_AND_LYMPHOID_TISSUE
CCLE-10-AZD6244-HEM,18,3,CI1_HAEMATOPOIETIC_AND_LYMPHOID_TISSUE
CCLE-10-AZD6244-HEM,18,4,F36P_HAEMATOPOIETIC_AND_LYMPHOID_TISSUE
CCLE-10-AZD6244-HEM,18,5,HT_HAEMATOPOIETIC_AND_LYMPHOID_TISSUE
CCLE-10-AZD6244-HEM,18,6,JVM3_HAEMATOPOIETIC_AND_LYMPHOID_TISSUE
CCLE-10-AZD6244-HEM,18,7,KARPAS299_HAEMATOPOIETIC_AND_LYMPHOID_TISSUE
CCLE-10-AZD6244-HEM,18,8,KARPAS620_HAEMATOPOIETIC_AND_LYMPHOID_TISSUE
CCLE-10-AZD6244-HEM,18,9,KASUMI2_HAEMATOPOIETIC_AND_LYMPHOID_TISSUE
CCLE-10-AZD6244-HEM,18,10,KMM1_HAEMATOPOIETIC_AND_LYMPHOID_TISSUE
CCLE-10-AZD6244-HEM,18,11,L363_HAEMATOPOIETIC_AND_LYMPHOID_TISSUE
CCLE-10-AZD6244-HEM,18,12,LP1_HAEMATOPOIETIC_AND_LYMPHOID_TISSUE
CCLE-10-AZD6244-HEM,18,13,MC116_HAEMATOPOIETIC_AND_LYMPHOID_TISSUE
CCLE-10-AZD6244-HEM,18,14,NCO2_HAEMATOPOIETIC_AND_LYMPHOID_TISSUE
CCLE-10-AZD6244-HEM,18,15,OCIAML2_HAEMATOPOIETIC_AND_LYMPHOID_TISSUE
CCLE-10-AZD6244-HEM,18,16,RAJI_HAEMATOPOIETIC_AND_LYMPHOID_TISSUE
CCLE-10-AZD6244-HEM,18,17,SUPT1_HAEMATOPOIETIC_AND_LYMPHOID_TISSUE
CCLE-10-AZD6244-HEM,18,18,U937_HAEMATOPOIETIC_AND_LYMPHOID_TISSUE
CCLE-10-AZD6244-HEM,19,1,ALLSIL_HAEMATOPOIETIC_AND_LYMPHOID_TISSUE
CCLE-10-AZD6244-HEM,19,2,HT_HAEMATOPOIETIC_AND_LYMPHOID_TISSUE
CCLE-10-AZD6244-HEM,19,3,HUT78_HAEMATOPOIETIC_AND_LYMPHOID_TISSUE
CCLE-10-AZD6244-HEM,19,4,JURKAT_HAEMATOPOIETIC_AND_LYMPHOID_TISSUE
CCLE-10-AZD6244-HEM,19,5,KG1_HAEMATOPOIETIC_AND_LYMPHOID_TISSUE
CCLE-10-AZD6244-HEM,19,6,KHM1B_HAEMATOPOIETIC_AND_LYMPHOID_TISSUE
CCLE-10-AZD6244-HEM,19,7,KMS11_HAEMATOPOIETIC_AND_LYMPHOID_TISSUE
CCLE-10-AZD6244-HEM,19,8,KMS26_HAEMATOPOIETIC_AND_LYMPHOID_TISSUE
CCLE-10-AZD6244-HEM,19,9,KMS34_HAEMATOPOIETIC_AND_LYMPHOID_TISSUE
CCLE-10-AZD6244-HEM,19,10,L363_HAEMATOPOIETIC_AND_LYMPHOID_TISSUE
CCLE-10-AZD6244-HEM,19,11,OCIAML2_HAEMATOPOIETIC_AND_LYMPHOID_TISSUE
CCLE-10-AZD6244-HEM,19,12,OPM2_HAEMATOPOIETIC_AND_LYMPHOID_TISSUE
CCLE-10-AZD6244-HEM,19,13,PFEIFFER_HAEMATOPOIETIC_AND_LYMPHOID_TISSUE
CCLE-10-AZD6244-HEM,19,14,RPMI8402_HAEMATOPOIETIC_AND_LYMPHOID_TISSUE
CCLE-10-AZD6244-HEM,19,15,SUDHL4_HAEMATOPOIETIC_AND_LYMPHOID_TISSUE
CCLE-10-AZD6244-HEM,19,16,SUDHL6_HAEMATOPOIETIC_AND_LYMPHOID_TISSUE
CCLE-10-AZD6244-HEM,19,17,SUDHL8_HAEMATOPOIETIC_AND_LYMPHOID_TISSUE
CCLE-10-AZD6244-HEM,19,18,SUPT1_HAEMATOPOIETIC_AND_LYMPHOID_TISSUE
CCLE-10-AZD6244-HEM,20,1,ALLSIL_HAEMATOPOIETIC_AND_LYMPHOID_TISSUE
CCLE-10-AZD6244-HEM,20,2,AMO1_HAEMATOPOIETIC_AND_LYMPHOID_TISSUE
CCLE-10-AZD6244-HEM,20,3,BL41_HAEMATOPOIETIC_AND_LYMPHOID_TISSUE
CCLE-10-AZD6244-HEM,20,4,F36P_HAEMATOPOIETIC_AND_LYMPHOID_TISSUE
CCLE-10-AZD6244-HEM,20,5,HH_HAEMATOPOIETIC_AND_LYMPHOID_TISSUE
CCLE-10-AZD6244-HEM,20,6,JM1_HAEMATOPOIETIC_AND_LYMPHOID_TISSUE
CCLE-10-AZD6244-HEM,20,7,JURKAT_HAEMATOPOIETIC_AND_LYMPHOID_TISSUE
CCLE-10-AZD6244-HEM,20,8,JVM3_HAEMATOPOIETIC_AND_LYMPHOID_TISSUE
CCLE-10-AZD6244-HEM,20,9,KARPAS620_HAEMATOPOIETIC_AND_LYMPHOID_TISSUE
CCLE-10-AZD6244-HEM,20,10,KHM1B_HAEMATOPOIETIC_AND_LYMPHOID_TISSUE
CCLE-10-AZD6244-HEM,20,11,KO52_HAEMATOPOIETIC_AND_LYMPHOID_TISSUE
CCLE-10-AZD6244-HEM,20,12,NCO2_HAEMATOPOIETIC_AND_LYMPHOID_TISSUE
CCLE-10-AZD6244-HEM,20,13,OCIAML5_HAEMATOPOIETIC_AND_LYMPHOID_TISSUE
CCLE-10-AZD6244-HEM,20,14,OPM2_HAEMATOPOIETIC_AND_LYMPHOID_TISSUE
CCLE-10-AZD6244-HEM,20,15,P12ICHIKAWA_HAEMATOPOIETIC_AND_LYMPHOID_TISSUE
CCLE-10-AZD6244-HEM,20,16,P3HR1_HAEMATOPOIETIC_AND_LYMPHOID_TISSUE
CCLE-10-AZD6244-HEM,20,17,SUDHL10_HAEMATOPOIETIC_AND_LYMPHOID_TISSUE
CCLE-10-AZD6244-HEM,20,18,SUDHL4_HAEMATOPOIETIC_AND_LYMPHOID_TISSUE
CCLE-10-AZD6244-HEM,21,1,ALLSIL_HAEMATOPOIETIC_AND_LYMPHOID_TISSUE
CCLE-10-AZD6244-HEM,21,2,CI1_HAEMATOPOIETIC_AND_LYMPHOID_TISSUE
CCLE-10-AZD6244-HEM,21,3,DOHH2_HAEMATOPOIETIC_AND_LYMPHOID_TISSUE
CCLE-10-AZD6244-HEM,21,4,GRANTA519_HAEMATOPOIETIC_AND_LYMPHOID_TISSUE
CCLE-10-AZD6244-HEM,21,5,HDMYZ_HAEMATOPOIETIC_AND_LYMPHOID_TISSUE
CCLE-10-AZD6244-HEM,21,6,HH_HAEMATOPOIETIC_AND_LYMPHOID_TISSUE
CCLE-10-AZD6244-HEM,21,7,JM1_HAEMATOPOIETIC_AND_LYMPHOID_TISSUE
CCLE-10-AZD6244-HEM,21,8,JURKAT_HAEMATOPOIETIC_AND_LYMPHOID_TISSUE
CCLE-10-AZD6244-HEM,21,9,JVM3_HAEMATOPOIETIC_AND_LYMPHOID_TISSUE
CCLE-10-AZD6244-HEM,21,10,KARPAS620_HAEMATOPOIETIC_AND_LYMPHOID_TISSUE
CCLE-10-AZD6244-HEM,21,11,KASUMI2_HAEMATOPOIETIC_AND_LYMPHOID_TISSUE
CCLE-10-AZD6244-HEM,21,12,KMS11_HAEMATOPOIETIC_AND_LYMPHOID_TISSUE
CCLE-10-AZD6244-HEM,21,13,L363_HAEMATOPOIETIC_AND_LYMPHOID_TISSUE
CCLE-10-AZD6244-HEM,21,14,MEG01_HAEMATOPOIETIC_AND_LYMPHOID_TISSUE
CCLE-10-AZD6244-HEM,21,15,OPM2_HAEMATOPOIETIC_AND_LYMPHOID_TISSUE
CCLE-10-AZD6244-HEM,21,16,P3HR1_HAEMATOPOIETIC_AND_LYMPHOID_TISSUE
CCLE-10-AZD6244-HEM,21,17,PFEIFFER_HAEMATOPOIETIC_AND_LYMPHOID_TISSUE
CCLE-10-AZD6244-HEM,21,18,SUPT1_HAEMATOPOIETIC_AND_LYMPHOID_TISSUE
CCLE-10-AZD6244-HEM,22,1,ALLSIL_HAEMATOPOIETIC_AND_LYMPHOID_TISSUE
CCLE-10-AZD6244-HEM,22,2,BDCM_HAEMATOPOIETIC_AND_LYMPHOID_TISSUE
CCLE-10-AZD6244-HEM,22,3,DEL_HAEMATOPOIETIC_AND_LYMPHOID_TISSUE
CCLE-10-AZD6244-HEM,22,4,HH_HAEMATOPOIETIC_AND_LYMPHOID_TISSUE
CCLE-10-AZD6244-HEM,22,5,KARPAS299_HAEMATOPOIETIC_AND_LYMPHOID_TISSUE
CCLE-10-AZD6244-HEM,22,6,KARPAS620_HAEMATOPOIETIC_AND_LYMPHOID_TISSUE
CCLE-10-AZD6244-HEM,22,7,KMS34_HAEMATOPOIETIC_AND_LYMPHOID_TISSUE
CCLE-10-AZD6244-HEM,22,8,KU812_HAEMATOPOIETIC_AND_LYMPHOID_TISSUE
CCLE-10-AZD6244-HEM,22,9,MC116_HAEMATOPOIETIC_AND_LYMPHOID_TISSUE
CCLE-10-AZD6244-HEM,22,10,MEG01_HAEMATOPOIETIC_AND_LYMPHOID_TISSUE
CCLE-10-AZD6244-HEM,22,11,P31FUJ_HAEMATOPOIETIC_AND_LYMPHOID_TISSUE
CCLE-10-AZD6244-HEM,22,12,P3HR1_HAEMATOPOIETIC_AND_LYMPHOID_TISSUE
CCLE-10-AZD6244-HEM,22,13,RAJI_HAEMATOPOIETIC_AND_LYMPHOID_TISSUE
CCLE-10-AZD6244-HEM,22,14,SKMM2_HAEMATOPOIETIC_AND_LYMPHOID_TISSUE
CCLE-10-AZD6244-HEM,22,15,SUDHL6_HAEMATOPOIETIC_AND_LYMPHOID_TISSUE
CCLE-10-AZD6244-HEM,22,16,SUPT1_HAEMATOPOIETIC_AND_LYMPHOID_TISSUE
CCLE-10-AZD6244-HEM,22,17,TOLEDO_HAEMATOPOIETIC_AND_LYMPHOID_TISSUE
CCLE-10-AZD6244-HEM,22,18,U937_HAEMATOPOIETIC_AND_LYMPHOID_TISSUE
CCLE-10-AZD6244-HEM,23,1,AMO1_HAEMATOPOIETIC_AND_LYMPHOID_TISSUE
CCLE-10-AZD6244-HEM,23,2,DOHH2_HAEMATOPOIETIC_AND_LYMPHOID_TISSUE
CCLE-10-AZD6244-HEM,23,3,HDMYZ_HAEMATOPOIETIC_AND_LYMPHOID_TISSUE
CCLE-10-AZD6244-HEM,23,4,HH_HAEMATOPOIETIC_AND_LYMPHOID_TISSUE
CCLE-10-AZD6244-HEM,23,5,KARPAS620_HAEMATOPOIETIC_AND_LYMPHOID_TISSUE
CCLE-10-AZD6244-HEM,23,6,KCL22_HAEMATOPOIETIC_AND_LYMPHOID_TISSUE
CCLE-10-AZD6244-HEM,23,7,KG1_HAEMATOPOIETIC_AND_LYMPHOID_TISSUE
CCLE-10-AZD6244-HEM,23,8,KMS11_HAEMATOPOIETIC_AND_LYMPHOID_TISSUE
CCLE-10-AZD6244-HEM,23,9,KU812_HAEMATOPOIETIC_AND_LYMPHOID_TISSUE
CCLE-10-AZD6244-HEM,23,10,MJ_HAEMATOPOIETIC_AND_LYMPHOID_TISSUE
CCLE-10-AZD6244-HEM,23,11,OCIAML5_HAEMATOPOIETIC_AND_LYMPHOID_TISSUE
CCLE-10-AZD6244-HEM,23,12,PFEIFFER_HAEMATOPOIETIC_AND_LYMPHOID_TISSUE
CCLE-10-AZD6244-HEM,23,13,RAJI_HAEMATOPOIETIC_AND_LYMPHOID_TISSUE
CCLE-10-AZD6244-HEM,23,14,SKMM2_HAEMATOPOIETIC_AND_LYMPHOID_TISSUE
CCLE-10-AZD6244-HEM,23,15,SUDHL10_HAEMATOPOIETIC_AND_LYMPHOID_TISSUE
CCLE-10-AZD6244-HEM,23,16,SUPM2_HAEMATOPOIETIC_AND_LYMPHOID_TISSUE
CCLE-10-AZD6244-HEM,23,17,TOLEDO_HAEMATOPOIETIC_AND_LYMPHOID_TISSUE
CCLE-10-AZD6244-HEM,23,18,U937_HAEMATOPOIETIC_AND_LYMPHOID_TISSUE
CCLE-10-AZD6244-HEM,24,1,BDCM_HAEMATOPOIETIC_AND_LYMPHOID_TISSUE
CCLE-10-AZD6244-HEM,24,2,BL70_HAEMATOPOIETIC_AND_LYMPHOID_TISSUE
CCLE-10-AZD6244-HEM,24,3,DEL_HAEMATOPOIETIC_AND_LYMPHOID_TISSUE
CCLE-10-AZD6244-HEM,24,4,GRANTA519_HAEMATOPOIETIC_AND_LYMPHOID_TISSUE
CCLE-10-AZD6244-HEM,24,5,HDMYZ_HAEMATOPOIETIC_AND_LYMPHOID_TISSUE
CCLE-10-AZD6244-HEM,24,6,HUT78_HAEMATOPOIETIC_AND_LYMPHOID_TISSUE
CCLE-10-AZD6244-HEM,24,7,KCL22_HAEMATOPOIETIC_AND_LYMPHOID_TISSUE
CCLE-10-AZD6244-HEM,24,8,MEG01_HAEMATOPOIETIC_AND_LYMPHOID_TISSUE
CCLE-10-AZD6244-HEM,24,9,MOLP8_HAEMATOPOIETIC_AND_LYMPHOID_TISSUE
CCLE-10-AZD6244-HEM,24,10,MOLT16_HAEMATOPOIETIC_AND_LYMPHOID_TISSUE
CCLE-10-AZD6244-HEM,24,11,NCO2_HAEMATOPOIETIC_AND_LYMPHOID_TISSUE
CCLE-10-AZD6244-HEM,24,12,OCIAML2_HAEMATOPOIETIC_AND_LYMPHOID_TISSUE
CCLE-10-AZD6244-HEM,24,13,P3HR1_HAEMATOPOIETIC_AND_LYMPHOID_TISSUE
CCLE-10-AZD6244-HEM,24,14,RAJI_HAEMATOPOIETIC_AND_LYMPHOID_TISSUE
CCLE-10-AZD6244-HEM,24,15,REH_HAEMATOPOIETIC_AND_LYMPHOID_TISSUE
CCLE-10-AZD6244-HEM,24,16,RPMI8402_HAEMATOPOIETIC_AND_LYMPHOID_TISSUE
CCLE-10-AZD6244-HEM,24,17,SUDHL10_HAEMATOPOIETIC_AND_LYMPHOID_TISSUE
CCLE-10-AZD6244-HEM,24,18,SUPT1_HAEMATOPOIETIC_AND_LYMPHOID_TISSUE
CCLE-10-AZD6244-HEM,25,1,697_HAEMATOPOIETIC_AND_LYMPHOID_TISSUE
CCLE-10-AZD6244-HEM,25,2,BDCM_HAEMATOPOIETIC_AND_LYMPHOID_TISSUE
CCLE-10-AZD6244-HEM,25,3,GRANTA519_HAEMATOPOIETIC_AND_LYMPHOID_TISSUE
CCLE-10-AZD6244-HEM,25,4,HT_HAEMATOPOIETIC_AND_LYMPHOID_TISSUE
CCLE-10-AZD6244-HEM,25,5,KARPAS299_HAEMATOPOIETIC_AND_LYMPHOID_TISSUE
CCLE-10-AZD6244-HEM,25,6,KMS34_HAEMATOPOIETIC_AND_LYMPHOID_TISSUE
CCLE-10-AZD6244-HEM,25,7,KU812_HAEMATOPOIETIC_AND_LYMPHOID_TISSUE
CCLE-10-AZD6244-HEM,25,8,MOLP8_HAEMATOPOIETIC_AND_LYMPHOID_TISSUE
CCLE-10-AZD6244-HEM,25,9,NCO2_HAEMATOPOIETIC_AND_LYMPHOID_TISSUE
CCLE-10-AZD6244-HEM,25,10,OCIAML2_HAEMATOPOIETIC_AND_LYMPHOID_TISSUE
CCLE-10-AZD6244-HEM,25,11,P12ICHIKAWA_HAEMATOPOIETIC_AND_LYMPHOID_TISSUE
CCLE-10-AZD6244-HEM,25,12,P3HR1_HAEMATOPOIETIC_AND_LYMPHOID_TISSUE
CCLE-10-AZD6244-HEM,25,13,PFEIFFER_HAEMATOPOIETIC_AND_LYMPHOID_TISSUE
CCLE-10-AZD6244-HEM,25,14,REH_HAEMATOPOIETIC_AND_LYMPHOID_TISSUE
CCLE-10-AZD6244-HEM,25,15,SIGM5_HAEMATOPOIETIC_AND_LYMPHOID_TISSUE
CCLE-10-AZD6244-HEM,25,16,SKMM2_HAEMATOPOIETIC_AND_LYMPHOID_TISSUE
CCLE-10-AZD6244-HEM,25,17,SUDHL8_HAEMATOPOIETIC_AND_LYMPHOID_TISSUE
CCLE-10-AZD6244-HEM,25,18,SUPT1_HAEMATOPOIETIC_AND_LYMPHOID_TISSUE
CCLE-10-AZD6244-HEM,26,1,BDCM_HAEMATOPOIETIC_AND_LYMPHOID_TISSUE
CCLE-10-AZD6244-HEM,26,2,BL41_HAEMATOPOIETIC_AND_LYMPHOID_TISSUE
CCLE-10-AZD6244-HEM,26,3,DEL_HAEMATOPOIETIC_AND_LYMPHOID_TISSUE
CCLE-10-AZD6244-HEM,26,4,DOHH2_HAEMATOPOIETIC_AND_LYMPHOID_TISSUE
CCLE-10-AZD6244-HEM,26,5,EM2_HAEMATOPOIETIC_AND_LYMPHOID_TISSUE
CCLE-10-AZD6244-HEM,26,6,F36P_HAEMATOPOIETIC_AND_LYMPHOID_TISSUE
CCLE-10-AZD6244-HEM,26,7,JM1_HAEMATOPOIETIC_AND_LYMPHOID_TISSUE
CCLE-10-AZD6244-HEM,26,8,KARPAS299_HAEMATOPOIETIC_AND_LYMPHOID_TISSUE
CCLE-10-AZD6244-HEM,26,9,KMS12BM_HAEMATOPOIETIC_AND_LYMPHOID_TISSUE
CCLE-10-AZD6244-HEM,26,10,KO52_HAEMATOPOIETIC_AND_LYMPHOID_TISSUE
CCLE-10-AZD6244-HEM,26,11,L363_HAEMATOPOIETIC_AND_LYMPHOID_TISSUE
CCLE-10-AZD6244-HEM,26,12,L428_HAEMATOPOIETIC_AND_LYMPHOID_TISSUE
CCLE-10-AZD6244-HEM,26,13,MJ_HAEMATOPOIETIC_AND_LYMPHOID_TISSUE
CCLE-10-AZD6244-HEM,26,14,OCIAML5_HAEMATOPOIETIC_AND_LYMPHOID_TISSUE
CCLE-10-AZD6244-HEM,26,15,REH_HAEMATOPOIETIC_AND_LYMPHOID_TISSUE
CCLE-10-AZD6244-HEM,26,16,RPMI8402_HAEMATOPOIETIC_AND_LYMPHOID_TISSUE
CCLE-10-AZD6244-HEM,26,17,SUDHL8_HAEMATOPOIETIC_AND_LYMPHOID_TISSUE
CCLE-10-AZD6244-HEM,26,18,TOLEDO_HAEMATOPOIETIC_AND_LYMPHOID_TISSUE
CCLE-10-AZD6244-HEM,27,1,CI1_HAEMATOPOIETIC_AND_LYMPHOID_TISSUE
CCLE-10-AZD6244-HEM,27,2,F36P_HAEMATOPOIETIC_AND_LYMPHOID_TISSUE
CCLE-10-AZD6244-HEM,27,3,HUT78_HAEMATOPOIETIC_AND_LYMPHOID_TISSUE
CCLE-10-AZD6244-HEM,27,4,JURKAT_HAEMATOPOIETIC_AND_LYMPHOID_TISSUE
CCLE-10-AZD6244-HEM,27,5,KARPAS299_HAEMATOPOIETIC_AND_LYMPHOID_TISSUE
CCLE-10-AZD6244-HEM,27,6,KG1_HAEMATOPOIETIC_AND_LYMPHOID_TISSUE
CCLE-10-AZD6244-HEM,27,7,KHM1B_HAEMATOPOIETIC_AND_LYMPHOID_TISSUE
CCLE-10-AZD6244-HEM,27,8,KMM1_HAEMATOPOIETIC_AND_LYMPHOID_TISSUE
CCLE-10-AZD6244-HEM,27,9,KMS12BM_HAEMATOPOIETIC_AND_LYMPHOID_TISSUE
CCLE-10-AZD6244-HEM,27,10,KMS34_HAEMATOPOIETIC_AND_LYMPHOID_TISSUE
CCLE-10-AZD6244-HEM,27,11,LP1_HAEMATOPOIETIC_AND_LYMPHOID_TISSUE
CCLE-10-AZD6244-HEM,27,12,NCO2_HAEMATOPOIETIC_AND_LYMPHOID_TISSUE
CCLE-10-AZD6244-HEM,27,13,OPM2_HAEMATOPOIETIC_AND_LYMPHOID_TISSUE
CCLE-10-AZD6244-HEM,27,14,P31FUJ_HAEMATOPOIETIC_AND_LYMPHOID_TISSUE
CCLE-10-AZD6244-HEM,27,15,SUDHL10_HAEMATOPOIETIC_AND_LYMPHOID_TISSUE
CCLE-10-AZD6244-HEM,27,16,SUDHL4_HAEMATOPOIETIC_AND_LYMPHOID_TISSUE
CCLE-10-AZD6244-HEM,27,17,SUDHL6_HAEMATOPOIETIC_AND_LYMPHOID_TISSUE
CCLE-10-AZD6244-HEM,27,18,TOLEDO_HAEMATOPOIETIC_AND_LYMPHOID_TISSUE
CCLE-10-AZD6244-HEM,28,1,BDCM_HAEMATOPOIETIC_AND_LYMPHOID_TISSUE
CCLE-10-AZD6244-HEM,28,2,BL70_HAEMATOPOIETIC_AND_LYMPHOID_TISSUE
CCLE-10-AZD6244-HEM,28,3,CI1_HAEMATOPOIETIC_AND_LYMPHOID_TISSUE
CCLE-10-AZD6244-HEM,28,4,EM2_HAEMATOPOIETIC_AND_LYMPHOID_TISSUE
CCLE-10-AZD6244-HEM,28,5,HDMYZ_HAEMATOPOIETIC_AND_LYMPHOID_TISSUE
CCLE-10-AZD6244-HEM,28,6,KARPAS299_HAEMATOPOIETIC_AND_LYMPHOID_TISSUE
CCLE-10-AZD6244-HEM,28,7,KARPAS620_HAEMATOPOIETIC_AND_LYMPHOID_TISSUE
CCLE-10-AZD6244-HEM,28,8,KASUMI2_HAEMATOPOIETIC_AND_LYMPHOID_TISSUE
CCLE-10-AZD6244-HEM,28,9,KG1_HAEMATOPOIETIC_AND_LYMPHOID_TISSUE
CCLE-10-AZD6244-HEM,28,10,KMS34_HAEMATOPOIETIC_AND_LYMPHOID_TISSUE
CCLE-10-AZD6244-HEM,28,11,KO52_HAEMATOPOIETIC_AND_LYMPHOID_TISSUE
CCLE-10-AZD6244-HEM,28,12,LP1_HAEMATOPOIETIC_AND_LYMPHOID_TISSUE
CCLE-10-AZD6244-HEM,28,13,OCIAML5_HAEMATOPOIETIC_AND_LYMPHOID_TISSUE
CCLE-10-AZD6244-HEM,28,14,OPM2_HAEMATOPOIETIC_AND_LYMPHOID_TISSUE
CCLE-10-AZD6244-HEM,28,15,RAJI_HAEMATOPOIETIC_AND_LYMPHOID_TISSUE
CCLE-10-AZD6244-HEM,28,16,RPMI8402_HAEMATOPOIETIC_AND_LYMPHOID_TISSUE
CCLE-10-AZD6244-HEM,28,17,SKMM2_HAEMATOPOIETIC_AND_LYMPHOID_TISSUE
CCLE-10-AZD6244-HEM,28,18,SUDHL4_HAEMATOPOIETIC_AND_LYMPHOID_TISSUE
CCLE-10-AZD6244-HEM,29,1,ALLSIL_HAEMATOPOIETIC_AND_LYMPHOID_TISSUE
CCLE-10-AZD6244-HEM,29,2,CI1_HAEMATOPOIETIC_AND_LYMPHOID_TISSUE
CCLE-10-AZD6244-HEM,29,3,DOHH2_HAEMATOPOIETIC_AND_LYMPHOID_TISSUE
CCLE-10-AZD6244-HEM,29,4,EM2_HAEMATOPOIETIC_AND_LYMPHOID_TISSUE
CCLE-10-AZD6244-HEM,29,5,F36P_HAEMATOPOIETIC_AND_LYMPHOID_TISSUE
CCLE-10-AZD6244-HEM,29,6,GRANTA519_HAEMATOPOIETIC_AND_LYMPHOID_TISSUE
CCLE-10-AZD6244-HEM,29,7,HDMYZ_HAEMATOPOIETIC_AND_LYMPHOID_TISSUE
CCLE-10-AZD6244-HEM,29,8,JVM3_HAEMATOPOIETIC_AND_LYMPHOID_TISSUE
CCLE-10-AZD6244-HEM,29,9,KARPAS299_HAEMATOPOIETIC_AND_LYMPHOID_TISSUE
CCLE-10-AZD6244-HEM,29,10,KHM1B_HAEMATOPOIETIC_AND_LYMPHOID_TISSUE
CCLE-10-AZD6244-HEM,29,11,KO52_HAEMATOPOIETIC_AND_LYMPHOID_TISSUE
CCLE-10-AZD6244-HEM,29,12,L363_HAEMATOPOIETIC_AND_LYMPHOID_TISSUE
CCLE-10-AZD6244-HEM,29,13,MEG01_HAEMATOPOIETIC_AND_LYMPHOID_TISSUE
CCLE-10-AZD6244-HEM,29,14,OPM2_HAEMATOPOIETIC_AND_LYMPHOID_TISSUE
CCLE-10-AZD6244-HEM,29,15,SKMM2_HAEMATOPOIETIC_AND_LYMPHOID_TISSUE
CCLE-10-AZD6244-HEM,29,16,SUDHL4_HAEMATOPOIETIC_AND_LYMPHOID_TISSUE
CCLE-10-AZD6244-HEM,29,17,SUPT1_HAEMATOPOIETIC_AND_LYMPHOID_TISSUE
CCLE-10-AZD6244-HEM,29,18,U937_HAEMATOPOIETIC_AND_LYMPHOID_TISSUE
CCLE-10-AZD6244-HEM,30,1,ALLSIL_HAEMATOPOIETIC_AND_LYMPHOID_TISSUE
CCLE-10-AZD6244-HEM,30,2,BL70_HAEMATOPOIETIC_AND_LYMPHOID_TISSUE
CCLE-10-AZD6244-HEM,30,3,CI1_HAEMATOPOIETIC_AND_LYMPHOID_TISSUE
CCLE-10-AZD6244-HEM,30,4,HDMYZ_HAEMATOPOIETIC_AND_LYMPHOID_TISSUE
CCLE-10-AZD6244-HEM,30,5,HH_HAEMATOPOIETIC_AND_LYMPHOID_TISSUE
CCLE-10-AZD6244-HEM,30,6,HT_HAEMATOPOIETIC_AND_LYMPHOID_TISSUE
CCLE-10-AZD6244-HEM,30,7,KARPAS299_HAEMATOPOIETIC_AND_LYMPHOID_TISSUE
CCLE-10-AZD6244-HEM,30,8,KARPAS620_HAEMATOPOIETIC_AND_LYMPHOID_TISSUE
CCLE-10-AZD6244-HEM,30,9,KHM1B_HAEMATOPOIETIC_AND_LYMPHOID_TISSUE
CCLE-10-AZD6244-HEM,30,10,KMS26_HAEMATOPOIETIC_AND_LYMPHOID_TISSUE
CCLE-10-AZD6244-HEM,30,11,L363_HAEMATOPOIETIC_AND_LYMPHOID_TISSUE
CCLE-10-AZD6244-HEM,30,12,MEG01_HAEMATOPOIETIC_AND_LYMPHOID_TISSUE
CCLE-10-AZD6244-HEM,30,13,P12ICHIKAWA_HAEMATOPOIETIC_AND_LYMPHOID_TISSUE
CCLE-10-AZD6244-HEM,30,14,P3HR1_HAEMATOPOIETIC_AND_LYMPHOID_TISSUE
CCLE-10-AZD6244-HEM,30,15,RAJI_HAEMATOPOIETIC_AND_LYMPHOID_TISSUE
CCLE-10-AZD6244-HEM,30,16,SKMM2_HAEMATOPOIETIC_AND_LYMPHOID_TISSUE
CCLE-10-AZD6244-HEM,30,17,SUDHL8_HAEMATOPOIETIC_AND_LYMPHOID_TISSUE
CCLE-10-AZD6244-HEM,30,18,SUPM2_HAEMATOPOIETIC_AND_LYMPHOID_TISSUE
CCLE-10-AZD6244-HEM,31,1,BL70_HAEMATOPOIETIC_AND_LYMPHOID_TISSUE
CCLE-10-AZD6244-HEM,31,2,HDMYZ_HAEMATOPOIETIC_AND_LYMPHOID_TISSUE
CCLE-10-AZD6244-HEM,31,3,JVM3_HAEMATOPOIETIC_AND_LYMPHOID_TISSUE
CCLE-10-AZD6244-HEM,31,4,KARPAS620_HAEMATOPOIETIC_AND_LYMPHOID_TISSUE
CCLE-10-AZD6244-HEM,31,5,KMS11_HAEMATOPOIETIC_AND_LYMPHOID_TISSUE
CCLE-10-AZD6244-HEM,31,6,KMS34_HAEMATOPOIETIC_AND_LYMPHOID_TISSUE
CCLE-10-AZD6244-HEM,31,7,KO52_HAEMATOPOIETIC_AND_LYMPHOID_TISSUE
CCLE-10-AZD6244-HEM,31,8,MEG01_HAEMATOPOIETIC_AND_LYMPHOID_TISSUE
CCLE-10-AZD6244-HEM,31,9,OCIAML5_HAEMATOPOIETIC_AND_LYMPHOID_TISSUE
CCLE-10-AZD6244-HEM,31,10,OPM2_HAEMATOPOIETIC_AND_LYMPHOID_TISSUE
CCLE-10-AZD6244-HEM,31,11,P31FUJ_HAEMATOPOIETIC_AND_LYMPHOID_TISSUE
CCLE-10-AZD6244-HEM,31,12,P3HR1_HAEMATOPOIETIC_AND_LYMPHOID_TISSUE
CCLE-10-AZD6244-HEM,31,13,SIGM5_HAEMATOPOIETIC_AND_LYMPHOID_TISSUE
CCLE-10-AZD6244-HEM,31,14,SUDHL10_HAEMATOPOIETIC_AND_LYMPHOID_TISSUE
CCLE-10-AZD6244-HEM,31,15,SUDHL4_HAEMATOPOIETIC_AND_LYMPHOID_TISSUE
CCLE-10-AZD6244-HEM,31,16,SUDHL8_HAEMATOPOIETIC_AND_LYMPHOID_TISSUE
CCLE-10-AZD6244-HEM,31,17,SUPT1_HAEMATOPOIETIC_AND_LYMPHOID_TISSUE
CCLE-10-AZD6244-HEM,31,18,TOLEDO_HAEMATOPOIETIC_AND_LYMPHOID_TISSUE
CCLE-10-AZD6244-HEM,32,1,ALLSIL_HAEMATOPOIETIC_AND_LYMPHOID_TISSUE
CCLE-10-AZD6244-HEM,32,2,BL70_HAEMATOPOIETIC_AND_LYMPHOID_TISSUE
CCLE-10-AZD6244-HEM,32,3,F36P_HAEMATOPOIETIC_AND_LYMPHOID_TISSUE
CCLE-10-AZD6244-HEM,32,4,HDMYZ_HAEMATOPOIETIC_AND_LYMPHOID_TISSUE
CCLE-10-AZD6244-HEM,32,5,KASUMI2_HAEMATOPOIETIC_AND_LYMPHOID_TISSUE
CCLE-10-AZD6244-HEM,32,6,KCL22_HAEMATOPOIETIC_AND_LYMPHOID_TISSUE
CCLE-10-AZD6244-HEM,32,7,KG1_HAEMATOPOIETIC_AND_LYMPHOID_TISSUE
CCLE-10-AZD6244-HEM,32,8,KMS11_HAEMATOPOIETIC_AND_LYMPHOID_TISSUE
CCLE-10-AZD6244-HEM,32,9,KMS34_HAEMATOPOIETIC_AND_LYMPHOID_TISSUE
CCLE-10-AZD6244-HEM,32,10,MJ_HAEMATOPOIETIC_AND_LYMPHOID_TISSUE
CCLE-10-AZD6244-HEM,32,11,MOLP8_HAEMATOPOIETIC_AND_LYMPHOID_TISSUE
CCLE-10-AZD6244-HEM,32,12,MOLT16_HAEMATOPOIETIC_AND_LYMPHOID_TISSUE
CCLE-10-AZD6244-HEM,32,13,OPM2_HAEMATOPOIETIC_AND_LYMPHOID_TISSUE
CCLE-10-AZD6244-HEM,32,14,P31FUJ_HAEMATOPOIETIC_AND_LYMPHOID_TISSUE
CCLE-10-AZD6244-HEM,32,15,REH_HAEMATOPOIETIC_AND_LYMPHOID_TISSUE
CCLE-10-AZD6244-HEM,32,16,RPMI8402_HAEMATOPOIETIC_AND_LYMPHOID_TISSUE
CCLE-10-AZD6244-HEM,32,17,SUDHL10_HAEMATOPOIETIC_AND_LYMPHOID_TISSUE
CCLE-10-AZD6244-HEM,32,18,SUDHL8_HAEMATOPOIETIC_AND_LYMPHOID_TISSUE
CCLE-10-AZD6244-HEM,33,1,BDCM_HAEMATOPOIETIC_AND_LYMPHOID_TISSUE
CCLE-10-AZD6244-HEM,33,2,BL41_HAEMATOPOIETIC_AND_LYMPHOID_TISSUE
CCLE-10-AZD6244-HEM,33,3,F36P_HAEMATOPOIETIC_AND_LYMPHOID_TISSUE
CCLE-10-AZD6244-HEM,33,4,HH_HAEMATOPOIETIC_AND_LYMPHOID_TISSUE
CCLE-10-AZD6244-HEM,33,5,HT_HAEMATOPOIETIC_AND_LYMPHOID_TISSUE
CCLE-10-AZD6244-HEM,33,6,JM1_HAEMATOPOIETIC_AND_LYMPHOID_TISSUE
CCLE-10-AZD6244-HEM,33,7,KMS11_HAEMATOPOIETIC_AND_LYMPHOID_TISSUE
CCLE-10-AZD6244-HEM,33,8,KMS12BM_HAEMATOPOIETIC_AND_LYMPHOID_TISSUE
CCLE-10-AZD6244-HEM,33,9,KO52_HAEMATOPOIETIC_AND_LYMPHOID_TISSUE
CCLE-10-AZD6244-HEM,33,10,KU812_HAEMATOPOIETIC_AND_LYMPHOID_TISSUE
CCLE-10-AZD6244-HEM,33,11,LP1_HAEMATOPOIETIC_AND_LYMPHOID_TISSUE
CCLE-10-AZD6244-HEM,33,12,MEG01_HAEMATOPOIETIC_AND_LYMPHOID_TISSUE
CCLE-10-AZD6244-HEM,33,13,MJ_HAEMATOPOIETIC_AND_LYMPHOID_TISSUE
CCLE-10-AZD6244-HEM,33,14,MOLP8_HAEMATOPOIETIC_AND_LYMPHOID_TISSUE
CCLE-10-AZD6244-HEM,33,15,P3HR1_HAEMATOPOIETIC_AND_LYMPHOID_TISSUE
CCLE-10-AZD6244-HEM,33,16,RPMI8402_HAEMATOPOIETIC_AND_LYMPHOID_TISSUE
CCLE-10-AZD6244-HEM,33,17,TOLEDO_HAEMATOPOIETIC_AND_LYMPHOID_TISSUE
CCLE-10-AZD6244-HEM,33,18,U937_HAEMATOPOIETIC_AND_LYMPHOID_TISSUE
CCLE-10-AZD6244-HEM,34,1,AMO1_HAEMATOPOIETIC_AND_LYMPHOID_TISSUE
CCLE-10-AZD6244-HEM,34,2,BL41_HAEMATOPOIETIC_AND_LYMPHOID_TISSUE
CCLE-10-AZD6244-HEM,34,3,DOHH2_HAEMATOPOIETIC_AND_LYMPHOID_TISSUE
CCLE-10-AZD6244-HEM,34,4,F36P_HAEMATOPOIETIC_AND_LYMPHOID_TISSUE
CCLE-10-AZD6244-HEM,34,5,HDMYZ_HAEMATOPOIETIC_AND_LYMPHOID_TISSUE
CCLE-10-AZD6244-HEM,34,6,JM1_HAEMATOPOIETIC_AND_LYMPHOID_TISSUE
CCLE-10-AZD6244-HEM,34,7,KARPAS299_HAEMATOPOIETIC_AND_LYMPHOID_TISSUE
CCLE-10-AZD6244-HEM,34,8,KARPAS620_HAEMATOPOIETIC_AND_LYMPHOID_TISSUE
CCLE-10-AZD6244-HEM,34,9,KCL22_HAEMATOPOIETIC_AND_LYMPHOID_TISSUE
CCLE-10-AZD6244-HEM,34,10,KMM1_HAEMATOPOIETIC_AND_LYMPHOID_TISSUE
CCLE-10-AZD6244-HEM,34,11,KMS11_HAEMATOPOIETIC_AND_LYMPHOID_TISSUE
CCLE-10-AZD6244-HEM,34,12,KMS34_HAEMATOPOIETIC_AND_LYMPHOID_TISSUE
CCLE-10-AZD6244-HEM,34,13,NCO2_HAEMATOPOIETIC_AND_LYMPHOID_TISSUE
CCLE-10-AZD6244-HEM,34,14,OCIAML5_HAEMATOPOIETIC_AND_LYMPHOID_TISSUE
CCLE-10-AZD6244-HEM,34,15,P12ICHIKAWA_HAEMATOPOIETIC_AND_LYMPHOID_TISSUE
CCLE-10-AZD6244-HEM,34,16,SKMM2_HAEMATOPOIETIC_AND_LYMPHOID_TISSUE
CCLE-10-AZD6244-HEM,34,17,SUDHL6_HAEMATOPOIETIC_AND_LYMPHOID_TISSUE
CCLE-10-AZD6244-HEM,34,18,SUDHL8_HAEMATOPOIETIC_AND_LYMPHOID_TISSUE
CCLE-10-AZD6244-HEM,35,1,BDCM_HAEMATOPOIETIC_AND_LYMPHOID_TISSUE
CCLE-10-AZD6244-HEM,35,2,HH_HAEMATOPOIETIC_AND_LYMPHOID_TISSUE
CCLE-10-AZD6244-HEM,35,3,HT_HAEMATOPOIETIC_AND_LYMPHOID_TISSUE
CCLE-10-AZD6244-HEM,35,4,JVM3_HAEMATOPOIETIC_AND_LYMPHOID_TISSUE
CCLE-10-AZD6244-HEM,35,5,KASUMI2_HAEMATOPOIETIC_AND_LYMPHOID_TISSUE
CCLE-10-AZD6244-HEM,35,6,KCL22_HAEMATOPOIETIC_AND_LYMPHOID_TISSUE
CCLE-10-AZD6244-HEM,35,7,KMM1_HAEMATOPOIETIC_AND_LYMPHOID_TISSUE
CCLE-10-AZD6244-HEM,35,8,KMS26_HAEMATOPOIETIC_AND_LYMPHOID_TISSUE
CCLE-10-AZD6244-HEM,35,9,L363_HAEMATOPOIETIC_AND_LYMPHOID_TISSUE
CCLE-10-AZD6244-HEM,35,10,MINO_HAEMATOPOIETIC_AND_LYMPHOID_TISSUE
CCLE-10-AZD6244-HEM,35,11,MJ_HAEMATOPOIETIC_AND_LYMPHOID_TISSUE
CCLE-10-AZD6244-HEM,35,12,MOLP8_HAEMATOPOIETIC_AND_LYMPHOID_TISSUE
CCLE-10-AZD6244-HEM,35,13,OPM2_HAEMATOPOIETIC_AND_LYMPHOID_TISSUE
CCLE-10-AZD6244-HEM,35,14,P31FUJ_HAEMATOPOIETIC_AND_LYMPHOID_TISSUE
CCLE-10-AZD6244-HEM,35,15,P3HR1_HAEMATOPOIETIC_AND_LYMPHOID_TISSUE
CCLE-10-AZD6244-HEM,35,16,RAJI_HAEMATOPOIETIC_AND_LYMPHOID_TISSUE
CCLE-10-AZD6244-HEM,35,17,REH_HAEMATOPOIETIC_AND_LYMPHOID_TISSUE
CCLE-10-AZD6244-HEM,35,18,RPMI8402_HAEMATOPOIETIC_AND_LYMPHOID_TISSUE
CCLE-10-AZD6244-HEM,36,1,CI1_HAEMATOPOIETIC_AND_LYMPHOID_TISSUE
CCLE-10-AZD6244-HEM,36,2,DEL_HAEMATOPOIETIC_AND_LYMPHOID_TISSUE
CCLE-10-AZD6244-HEM,36,3,KARPAS299_HAEMATOPOIETIC_AND_LYMPHOID_TISSUE
CCLE-10-AZD6244-HEM,36,4,KARPAS620_HAEMATOPOIETIC_AND_LYMPHOID_TISSUE
CCLE-10-AZD6244-HEM,36,5,KASUMI2_HAEMATOPOIETIC_AND_LYMPHOID_TISSUE
CCLE-10-AZD6244-HEM,36,6,KMM1_HAEMATOPOIETIC_AND_LYMPHOID_TISSUE
CCLE-10-AZD6244-HEM,36,7,KMS11_HAEMATOPOIETIC_AND_LYMPHOID_TISSUE
CCLE-10-AZD6244-HEM,36,8,L363_HAEMATOPOIETIC_AND_LYMPHOID_TISSUE
CCLE-10-AZD6244-HEM,36,9,LP1_HAEMATOPOIETIC_AND_LYMPHOID_TISSUE
CCLE-10-AZD6244-HEM,36,10,MINO_HAEMATOPOIETIC_AND_LYMPHOID_TISSUE
CCLE-10-AZD6244-HEM,36,11,NCO2_HAEMATOPOIETIC_AND_LYMPHOID_TISSUE
CCLE-10-AZD6244-HEM,36,12,OCIAML2_HAEMATOPOIETIC_AND_LYMPHOID_TISSUE
CCLE-10-AZD6244-HEM,36,13,OPM2_HAEMATOPOIETIC_AND_LYMPHOID_TISSUE
CCLE-10-AZD6244-HEM,36,14,P12ICHIKAWA_HAEMATOPOIETIC_AND_LYMPHOID_TISSUE
CCLE-10-AZD6244-HEM,36,15,P31FUJ_HAEMATOPOIETIC_AND_LYMPHOID_TISSUE
CCLE-10-AZD6244-HEM,36,16,P3HR1_HAEMATOPOIETIC_AND_LYMPHOID_TISSUE
CCLE-10-AZD6244-HEM,36,17,SUPM2_HAEMATOPOIETIC_AND_LYMPHOID_TISSUE
CCLE-10-AZD6244-HEM,36,18,U937_HAEMATOPOIETIC_AND_LYMPHOID_TISSUE
CCLE-10-AZD6244-HEM,37,1,697_HAEMATOPOIETIC_AND_LYMPHOID_TISSUE
CCLE-10-AZD6244-HEM,37,2,ALLSIL_HAEMATOPOIETIC_AND_LYMPHOID_TISSUE
CCLE-10-AZD6244-HEM,37,3,AMO1_HAEMATOPOIETIC_AND_LYMPHOID_TISSUE
CCLE-10-AZD6244-HEM,37,4,BDCM_HAEMATOPOIETIC_AND_LYMPHOID_TISSUE
CCLE-10-AZD6244-HEM,37,5,CI1_HAEMATOPOIETIC_AND_LYMPHOID_TISSUE
CCLE-10-AZD6244-HEM,37,6,DOHH2_HAEMATOPOIETIC_AND_LYMPHOID_TISSUE
CCLE-10-AZD6244-HEM,37,7,F36P_HAEMATOPOIETIC_AND_LYMPHOID_TISSUE
CCLE-10-AZD6244-HEM,37,8,KG1_HAEMATOPOIETIC_AND_LYMPHOID_TISSUE
CCLE-10-AZD6244-HEM,37,9,KMS11_HAEMATOPOIETIC_AND_LYMPHOID_TISSUE
CCLE-10-AZD6244-HEM,37,10,KMS12BM_HAEMATOPOIETIC_AND_LYMPHOID_TISSUE
CCLE-10-AZD6244-HEM,37,11,LP1_HAEMATOPOIETIC_AND_LYMPHOID_TISSUE
CCLE-10-AZD6244-HEM,37,12,MJ_HAEMATOPOIETIC_AND_LYMPHOID_TISSUE
CCLE-10-AZD6244-HEM,37,13,OCIAML2_HAEMATOPOIETIC_AND_LYMPHOID_TISSUE
CCLE-10-AZD6244-HEM,37,14,OPM2_HAEMATOPOIETIC_AND_LYMPHOID_TISSUE
CCLE-10-AZD6244-HEM,37,15,RAJI_HAEMATOPOIETIC_AND_LYMPHOID_TISSUE
CCLE-10-AZD6244-HEM,37,16,REH_HAEMATOPOIETIC_AND_LYMPHOID_TISSUE
CCLE-10-AZD6244-HEM,37,17,SUDHL4_HAEMATOPOIETIC_AND_LYMPHOID_TISSUE
CCLE-10-AZD6244-HEM,37,18,TOLEDO_HAEMATOPOIETIC_AND_LYMPHOID_TISSUE
CCLE-10-AZD6244-HEM,38,1,ALLSIL_HAEMATOPOIETIC_AND_LYMPHOID_TISSUE
CCLE-10-AZD6244-HEM,38,2,BDCM_HAEMATOPOIETIC_AND_LYMPHOID_TISSUE
CCLE-10-AZD6244-HEM,38,3,BL41_HAEMATOPOIETIC_AND_LYMPHOID_TISSUE
CCLE-10-AZD6244-HEM,38,4,CI1_HAEMATOPOIETIC_AND_LYMPHOID_TISSUE
CCLE-10-AZD6244-HEM,38,5,EM2_HAEMATOPOIETIC_AND_LYMPHOID_TISSUE
CCLE-10-AZD6244-HEM,38,6,F36P_HAEMATOPOIETIC_AND_LYMPHOID_TISSUE
CCLE-10-AZD6244-HEM,38,7,GRANTA519_HAEMATOPOIETIC_AND_LYMPHOID_TISSUE
CCLE-10-AZD6244-HEM,38,8,HDMYZ_HAEMATOPOIETIC_AND_LYMPHOID_TISSUE
CCLE-10-AZD6244-HEM,38,9,JURKAT_HAEMATOPOIETIC_AND_LYMPHOID_TISSUE
CCLE-10-AZD6244-HEM,38,10,KARPAS299_HAEMATOPOIETIC_AND_LYMPHOID_TISSUE
CCLE-10-AZD6244-HEM,38,11,KHM1B_HAEMATOPOIETIC_AND_LYMPHOID_TISSUE
CCLE-10-AZD6244-HEM,38,12,KMM1_HAEMATOPOIETIC_AND_LYMPHOID_TISSUE
CCLE-10-AZD6244-HEM,38,13,KMS26_HAEMATOPOIETIC_AND_LYMPHOID_TISSUE
CCLE-10-AZD6244-HEM,38,14,KMS34_HAEMATOPOIETIC_AND_LYMPHOID_TISSUE
CCLE-10-AZD6244-HEM,38,15,MINO_HAEMATOPOIETIC_AND_LYMPHOID_TISSUE
CCLE-10-AZD6244-HEM,38,16,MOLP8_HAEMATOPOIETIC_AND_LYMPHOID_TISSUE
CCLE-10-AZD6244-HEM,38,17,PFEIFFER_HAEMATOPOIETIC_AND_LYMPHOID_TISSUE
CCLE-10-AZD6244-HEM,38,18,RAJI_HAEMATOPOIETIC_AND_LYMPHOID_TISSUE
CCLE-10-AZD6244-HEM,39,1,ALLSIL_HAEMATOPOIETIC_AND_LYMPHOID_TISSUE
CCLE-10-AZD6244-HEM,39,2,BL41_HAEMATOPOIETIC_AND_LYMPHOID_TISSUE
CCLE-10-AZD6244-HEM,39,3,DEL_HAEMATOPOIETIC_AND_LYMPHOID_TISSUE
CCLE-10-AZD6244-HEM,39,4,GRANTA519_HAEMATOPOIETIC_AND_LYMPHOID_TISSUE
CCLE-10-AZD6244-HEM,39,5,KASUMI2_HAEMATOPOIETIC_AND_LYMPHOID_TISSUE
CCLE-10-AZD6244-HEM,39,6,KMS11_HAEMATOPOIETIC_AND_LYMPHOID_TISSUE
CCLE-10-AZD6244-HEM,39,7,KMS34_HAEMATOPOIETIC_AND_LYMPHOID_TISSUE
CCLE-10-AZD6244-HEM,39,8,MINO_HAEMATOPOIETIC_AND_LYMPHOID_TISSUE
CCLE-10-AZD6244-HEM,39,9,MOLP8_HAEMATOPOIETIC_AND_LYMPHOID_TISSUE
CCLE-10-AZD6244-HEM,39,10,MOLT16_HAEMATOPOIETIC_AND_LYMPHOID_TISSUE
CCLE-10-AZD6244-HEM,39,11,NCO2_HAEMATOPOIETIC_AND_LYMPHOID_TISSUE
CCLE-10-AZD6244-HEM,39,12,OCIAML2_HAEMATOPOIETIC_AND_LYMPHOID_TISSUE
CCLE-10-AZD6244-HEM,39,13,OPM2_HAEMATOPOIETIC_AND_LYMPHOID_TISSUE
CCLE-10-AZD6244-HEM,39,14,P31FUJ_HAEMATOPOIETIC_AND_LYMPHOID_TISSUE
CCLE-10-AZD6244-HEM,39,15,PFEIFFER_HAEMATOPOIETIC_AND_LYMPHOID_TISSUE
CCLE-10-AZD6244-HEM,39,16,REH_HAEMATOPOIETIC_AND_LYMPHOID_TISSUE
CCLE-10-AZD6244-HEM,39,17,SIGM5_HAEMATOPOIETIC_AND_LYMPHOID_TISSUE
CCLE-10-AZD6244-HEM,39,18,U937_HAEMATOPOIETIC_AND_LYMPHOID_TISSUE
CCLE-10-AZD6244-HEM,40,1,ALLSIL_HAEMATOPOIETIC_AND_LYMPHOID_TISSUE
CCLE-10-AZD6244-HEM,40,2,EM2_HAEMATOPOIETIC_AND_LYMPHOID_TISSUE
CCLE-10-AZD6244-HEM,40,3,HDMYZ_HAEMATOPOIETIC_AND_LYMPHOID_TISSUE
CCLE-10-AZD6244-HEM,40,4,HT_HAEMATOPOIETIC_AND_LYMPHOID_TISSUE
CCLE-10-AZD6244-HEM,40,5,HUT78_HAEMATOPOIETIC_AND_LYMPHOID_TISSUE
CCLE-10-AZD6244-HEM,40,6,JM1_HAEMATOPOIETIC_AND_LYMPHOID_TISSUE
CCLE-10-AZD6244-HEM,40,7,KCL22_HAEMATOPOIETIC_AND_LYMPHOID_TISSUE
CCLE-10-AZD6244-HEM,40,8,KHM1B_HAEMATOPOIETIC_AND_LYMPHOID_TISSUE
CCLE-10-AZD6244-HEM,40,9,KMS12BM_HAEMATOPOIETIC_AND_LYMPHOID_TISSUE
CCLE-10-AZD6244-HEM,40,10,L428_HAEMATOPOIETIC_AND_LYMPHOID_TISSUE
CCLE-10-AZD6244-HEM,40,11,LP1_HAEMATOPOIETIC_AND_LYMPHOID_TISSUE
CCLE-10-AZD6244-HEM,40,12,MC116_HAEMATOPOIETIC_AND_LYMPHOID_TISSUE
CCLE-10-AZD6244-HEM,40,13,OCIAML2_HAEMATOPOIETIC_AND_LYMPHOID_TISSUE
CCLE-10-AZD6244-HEM,40,14,OPM2_HAEMATOPOIETIC_AND_LYMPHOID_TISSUE
CCLE-10-AZD6244-HEM,40,15,P3HR1_HAEMATOPOIETIC_AND_LYMPHOID_TISSUE
CCLE-10-AZD6244-HEM,40,16,SUDHL4_HAEMATOPOIETIC_AND_LYMPHOID_TISSUE
CCLE-10-AZD6244-HEM,40,17,SUDHL8_HAEMATOPOIETIC_AND_LYMPHOID_TISSUE
CCLE-10-AZD6244-HEM,40,18,SUPM2_HAEMATOPOIETIC_AND_LYMPHOID_TISSUE
CCLE-10-AZD6244-HEM,41,1,DEL_HAEMATOPOIETIC_AND_LYMPHOID_TISSUE
CCLE-10-AZD6244-HEM,41,2,HDMYZ_HAEMATOPOIETIC_AND_LYMPHOID_TISSUE
CCLE-10-AZD6244-HEM,41,3,HH_HAEMATOPOIETIC_AND_LYMPHOID_TISSUE
CCLE-10-AZD6244-HEM,41,4,HUT78_HAEMATOPOIETIC_AND_LYMPHOID_TISSUE
CCLE-10-AZD6244-HEM,41,5,JM1_HAEMATOPOIETIC_AND_LYMPHOID_TISSUE
CCLE-10-AZD6244-HEM,41,6,KASUMI2_HAEMATOPOIETIC_AND_LYMPHOID_TISSUE
CCLE-10-AZD6244-HEM,41,7,KG1_HAEMATOPOIETIC_AND_LYMPHOID_TISSUE
CCLE-10-AZD6244-HEM,41,8,KHM1B_HAEMATOPOIETIC_AND_LYMPHOID_TISSUE
CCLE-10-AZD6244-HEM,41,9,KMS12BM_HAEMATOPOIETIC_AND_LYMPHOID_TISSUE
CCLE-10-AZD6244-HEM,41,10,L428_HAEMATOPOIETIC_AND_LYMPHOID_TISSUE
CCLE-10-AZD6244-HEM,41,11,MINO_HAEMATOPOIETIC_AND_LYMPHOID_TISSUE
CCLE-10-AZD6244-HEM,41,12,MOLT16_HAEMATOPOIETIC_AND_LYMPHOID_TISSUE
CCLE-10-AZD6244-HEM,41,13,NCO2_HAEMATOPOIETIC_AND_LYMPHOID_TISSUE
CCLE-10-AZD6244-HEM,41,14,REH_HAEMATOPOIETIC_AND_LYMPHOID_TISSUE
CCLE-10-AZD6244-HEM,41,15,RPMI8402_HAEMATOPOIETIC_AND_LYMPHOID_TISSUE
CCLE-10-AZD6244-HEM,41,16,SUDHL6_HAEMATOPOIETIC_AND_LYMPHOID_TISSUE
CCLE-10-AZD6244-HEM,41,17,SUPM2_HAEMATOPOIETIC_AND_LYMPHOID_TISSUE
CCLE-10-AZD6244-HEM,41,18,TOLEDO_HAEMATOPOIETIC_AND_LYMPHOID_TISSUE
CCLE-10-AZD6244-HEM,42,1,ALLSIL_HAEMATOPOIETIC_AND_LYMPHOID_TISSUE
CCLE-10-AZD6244-HEM,42,2,DOHH2_HAEMATOPOIETIC_AND_LYMPHOID_TISSUE
CCLE-10-AZD6244-HEM,42,3,HDMYZ_HAEMATOPOIETIC_AND_LYMPHOID_TISSUE
CCLE-10-AZD6244-HEM,42,4,KARPAS299_HAEMATOPOIETIC_AND_LYMPHOID_TISSUE
CCLE-10-AZD6244-HEM,42,5,KASUMI2_HAEMATOPOIETIC_AND_LYMPHOID_TISSUE
CCLE-10-AZD6244-HEM,42,6,KCL22_HAEMATOPOIETIC_AND_LYMPHOID_TISSUE
CCLE-10-AZD6244-HEM,42,7,KMS12BM_HAEMATOPOIETIC_AND_LYMPHOID_TISSUE
CCLE-10-AZD6244-HEM,42,8,L428_HAEMATOPOIETIC_AND_LYMPHOID_TISSUE
CCLE-10-AZD6244-HEM,42,9,LP1_HAEMATOPOIETIC_AND_LYMPHOID_TISSUE
CCLE-10-AZD6244-HEM,42,10,MOLP8_HAEMATOPOIETIC_AND_LYMPHOID_TISSUE
CCLE-10-AZD6244-HEM,42,11,NCO2_HAEMATOPOIETIC_AND_LYMPHOID_TISSUE
CCLE-10-AZD6244-HEM,42,12,OCIAML2_HAEMATOPOIETIC_AND_LYMPHOID_TISSUE
CCLE-10-AZD6244-HEM,42,13,P12ICHIKAWA_HAEMATOPOIETIC_AND_LYMPHOID_TISSUE
CCLE-10-AZD6244-HEM,42,14,P31FUJ_HAEMATOPOIETIC_AND_LYMPHOID_TISSUE
CCLE-10-AZD6244-HEM,42,15,P3HR1_HAEMATOPOIETIC_AND_LYMPHOID_TISSUE
CCLE-10-AZD6244-HEM,42,16,SUDHL8_HAEMATOPOIETIC_AND_LYMPHOID_TISSUE
CCLE-10-AZD6244-HEM,42,17,SUPM2_HAEMATOPOIETIC_AND_LYMPHOID_TISSUE
CCLE-10-AZD6244-HEM,42,18,SUPT1_HAEMATOPOIETIC_AND_LYMPHOID_TISSUE
CCLE-10-AZD6244-HEM,43,1,ALLSIL_HAEMATOPOIETIC_AND_LYMPHOID_TISSUE
CCLE-10-AZD6244-HEM,43,2,BDCM_HAEMATOPOIETIC_AND_LYMPHOID_TISSUE
CCLE-10-AZD6244-HEM,43,3,BL41_HAEMATOPOIETIC_AND_LYMPHOID_TISSUE
CCLE-10-AZD6244-HEM,43,4,CI1_HAEMATOPOIETIC_AND_LYMPHOID_TISSUE
CCLE-10-AZD6244-HEM,43,5,DOHH2_HAEMATOPOIETIC_AND_LYMPHOID_TISSUE
CCLE-10-AZD6244-HEM,43,6,HT_HAEMATOPOIETIC_AND_LYMPHOID_TISSUE
CCLE-10-AZD6244-HEM,43,7,HUT78_HAEMATOPOIETIC_AND_LYMPHOID_TISSUE
CCLE-10-AZD6244-HEM,43,8,KARPAS299_HAEMATOPOIETIC_AND_LYMPHOID_TISSUE
CCLE-10-AZD6244-HEM,43,9,KHM1B_HAEMATOPOIETIC_AND_LYMPHOID_TISSUE
CCLE-10-AZD6244-HEM,43,10,KMM1_HAEMATOPOIETIC_AND_LYMPHOID_TISSUE
CCLE-10-AZD6244-HEM,43,11,KMS26_HAEMATOPOIETIC_AND_LYMPHOID_TISSUE
CCLE-10-AZD6244-HEM,43,12,L428_HAEMATOPOIETIC_AND_LYMPHOID_TISSUE
CCLE-10-AZD6244-HEM,43,13,MJ_HAEMATOPOIETIC_AND_LYMPHOID_TISSUE
CCLE-10-AZD6244-HEM,43,14,OCIAML5_HAEMATOPOIETIC_AND_LYMPHOID_TISSUE
CCLE-10-AZD6244-HEM,43,15,PFEIFFER_HAEMATOPOIETIC_AND_LYMPHOID_TISSUE
CCLE-10-AZD6244-HEM,43,16,REH_HAEMATOPOIETIC_AND_LYMPHOID_TISSUE
CCLE-10-AZD6244-HEM,43,17,RPMI8402_HAEMATOPOIETIC_AND_LYMPHOID_TISSUE
CCLE-10-AZD6244-HEM,43,18,SKMM2_HAEMATOPOIETIC_AND_LYMPHOID_TISSUE
CCLE-10-AZD6244-HEM,44,1,697_HAEMATOPOIETIC_AND_LYMPHOID_TISSUE
CCLE-10-AZD6244-HEM,44,2,ALLSIL_HAEMATOPOIETIC_AND_LYMPHOID_TISSUE
CCLE-10-AZD6244-HEM,44,3,BDCM_HAEMATOPOIETIC_AND_LYMPHOID_TISSUE
CCLE-10-AZD6244-HEM,44,4,BL41_HAEMATOPOIETIC_AND_LYMPHOID_TISSUE
CCLE-10-AZD6244-HEM,44,5,BL70_HAEMATOPOIETIC_AND_LYMPHOID_TISSUE
CCLE-10-AZD6244-HEM,44,6,DOHH2_HAEMATOPOIETIC_AND_LYMPHOID_TISSUE
CCLE-10-AZD6244-HEM,44,7,HDMYZ_HAEMATOPOIETIC_AND_LYMPHOID_TISSUE
CCLE-10-AZD6244-HEM,44,8,HT_HAEMATOPOIETIC_AND_LYMPHOID_TISSUE
CCLE-10-AZD6244-HEM,44,9,HUT78_HAEMATOPOIETIC_AND_LYMPHOID_TISSUE
CCLE-10-AZD6244-HEM,44,10,JVM3_HAEMATOPOIETIC_AND_LYMPHOID_TISSUE
CCLE-10-AZD6244-HEM,44,11,KASUMI2_HAEMATOPOIETIC_AND_LYMPHOID_TISSUE
CCLE-10-AZD6244-HEM,44,12,KMS11_HAEMATOPOIETIC_AND_LYMPHOID_TISSUE
CCLE-10-AZD6244-HEM,44,13,LP1_HAEMATOPOIETIC_AND_LYMPHOID_TISSUE
CCLE-10-AZD6244-HEM,44,14,MC116_HAEMATOPOIETIC_AND_LYMPHOID_TISSUE
CCLE-10-AZD6244-HEM,44,15,OPM2_HAEMATOPOIETIC_AND_LYMPHOID_TISSUE
CCLE-10-AZD6244-HEM,44,16,P12ICHIKAWA_HAEMATOPOIETIC_AND_LYMPHOID_TISSUE
CCLE-10-AZD6244-HEM,44,17,P3HR1_HAEMATOPOIETIC_AND_LYMPHOID_TISSUE
CCLE-10-AZD6244-HEM,44,18,SKMM2_HAEMATOPOIETIC_AND_LYMPHOID_TISSUE
CCLE-10-AZD6244-HEM,45,1,BL70_HAEMATOPOIETIC_AND_LYMPHOID_TISSUE
CCLE-10-AZD6244-HEM,45,2,DOHH2_HAEMATOPOIETIC_AND_LYMPHOID_TISSUE
CCLE-10-AZD6244-HEM,45,3,GRANTA519_HAEMATOPOIETIC_AND_LYMPHOID_TISSUE
CCLE-10-AZD6244-HEM,45,4,HT_HAEMATOPOIETIC_AND_LYMPHOID_TISSUE
CCLE-10-AZD6244-HEM,45,5,KARPAS299_HAEMATOPOIETIC_AND_LYMPHOID_TISSUE
CCLE-10-AZD6244-HEM,45,6,KHM1B_HAEMATOPOIETIC_AND_LYMPHOID_TISSUE
CCLE-10-AZD6244-HEM,45,7,KMM1_HAEMATOPOIETIC_AND_LYMPHOID_TISSUE
CCLE-10-AZD6244-HEM,45,8,KMS12BM_HAEMATOPOIETIC_AND_LYMPHOID_TISSUE
CCLE-10-AZD6244-HEM,45,9,MC116_HAEMATOPOIETIC_AND_LYMPHOID_TISSUE
CCLE-10-AZD6244-HEM,45,10,MINO_HAEMATOPOIETIC_AND_LYMPHOID_TISSUE
CCLE-10-AZD6244-HEM,45,11,MJ_HAEMATOPOIETIC_AND_LYMPHOID_TISSUE
CCLE-10-AZD6244-HEM,45,12,MOLP8_HAEMATOPOIETIC_AND_LYMPHOID_TISSUE
CCLE-10-AZD6244-HEM,45,13,MOLT16_HAEMATOPOIETIC_AND_LYMPHOID_TISSUE
CCLE-10-AZD6244-HEM,45,14,NCO2_HAEMATOPOIETIC_AND_LYMPHOID_TISSUE
CCLE-10-AZD6244-HEM,45,15,P12ICHIKAWA_HAEMATOPOIETIC_AND_LYMPHOID_TISSUE
CCLE-10-AZD6244-HEM,45,16,REH_HAEMATOPOIETIC_AND_LYMPHOID_TISSUE
CCLE-10-AZD6244-HEM,45,17,SKMM2_HAEMATOPOIETIC_AND_LYMPHOID_TISSUE
CCLE-10-AZD6244-HEM,45,18,SUDHL6_HAEMATOPOIETIC_AND_LYMPHOID_TISSUE
CCLE-10-AZD6244-HEM,46,1,ALLSIL_HAEMATOPOIETIC_AND_LYMPHOID_TISSUE
CCLE-10-AZD6244-HEM,46,2,BDCM_HAEMATOPOIETIC_AND_LYMPHOID_TISSUE
CCLE-10-AZD6244-HEM,46,3,BL41_HAEMATOPOIETIC_AND_LYMPHOID_TISSUE
CCLE-10-AZD6244-HEM,46,4,DEL_HAEMATOPOIETIC_AND_LYMPHOID_TISSUE
CCLE-10-AZD6244-HEM,46,5,DOHH2_HAEMATOPOIETIC_AND_LYMPHOID_TISSUE
CCLE-10-AZD6244-HEM,46,6,GRANTA519_HAEMATOPOIETIC_AND_LYMPHOID_TISSUE
CCLE-10-AZD6244-HEM,46,7,JM1_HAEMATOPOIETIC_AND_LYMPHOID_TISSUE
CCLE-10-AZD6244-HEM,46,8,KCL22_HAEMATOPOIETIC_AND_LYMPHOID_TISSUE
CCLE-10-AZD6244-HEM,46,9,KG1_HAEMATOPOIETIC_AND_LYMPHOID_TISSUE
CCLE-10-AZD6244-HEM,46,10,KO52_HAEMATOPOIETIC_AND_LYMPHOID_TISSUE
CCLE-10-AZD6244-HEM,46,11,KU812_HAEMATOPOIETIC_AND_LYMPHOID_TISSUE
CCLE-10-AZD6244-HEM,46,12,MC116_HAEMATOPOIETIC_AND_LYMPHOID_TISSUE
CCLE-10-AZD6244-HEM,46,13,MEG01_HAEMATOPOIETIC_AND_LYMPHOID_TISSUE
CCLE-10-AZD6244-HEM,46,14,MJ_HAEMATOPOIETIC_AND_LYMPHOID_TISSUE
CCLE-10-AZD6244-HEM,46,15,P12ICHIKAWA_HAEMATOPOIETIC_AND_LYMPHOID_TISSUE
CCLE-10-AZD6244-HEM,46,16,REH_HAEMATOPOIETIC_AND_LYMPHOID_TISSUE
CCLE-10-AZD6244-HEM,46,17,RPMI8402_HAEMATOPOIETIC_AND_LYMPHOID_TISSUE
CCLE-10-AZD6244-HEM,46,18,SKMM2_HAEMATOPOIETIC_AND_LYMPHOID_TISSUE
CCLE-10-AZD6244-HEM,47,1,ALLSIL_HAEMATOPOIETIC_AND_LYMPHOID_TISSUE
CCLE-10-AZD6244-HEM,47,2,DOHH2_HAEMATOPOIETIC_AND_LYMPHOID_TISSUE
CCLE-10-AZD6244-HEM,47,3,EM2_HAEMATOPOIETIC_AND_LYMPHOID_TISSUE
CCLE-10-AZD6244-HEM,47,4,F36P_HAEMATOPOIETIC_AND_LYMPHOID_TISSUE
CCLE-10-AZD6244-HEM,47,5,GRANTA519_HAEMATOPOIETIC_AND_LYMPHOID_TISSUE
CCLE-10-AZD6244-HEM,47,6,HH_HAEMATOPOIETIC_AND_LYMPHOID_TISSUE
CCLE-10-AZD6244-HEM,47,7,KMS12BM_HAEMATOPOIETIC_AND_LYMPHOID_TISSUE
CCLE-10-AZD6244-HEM,47,8,KMS26_HAEMATOPOIETIC_AND_LYMPHOID_TISSUE
CCLE-10-AZD6244-HEM,47,9,KO52_HAEMATOPOIETIC_AND_LYMPHOID_TISSUE
CCLE-10-AZD6244-HEM,47,10,L428_HAEMATOPOIETIC_AND_LYMPHOID_TISSUE
CCLE-10-AZD6244-HEM,47,11,OCIAML5_HAEMATOPOIETIC_AND_LYMPHOID_TISSUE
CCLE-10-AZD6244-HEM,47,12,OPM2_HAEMATOPOIETIC_AND_LYMPHOID_TISSUE
CCLE-10-AZD6244-HEM,47,13,REH_HAEMATOPOIETIC_AND_LYMPHOID_TISSUE
CCLE-10-AZD6244-HEM,47,14,RPMI8402_HAEMATOPOIETIC_AND_LYMPHOID_TISSUE
CCLE-10-AZD6244-HEM,47,15,SIGM5_HAEMATOPOIETIC_AND_LYMPHOID_TISSUE
CCLE-10-AZD6244-HEM,47,16,SUDHL10_HAEMATOPOIETIC_AND_LYMPHOID_TISSUE
CCLE-10-AZD6244-HEM,47,17,SUPM2_HAEMATOPOIETIC_AND_LYMPHOID_TISSUE
CCLE-10-AZD6244-HEM,47,18,U937_HAEMATOPOIETIC_AND_LYMPHOID_TISSUE
CCLE-10-AZD6244-HEM,48,1,EM2_HAEMATOPOIETIC_AND_LYMPHOID_TISSUE
CCLE-10-AZD6244-HEM,48,2,HT_HAEMATOPOIETIC_AND_LYMPHOID_TISSUE
CCLE-10-AZD6244-HEM,48,3,HUT78_HAEMATOPOIETIC_AND_LYMPHOID_TISSUE
CCLE-10-AZD6244-HEM,48,4,JVM3_HAEMATOPOIETIC_AND_LYMPHOID_TISSUE
CCLE-10-AZD6244-HEM,48,5,KARPAS299_HAEMATOPOIETIC_AND_LYMPHOID_TISSUE
CCLE-10-AZD6244-HEM,48,6,KHM1B_HAEMATOPOIETIC_AND_LYMPHOID_TISSUE
CCLE-10-AZD6244-HEM,48,7,KMM1_HAEMATOPOIETIC_AND_LYMPHOID_TISSUE
CCLE-10-AZD6244-HEM,48,8,KMS11_HAEMATOPOIETIC_AND_LYMPHOID_TISSUE
CCLE-10-AZD6244-HEM,48,9,L363_HAEMATOPOIETIC_AND_LYMPHOID_TISSUE
CCLE-10-AZD6244-HEM,48,10,LP1_HAEMATOPOIETIC_AND_LYMPHOID_TISSUE
CCLE-10-AZD6244-HEM,48,11,MC116_HAEMATOPOIETIC_AND_LYMPHOID_TISSUE
CCLE-10-AZD6244-HEM,48,12,MINO_HAEMATOPOIETIC_AND_LYMPHOID_TISSUE
CCLE-10-AZD6244-HEM,48,13,MJ_HAEMATOPOIETIC_AND_LYMPHOID_TISSUE
CCLE-10-AZD6244-HEM,48,14,NCO2_HAEMATOPOIETIC_AND_LYMPHOID_TISSUE
CCLE-10-AZD6244-HEM,48,15,SIGM5_HAEMATOPOIETIC_AND_LYMPHOID_TISSUE
CCLE-10-AZD6244-HEM,48,16,SUDHL6_HAEMATOPOIETIC_AND_LYMPHOID_TISSUE
CCLE-10-AZD6244-HEM,48,17,SUDHL8_HAEMATOPOIETIC_AND_LYMPHOID_TISSUE
CCLE-10-AZD6244-HEM,48,18,TOLEDO_HAEMATOPOIETIC_AND_LYMPHOID_TISSUE
CCLE-10-AZD6244-HEM,49,1,697_HAEMATOPOIETIC_AND_LYMPHOID_TISSUE
CCLE-10-AZD6244-HEM,49,2,F36P_HAEMATOPOIETIC_AND_LYMPHOID_TISSUE
CCLE-10-AZD6244-HEM,49,3,HH_HAEMATOPOIETIC_AND_LYMPHOID_TISSUE
CCLE-10-AZD6244-HEM,49,4,HT_HAEMATOPOIETIC_AND_LYMPHOID_TISSUE
CCLE-10-AZD6244-HEM,49,5,JVM3_HAEMATOPOIETIC_AND_LYMPHOID_TISSUE
CCLE-10-AZD6244-HEM,49,6,KHM1B_HAEMATOPOIETIC_AND_LYMPHOID_TISSUE
CCLE-10-AZD6244-HEM,49,7,KMS12BM_HAEMATOPOIETIC_AND_LYMPHOID_TISSUE
CCLE-10-AZD6244-HEM,49,8,KMS34_HAEMATOPOIETIC_AND_LYMPHOID_TISSUE
CCLE-10-AZD6244-HEM,49,9,L363_HAEMATOPOIETIC_AND_LYMPHOID_TISSUE
CCLE-10-AZD6244-HEM,49,10,MC116_HAEMATOPOIETIC_AND_LYMPHOID_TISSUE
CCLE-10-AZD6244-HEM,49,11,MEG01_HAEMATOPOIETIC_AND_LYMPHOID_TISSUE
CCLE-10-AZD6244-HEM,49,12,MINO_HAEMATOPOIETIC_AND_LYMPHOID_TISSUE
CCLE-10-AZD6244-HEM,49,13,NCO2_HAEMATOPOIETIC_AND_LYMPHOID_TISSUE
CCLE-10-AZD6244-HEM,49,14,P3HR1_HAEMATOPOIETIC_AND_LYMPHOID_TISSUE
CCLE-10-AZD6244-HEM,49,15,PFEIFFER_HAEMATOPOIETIC_AND_LYMPHOID_TISSUE
CCLE-10-AZD6244-HEM,49,16,RAJI_HAEMATOPOIETIC_AND_LYMPHOID_TISSUE
CCLE-10-AZD6244-HEM,49,17,REH_HAEMATOPOIETIC_AND_LYMPHOID_TISSUE
CCLE-10-AZD6244-HEM,49,18,SUDHL6_HAEMATOPOIETIC_AND_LYMPHOID_TISSUE
CCLE-10-AZD6244-HEM,50,1,DEL_HAEMATOPOIETIC_AND_LYMPHOID_TISSUE
CCLE-10-AZD6244-HEM,50,2,HDMYZ_HAEMATOPOIETIC_AND_LYMPHOID_TISSUE
CCLE-10-AZD6244-HEM,50,3,HUT78_HAEMATOPOIETIC_AND_LYMPHOID_TISSUE
CCLE-10-AZD6244-HEM,50,4,JM1_HAEMATOPOIETIC_AND_LYMPHOID_TISSUE
CCLE-10-AZD6244-HEM,50,5,KHM1B_HAEMATOPOIETIC_AND_LYMPHOID_TISSUE
CCLE-10-AZD6244-HEM,50,6,KMM1_HAEMATOPOIETIC_AND_LYMPHOID_TISSUE
CCLE-10-AZD6244-HEM,50,7,KMS26_HAEMATOPOIETIC_AND_LYMPHOID_TISSUE
CCLE-10-AZD6244-HEM,50,8,KMS34_HAEMATOPOIETIC_AND_LYMPHOID_TISSUE
CCLE-10-AZD6244-HEM,50,9,KU812_HAEMATOPOIETIC_AND_LYMPHOID_TISSUE
CCLE-10-AZD6244-HEM,50,10,L428_HAEMATOPOIETIC_AND_LYMPHOID_TISSUE
CCLE-10-AZD6244-HEM,50,11,MEG01_HAEMATOPOIETIC_AND_LYMPHOID_TISSUE
CCLE-10-AZD6244-HEM,50,12,MINO_HAEMATOPOIETIC_AND_LYMPHOID_TISSUE
CCLE-10-AZD6244-HEM,50,13,NCO2_HAEMATOPOIETIC_AND_LYMPHOID_TISSUE
CCLE-10-AZD6244-HEM,50,14,P31FUJ_HAEMATOPOIETIC_AND_LYMPHOID_TISSUE
CCLE-10-AZD6244-HEM,50,15,SIGM5_HAEMATOPOIETIC_AND_LYMPHOID_TISSUE
CCLE-10-AZD6244-HEM,50,16,SKMM2_HAEMATOPOIETIC_AND_LYMPHOID_TISSUE
CCLE-10-AZD6244-HEM,50,17,SUPT1_HAEMATOPOIETIC_AND_LYMPHOID_TISSUE
CCLE-10-AZD6244-HEM,50,18,TOLEDO_HAEMATOPOIETIC_AND_LYMPHOID_TISSUE
CCLE-10-AZD6244-HEM,51,1,CI1_HAEMATOPOIETIC_AND_LYMPHOID_TISSUE
CCLE-10-AZD6244-HEM,51,2,F36P_HAEMATOPOIETIC_AND_LYMPHOID_TISSUE
CCLE-10-AZD6244-HEM,51,3,GRANTA519_HAEMATOPOIETIC_AND_LYMPHOID_TISSUE
CCLE-10-AZD6244-HEM,51,4,HT_HAEMATOPOIETIC_AND_LYMPHOID_TISSUE
CCLE-10-AZD6244-HEM,51,5,HUT78_HAEMATOPOIETIC_AND_LYMPHOID_TISSUE
CCLE-10-AZD6244-HEM,51,6,JURKAT_HAEMATOPOIETIC_AND_LYMPHOID_TISSUE
CCLE-10-AZD6244-HEM,51,7,KCL22_HAEMATOPOIETIC_AND_LYMPHOID_TISSUE
CCLE-10-AZD6244-HEM,51,8,KMM1_HAEMATOPOIETIC_AND_LYMPHOID_TISSUE
CCLE-10-AZD6244-HEM,51,9,KMS11_HAEMATOPOIETIC_AND_LYMPHOID_TISSUE
CCLE-10-AZD6244-HEM,51,10,KMS34_HAEMATOPOIETIC_AND_LYMPHOID_TISSUE
CCLE-10-AZD6244-HEM,51,11,LP1_HAEMATOPOIETIC_AND_LYMPHOID_TISSUE
CCLE-10-AZD6244-HEM,51,12,MOLP8_HAEMATOPOIETIC_AND_LYMPHOID_TISSUE
CCLE-10-AZD6244-HEM,51,13,P12ICHIKAWA_HAEMATOPOIETIC_AND_LYMPHOID_TISSUE
CCLE-10-AZD6244-HEM,51,14,RAJI_HAEMATOPOIETIC_AND_LYMPHOID_TISSUE
CCLE-10-AZD6244-HEM,51,15,SKMM2_HAEMATOPOIETIC_AND_LYMPHOID_TISSUE
CCLE-10-AZD6244-HEM,51,16,SUDHL6_HAEMATOPOIETIC_AND_LYMPHOID_TISSUE
CCLE-10-AZD6244-HEM,51,17,TOLEDO_HAEMATOPOIETIC_AND_LYMPHOID_TISSUE
CCLE-10-AZD6244-HEM,51,18,U937_HAEMATOPOIETIC_AND_LYMPHOID_TISSUE
CCLE-10-AZD6244-HEM,52,1,ALLSIL_HAEMATOPOIETIC_AND_LYMPHOID_TISSUE
CCLE-10-AZD6244-HEM,52,2,DEL_HAEMATOPOIETIC_AND_LYMPHOID_TISSUE
CCLE-10-AZD6244-HEM,52,3,DOHH2_HAEMATOPOIETIC_AND_LYMPHOID_TISSUE
CCLE-10-AZD6244-HEM,52,4,HT_HAEMATOPOIETIC_AND_LYMPHOID_TISSUE
CCLE-10-AZD6244-HEM,52,5,KASUMI2_HAEMATOPOIETIC_AND_LYMPHOID_TISSUE
CCLE-10-AZD6244-HEM,52,6,KG1_HAEMATOPOIETIC_AND_LYMPHOID_TISSUE
CCLE-10-AZD6244-HEM,52,7,KO52_HAEMATOPOIETIC_AND_LYMPHOID_TISSUE
CCLE-10-AZD6244-HEM,52,8,L428_HAEMATOPOIETIC_AND_LYMPHOID_TISSUE
CCLE-10-AZD6244-HEM,52,9,MC116_HAEMATOPOIETIC_AND_LYMPHOID_TISSUE
CCLE-10-AZD6244-HEM,52,10,MOLP8_HAEMATOPOIETIC_AND_LYMPHOID_TISSUE
CCLE-10-AZD6244-HEM,52,11,P12ICHIKAWA_HAEMATOPOIETIC_AND_LYMPHOID_TISSUE
CCLE-10-AZD6244-HEM,52,12,P3HR1_HAEMATOPOIETIC_AND_LYMPHOID_TISSUE
CCLE-10-AZD6244-HEM,52,13,REH_HAEMATOPOIETIC_AND_LYMPHOID_TISSUE
CCLE-10-AZD6244-HEM,52,14,SIGM5_HAEMATOPOIETIC_AND_LYMPHOID_TISSUE
CCLE-10-AZD6244-HEM,52,15,SUDHL10_HAEMATOPOIETIC_AND_LYMPHOID_TISSUE
CCLE-10-AZD6244-HEM,52,16,SUDHL8_HAEMATOPOIETIC_AND_LYMPHOID_TISSUE
CCLE-10-AZD6244-HEM,52,17,TOLEDO_HAEMATOPOIETIC_AND_LYMPHOID_TISSUE
CCLE-10-AZD6244-HEM,52,18,U937_HAEMATOPOIETIC_AND_LYMPHOID_TISSUE
CCLE-10-AZD6244-HEM,53,1,BL41_HAEMATOPOIETIC_AND_LYMPHOID_TISSUE
CCLE-10-AZD6244-HEM,53,2,EM2_HAEMATOPOIETIC_AND_LYMPHOID_TISSUE
CCLE-10-AZD6244-HEM,53,3,HH_HAEMATOPOIETIC_AND_LYMPHOID_TISSUE
CCLE-10-AZD6244-HEM,53,4,HUT78_HAEMATOPOIETIC_AND_LYMPHOID_TISSUE
CCLE-10-AZD6244-HEM,53,5,KG1_HAEMATOPOIETIC_AND_LYMPHOID_TISSUE
CCLE-10-AZD6244-HEM,53,6,KMS11_HAEMATOPOIETIC_AND_LYMPHOID_TISSUE
CCLE-10-AZD6244-HEM,53,7,KO52_HAEMATOPOIETIC_AND_LYMPHOID_TISSUE
CCLE-10-AZD6244-HEM,53,8,LP1_HAEMATOPOIETIC_AND_LYMPHOID_TISSUE
CCLE-10-AZD6244-HEM,53,9,MOLT16_HAEMATOPOIETIC_AND_LYMPHOID_TISSUE
CCLE-10-AZD6244-HEM,53,10,NCO2_HAEMATOPOIETIC_AND_LYMPHOID_TISSUE
CCLE-10-AZD6244-HEM,53,11,OCIAML2_HAEMATOPOIETIC_AND_LYMPHOID_TISSUE
CCLE-10-AZD6244-HEM,53,12,OCIAML5_HAEMATOPOIETIC_AND_LYMPHOID_TISSUE
CCLE-10-AZD6244-HEM,53,13,P3HR1_HAEMATOPOIETIC_AND_LYMPHOID_TISSUE
CCLE-10-AZD6244-HEM,53,14,RAJI_HAEMATOPOIETIC_AND_LYMPHOID_TISSUE
CCLE-10-AZD6244-HEM,53,15,REH_HAEMATOPOIETIC_AND_LYMPHOID_TISSUE
CCLE-10-AZD6244-HEM,53,16,SKMM2_HAEMATOPOIETIC_AND_LYMPHOID_TISSUE
CCLE-10-AZD6244-HEM,53,17,SUDHL6_HAEMATOPOIETIC_AND_LYMPHOID_TISSUE
CCLE-10-AZD6244-HEM,53,18,SUPT1_HAEMATOPOIETIC_AND_LYMPHOID_TISSUE
CCLE-10-AZD6244-HEM,54,1,ALLSIL_HAEMATOPOIETIC_AND_LYMPHOID_TISSUE
CCLE-10-AZD6244-HEM,54,2,BL41_HAEMATOPOIETIC_AND_LYMPHOID_TISSUE
CCLE-10-AZD6244-HEM,54,3,BL70_HAEMATOPOIETIC_AND_LYMPHOID_TISSUE
CCLE-10-AZD6244-HEM,54,4,EM2_HAEMATOPOIETIC_AND_LYMPHOID_TISSUE
CCLE-10-AZD6244-HEM,54,5,KCL22_HAEMATOPOIETIC_AND_LYMPHOID_TISSUE
CCLE-10-AZD6244-HEM,54,6,KHM1B_HAEMATOPOIETIC_AND_LYMPHOID_TISSUE
CCLE-10-AZD6244-HEM,54,7,KMS11_HAEMATOPOIETIC_AND_LYMPHOID_TISSUE
CCLE-10-AZD6244-HEM,54,8,L428_HAEMATOPOIETIC_AND_LYMPHOID_TISSUE
CCLE-10-AZD6244-HEM,54,9,MOLT16_HAEMATOPOIETIC_AND_LYMPHOID_TISSUE
CCLE-10-AZD6244-HEM,54,10,OCIAML5_HAEMATOPOIETIC_AND_LYMPHOID_TISSUE
CCLE-10-AZD6244-HEM,54,11,OPM2_HAEMATOPOIETIC_AND_LYMPHOID_TISSUE
CCLE-10-AZD6244-HEM,54,12,P12ICHIKAWA_HAEMATOPOIETIC_AND_LYMPHOID_TISSUE
CCLE-10-AZD6244-HEM,54,13,P31FUJ_HAEMATOPOIETIC_AND_LYMPHOID_TISSUE
CCLE-10-AZD6244-HEM,54,14,SKMM2_HAEMATOPOIETIC_AND_LYMPHOID_TISSUE
CCLE-10-AZD6244-HEM,54,15,SUDHL4_HAEMATOPOIETIC_AND_LYMPHOID_TISSUE
CCLE-10-AZD6244-HEM,54,16,SUDHL8_HAEMATOPOIETIC_AND_LYMPHOID_TISSUE
CCLE-10-AZD6244-HEM,54,17,SUPT1_HAEMATOPOIETIC_AND_LYMPHOID_TISSUE
CCLE-10-AZD6244-HEM,54,18,TOLEDO_HAEMATOPOIETIC_AND_LYMPHOID_TISSUE
CCLE-10-AZD6244-HEM,55,1,697_HAEMATOPOIETIC_AND_LYMPHOID_TISSUE
CCLE-10-AZD6244-HEM,55,2,AMO1_HAEMATOPOIETIC_AND_LYMPHOID_TISSUE
CCLE-10-AZD6244-HEM,55,3,BDCM_HAEMATOPOIETIC_AND_LYMPHOID_TISSUE
CCLE-10-AZD6244-HEM,55,4,BL41_HAEMATOPOIETIC_AND_LYMPHOID_TISSUE
CCLE-10-AZD6244-HEM,55,5,DOHH2_HAEMATOPOIETIC_AND_LYMPHOID_TISSUE
CCLE-10-AZD6244-HEM,55,6,HT_HAEMATOPOIETIC_AND_LYMPHOID_TISSUE
CCLE-10-AZD6244-HEM,55,7,HUT78_HAEMATOPOIETIC_AND_LYMPHOID_TISSUE
CCLE-10-AZD6244-HEM,55,8,JURKAT_HAEMATOPOIETIC_AND_LYMPHOID_TISSUE
CCLE-10-AZD6244-HEM,55,9,KMM1_HAEMATOPOIETIC_AND_LYMPHOID_TISSUE
CCLE-10-AZD6244-HEM,55,10,KMS12BM_HAEMATOPOIETIC_AND_LYMPHOID_TISSUE
CCLE-10-AZD6244-HEM,55,11,L363_HAEMATOPOIETIC_AND_LYMPHOID_TISSUE
CCLE-10-AZD6244-HEM,55,12,MJ_HAEMATOPOIETIC_AND_LYMPHOID_TISSUE
CCLE-10-AZD6244-HEM,55,13,OPM2_HAEMATOPOIETIC_AND_LYMPHOID_TISSUE
CCLE-10-AZD6244-HEM,55,14,P12ICHIKAWA_HAEMATOPOIETIC_AND_LYMPHOID_TISSUE
CCLE-10-AZD6244-HEM,55,15,PFEIFFER_HAEMATOPOIETIC_AND_LYMPHOID_TISSUE
CCLE-10-AZD6244-HEM,55,16,SKMM2_HAEMATOPOIETIC_AND_LYMPHOID_TISSUE
CCLE-10-AZD6244-HEM,55,17,SUPT1_HAEMATOPOIETIC_AND_LYMPHOID_TISSUE
CCLE-10-AZD6244-HEM,55,18,TOLEDO_HAEMATOPOIETIC_AND_LYMPHOID_TISSUE
CCLE-10-AZD6244-HEM,56,1,EM2_HAEMATOPOIETIC_AND_LYMPHOID_TISSUE
CCLE-10-AZD6244-HEM,56,2,HT_HAEMATOPOIETIC_AND_LYMPHOID_TISSUE
CCLE-10-AZD6244-HEM,56,3,KG1_HAEMATOPOIETIC_AND_LYMPHOID_TISSUE
CCLE-10-AZD6244-HEM,56,4,KMM1_HAEMATOPOIETIC_AND_LYMPHOID_TISSUE
CCLE-10-AZD6244-HEM,56,5,KMS12BM_HAEMATOPOIETIC_AND_LYMPHOID_TISSUE
CCLE-10-AZD6244-HEM,56,6,KMS34_HAEMATOPOIETIC_AND_LYMPHOID_TISSUE
CCLE-10-AZD6244-HEM,56,7,MC116_HAEMATOPOIETIC_AND_LYMPHOID_TISSUE
CCLE-10-AZD6244-HEM,56,8,MJ_HAEMATOPOIETIC_AND_LYMPHOID_TISSUE
CCLE-10-AZD6244-HEM,56,9,NCO2_HAEMATOPOIETIC_AND_LYMPHOID_TISSUE
CCLE-10-AZD6244-HEM,56,10,OCIAML5_HAEMATOPOIETIC_AND_LYMPHOID_TISSUE
CCLE-10-AZD6244-HEM,56,11,OPM2_HAEMATOPOIETIC_AND_LYMPHOID_TISSUE
CCLE-10-AZD6244-HEM,56,12,P31FUJ_HAEMATOPOIETIC_AND_LYMPHOID_TISSUE
CCLE-10-AZD6244-HEM,56,13,P3HR1_HAEMATOPOIETIC_AND_LYMPHOID_TISSUE
CCLE-10-AZD6244-HEM,56,14,PFEIFFER_HAEMATOPOIETIC_AND_LYMPHOID_TISSUE
CCLE-10-AZD6244-HEM,56,15,RAJI_HAEMATOPOIETIC_AND_LYMPHOID_TISSUE
CCLE-10-AZD6244-HEM,56,16,SUPT1_HAEMATOPOIETIC_AND_LYMPHOID_TISSUE
CCLE-10-AZD6244-HEM,56,17,TOLEDO_HAEMATOPOIETIC_AND_LYMPHOID_TISSUE
CCLE-10-AZD6244-HEM,56,18,U937_HAEMATOPOIETIC_AND_LYMPHOID_TISSUE
CCLE-10-AZD6244-HEM,57,1,ALLSIL_HAEMATOPOIETIC_AND_LYMPHOID_TISSUE
CCLE-10-AZD6244-HEM,57,2,BL41_HAEMATOPOIETIC_AND_LYMPHOID_TISSUE
CCLE-10-AZD6244-HEM,57,3,GRANTA519_HAEMATOPOIETIC_AND_LYMPHOID_TISSUE
CCLE-10-AZD6244-HEM,57,4,HDMYZ_HAEMATOPOIETIC_AND_LYMPHOID_TISSUE
CCLE-10-AZD6244-HEM,57,5,HUT78_HAEMATOPOIETIC_AND_LYMPHOID_TISSUE
CCLE-10-AZD6244-HEM,57,6,KMS34_HAEMATOPOIETIC_AND_LYMPHOID_TISSUE
CCLE-10-AZD6244-HEM,57,7,L363_HAEMATOPOIETIC_AND_LYMPHOID_TISSUE
CCLE-10-AZD6244-HEM,57,8,L428_HAEMATOPOIETIC_AND_LYMPHOID_TISSUE
CCLE-10-AZD6244-HEM,57,9,MOLT16_HAEMATOPOIETIC_AND_LYMPHOID_TISSUE
CCLE-10-AZD6244-HEM,57,10,OPM2_HAEMATOPOIETIC_AND_LYMPHOID_TISSUE
CCLE-10-AZD6244-HEM,57,11,P3HR1_HAEMATOPOIETIC_AND_LYMPHOID_TISSUE
CCLE-10-AZD6244-HEM,57,12,PFEIFFER_HAEMATOPOIETIC_AND_LYMPHOID_TISSUE
CCLE-10-AZD6244-HEM,57,13,RPMI8402_HAEMATOPOIETIC_AND_LYMPHOID_TISSUE
CCLE-10-AZD6244-HEM,57,14,SUDHL10_HAEMATOPOIETIC_AND_LYMPHOID_TISSUE
CCLE-10-AZD6244-HEM,57,15,SUDHL4_HAEMATOPOIETIC_AND_LYMPHOID_TISSUE
CCLE-10-AZD6244-HEM,57,16,SUDHL6_HAEMATOPOIETIC_AND_LYMPHOID_TISSUE
CCLE-10-AZD6244-HEM,57,17,SUPT1_HAEMATOPOIETIC_AND_LYMPHOID_TISSUE
CCLE-10-AZD6244-HEM,57,18,TOLEDO_HAEMATOPOIETIC_AND_LYMPHOID_TISSUE
CCLE-10-AZD6244-HEM,58,1,ALLSIL_HAEMATOPOIETIC_AND_LYMPHOID_TISSUE
CCLE-10-AZD6244-HEM,58,2,AMO1_HAEMATOPOIETIC_AND_LYMPHOID_TISSUE
CCLE-10-AZD6244-HEM,58,3,DOHH2_HAEMATOPOIETIC_AND_LYMPHOID_TISSUE
CCLE-10-AZD6244-HEM,58,4,EM2_HAEMATOPOIETIC_AND_LYMPHOID_TISSUE
CCLE-10-AZD6244-HEM,58,5,GRANTA519_HAEMATOPOIETIC_AND_LYMPHOID_TISSUE
CCLE-10-AZD6244-HEM,58,6,HH_HAEMATOPOIETIC_AND_LYMPHOID_TISSUE
CCLE-10-AZD6244-HEM,58,7,JVM3_HAEMATOPOIETIC_AND_LYMPHOID_TISSUE
CCLE-10-AZD6244-HEM,58,8,KARPAS299_HAEMATOPOIETIC_AND_LYMPHOID_TISSUE
CCLE-10-AZD6244-HEM,58,9,KCL22_HAEMATOPOIETIC_AND_LYMPHOID_TISSUE
CCLE-10-AZD6244-HEM,58,10,KMS12BM_HAEMATOPOIETIC_AND_LYMPHOID_TISSUE
CCLE-10-AZD6244-HEM,58,11,KMS26_HAEMATOPOIETIC_AND_LYMPHOID_TISSUE
CCLE-10-AZD6244-HEM,58,12,MOLT16_HAEMATOPOIETIC_AND_LYMPHOID_TISSUE
CCLE-10-AZD6244-HEM,58,13,OCIAML5_HAEMATOPOIETIC_AND_LYMPHOID_TISSUE
CCLE-10-AZD6244-HEM,58,14,P3HR1_HAEMATOPOIETIC_AND_LYMPHOID_TISSUE
CCLE-10-AZD6244-HEM,58,15,SIGM5_HAEMATOPOIETIC_AND_LYMPHOID_TISSUE
CCLE-10-AZD6244-HEM,58,16,SUDHL8_HAEMATOPOIETIC_AND_LYMPHOID_TISSUE
CCLE-10-AZD6244-HEM,58,17,TOLEDO_HAEMATOPOIETIC_AND_LYMPHOID_TISSUE
CCLE-10-AZD6244-HEM,58,18,U937_HAEMATOPOIETIC_AND_LYMPHOID_TISSUE
CCLE-10-AZD6244-HEM,59,1,AMO1_HAEMATOPOIETIC_AND_LYMPHOID_TISSUE
CCLE-10-AZD6244-HEM,59,2,BDCM_HAEMATOPOIETIC_AND_LYMPHOID_TISSUE
CCLE-10-AZD6244-HEM,59,3,CI1_HAEMATOPOIETIC_AND_LYMPHOID_TISSUE
CCLE-10-AZD6244-HEM,59,4,DEL_HAEMATOPOIETIC_AND_LYMPHOID_TISSUE
CCLE-10-AZD6244-HEM,59,5,DOHH2_HAEMATOPOIETIC_AND_LYMPHOID_TISSUE
CCLE-10-AZD6244-HEM,59,6,HT_HAEMATOPOIETIC_AND_LYMPHOID_TISSUE
CCLE-10-AZD6244-HEM,59,7,JVM3_HAEMATOPOIETIC_AND_LYMPHOID_TISSUE
CCLE-10-AZD6244-HEM,59,8,KASUMI2_HAEMATOPOIETIC_AND_LYMPHOID_TISSUE
CCLE-10-AZD6244-HEM,59,9,KMS34_HAEMATOPOIETIC_AND_LYMPHOID_TISSUE
CCLE-10-AZD6244-HEM,59,10,MC116_HAEMATOPOIETIC_AND_LYMPHOID_TISSUE
CCLE-10-AZD6244-HEM,59,11,MJ_HAEMATOPOIETIC_AND_LYMPHOID_TISSUE
CCLE-10-AZD6244-HEM,59,12,OPM2_HAEMATOPOIETIC_AND_LYMPHOID_TISSUE
CCLE-10-AZD6244-HEM,59,13,P12ICHIKAWA_HAEMATOPOIETIC_AND_LYMPHOID_TISSUE
CCLE-10-AZD6244-HEM,59,14,P31FUJ_HAEMATOPOIETIC_AND_LYMPHOID_TISSUE
CCLE-10-AZD6244-HEM,59,15,P3HR1_HAEMATOPOIETIC_AND_LYMPHOID_TISSUE
CCLE-10-AZD6244-HEM,59,16,REH_HAEMATOPOIETIC_AND_LYMPHOID_TISSUE
CCLE-10-AZD6244-HEM,59,17,SUDHL10_HAEMATOPOIETIC_AND_LYMPHOID_TISSUE
CCLE-10-AZD6244-HEM,59,18,U937_HAEMATOPOIETIC_AND_LYMPHOID_TISSUE
CCLE-10-AZD6244-HEM,60,1,697_HAEMATOPOIETIC_AND_LYMPHOID_TISSUE
CCLE-10-AZD6244-HEM,60,2,CI1_HAEMATOPOIETIC_AND_LYMPHOID_TISSUE
CCLE-10-AZD6244-HEM,60,3,DEL_HAEMATOPOIETIC_AND_LYMPHOID_TISSUE
CCLE-10-AZD6244-HEM,60,4,EM2_HAEMATOPOIETIC_AND_LYMPHOID_TISSUE
CCLE-10-AZD6244-HEM,60,5,GRANTA519_HAEMATOPOIETIC_AND_LYMPHOID_TISSUE
CCLE-10-AZD6244-HEM,60,6,HDMYZ_HAEMATOPOIETIC_AND_LYMPHOID_TISSUE
CCLE-10-AZD6244-HEM,60,7,KARPAS299_HAEMATOPOIETIC_AND_LYMPHOID_TISSUE
CCLE-10-AZD6244-HEM,60,8,KARPAS620_HAEMATOPOIETIC_AND_LYMPHOID_TISSUE
CCLE-10-AZD6244-HEM,60,9,KMM1_HAEMATOPOIETIC_AND_LYMPHOID_TISSUE
CCLE-10-AZD6244-HEM,60,10,KO52_HAEMATOPOIETIC_AND_LYMPHOID_TISSUE
CCLE-10-AZD6244-HEM,60,11,L428_HAEMATOPOIETIC_AND_LYMPHOID_TISSUE
CCLE-10-AZD6244-HEM,60,12,LP1_HAEMATOPOIETIC_AND_LYMPHOID_TISSUE
CCLE-10-AZD6244-HEM,60,13,MEG01_HAEMATOPOIETIC_AND_LYMPHOID_TISSUE
CCLE-10-AZD6244-HEM,60,14,MOLP8_HAEMATOPOIETIC_AND_LYMPHOID_TISSUE
CCLE-10-AZD6244-HEM,60,15,RPMI8402_HAEMATOPOIETIC_AND_LYMPHOID_TISSUE
CCLE-10-AZD6244-HEM,60,16,SIGM5_HAEMATOPOIETIC_AND_LYMPHOID_TISSUE
CCLE-10-AZD6244-HEM,60,17,SKMM2_HAEMATOPOIETIC_AND_LYMPHOID_TISSUE
CCLE-10-AZD6244-HEM,60,18,TOLEDO_HAEMATOPOIETIC_AND_LYMPHOID_TISSUE
CCLE-10-AZD6244-HEM,61,1,AMO1_HAEMATOPOIETIC_AND_LYMPHOID_TISSUE
CCLE-10-AZD6244-HEM,61,2,CI1_HAEMATOPOIETIC_AND_LYMPHOID_TISSUE
CCLE-10-AZD6244-HEM,61,3,GRANTA519_HAEMATOPOIETIC_AND_LYMPHOID_TISSUE
CCLE-10-AZD6244-HEM,61,4,JM1_HAEMATOPOIETIC_AND_LYMPHOID_TISSUE
CCLE-10-AZD6244-HEM,61,5,KARPAS620_HAEMATOPOIETIC_AND_LYMPHOID_TISSUE
CCLE-10-AZD6244-HEM,61,6,KASUMI2_HAEMATOPOIETIC_AND_LYMPHOID_TISSUE
CCLE-10-AZD6244-HEM,61,7,KG1_HAEMATOPOIETIC_AND_LYMPHOID_TISSUE
CCLE-10-AZD6244-HEM,61,8,KMS11_HAEMATOPOIETIC_AND_LYMPHOID_TISSUE
CCLE-10-AZD6244-HEM,61,9,KO52_HAEMATOPOIETIC_AND_LYMPHOID_TISSUE
CCLE-10-AZD6244-HEM,61,10,LP1_HAEMATOPOIETIC_AND_LYMPHOID_TISSUE
CCLE-10-AZD6244-HEM,61,11,MOLP8_HAEMATOPOIETIC_AND_LYMPHOID_TISSUE
CCLE-10-AZD6244-HEM,61,12,P12ICHIKAWA_HAEMATOPOIETIC_AND_LYMPHOID_TISSUE
CCLE-10-AZD6244-HEM,61,13,P3HR1_HAEMATOPOIETIC_AND_LYMPHOID_TISSUE
CCLE-10-AZD6244-HEM,61,14,SIGM5_HAEMATOPOIETIC_AND_LYMPHOID_TISSUE
CCLE-10-AZD6244-HEM,61,15,SUDHL4_HAEMATOPOIETIC_AND_LYMPHOID_TISSUE
CCLE-10-AZD6244-HEM,61,16,SUDHL6_HAEMATOPOIETIC_AND_LYMPHOID_TISSUE
CCLE-10-AZD6244-HEM,61,17,SUPM2_HAEMATOPOIETIC_AND_LYMPHOID_TISSUE
CCLE-10-AZD6244-HEM,61,18,SUPT1_HAEMATOPOIETIC_AND_LYMPHOID_TISSUE
CCLE-10-AZD6244-HEM,62,1,697_HAEMATOPOIETIC_AND_LYMPHOID_TISSUE
CCLE-10-AZD6244-HEM,62,2,ALLSIL_HAEMATOPOIETIC_AND_LYMPHOID_TISSUE
CCLE-10-AZD6244-HEM,62,3,AMO1_HAEMATOPOIETIC_AND_LYMPHOID_TISSUE
CCLE-10-AZD6244-HEM,62,4,BL70_HAEMATOPOIETIC_AND_LYMPHOID_TISSUE
CCLE-10-AZD6244-HEM,62,5,HH_HAEMATOPOIETIC_AND_LYMPHOID_TISSUE
CCLE-10-AZD6244-HEM,62,6,JURKAT_HAEMATOPOIETIC_AND_LYMPHOID_TISSUE
CCLE-10-AZD6244-HEM,62,7,JVM3_HAEMATOPOIETIC_AND_LYMPHOID_TISSUE
CCLE-10-AZD6244-HEM,62,8,KARPAS620_HAEMATOPOIETIC_AND_LYMPHOID_TISSUE
CCLE-10-AZD6244-HEM,62,9,KMM1_HAEMATOPOIETIC_AND_LYMPHOID_TISSUE
CCLE-10-AZD6244-HEM,62,10,KMS12BM_HAEMATOPOIETIC_AND_LYMPHOID_TISSUE
CCLE-10-AZD6244-HEM,62,11,KMS26_HAEMATOPOIETIC_AND_LYMPHOID_TISSUE
CCLE-10-AZD6244-HEM,62,12,KMS34_HAEMATOPOIETIC_AND_LYMPHOID_TISSUE
CCLE-10-AZD6244-HEM,62,13,L428_HAEMATOPOIETIC_AND_LYMPHOID_TISSUE
CCLE-10-AZD6244-HEM,62,14,MEG01_HAEMATOPOIETIC_AND_LYMPHOID_TISSUE
CCLE-10-AZD6244-HEM,62,15,OCIAML5_HAEMATOPOIETIC_AND_LYMPHOID_TISSUE
CCLE-10-AZD6244-HEM,62,16,PFEIFFER_HAEMATOPOIETIC_AND_LYMPHOID_TISSUE
CCLE-10-AZD6244-HEM,62,17,RPMI8402_HAEMATOPOIETIC_AND_LYMPHOID_TISSUE
CCLE-10-AZD6244-HEM,62,18,SUDHL4_HAEMATOPOIETIC_AND_LYMPHOID_TISSUE
CCLE-10-AZD6244-HEM,63,1,697_HAEMATOPOIETIC_AND_LYMPHOID_TISSUE
CCLE-10-AZD6244-HEM,63,2,AMO1_HAEMATOPOIETIC_AND_LYMPHOID_TISSUE
CCLE-10-AZD6244-HEM,63,3,BDCM_HAEMATOPOIETIC_AND_LYMPHOID_TISSUE
CCLE-10-AZD6244-HEM,63,4,BL41_HAEMATOPOIETIC_AND_LYMPHOID_TISSUE
CCLE-10-AZD6244-HEM,63,5,DEL_HAEMATOPOIETIC_AND_LYMPHOID_TISSUE
CCLE-10-AZD6244-HEM,63,6,DOHH2_HAEMATOPOIETIC_AND_LYMPHOID_TISSUE
CCLE-10-AZD6244-HEM,63,7,HUT78_HAEMATOPOIETIC_AND_LYMPHOID_TISSUE
CCLE-10-AZD6244-HEM,63,8,JVM3_HAEMATOPOIETIC_AND_LYMPHOID_TISSUE
CCLE-10-AZD6244-HEM,63,9,KG1_HAEMATOPOIETIC_AND_LYMPHOID_TISSUE
CCLE-10-AZD6244-HEM,63,10,KHM1B_HAEMATOPOIETIC_AND_LYMPHOID_TISSUE
CCLE-10-AZD6244-HEM,63,11,KMS34_HAEMATOPOIETIC_AND_LYMPHOID_TISSUE
CCLE-10-AZD6244-HEM,63,12,LP1_HAEMATOPOIETIC_AND_LYMPHOID_TISSUE
CCLE-10-AZD6244-HEM,63,13,PFEIFFER_HAEMATOPOIETIC_AND_LYMPHOID_TISSUE
CCLE-10-AZD6244-HEM,63,14,RPMI8402_HAEMATOPOIETIC_AND_LYMPHOID_TISSUE
CCLE-10-AZD6244-HEM,63,15,SUDHL10_HAEMATOPOIETIC_AND_LYMPHOID_TISSUE
CCLE-10-AZD6244-HEM,63,16,SUDHL4_HAEMATOPOIETIC_AND_LYMPHOID_TISSUE
CCLE-10-AZD6244-HEM,63,17,SUDHL6_HAEMATOPOIETIC_AND_LYMPHOID_TISSUE
CCLE-10-AZD6244-HEM,63,18,SUDHL8_HAEMATOPOIETIC_AND_LYMPHOID_TISSUE
CCLE-10-AZD6244-HEM,64,1,ALLSIL_HAEMATOPOIETIC_AND_LYMPHOID_TISSUE
CCLE-10-AZD6244-HEM,64,2,BDCM_HAEMATOPOIETIC_AND_LYMPHOID_TISSUE
CCLE-10-AZD6244-HEM,64,3,BL41_HAEMATOPOIETIC_AND_LYMPHOID_TISSUE
CCLE-10-AZD6244-HEM,64,4,F36P_HAEMATOPOIETIC_AND_LYMPHOID_TISSUE
CCLE-10-AZD6244-HEM,64,5,GRANTA519_HAEMATOPOIETIC_AND_LYMPHOID_TISSUE
CCLE-10-AZD6244-HEM,64,6,HT_HAEMATOPOIETIC_AND_LYMPHOID_TISSUE
CCLE-10-AZD6244-HEM,64,7,KARPAS299_HAEMATOPOIETIC_AND_LYMPHOID_TISSUE
CCLE-10-AZD6244-HEM,64,8,KARPAS620_HAEMATOPOIETIC_AND_LYMPHOID_TISSUE
CCLE-10-AZD6244-HEM,64,9,KG1_HAEMATOPOIETIC_AND_LYMPHOID_TISSUE
CCLE-10-AZD6244-HEM,64,10,KMM1_HAEMATOPOIETIC_AND_LYMPHOID_TISSUE
CCLE-10-AZD6244-HEM,64,11,KMS11_HAEMATOPOIETIC_AND_LYMPHOID_TISSUE
CCLE-10-AZD6244-HEM,64,12,KMS12BM_HAEMATOPOIETIC_AND_LYMPHOID_TISSUE
CCLE-10-AZD6244-HEM,64,13,KMS34_HAEMATOPOIETIC_AND_LYMPHOID_TISSUE
CCLE-10-AZD6244-HEM,64,14,KU812_HAEMATOPOIETIC_AND_LYMPHOID_TISSUE
CCLE-10-AZD6244-HEM,64,15,L363_HAEMATOPOIETIC_AND_LYMPHOID_TISSUE
CCLE-10-AZD6244-HEM,64,16,RAJI_HAEMATOPOIETIC_AND_LYMPHOID_TISSUE
CCLE-10-AZD6244-HEM,64,17,REH_HAEMATOPOIETIC_AND_LYMPHOID_TISSUE
CCLE-10-AZD6244-HEM,64,18,SUDHL4_HAEMATOPOIETIC_AND_LYMPHOID_TISSUE
CCLE-10-AZD6244-HEM,65,1,ALLSIL_HAEMATOPOIETIC_AND_LYMPHOID_TISSUE
CCLE-10-AZD6244-HEM,65,2,AMO1_HAEMATOPOIETIC_AND_LYMPHOID_TISSUE
CCLE-10-AZD6244-HEM,65,3,BL70_HAEMATOPOIETIC_AND_LYMPHOID_TISSUE
CCLE-10-AZD6244-HEM,65,4,F36P_HAEMATOPOIETIC_AND_LYMPHOID_TISSUE
CCLE-10-AZD6244-HEM,65,5,KARPAS299_HAEMATOPOIETIC_AND_LYMPHOID_TISSUE
CCLE-10-AZD6244-HEM,65,6,KG1_HAEMATOPOIETIC_AND_LYMPHOID_TISSUE
CCLE-10-AZD6244-HEM,65,7,KHM1B_HAEMATOPOIETIC_AND_LYMPHOID_TISSUE
CCLE-10-AZD6244-HEM,65,8,KO52_HAEMATOPOIETIC_AND_LYMPHOID_TISSUE
CCLE-10-AZD6244-HEM,65,9,KU812_HAEMATOPOIETIC_AND_LYMPHOID_TISSUE
CCLE-10-AZD6244-HEM,65,10,MC116_HAEMATOPOIETIC_AND_LYMPHOID_TISSUE
CCLE-10-AZD6244-HEM,65,11,MOLP8_HAEMATOPOIETIC_AND_LYMPHOID_TISSUE
CCLE-10-AZD6244-HEM,65,12,NCO2_HAEMATOPOIETIC_AND_LYMPHOID_TISSUE
CCLE-10-AZD6244-HEM,65,13,OCIAML2_HAEMATOPOIETIC_AND_LYMPHOID_TISSUE
CCLE-10-AZD6244-HEM,65,14,OCIAML5_HAEMATOPOIETIC_AND_LYMPHOID_TISSUE
CCLE-10-AZD6244-HEM,65,15,P3HR1_HAEMATOPOIETIC_AND_LYMPHOID_TISSUE
CCLE-10-AZD6244-HEM,65,16,RPMI8402_HAEMATOPOIETIC_AND_LYMPHOID_TISSUE
CCLE-10-AZD6244-HEM,65,17,SKMM2_HAEMATOPOIETIC_AND_LYMPHOID_TISSUE
CCLE-10-AZD6244-HEM,65,18,SUDHL10_HAEMATOPOIETIC_AND_LYMPHOID_TISSUE
CCLE-10-AZD6244-HEM,66,1,697_HAEMATOPOIETIC_AND_LYMPHOID_TISSUE
CCLE-10-AZD6244-HEM,66,2,DOHH2_HAEMATOPOIETIC_AND_LYMPHOID_TISSUE
CCLE-10-AZD6244-HEM,66,3,GRANTA519_HAEMATOPOIETIC_AND_LYMPHOID_TISSUE
CCLE-10-AZD6244-HEM,66,4,HUT78_HAEMATOPOIETIC_AND_LYMPHOID_TISSUE
CCLE-10-AZD6244-HEM,66,5,JVM3_HAEMATOPOIETIC_AND_LYMPHOID_TISSUE
CCLE-10-AZD6244-HEM,66,6,KCL22_HAEMATOPOIETIC_AND_LYMPHOID_TISSUE
CCLE-10-AZD6244-HEM,66,7,KHM1B_HAEMATOPOIETIC_AND_LYMPHOID_TISSUE
CCLE-10-AZD6244-HEM,66,8,KMS26_HAEMATOPOIETIC_AND_LYMPHOID_TISSUE
CCLE-10-AZD6244-HEM,66,9,KO52_HAEMATOPOIETIC_AND_LYMPHOID_TISSUE
CCLE-10-AZD6244-HEM,66,10,L363_HAEMATOPOIETIC_AND_LYMPHOID_TISSUE
CCLE-10-AZD6244-HEM,66,11,LP1_HAEMATOPOIETIC_AND_LYMPHOID_TISSUE
CCLE-10-AZD6244-HEM,66,12,MEG01_HAEMATOPOIETIC_AND_LYMPHOID_TISSUE
CCLE-10-AZD6244-HEM,66,13,MJ_HAEMATOPOIETIC_AND_LYMPHOID_TISSUE
CCLE-10-AZD6244-HEM,66,14,OCIAML5_HAEMATOPOIETIC_AND_LYMPHOID_TISSUE
CCLE-10-AZD6244-HEM,66,15,PFEIFFER_HAEMATOPOIETIC_AND_LYMPHOID_TISSUE
CCLE-10-AZD6244-HEM,66,16,RAJI_HAEMATOPOIETIC_AND_LYMPHOID_TISSUE
CCLE-10-AZD6244-HEM,66,17,REH_HAEMATOPOIETIC_AND_LYMPHOID_TISSUE
CCLE-10-AZD6244-HEM,66,18,RPMI8402_HAEMATOPOIETIC_AND_LYMPHOID_TISSUE
CCLE-10-AZD6244-HEM,67,1,ALLSIL_HAEMATOPOIETIC_AND_LYMPHOID_TISSUE
CCLE-10-AZD6244-HEM,67,2,BL41_HAEMATOPOIETIC_AND_LYMPHOID_TISSUE
CCLE-10-AZD6244-HEM,67,3,BL70_HAEMATOPOIETIC_AND_LYMPHOID_TISSUE
CCLE-10-AZD6244-HEM,67,4,DEL_HAEMATOPOIETIC_AND_LYMPHOID_TISSUE
CCLE-10-AZD6244-HEM,67,5,GRANTA519_HAEMATOPOIETIC_AND_LYMPHOID_TISSUE
CCLE-10-AZD6244-HEM,67,6,HDMYZ_HAEMATOPOIETIC_AND_LYMPHOID_TISSUE
CCLE-10-AZD6244-HEM,67,7,HH_HAEMATOPOIETIC_AND_LYMPHOID_TISSUE
CCLE-10-AZD6244-HEM,67,8,HT_HAEMATOPOIETIC_AND_LYMPHOID_TISSUE
CCLE-10-AZD6244-HEM,67,9,JVM3_HAEMATOPOIETIC_AND_LYMPHOID_TISSUE
CCLE-10-AZD6244-HEM,67,10,KCL22_HAEMATOPOIETIC_AND_LYMPHOID_TISSUE
CCLE-10-AZD6244-HEM,67,11,KMS26_HAEMATOPOIETIC_AND_LYMPHOID_TISSUE
CCLE-10-AZD6244-HEM,67,12,L363_HAEMATOPOIETIC_AND_LYMPHOID_TISSUE
CCLE-10-AZD6244-HEM,67,13,MEG01_HAEMATOPOIETIC_AND_LYMPHOID_TISSUE
CCLE-10-AZD6244-HEM,67,14,OPM2_HAEMATOPOIETIC_AND_LYMPHOID_TISSUE
CCLE-10-AZD6244-HEM,67,15,P31FUJ_HAEMATOPOIETIC_AND_LYMPHOID_TISSUE
CCLE-10-AZD6244-HEM,67,16,P3HR1_HAEMATOPOIETIC_AND_LYMPHOID_TISSUE
CCLE-10-AZD6244-HEM,67,17,REH_HAEMATOPOIETIC_AND_LYMPHOID_TISSUE
CCLE-10-AZD6244-HEM,67,18,SUPT1_HAEMATOPOIETIC_AND_LYMPHOID_TISSUE
CCLE-10-AZD6244-HEM,68,1,DEL_HAEMATOPOIETIC_AND_LYMPHOID_TISSUE
CCLE-10-AZD6244-HEM,68,2,DOHH2_HAEMATOPOIETIC_AND_LYMPHOID_TISSUE
CCLE-10-AZD6244-HEM,68,3,EM2_HAEMATOPOIETIC_AND_LYMPHOID_TISSUE
CCLE-10-AZD6244-HEM,68,4,GRANTA519_HAEMATOPOIETIC_AND_LYMPHOID_TISSUE
CCLE-10-AZD6244-HEM,68,5,HH_HAEMATOPOIETIC_AND_LYMPHOID_TISSUE
CCLE-10-AZD6244-HEM,68,6,JM1_HAEMATOPOIETIC_AND_LYMPHOID_TISSUE
CCLE-10-AZD6244-HEM,68,7,KASUMI2_HAEMATOPOIETIC_AND_LYMPHOID_TISSUE
CCLE-10-AZD6244-HEM,68,8,KMS12BM_HAEMATOPOIETIC_AND_LYMPHOID_TISSUE
CCLE-10-AZD6244-HEM,68,9,KMS34_HAEMATOPOIETIC_AND_LYMPHOID_TISSUE
CCLE-10-AZD6244-HEM,68,10,L428_HAEMATOPOIETIC_AND_LYMPHOID_TISSUE
CCLE-10-AZD6244-HEM,68,11,MEG01_HAEMATOPOIETIC_AND_LYMPHOID_TISSUE
CCLE-10-AZD6244-HEM,68,12,MJ_HAEMATOPOIETIC_AND_LYMPHOID_TISSUE
CCLE-10-AZD6244-HEM,68,13,OPM2_HAEMATOPOIETIC_AND_LYMPHOID_TISSUE
CCLE-10-AZD6244-HEM,68,14,SIGM5_HAEMATOPOIETIC_AND_LYMPHOID_TISSUE
CCLE-10-AZD6244-HEM,68,15,SUDHL4_HAEMATOPOIETIC_AND_LYMPHOID_TISSUE
CCLE-10-AZD6244-HEM,68,16,SUDHL6_HAEMATOPOIETIC_AND_LYMPHOID_TISSUE
CCLE-10-AZD6244-HEM,68,17,SUPT1_HAEMATOPOIETIC_AND_LYMPHOID_TISSUE
CCLE-10-AZD6244-HEM,68,18,TOLEDO_HAEMATOPOIETIC_AND_LYMPHOID_TISSUE
CCLE-10-AZD6244-HEM,69,1,AMO1_HAEMATOPOIETIC_AND_LYMPHOID_TISSUE
CCLE-10-AZD6244-HEM,69,2,CI1_HAEMATOPOIETIC_AND_LYMPHOID_TISSUE
CCLE-10-AZD6244-HEM,69,3,EM2_HAEMATOPOIETIC_AND_LYMPHOID_TISSUE
CCLE-10-AZD6244-HEM,69,4,HH_HAEMATOPOIETIC_AND_LYMPHOID_TISSUE
CCLE-10-AZD6244-HEM,69,5,HT_HAEMATOPOIETIC_AND_LYMPHOID_TISSUE
CCLE-10-AZD6244-HEM,69,6,HUT78_HAEMATOPOIETIC_AND_LYMPHOID_TISSUE
CCLE-10-AZD6244-HEM,69,7,JURKAT_HAEMATOPOIETIC_AND_LYMPHOID_TISSUE
CCLE-10-AZD6244-HEM,69,8,KARPAS299_HAEMATOPOIETIC_AND_LYMPHOID_TISSUE
CCLE-10-AZD6244-HEM,69,9,KASUMI2_HAEMATOPOIETIC_AND_LYMPHOID_TISSUE
CCLE-10-AZD6244-HEM,69,10,KHM1B_HAEMATOPOIETIC_AND_LYMPHOID_TISSUE
CCLE-10-AZD6244-HEM,69,11,KMS11_HAEMATOPOIETIC_AND_LYMPHOID_TISSUE
CCLE-10-AZD6244-HEM,69,12,KMS34_HAEMATOPOIETIC_AND_LYMPHOID_TISSUE
CCLE-10-AZD6244-HEM,69,13,MEG01_HAEMATOPOIETIC_AND_LYMPHOID_TISSUE
CCLE-10-AZD6244-HEM,69,14,MINO_HAEMATOPOIETIC_AND_LYMPHOID_TISSUE
CCLE-10-AZD6244-HEM,69,15,OCIAML2_HAEMATOPOIETIC_AND_LYMPHOID_TISSUE
CCLE-10-AZD6244-HEM,69,16,REH_HAEMATOPOIETIC_AND_LYMPHOID_TISSUE
CCLE-10-AZD6244-HEM,69,17,TOLEDO_HAEMATOPOIETIC_AND_LYMPHOID_TISSUE
CCLE-10-AZD6244-HEM,69,18,U937_HAEMATOPOIETIC_AND_LYMPHOID_TISSUE
CCLE-10-AZD6244-HEM,70,1,697_HAEMATOPOIETIC_AND_LYMPHOID_TISSUE
CCLE-10-AZD6244-HEM,70,2,AMO1_HAEMATOPOIETIC_AND_LYMPHOID_TISSUE
CCLE-10-AZD6244-HEM,70,3,BL70_HAEMATOPOIETIC_AND_LYMPHOID_TISSUE
CCLE-10-AZD6244-HEM,70,4,F36P_HAEMATOPOIETIC_AND_LYMPHOID_TISSUE
CCLE-10-AZD6244-HEM,70,5,GRANTA519_HAEMATOPOIETIC_AND_LYMPHOID_TISSUE
CCLE-10-AZD6244-HEM,70,6,HT_HAEMATOPOIETIC_AND_LYMPHOID_TISSUE
CCLE-10-AZD6244-HEM,70,7,JM1_HAEMATOPOIETIC_AND_LYMPHOID_TISSUE
CCLE-10-AZD6244-HEM,70,8,JURKAT_HAEMATOPOIETIC_AND_LYMPHOID_TISSUE
CCLE-10-AZD6244-HEM,70,9,KMM1_HAEMATOPOIETIC_AND_LYMPHOID_TISSUE
CCLE-10-AZD6244-HEM,70,10,KMS12BM_HAEMATOPOIETIC_AND_LYMPHOID_TISSUE
CCLE-10-AZD6244-HEM,70,11,LP1_HAEMATOPOIETIC_AND_LYMPHOID_TISSUE
CCLE-10-AZD6244-HEM,70,12,MC116_HAEMATOPOIETIC_AND_LYMPHOID_TISSUE
CCLE-10-AZD6244-HEM,70,13,MINO_HAEMATOPOIETIC_AND_LYMPHOID_TISSUE
CCLE-10-AZD6244-HEM,70,14,MJ_HAEMATOPOIETIC_AND_LYMPHOID_TISSUE
CCLE-10-AZD6244-HEM,70,15,MOLP8_HAEMATOPOIETIC_AND_LYMPHOID_TISSUE
CCLE-10-AZD6244-HEM,70,16,P3HR1_HAEMATOPOIETIC_AND_LYMPHOID_TISSUE
CCLE-10-AZD6244-HEM,70,17,RPMI8402_HAEMATOPOIETIC_AND_LYMPHOID_TISSUE
CCLE-10-AZD6244-HEM,70,18,SUDHL6_HAEMATOPOIETIC_AND_LYMPHOID_TISSUE
CCLE-10-AZD6244-HEM,71,1,ALLSIL_HAEMATOPOIETIC_AND_LYMPHOID_TISSUE
CCLE-10-AZD6244-HEM,71,2,BL41_HAEMATOPOIETIC_AND_LYMPHOID_TISSUE
CCLE-10-AZD6244-HEM,71,3,HDMYZ_HAEMATOPOIETIC_AND_LYMPHOID_TISSUE
CCLE-10-AZD6244-HEM,71,4,JM1_HAEMATOPOIETIC_AND_LYMPHOID_TISSUE
CCLE-10-AZD6244-HEM,71,5,KARPAS299_HAEMATOPOIETIC_AND_LYMPHOID_TISSUE
CCLE-10-AZD6244-HEM,71,6,KARPAS620_HAEMATOPOIETIC_AND_LYMPHOID_TISSUE
CCLE-10-AZD6244-HEM,71,7,KHM1B_HAEMATOPOIETIC_AND_LYMPHOID_TISSUE
CCLE-10-AZD6244-HEM,71,8,KMS11_HAEMATOPOIETIC_AND_LYMPHOID_TISSUE
CCLE-10-AZD6244-HEM,71,9,KMS26_HAEMATOPOIETIC_AND_LYMPHOID_TISSUE
CCLE-10-AZD6244-HEM,71,10,KU812_HAEMATOPOIETIC_AND_LYMPHOID_TISSUE
CCLE-10-AZD6244-HEM,71,11,L363_HAEMATOPOIETIC_AND_LYMPHOID_TISSUE
CCLE-10-AZD6244-HEM,71,12,MEG01_HAEMATOPOIETIC_AND_LYMPHOID_TISSUE
CCLE-10-AZD6244-HEM,71,13,OCIAML2_HAEMATOPOIETIC_AND_LYMPHOID_TISSUE
CCLE-10-AZD6244-HEM,71,14,OCIAML5_HAEMATOPOIETIC_AND_LYMPHOID_TISSUE
CCLE-10-AZD6244-HEM,71,15,RAJI_HAEMATOPOIETIC_AND_LYMPHOID_TISSUE
CCLE-10-AZD6244-HEM,71,16,SIGM5_HAEMATOPOIETIC_AND_LYMPHOID_TISSUE
CCLE-10-AZD6244-HEM,71,17,SUDHL4_HAEMATOPOIETIC_AND_LYMPHOID_TISSUE
CCLE-10-AZD6244-HEM,71,18,TOLEDO_HAEMATOPOIETIC_AND_LYMPHOID_TISSUE
CCLE-10-AZD6244-HEM,72,1,697_HAEMATOPOIETIC_AND_LYMPHOID_TISSUE
CCLE-10-AZD6244-HEM,72,2,DOHH2_HAEMATOPOIETIC_AND_LYMPHOID_TISSUE
CCLE-10-AZD6244-HEM,72,3,EM2_HAEMATOPOIETIC_AND_LYMPHOID_TISSUE
CCLE-10-AZD6244-HEM,72,4,HDMYZ_HAEMATOPOIETIC_AND_LYMPHOID_TISSUE
CCLE-10-AZD6244-HEM,72,5,HT_HAEMATOPOIETIC_AND_LYMPHOID_TISSUE
CCLE-10-AZD6244-HEM,72,6,JVM3_HAEMATOPOIETIC_AND_LYMPHOID_TISSUE
CCLE-10-AZD6244-HEM,72,7,KARPAS620_HAEMATOPOIETIC_AND_LYMPHOID_TISSUE
CCLE-10-AZD6244-HEM,72,8,KASUMI2_HAEMATOPOIETIC_AND_LYMPHOID_TISSUE
CCLE-10-AZD6244-HEM,72,9,KMS11_HAEMATOPOIETIC_AND_LYMPHOID_TISSUE
CCLE-10-AZD6244-HEM,72,10,KU812_HAEMATOPOIETIC_AND_LYMPHOID_TISSUE
CCLE-10-AZD6244-HEM,72,11,LP1_HAEMATOPOIETIC_AND_LYMPHOID_TISSUE
CCLE-10-AZD6244-HEM,72,12,MC116_HAEMATOPOIETIC_AND_LYMPHOID_TISSUE
CCLE-10-AZD6244-HEM,72,13,MINO_HAEMATOPOIETIC_AND_LYMPHOID_TISSUE
CCLE-10-AZD6244-HEM,72,14,MOLP8_HAEMATOPOIETIC_AND_LYMPHOID_TISSUE
CCLE-10-AZD6244-HEM,72,15,OCIAML5_HAEMATOPOIETIC_AND_LYMPHOID_TISSUE
CCLE-10-AZD6244-HEM,72,16,REH_HAEMATOPOIETIC_AND_LYMPHOID_TISSUE
CCLE-10-AZD6244-HEM,72,17,SUDHL4_HAEMATOPOIETIC_AND_LYMPHOID_TISSUE
CCLE-10-AZD6244-HEM,72,18,SUDHL6_HAEMATOPOIETIC_AND_LYMPHOID_TISSUE
CCLE-10-AZD6244-HEM,73,1,697_HAEMATOPOIETIC_AND_LYMPHOID_TISSUE
CCLE-10-AZD6244-HEM,73,2,AMO1_HAEMATOPOIETIC_AND_LYMPHOID_TISSUE
CCLE-10-AZD6244-HEM,73,3,BDCM_HAEMATOPOIETIC_AND_LYMPHOID_TISSUE
CCLE-10-AZD6244-HEM,73,4,HH_HAEMATOPOIETIC_AND_LYMPHOID_TISSUE
CCLE-10-AZD6244-HEM,73,5,HT_HAEMATOPOIETIC_AND_LYMPHOID_TISSUE
CCLE-10-AZD6244-HEM,73,6,KMS26_HAEMATOPOIETIC_AND_LYMPHOID_TISSUE
CCLE-10-AZD6244-HEM,73,7,KO52_HAEMATOPOIETIC_AND_LYMPHOID_TISSUE
CCLE-10-AZD6244-HEM,73,8,MOLT16_HAEMATOPOIETIC_AND_LYMPHOID_TISSUE
CCLE-10-AZD6244-HEM,73,9,NCO2_HAEMATOPOIETIC_AND_LYMPHOID_TISSUE
CCLE-10-AZD6244-HEM,73,10,OPM2_HAEMATOPOIETIC_AND_LYMPHOID_TISSUE
CCLE-10-AZD6244-HEM,73,11,PFEIFFER_HAEMATOPOIETIC_AND_LYMPHOID_TISSUE
CCLE-10-AZD6244-HEM,73,12,RAJI_HAEMATOPOIETIC_AND_LYMPHOID_TISSUE
CCLE-10-AZD6244-HEM,73,13,REH_HAEMATOPOIETIC_AND_LYMPHOID_TISSUE
CCLE-10-AZD6244-HEM,73,14,SUDHL10_HAEMATOPOIETIC_AND_LYMPHOID_TISSUE
CCLE-10-AZD6244-HEM,73,15,SUDHL4_HAEMATOPOIETIC_AND_LYMPHOID_TISSUE
CCLE-10-AZD6244-HEM,73,16,SUPM2_HAEMATOPOIETIC_AND_LYMPHOID_TISSUE
CCLE-10-AZD6244-HEM,73,17,TOLEDO_HAEMATOPOIETIC_AND_LYMPHOID_TISSUE
CCLE-10-AZD6244-HEM,73,18,U937_HAEMATOPOIETIC_AND_LYMPHOID_TISSUE
CCLE-10-AZD6244-HEM,74,1,BL41_HAEMATOPOIETIC_AND_LYMPHOID_TISSUE
CCLE-10-AZD6244-HEM,74,2,F36P_HAEMATOPOIETIC_AND_LYMPHOID_TISSUE
CCLE-10-AZD6244-HEM,74,3,GRANTA519_HAEMATOPOIETIC_AND_LYMPHOID_TISSUE
CCLE-10-AZD6244-HEM,74,4,KARPAS620_HAEMATOPOIETIC_AND_LYMPHOID_TISSUE
CCLE-10-AZD6244-HEM,74,5,KCL22_HAEMATOPOIETIC_AND_LYMPHOID_TISSUE
CCLE-10-AZD6244-HEM,74,6,KO52_HAEMATOPOIETIC_AND_LYMPHOID_TISSUE
CCLE-10-AZD6244-HEM,74,7,KU812_HAEMATOPOIETIC_AND_LYMPHOID_TISSUE
CCLE-10-AZD6244-HEM,74,8,MOLT16_HAEMATOPOIETIC_AND_LYMPHOID_TISSUE
CCLE-10-AZD6244-HEM,74,9,NCO2_HAEMATOPOIETIC_AND_LYMPHOID_TISSUE
CCLE-10-AZD6244-HEM,74,10,OCIAML2_HAEMATOPOIETIC_AND_LYMPHOID_TISSUE
CCLE-10-AZD6244-HEM,74,11,P12ICHIKAWA_HAEMATOPOIETIC_AND_LYMPHOID_TISSUE
CCLE-10-AZD6244-HEM,74,12,PFEIFFER_HAEMATOPOIETIC_AND_LYMPHOID_TISSUE
CCLE-10-AZD6244-HEM,74,13,RAJI_HAEMATOPOIETIC_AND_LYMPHOID_TISSUE
CCLE-10-AZD6244-HEM,74,14,REH_HAEMATOPOIETIC_AND_LYMPHOID_TISSUE
CCLE-10-AZD6244-HEM,74,15,SIGM5_HAEMATOPOIETIC_AND_LYMPHOID_TISSUE
CCLE-10-AZD6244-HEM,74,16,SKMM2_HAEMATOPOIETIC_AND_LYMPHOID_TISSUE
CCLE-10-AZD6244-HEM,74,17,SUPT1_HAEMATOPOIETIC_AND_LYMPHOID_TISSUE
CCLE-10-AZD6244-HEM,74,18,U937_HAEMATOPOIETIC_AND_LYMPHOID_TISSUE
CCLE-10-AZD6244-HEM,75,1,BDCM_HAEMATOPOIETIC_AND_LYMPHOID_TISSUE
CCLE-10-AZD6244-HEM,75,2,F36P_HAEMATOPOIETIC_AND_LYMPHOID_TISSUE
CCLE-10-AZD6244-HEM,75,3,HDMYZ_HAEMATOPOIETIC_AND_LYMPHOID_TISSUE
CCLE-10-AZD6244-HEM,75,4,KARPAS299_HAEMATOPOIETIC_AND_LYMPHOID_TISSUE
CCLE-10-AZD6244-HEM,75,5,KCL22_HAEMATOPOIETIC_AND_LYMPHOID_TISSUE
CCLE-10-AZD6244-HEM,75,6,KMM1_HAEMATOPOIETIC_AND_LYMPHOID_TISSUE
CCLE-10-AZD6244-HEM,75,7,L363_HAEMATOPOIETIC_AND_LYMPHOID_TISSUE
CCLE-10-AZD6244-HEM,75,8,MEG01_HAEMATOPOIETIC_AND_LYMPHOID_TISSUE
CCLE-10-AZD6244-HEM,75,9,NCO2_HAEMATOPOIETIC_AND_LYMPHOID_TISSUE
CCLE-10-AZD6244-HEM,75,10,OCIAML2_HAEMATOPOIETIC_AND_LYMPHOID_TISSUE
CCLE-10-AZD6244-HEM,75,11,OCIAML5_HAEMATOPOIETIC_AND_LYMPHOID_TISSUE
CCLE-10-AZD6244-HEM,75,12,OPM2_HAEMATOPOIETIC_AND_LYMPHOID_TISSUE
CCLE-10-AZD6244-HEM,75,13,PFEIFFER_HAEMATOPOIETIC_AND_LYMPHOID_TISSUE
CCLE-10-AZD6244-HEM,75,14,RAJI_HAEMATOPOIETIC_AND_LYMPHOID_TISSUE
CCLE-10-AZD6244-HEM,75,15,REH_HAEMATOPOIETIC_AND_LYMPHOID_TISSUE
CCLE-10-AZD6244-HEM,75,16,SKMM2_HAEMATOPOIETIC_AND_LYMPHOID_TISSUE
CCLE-10-AZD6244-HEM,75,17,SUDHL4_HAEMATOPOIETIC_AND_LYMPHOID_TISSUE
CCLE-10-AZD6244-HEM,75,18,U937_HAEMATOPOIETIC_AND_LYMPHOID_TISSUE
CCLE-10-AZD6244-HEM,76,1,BL41_HAEMATOPOIETIC_AND_LYMPHOID_TISSUE
CCLE-10-AZD6244-HEM,76,2,JURKAT_HAEMATOPOIETIC_AND_LYMPHOID_TISSUE
CCLE-10-AZD6244-HEM,76,3,JVM3_HAEMATOPOIETIC_AND_LYMPHOID_TISSUE
CCLE-10-AZD6244-HEM,76,4,KASUMI2_HAEMATOPOIETIC_AND_LYMPHOID_TISSUE
CCLE-10-AZD6244-HEM,76,5,KMS26_HAEMATOPOIETIC_AND_LYMPHOID_TISSUE
CCLE-10-AZD6244-HEM,76,6,KMS34_HAEMATOPOIETIC_AND_LYMPHOID_TISSUE
CCLE-10-AZD6244-HEM,76,7,KU812_HAEMATOPOIETIC_AND_LYMPHOID_TISSUE
CCLE-10-AZD6244-HEM,76,8,L363_HAEMATOPOIETIC_AND_LYMPHOID_TISSUE
CCLE-10-AZD6244-HEM,76,9,LP1_HAEMATOPOIETIC_AND_LYMPHOID_TISSUE
CCLE-10-AZD6244-HEM,76,10,MEG01_HAEMATOPOIETIC_AND_LYMPHOID_TISSUE
CCLE-10-AZD6244-HEM,76,11,MINO_HAEMATOPOIETIC_AND_LYMPHOID_TISSUE
CCLE-10-AZD6244-HEM,76,12,MJ_HAEMATOPOIETIC_AND_LYMPHOID_TISSUE
CCLE-10-AZD6244-HEM,76,13,MOLP8_HAEMATOPOIETIC_AND_LYMPHOID_TISSUE
CCLE-10-AZD6244-HEM,76,14,NCO2_HAEMATOPOIETIC_AND_LYMPHOID_TISSUE
CCLE-10-AZD6244-HEM,76,15,P3HR1_HAEMATOPOIETIC_AND_LYMPHOID_TISSUE
CCLE-10-AZD6244-HEM,76,16,PFEIFFER_HAEMATOPOIETIC_AND_LYMPHOID_TISSUE
CCLE-10-AZD6244-HEM,76,17,SKMM2_HAEMATOPOIETIC_AND_LYMPHOID_TISSUE
CCLE-10-AZD6244-HEM,76,18,SUPM2_HAEMATOPOIETIC_AND_LYMPHOID_TISSUE
CCLE-10-AZD6244-HEM,77,1,DEL_HAEMATOPOIETIC_AND_LYMPHOID_TISSUE
CCLE-10-AZD6244-HEM,77,2,EM2_HAEMATOPOIETIC_AND_LYMPHOID_TISSUE
CCLE-10-AZD6244-HEM,77,3,GRANTA519_HAEMATOPOIETIC_AND_LYMPHOID_TISSUE
CCLE-10-AZD6244-HEM,77,4,HT_HAEMATOPOIETIC_AND_LYMPHOID_TISSUE
CCLE-10-AZD6244-HEM,77,5,JVM3_HAEMATOPOIETIC_AND_LYMPHOID_TISSUE
CCLE-10-AZD6244-HEM,77,6,KARPAS299_HAEMATOPOIETIC_AND_LYMPHOID_TISSUE
CCLE-10-AZD6244-HEM,77,7,KARPAS620_HAEMATOPOIETIC_AND_LYMPHOID_TISSUE
CCLE-10-AZD6244-HEM,77,8,KCL22_HAEMATOPOIETIC_AND_LYMPHOID_TISSUE
CCLE-10-AZD6244-HEM,77,9,KHM1B_HAEMATOPOIETIC_AND_LYMPHOID_TISSUE
CCLE-10-AZD6244-HEM,77,10,KMS11_HAEMATOPOIETIC_AND_LYMPHOID_TISSUE
CCLE-10-AZD6244-HEM,77,11,KO52_HAEMATOPOIETIC_AND_LYMPHOID_TISSUE
CCLE-10-AZD6244-HEM,77,12,MC116_HAEMATOPOIETIC_AND_LYMPHOID_TISSUE
CCLE-10-AZD6244-HEM,77,13,MEG01_HAEMATOPOIETIC_AND_LYMPHOID_TISSUE
CCLE-10-AZD6244-HEM,77,14,P3HR1_HAEMATOPOIETIC_AND_LYMPHOID_TISSUE
CCLE-10-AZD6244-HEM,77,15,PFEIFFER_HAEMATOPOIETIC_AND_LYMPHOID_TISSUE
CCLE-10-AZD6244-HEM,77,16,RPMI8402_HAEMATOPOIETIC_AND_LYMPHOID_TISSUE
CCLE-10-AZD6244-HEM,77,17,SKMM2_HAEMATOPOIETIC_AND_LYMPHOID_TISSUE
CCLE-10-AZD6244-HEM,77,18,SUDHL4_HAEMATOPOIETIC_AND_LYMPHOID_TISSUE
CCLE-10-AZD6244-HEM,78,1,BDCM_HAEMATOPOIETIC_AND_LYMPHOID_TISSUE
CCLE-10-AZD6244-HEM,78,2,HT_HAEMATOPOIETIC_AND_LYMPHOID_TISSUE
CCLE-10-AZD6244-HEM,78,3,HUT78_HAEMATOPOIETIC_AND_LYMPHOID_TISSUE
CCLE-10-AZD6244-HEM,78,4,JURKAT_HAEMATOPOIETIC_AND_LYMPHOID_TISSUE
CCLE-10-AZD6244-HEM,78,5,JVM3_HAEMATOPOIETIC_AND_LYMPHOID_TISSUE
CCLE-10-AZD6244-HEM,78,6,KASUMI2_HAEMATOPOIETIC_AND_LYMPHOID_TISSUE
CCLE-10-AZD6244-HEM,78,7,KCL22_HAEMATOPOIETIC_AND_LYMPHOID_TISSUE
CCLE-10-AZD6244-HEM,78,8,KMM1_HAEMATOPOIETIC_AND_LYMPHOID_TISSUE
CCLE-10-AZD6244-HEM,78,9,KMS12BM_HAEMATOPOIETIC_AND_LYMPHOID_TISSUE
CCLE-10-AZD6244-HEM,78,10,KMS34_HAEMATOPOIETIC_AND_LYMPHOID_TISSUE
CCLE-10-AZD6244-HEM,78,11,KU812_HAEMATOPOIETIC_AND_LYMPHOID_TISSUE
CCLE-10-AZD6244-HEM,78,12,MC116_HAEMATOPOIETIC_AND_LYMPHOID_TISSUE
CCLE-10-AZD6244-HEM,78,13,MEG01_HAEMATOPOIETIC_AND_LYMPHOID_TISSUE
CCLE-10-AZD6244-HEM,78,14,MJ_HAEMATOPOIETIC_AND_LYMPHOID_TISSUE
CCLE-10-AZD6244-HEM,78,15,MOLP8_HAEMATOPOIETIC_AND_LYMPHOID_TISSUE
CCLE-10-AZD6244-HEM,78,16,MOLT16_HAEMATOPOIETIC_AND_LYMPHOID_TISSUE
CCLE-10-AZD6244-HEM,78,17,REH_HAEMATOPOIETIC_AND_LYMPHOID_TISSUE
CCLE-10-AZD6244-HEM,78,18,SUDHL4_HAEMATOPOIETIC_AND_LYMPHOID_TISSUE
CCLE-10-AZD6244-HEM,79,1,697_HAEMATOPOIETIC_AND_LYMPHOID_TISSUE
CCLE-10-AZD6244-HEM,79,2,ALLSIL_HAEMATOPOIETIC_AND_LYMPHOID_TISSUE
CCLE-10-AZD6244-HEM,79,3,AMO1_HAEMATOPOIETIC_AND_LYMPHOID_TISSUE
CCLE-10-AZD6244-HEM,79,4,BL41_HAEMATOPOIETIC_AND_LYMPHOID_TISSUE
CCLE-10-AZD6244-HEM,79,5,CI1_HAEMATOPOIETIC_AND_LYMPHOID_TISSUE
CCLE-10-AZD6244-HEM,79,6,HDMYZ_HAEMATOPOIETIC_AND_LYMPHOID_TISSUE
CCLE-10-AZD6244-HEM,79,7,JURKAT_HAEMATOPOIETIC_AND_LYMPHOID_TISSUE
CCLE-10-AZD6244-HEM,79,8,KARPAS620_HAEMATOPOIETIC_AND_LYMPHOID_TISSUE
CCLE-10-AZD6244-HEM,79,9,L428_HAEMATOPOIETIC_AND_LYMPHOID_TISSUE
CCLE-10-AZD6244-HEM,79,10,LP1_HAEMATOPOIETIC_AND_LYMPHOID_TISSUE
CCLE-10-AZD6244-HEM,79,11,MJ_HAEMATOPOIETIC_AND_LYMPHOID_TISSUE
CCLE-10-AZD6244-HEM,79,12,P31FUJ_HAEMATOPOIETIC_AND_LYMPHOID_TISSUE
CCLE-10-AZD6244-HEM,79,13,P3HR1_HAEMATOPOIETIC_AND_LYMPHOID_TISSUE
CCLE-10-AZD6244-HEM,79,14,REH_HAEMATOPOIETIC_AND_LYMPHOID_TISSUE
CCLE-10-AZD6244-HEM,79,15,RPMI8402_HAEMATOPOIETIC_AND_LYMPHOID_TISSUE
CCLE-10-AZD6244-HEM,79,16,SKMM2_HAEMATOPOIETIC_AND_LYMPHOID_TISSUE
CCLE-10-AZD6244-HEM,79,17,SUDHL10_HAEMATOPOIETIC_AND_LYMPHOID_TISSUE
CCLE-10-AZD6244-HEM,79,18,SUDHL8_HAEMATOPOIETIC_AND_LYMPHOID_TISSUE
CCLE-10-AZD6244-HEM,80,1,AMO1_HAEMATOPOIETIC_AND_LYMPHOID_TISSUE
CCLE-10-AZD6244-HEM,80,2,BDCM_HAEMATOPOIETIC_AND_LYMPHOID_TISSUE
CCLE-10-AZD6244-HEM,80,3,BL70_HAEMATOPOIETIC_AND_LYMPHOID_TISSUE
CCLE-10-AZD6244-HEM,80,4,GRANTA519_HAEMATOPOIETIC_AND_LYMPHOID_TISSUE
CCLE-10-AZD6244-HEM,80,5,HH_HAEMATOPOIETIC_AND_LYMPHOID_TISSUE
CCLE-10-AZD6244-HEM,80,6,JM1_HAEMATOPOIETIC_AND_LYMPHOID_TISSUE
CCLE-10-AZD6244-HEM,80,7,KMS11_HAEMATOPOIETIC_AND_LYMPHOID_TISSUE
CCLE-10-AZD6244-HEM,80,8,KMS26_HAEMATOPOIETIC_AND_LYMPHOID_TISSUE
CCLE-10-AZD6244-HEM,80,9,L363_HAEMATOPOIETIC_AND_LYMPHOID_TISSUE
CCLE-10-AZD6244-HEM,80,10,LP1_HAEMATOPOIETIC_AND_LYMPHOID_TISSUE
CCLE-10-AZD6244-HEM,80,11,MEG01_HAEMATOPOIETIC_AND_LYMPHOID_TISSUE
CCLE-10-AZD6244-HEM,80,12,MINO_HAEMATOPOIETIC_AND_LYMPHOID_TISSUE
CCLE-10-AZD6244-HEM,80,13,MOLP8_HAEMATOPOIETIC_AND_LYMPHOID_TISSUE
CCLE-10-AZD6244-HEM,80,14,OCIAML2_HAEMATOPOIETIC_AND_LYMPHOID_TISSUE
CCLE-10-AZD6244-HEM,80,15,OCIAML5_HAEMATOPOIETIC_AND_LYMPHOID_TISSUE
CCLE-10-AZD6244-HEM,80,16,P12ICHIKAWA_HAEMATOPOIETIC_AND_LYMPHOID_TISSUE
CCLE-10-AZD6244-HEM,80,17,P31FUJ_HAEMATOPOIETIC_AND_LYMPHOID_TISSUE
CCLE-10-AZD6244-HEM,80,18,RAJI_HAEMATOPOIETIC_AND_LYMPHOID_TISSUE
CCLE-10-AZD6244-HEM,81,1,ALLSIL_HAEMATOPOIETIC_AND_LYMPHOID_TISSUE
CCLE-10-AZD6244-HEM,81,2,BL41_HAEMATOPOIETIC_AND_LYMPHOID_TISSUE
CCLE-10-AZD6244-HEM,81,3,DEL_HAEMATOPOIETIC_AND_LYMPHOID_TISSUE
CCLE-10-AZD6244-HEM,81,4,F36P_HAEMATOPOIETIC_AND_LYMPHOID_TISSUE
CCLE-10-AZD6244-HEM,81,5,HH_HAEMATOPOIETIC_AND_LYMPHOID_TISSUE
CCLE-10-AZD6244-HEM,81,6,HT_HAEMATOPOIETIC_AND_LYMPHOID_TISSUE
CCLE-10-AZD6244-HEM,81,7,KARPAS620_HAEMATOPOIETIC_AND_LYMPHOID_TISSUE
CCLE-10-AZD6244-HEM,81,8,KG1_HAEMATOPOIETIC_AND_LYMPHOID_TISSUE
CCLE-10-AZD6244-HEM,81,9,KHM1B_HAEMATOPOIETIC_AND_LYMPHOID_TISSUE
CCLE-10-AZD6244-HEM,81,10,KMS26_HAEMATOPOIETIC_AND_LYMPHOID_TISSUE
CCLE-10-AZD6244-HEM,81,11,KO52_HAEMATOPOIETIC_AND_LYMPHOID_TISSUE
CCLE-10-AZD6244-HEM,81,12,MJ_HAEMATOPOIETIC_AND_LYMPHOID_TISSUE
CCLE-10-AZD6244-HEM,81,13,OPM2_HAEMATOPOIETIC_AND_LYMPHOID_TISSUE
CCLE-10-AZD6244-HEM,81,14,P31FUJ_HAEMATOPOIETIC_AND_LYMPHOID_TISSUE
CCLE-10-AZD6244-HEM,81,15,PFEIFFER_HAEMATOPOIETIC_AND_LYMPHOID_TISSUE
CCLE-10-AZD6244-HEM,81,16,SUPM2_HAEMATOPOIETIC_AND_LYMPHOID_TISSUE
CCLE-10-AZD6244-HEM,81,17,SUPT1_HAEMATOPOIETIC_AND_LYMPHOID_TISSUE
CCLE-10-AZD6244-HEM,81,18,TOLEDO_HAEMATOPOIETIC_AND_LYMPHOID_TISSUE
CCLE-10-AZD6244-HEM,82,1,BDCM_HAEMATOPOIETIC_AND_LYMPHOID_TISSUE
CCLE-10-AZD6244-HEM,82,2,DOHH2_HAEMATOPOIETIC_AND_LYMPHOID_TISSUE
CCLE-10-AZD6244-HEM,82,3,JURKAT_HAEMATOPOIETIC_AND_LYMPHOID_TISSUE
CCLE-10-AZD6244-HEM,82,4,KASUMI2_HAEMATOPOIETIC_AND_LYMPHOID_TISSUE
CCLE-10-AZD6244-HEM,82,5,KCL22_HAEMATOPOIETIC_AND_LYMPHOID_TISSUE
CCLE-10-AZD6244-HEM,82,6,KG1_HAEMATOPOIETIC_AND_LYMPHOID_TISSUE
CCLE-10-AZD6244-HEM,82,7,KMM1_HAEMATOPOIETIC_AND_LYMPHOID_TISSUE
CCLE-10-AZD6244-HEM,82,8,KMS26_HAEMATOPOIETIC_AND_LYMPHOID_TISSUE
CCLE-10-AZD6244-HEM,82,9,KO52_HAEMATOPOIETIC_AND_LYMPHOID_TISSUE
CCLE-10-AZD6244-HEM,82,10,L363_HAEMATOPOIETIC_AND_LYMPHOID_TISSUE
CCLE-10-AZD6244-HEM,82,11,MINO_HAEMATOPOIETIC_AND_LYMPHOID_TISSUE
CCLE-10-AZD6244-HEM,82,12,MOLP8_HAEMATOPOIETIC_AND_LYMPHOID_TISSUE
CCLE-10-AZD6244-HEM,82,13,MOLT16_HAEMATOPOIETIC_AND_LYMPHOID_TISSUE
CCLE-10-AZD6244-HEM,82,14,P12ICHIKAWA_HAEMATOPOIETIC_AND_LYMPHOID_TISSUE
CCLE-10-AZD6244-HEM,82,15,PFEIFFER_HAEMATOPOIETIC_AND_LYMPHOID_TISSUE
CCLE-10-AZD6244-HEM,82,16,RAJI_HAEMATOPOIETIC_AND_LYMPHOID_TISSUE
CCLE-10-AZD6244-HEM,82,17,SUDHL4_HAEMATOPOIETIC_AND_LYMPHOID_TISSUE
CCLE-10-AZD6244-HEM,82,18,SUPT1_HAEMATOPOIETIC_AND_LYMPHOID_TISSUE
CCLE-10-AZD6244-HEM,83,1,DEL_HAEMATOPOIETIC_AND_LYMPHOID_TISSUE
CCLE-10-AZD6244-HEM,83,2,DOHH2_HAEMATOPOIETIC_AND_LYMPHOID_TISSUE
CCLE-10-AZD6244-HEM,83,3,EM2_HAEMATOPOIETIC_AND_LYMPHOID_TISSUE
CCLE-10-AZD6244-HEM,83,4,F36P_HAEMATOPOIETIC_AND_LYMPHOID_TISSUE
CCLE-10-AZD6244-HEM,83,5,HH_HAEMATOPOIETIC_AND_LYMPHOID_TISSUE
CCLE-10-AZD6244-HEM,83,6,HUT78_HAEMATOPOIETIC_AND_LYMPHOID_TISSUE
CCLE-10-AZD6244-HEM,83,7,JVM3_HAEMATOPOIETIC_AND_LYMPHOID_TISSUE
CCLE-10-AZD6244-HEM,83,8,KG1_HAEMATOPOIETIC_AND_LYMPHOID_TISSUE
CCLE-10-AZD6244-HEM,83,9,KHM1B_HAEMATOPOIETIC_AND_LYMPHOID_TISSUE
CCLE-10-AZD6244-HEM,83,10,KMS12BM_HAEMATOPOIETIC_AND_LYMPHOID_TISSUE
CCLE-10-AZD6244-HEM,83,11,KO52_HAEMATOPOIETIC_AND_LYMPHOID_TISSUE
CCLE-10-AZD6244-HEM,83,12,LP1_HAEMATOPOIETIC_AND_LYMPHOID_TISSUE
CCLE-10-AZD6244-HEM,83,13,MINO_HAEMATOPOIETIC_AND_LYMPHOID_TISSUE
CCLE-10-AZD6244-HEM,83,14,MOLT16_HAEMATOPOIETIC_AND_LYMPHOID_TISSUE
CCLE-10-AZD6244-HEM,83,15,OCIAML5_HAEMATOPOIETIC_AND_LYMPHOID_TISSUE
CCLE-10-AZD6244-HEM,83,16,OPM2_HAEMATOPOIETIC_AND_LYMPHOID_TISSUE
CCLE-10-AZD6244-HEM,83,17,P12ICHIKAWA_HAEMATOPOIETIC_AND_LYMPHOID_TISSUE
CCLE-10-AZD6244-HEM,83,18,REH_HAEMATOPOIETIC_AND_LYMPHOID_TISSUE
CCLE-10-AZD6244-HEM,84,1,BL70_HAEMATOPOIETIC_AND_LYMPHOID_TISSUE
CCLE-10-AZD6244-HEM,84,2,CI1_HAEMATOPOIETIC_AND_LYMPHOID_TISSUE
CCLE-10-AZD6244-HEM,84,3,DEL_HAEMATOPOIETIC_AND_LYMPHOID_TISSUE
CCLE-10-AZD6244-HEM,84,4,EM2_HAEMATOPOIETIC_AND_LYMPHOID_TISSUE
CCLE-10-AZD6244-HEM,84,5,HUT78_HAEMATOPOIETIC_AND_LYMPHOID_TISSUE
CCLE-10-AZD6244-HEM,84,6,KG1_HAEMATOPOIETIC_AND_LYMPHOID_TISSUE
CCLE-10-AZD6244-HEM,84,7,KMM1_HAEMATOPOIETIC_AND_LYMPHOID_TISSUE
CCLE-10-AZD6244-HEM,84,8,KMS11_HAEMATOPOIETIC_AND_LYMPHOID_TISSUE
CCLE-10-AZD6244-HEM,84,9,KMS26_HAEMATOPOIETIC_AND_LYMPHOID_TISSUE
CCLE-10-AZD6244-HEM,84,10,KMS34_HAEMATOPOIETIC_AND_LYMPHOID_TISSUE
CCLE-10-AZD6244-HEM,84,11,MC116_HAEMATOPOIETIC_AND_LYMPHOID_TISSUE
CCLE-10-AZD6244-HEM,84,12,P31FUJ_HAEMATOPOIETIC_AND_LYMPHOID_TISSUE
CCLE-10-AZD6244-HEM,84,13,P3HR1_HAEMATOPOIETIC_AND_LYMPHOID_TISSUE
CCLE-10-AZD6244-HEM,84,14,SIGM5_HAEMATOPOIETIC_AND_LYMPHOID_TISSUE
CCLE-10-AZD6244-HEM,84,15,SUDHL10_HAEMATOPOIETIC_AND_LYMPHOID_TISSUE
CCLE-10-AZD6244-HEM,84,16,SUDHL8_HAEMATOPOIETIC_AND_LYMPHOID_TISSUE
CCLE-10-AZD6244-HEM,84,17,TOLEDO_HAEMATOPOIETIC_AND_LYMPHOID_TISSUE
CCLE-10-AZD6244-HEM,84,18,U937_HAEMATOPOIETIC_AND_LYMPHOID_TISSUE
CCLE-10-AZD6244-HEM,85,1,ALLSIL_HAEMATOPOIETIC_AND_LYMPHOID_TISSUE
CCLE-10-AZD6244-HEM,85,2,CI1_HAEMATOPOIETIC_AND_LYMPHOID_TISSUE
CCLE-10-AZD6244-HEM,85,3,DEL_HAEMATOPOIETIC_AND_LYMPHOID_TISSUE
CCLE-10-AZD6244-HEM,85,4,HDMYZ_HAEMATOPOIETIC_AND_LYMPHOID_TISSUE
CCLE-10-AZD6244-HEM,85,5,HUT78_HAEMATOPOIETIC_AND_LYMPHOID_TISSUE
CCLE-10-AZD6244-HEM,85,6,KG1_HAEMATOPOIETIC_AND_LYMPHOID_TISSUE
CCLE-10-AZD6244-HEM,85,7,KHM1B_HAEMATOPOIETIC_AND_LYMPHOID_TISSUE
CCLE-10-AZD6244-HEM,85,8,KMS11_HAEMATOPOIETIC_AND_LYMPHOID_TISSUE
CCLE-10-AZD6244-HEM,85,9,KMS12BM_HAEMATOPOIETIC_AND_LYMPHOID_TISSUE
CCLE-10-AZD6244-HEM,85,10,KU812_HAEMATOPOIETIC_AND_LYMPHOID_TISSUE
CCLE-10-AZD6244-HEM,85,11,L428_HAEMATOPOIETIC_AND_LYMPHOID_TISSUE
CCLE-10-AZD6244-HEM,85,12,LP1_HAEMATOPOIETIC_AND_LYMPHOID_TISSUE
CCLE-10-AZD6244-HEM,85,13,MINO_HAEMATOPOIETIC_AND_LYMPHOID_TISSUE
CCLE-10-AZD6244-HEM,85,14,MJ_HAEMATOPOIETIC_AND_LYMPHOID_TISSUE
CCLE-10-AZD6244-HEM,85,15,MOLP8_HAEMATOPOIETIC_AND_LYMPHOID_TISSUE
CCLE-10-AZD6244-HEM,85,16,P12ICHIKAWA_HAEMATOPOIETIC_AND_LYMPHOID_TISSUE
CCLE-10-AZD6244-HEM,85,17,P31FUJ_HAEMATOPOIETIC_AND_LYMPHOID_TISSUE
CCLE-10-AZD6244-HEM,85,18,P3HR1_HAEMATOPOIETIC_AND_LYMPHOID_TISSUE
CCLE-10-AZD6244-HEM,86,1,697_HAEMATOPOIETIC_AND_LYMPHOID_TISSUE
CCLE-10-AZD6244-HEM,86,2,BL41_HAEMATOPOIETIC_AND_LYMPHOID_TISSUE
CCLE-10-AZD6244-HEM,86,3,BL70_HAEMATOPOIETIC_AND_LYMPHOID_TISSUE
CCLE-10-AZD6244-HEM,86,4,CI1_HAEMATOPOIETIC_AND_LYMPHOID_TISSUE
CCLE-10-AZD6244-HEM,86,5,HH_HAEMATOPOIETIC_AND_LYMPHOID_TISSUE
CCLE-10-AZD6244-HEM,86,6,HT_HAEMATOPOIETIC_AND_LYMPHOID_TISSUE
CCLE-10-AZD6244-HEM,86,7,JURKAT_HAEMATOPOIETIC_AND_LYMPHOID_TISSUE
CCLE-10-AZD6244-HEM,86,8,KARPAS620_HAEMATOPOIETIC_AND_LYMPHOID_TISSUE
CCLE-10-AZD6244-HEM,86,9,KMS34_HAEMATOPOIETIC_AND_LYMPHOID_TISSUE
CCLE-10-AZD6244-HEM,86,10,MJ_HAEMATOPOIETIC_AND_LYMPHOID_TISSUE
CCLE-10-AZD6244-HEM,86,11,MOLP8_HAEMATOPOIETIC_AND_LYMPHOID_TISSUE
CCLE-10-AZD6244-HEM,86,12,NCO2_HAEMATOPOIETIC_AND_LYMPHOID_TISSUE
CCLE-10-AZD6244-HEM,86,13,OCIAML2_HAEMATOPOIETIC_AND_LYMPHOID_TISSUE
CCLE-10-AZD6244-HEM,86,14,OPM2_HAEMATOPOIETIC_AND_LYMPHOID_TISSUE
CCLE-10-AZD6244-HEM,86,15,PFEIFFER_HAEMATOPOIETIC_AND_LYMPHOID_TISSUE
CCLE-10-AZD6244-HEM,86,16,RAJI_HAEMATOPOIETIC_AND_LYMPHOID_TISSUE
CCLE-10-AZD6244-HEM,86,17,REH_HAEMATOPOIETIC_AND_LYMPHOID_TISSUE
CCLE-10-AZD6244-HEM,86,18,TOLEDO_HAEMATOPOIETIC_AND_LYMPHOID_TISSUE
CCLE-10-AZD6244-HEM,87,1,ALLSIL_HAEMATOPOIETIC_AND_LYMPHOID_TISSUE
CCLE-10-AZD6244-HEM,87,2,HT_HAEMATOPOIETIC_AND_LYMPHOID_TISSUE
CCLE-10-AZD6244-HEM,87,3,JM1_HAEMATOPOIETIC_AND_LYMPHOID_TISSUE
CCLE-10-AZD6244-HEM,87,4,KG1_HAEMATOPOIETIC_AND_LYMPHOID_TISSUE
CCLE-10-AZD6244-HEM,87,5,KMM1_HAEMATOPOIETIC_AND_LYMPHOID_TISSUE
CCLE-10-AZD6244-HEM,87,6,KMS12BM_HAEMATOPOIETIC_AND_LYMPHOID_TISSUE
CCLE-10-AZD6244-HEM,87,7,L363_HAEMATOPOIETIC_AND_LYMPHOID_TISSUE
CCLE-10-AZD6244-HEM,87,8,L428_HAEMATOPOIETIC_AND_LYMPHOID_TISSUE
CCLE-10-AZD6244-HEM,87,9,LP1_HAEMATOPOIETIC_AND_LYMPHOID_TISSUE
CCLE-10-AZD6244-HEM,87,10,MJ_HAEMATOPOIETIC_AND_LYMPHOID_TISSUE
CCLE-10-AZD6244-HEM,87,11,MOLT16_HAEMATOPOIETIC_AND_LYMPHOID_TISSUE
CCLE-10-AZD6244-HEM,87,12,NCO2_HAEMATOPOIETIC_AND_LYMPHOID_TISSUE
CCLE-10-AZD6244-HEM,87,13,REH_HAEMATOPOIETIC_AND_LYMPHOID_TISSUE
CCLE-10-AZD6244-HEM,87,14,RPMI8402_HAEMATOPOIETIC_AND_LYMPHOID_TISSUE
CCLE-10-AZD6244-HEM,87,15,SIGM5_HAEMATOPOIETIC_AND_LYMPHOID_TISSUE
CCLE-10-AZD6244-HEM,87,16,SUDHL4_HAEMATOPOIETIC_AND_LYMPHOID_TISSUE
CCLE-10-AZD6244-HEM,87,17,SUPM2_HAEMATOPOIETIC_AND_LYMPHOID_TISSUE
CCLE-10-AZD6244-HEM,87,18,TOLEDO_HAEMATOPOIETIC_AND_LYMPHOID_TISSUE
CCLE-10-AZD6244-HEM,88,1,AMO1_HAEMATOPOIETIC_AND_LYMPHOID_TISSUE
CCLE-10-AZD6244-HEM,88,2,CI1_HAEMATOPOIETIC_AND_LYMPHOID_TISSUE
CCLE-10-AZD6244-HEM,88,3,DEL_HAEMATOPOIETIC_AND_LYMPHOID_TISSUE
CCLE-10-AZD6244-HEM,88,4,EM2_HAEMATOPOIETIC_AND_LYMPHOID_TISSUE
CCLE-10-AZD6244-HEM,88,5,F36P_HAEMATOPOIETIC_AND_LYMPHOID_TISSUE
CCLE-10-AZD6244-HEM,88,6,HH_HAEMATOPOIETIC_AND_LYMPHOID_TISSUE
CCLE-10-AZD6244-HEM,88,7,KARPAS620_HAEMATOPOIETIC_AND_LYMPHOID_TISSUE
CCLE-10-AZD6244-HEM,88,8,KU812_HAEMATOPOIETIC_AND_LYMPHOID_TISSUE
CCLE-10-AZD6244-HEM,88,9,L428_HAEMATOPOIETIC_AND_LYMPHOID_TISSUE
CCLE-10-AZD6244-HEM,88,10,MC116_HAEMATOPOIETIC_AND_LYMPHOID_TISSUE
CCLE-10-AZD6244-HEM,88,11,MJ_HAEMATOPOIETIC_AND_LYMPHOID_TISSUE
CCLE-10-AZD6244-HEM,88,12,NCO2_HAEMATOPOIETIC_AND_LYMPHOID_TISSUE
CCLE-10-AZD6244-HEM,88,13,OCIAML5_HAEMATOPOIETIC_AND_LYMPHOID_TISSUE
CCLE-10-AZD6244-HEM,88,14,P12ICHIKAWA_HAEMATOPOIETIC_AND_LYMPHOID_TISSUE
CCLE-10-AZD6244-HEM,88,15,P31FUJ_HAEMATOPOIETIC_AND_LYMPHOID_TISSUE
CCLE-10-AZD6244-HEM,88,16,PFEIFFER_HAEMATOPOIETIC_AND_LYMPHOID_TISSUE
CCLE-10-AZD6244-HEM,88,17,SUDHL10_HAEMATOPOIETIC_AND_LYMPHOID_TISSUE
CCLE-10-AZD6244-HEM,88,18,SUPT1_HAEMATOPOIETIC_AND_LYMPHOID_TISSUE
CCLE-10-AZD6244-HEM,89,1,HUT78_HAEMATOPOIETIC_AND_LYMPHOID_TISSUE
CCLE-10-AZD6244-HEM,89,2,JM1_HAEMATOPOIETIC_AND_LYMPHOID_TISSUE
CCLE-10-AZD6244-HEM,89,3,KARPAS620_HAEMATOPOIETIC_AND_LYMPHOID_TISSUE
CCLE-10-AZD6244-HEM,89,4,KG1_HAEMATOPOIETIC_AND_LYMPHOID_TISSUE
CCLE-10-AZD6244-HEM,89,5,KHM1B_HAEMATOPOIETIC_AND_LYMPHOID_TISSUE
CCLE-10-AZD6244-HEM,89,6,KMS11_HAEMATOPOIETIC_AND_LYMPHOID_TISSUE
CCLE-10-AZD6244-HEM,89,7,KMS26_HAEMATOPOIETIC_AND_LYMPHOID_TISSUE
CCLE-10-AZD6244-HEM,89,8,KU812_HAEMATOPOIETIC_AND_LYMPHOID_TISSUE
CCLE-10-AZD6244-HEM,89,9,L428_HAEMATOPOIETIC_AND_LYMPHOID_TISSUE
CCLE-10-AZD6244-HEM,89,10,LP1_HAEMATOPOIETIC_AND_LYMPHOID_TISSUE
CCLE-10-AZD6244-HEM,89,11,MJ_HAEMATOPOIETIC_AND_LYMPHOID_TISSUE
CCLE-10-AZD6244-HEM,89,12,OCIAML2_HAEMATOPOIETIC_AND_LYMPHOID_TISSUE
CCLE-10-AZD6244-HEM,89,13,OCIAML5_HAEMATOPOIETIC_AND_LYMPHOID_TISSUE
CCLE-10-AZD6244-HEM,89,14,OPM2_HAEMATOPOIETIC_AND_LYMPHOID_TISSUE
CCLE-10-AZD6244-HEM,89,15,SIGM5_HAEMATOPOIETIC_AND_LYMPHOID_TISSUE
CCLE-10-AZD6244-HEM,89,16,SUDHL10_HAEMATOPOIETIC_AND_LYMPHOID_TISSUE
CCLE-10-AZD6244-HEM,89,17,SUDHL8_HAEMATOPOIETIC_AND_LYMPHOID_TISSUE
CCLE-10-AZD6244-HEM,89,18,SUPM2_HAEMATOPOIETIC_AND_LYMPHOID_TISSUE
CCLE-10-AZD6244-HEM,90,1,697_HAEMATOPOIETIC_AND_LYMPHOID_TISSUE
CCLE-10-AZD6244-HEM,90,2,ALLSIL_HAEMATOPOIETIC_AND_LYMPHOID_TISSUE
CCLE-10-AZD6244-HEM,90,3,BL70_HAEMATOPOIETIC_AND_LYMPHOID_TISSUE
CCLE-10-AZD6244-HEM,90,4,DEL_HAEMATOPOIETIC_AND_LYMPHOID_TISSUE
CCLE-10-AZD6244-HEM,90,5,HDMYZ_HAEMATOPOIETIC_AND_LYMPHOID_TISSUE
CCLE-10-AZD6244-HEM,90,6,HT_HAEMATOPOIETIC_AND_LYMPHOID_TISSUE
CCLE-10-AZD6244-HEM,90,7,JVM3_HAEMATOPOIETIC_AND_LYMPHOID_TISSUE
CCLE-10-AZD6244-HEM,90,8,KARPAS620_HAEMATOPOIETIC_AND_LYMPHOID_TISSUE
CCLE-10-AZD6244-HEM,90,9,KASUMI2_HAEMATOPOIETIC_AND_LYMPHOID_TISSUE
CCLE-10-AZD6244-HEM,90,10,KG1_HAEMATOPOIETIC_AND_LYMPHOID_TISSUE
CCLE-10-AZD6244-HEM,90,11,KMS12BM_HAEMATOPOIETIC_AND_LYMPHOID_TISSUE
CCLE-10-AZD6244-HEM,90,12,L428_HAEMATOPOIETIC_AND_LYMPHOID_TISSUE
CCLE-10-AZD6244-HEM,90,13,LP1_HAEMATOPOIETIC_AND_LYMPHOID_TISSUE
CCLE-10-AZD6244-HEM,90,14,NCO2_HAEMATOPOIETIC_AND_LYMPHOID_TISSUE
CCLE-10-AZD6244-HEM,90,15,OCIAML2_HAEMATOPOIETIC_AND_LYMPHOID_TISSUE
CCLE-10-AZD6244-HEM,90,16,P12ICHIKAWA_HAEMATOPOIETIC_AND_LYMPHOID_TISSUE
CCLE-10-AZD6244-HEM,90,17,SUDHL6_HAEMATOPOIETIC_AND_LYMPHOID_TISSUE
CCLE-10-AZD6244-HEM,90,18,SUPM2_HAEMATOPOIETIC_AND_LYMPHOID_TISSUE
CCLE-10-AZD6244-HEM,91,1,F36P_HAEMATOPOIETIC_AND_LYMPHOID_TISSUE
CCLE-10-AZD6244-HEM,91,2,HH_HAEMATOPOIETIC_AND_LYMPHOID_TISSUE
CCLE-10-AZD6244-HEM,91,3,HT_HAEMATOPOIETIC_AND_LYMPHOID_TISSUE
CCLE-10-AZD6244-HEM,91,4,HUT78_HAEMATOPOIETIC_AND_LYMPHOID_TISSUE
CCLE-10-AZD6244-HEM,91,5,KARPAS620_HAEMATOPOIETIC_AND_LYMPHOID_TISSUE
CCLE-10-AZD6244-HEM,91,6,KG1_HAEMATOPOIETIC_AND_LYMPHOID_TISSUE
CCLE-10-AZD6244-HEM,91,7,KU812_HAEMATOPOIETIC_AND_LYMPHOID_TISSUE
CCLE-10-AZD6244-HEM,91,8,L428_HAEMATOPOIETIC_AND_LYMPHOID_TISSUE
CCLE-10-AZD6244-HEM,91,9,LP1_HAEMATOPOIETIC_AND_LYMPHOID_TISSUE
CCLE-10-AZD6244-HEM,91,10,MC116_HAEMATOPOIETIC_AND_LYMPHOID_TISSUE
CCLE-10-AZD6244-HEM,91,11,MINO_HAEMATOPOIETIC_AND_LYMPHOID_TISSUE
CCLE-10-AZD6244-HEM,91,12,MJ_HAEMATOPOIETIC_AND_LYMPHOID_TISSUE
CCLE-10-AZD6244-HEM,91,13,NCO2_HAEMATOPOIETIC_AND_LYMPHOID_TISSUE
CCLE-10-AZD6244-HEM,91,14,P12ICHIKAWA_HAEMATOPOIETIC_AND_LYMPHOID_TISSUE
CCLE-10-AZD6244-HEM,91,15,P31FUJ_HAEMATOPOIETIC_AND_LYMPHOID_TISSUE
CCLE-10-AZD6244-HEM,91,16,REH_HAEMATOPOIETIC_AND_LYMPHOID_TISSUE
CCLE-10-AZD6244-HEM,91,17,SUPM2_HAEMATOPOIETIC_AND_LYMPHOID_TISSUE
CCLE-10-AZD6244-HEM,91,18,SUPT1_HAEMATOPOIETIC_AND_LYMPHOID_TISSUE
CCLE-10-AZD6244-HEM,92,1,697_HAEMATOPOIETIC_AND_LYMPHOID_TISSUE
CCLE-10-AZD6244-HEM,92,2,BL70_HAEMATOPOIETIC_AND_LYMPHOID_TISSUE
CCLE-10-AZD6244-HEM,92,3,CI1_HAEMATOPOIETIC_AND_LYMPHOID_TISSUE
CCLE-10-AZD6244-HEM,92,4,DEL_HAEMATOPOIETIC_AND_LYMPHOID_TISSUE
CCLE-10-AZD6244-HEM,92,5,EM2_HAEMATOPOIETIC_AND_LYMPHOID_TISSUE
CCLE-10-AZD6244-HEM,92,6,HT_HAEMATOPOIETIC_AND_LYMPHOID_TISSUE
CCLE-10-AZD6244-HEM,92,7,JM1_HAEMATOPOIETIC_AND_LYMPHOID_TISSUE
CCLE-10-AZD6244-HEM,92,8,KG1_HAEMATOPOIETIC_AND_LYMPHOID_TISSUE
CCLE-10-AZD6244-HEM,92,9,KHM1B_HAEMATOPOIETIC_AND_LYMPHOID_TISSUE
CCLE-10-AZD6244-HEM,92,10,MEG01_HAEMATOPOIETIC_AND_LYMPHOID_TISSUE
CCLE-10-AZD6244-HEM,92,11,MINO_HAEMATOPOIETIC_AND_LYMPHOID_TISSUE
CCLE-10-AZD6244-HEM,92,12,MOLT16_HAEMATOPOIETIC_AND_LYMPHOID_TISSUE
CCLE-10-AZD6244-HEM,92,13,OCIAML2_HAEMATOPOIETIC_AND_LYMPHOID_TISSUE
CCLE-10-AZD6244-HEM,92,14,OCIAML5_HAEMATOPOIETIC_AND_LYMPHOID_TISSUE
CCLE-10-AZD6244-HEM,92,15,OPM2_HAEMATOPOIETIC_AND_LYMPHOID_TISSUE
CCLE-10-AZD6244-HEM,92,16,PFEIFFER_HAEMATOPOIETIC_AND_LYMPHOID_TISSUE
CCLE-10-AZD6244-HEM,92,17,SIGM5_HAEMATOPOIETIC_AND_LYMPHOID_TISSUE
CCLE-10-AZD6244-HEM,92,18,TOLEDO_HAEMATOPOIETIC_AND_LYMPHOID_TISSUE
CCLE-10-AZD6244-HEM,93,1,BDCM_HAEMATOPOIETIC_AND_LYMPHOID_TISSUE
CCLE-10-AZD6244-HEM,93,2,DOHH2_HAEMATOPOIETIC_AND_LYMPHOID_TISSUE
CCLE-10-AZD6244-HEM,93,3,F36P_HAEMATOPOIETIC_AND_LYMPHOID_TISSUE
CCLE-10-AZD6244-HEM,93,4,JVM3_HAEMATOPOIETIC_AND_LYMPHOID_TISSUE
CCLE-10-AZD6244-HEM,93,5,L363_HAEMATOPOIETIC_AND_LYMPHOID_TISSUE
CCLE-10-AZD6244-HEM,93,6,MEG01_HAEMATOPOIETIC_AND_LYMPHOID_TISSUE
CCLE-10-AZD6244-HEM,93,7,MOLP8_HAEMATOPOIETIC_AND_LYMPHOID_TISSUE
CCLE-10-AZD6244-HEM,93,8,MOLT16_HAEMATOPOIETIC_AND_LYMPHOID_TISSUE
CCLE-10-AZD6244-HEM,93,9,OCIAML5_HAEMATOPOIETIC_AND_LYMPHOID_TISSUE
CCLE-10-AZD6244-HEM,93,10,OPM2_HAEMATOPOIETIC_AND_LYMPHOID_TISSUE
CCLE-10-AZD6244-HEM,93,11,PFEIFFER_HAEMATOPOIETIC_AND_LYMPHOID_TISSUE
CCLE-10-AZD6244-HEM,93,12,RPMI8402_HAEMATOPOIETIC_AND_LYMPHOID_TISSUE
CCLE-10-AZD6244-HEM,93,13,SIGM5_HAEMATOPOIETIC_AND_LYMPHOID_TISSUE
CCLE-10-AZD6244-HEM,93,14,SKMM2_HAEMATOPOIETIC_AND_LYMPHOID_TISSUE
CCLE-10-AZD6244-HEM,93,15,SUDHL4_HAEMATOPOIETIC_AND_LYMPHOID_TISSUE
CCLE-10-AZD6244-HEM,93,16,SUDHL6_HAEMATOPOIETIC_AND_LYMPHOID_TISSUE
CCLE-10-AZD6244-HEM,93,17,SUDHL8_HAEMATOPOIETIC_AND_LYMPHOID_TISSUE
CCLE-10-AZD6244-HEM,93,18,SUPT1_HAEMATOPOIETIC_AND_LYMPHOID_TISSUE
CCLE-10-AZD6244-HEM,94,1,CI1_HAEMATOPOIETIC_AND_LYMPHOID_TISSUE
CCLE-10-AZD6244-HEM,94,2,DOHH2_HAEMATOPOIETIC_AND_LYMPHOID_TISSUE
CCLE-10-AZD6244-HEM,94,3,F36P_HAEMATOPOIETIC_AND_LYMPHOID_TISSUE
CCLE-10-AZD6244-HEM,94,4,HUT78_HAEMATOPOIETIC_AND_LYMPHOID_TISSUE
CCLE-10-AZD6244-HEM,94,5,JVM3_HAEMATOPOIETIC_AND_LYMPHOID_TISSUE
CCLE-10-AZD6244-HEM,94,6,KASUMI2_HAEMATOPOIETIC_AND_LYMPHOID_TISSUE
CCLE-10-AZD6244-HEM,94,7,KHM1B_HAEMATOPOIETIC_AND_LYMPHOID_TISSUE
CCLE-10-AZD6244-HEM,94,8,LP1_HAEMATOPOIETIC_AND_LYMPHOID_TISSUE
CCLE-10-AZD6244-HEM,94,9,MEG01_HAEMATOPOIETIC_AND_LYMPHOID_TISSUE
CCLE-10-AZD6244-HEM,94,10,MOLT16_HAEMATOPOIETIC_AND_LYMPHOID_TISSUE
CCLE-10-AZD6244-HEM,94,11,NCO2_HAEMATOPOIETIC_AND_LYMPHOID_TISSUE
CCLE-10-AZD6244-HEM,94,12,OPM2_HAEMATOPOIETIC_AND_LYMPHOID_TISSUE
CCLE-10-AZD6244-HEM,94,13,P12ICHIKAWA_HAEMATOPOIETIC_AND_LYMPHOID_TISSUE
CCLE-10-AZD6244-HEM,94,14,P3HR1_HAEMATOPOIETIC_AND_LYMPHOID_TISSUE
CCLE-10-AZD6244-HEM,94,15,SUDHL10_HAEMATOPOIETIC_AND_LYMPHOID_TISSUE
CCLE-10-AZD6244-HEM,94,16,SUDHL4_HAEMATOPOIETIC_AND_LYMPHOID_TISSUE
CCLE-10-AZD6244-HEM,94,17,SUDHL6_HAEMATOPOIETIC_AND_LYMPHOID_TISSUE
CCLE-10-AZD6244-HEM,94,18,SUDHL8_HAEMATOPOIETIC_AND_LYMPHOID_TISSUE
CCLE-10-AZD6244-HEM,95,1,AMO1_HAEMATOPOIETIC_AND_LYMPHOID_TISSUE
CCLE-10-AZD6244-HEM,95,2,F36P_HAEMATOPOIETIC_AND_LYMPHOID_TISSUE
CCLE-10-AZD6244-HEM,95,3,HH_HAEMATOPOIETIC_AND_LYMPHOID_TISSUE
CCLE-10-AZD6244-HEM,95,4,HT_HAEMATOPOIETIC_AND_LYMPHOID_TISSUE
CCLE-10-AZD6244-HEM,95,5,JM1_HAEMATOPOIETIC_AND_LYMPHOID_TISSUE
CCLE-10-AZD6244-HEM,95,6,JURKAT_HAEMATOPOIETIC_AND_LYMPHOID_TISSUE
CCLE-10-AZD6244-HEM,95,7,KARPAS299_HAEMATOPOIETIC_AND_LYMPHOID_TISSUE
CCLE-10-AZD6244-HEM,95,8,KCL22_HAEMATOPOIETIC_AND_LYMPHOID_TISSUE
CCLE-10-AZD6244-HEM,95,9,KG1_HAEMATOPOIETIC_AND_LYMPHOID_TISSUE
CCLE-10-AZD6244-HEM,95,10,KMM1_HAEMATOPOIETIC_AND_LYMPHOID_TISSUE
CCLE-10-AZD6244-HEM,95,11,KMS12BM_HAEMATOPOIETIC_AND_LYMPHOID_TISSUE
CCLE-10-AZD6244-HEM,95,12,KO52_HAEMATOPOIETIC_AND_LYMPHOID_TISSUE
CCLE-10-AZD6244-HEM,95,13,KU812_HAEMATOPOIETIC_AND_LYMPHOID_TISSUE
CCLE-10-AZD6244-HEM,95,14,MC116_HAEMATOPOIETIC_AND_LYMPHOID_TISSUE
CCLE-10-AZD6244-HEM,95,15,MINO_HAEMATOPOIETIC_AND_LYMPHOID_TISSUE
CCLE-10-AZD6244-HEM,95,16,PFEIFFER_HAEMATOPOIETIC_AND_LYMPHOID_TISSUE
CCLE-10-AZD6244-HEM,95,17,SUDHL6_HAEMATOPOIETIC_AND_LYMPHOID_TISSUE
CCLE-10-AZD6244-HEM,95,18,SUPT1_HAEMATOPOIETIC_AND_LYMPHOID_TISSUE
CCLE-10-AZD6244-HEM,96,1,697_HAEMATOPOIETIC_AND_LYMPHOID_TISSUE
CCLE-10-AZD6244-HEM,96,2,ALLSIL_HAEMATOPOIETIC_AND_LYMPHOID_TISSUE
CCLE-10-AZD6244-HEM,96,3,BDCM_HAEMATOPOIETIC_AND_LYMPHOID_TISSUE
CCLE-10-AZD6244-HEM,96,4,CI1_HAEMATOPOIETIC_AND_LYMPHOID_TISSUE
CCLE-10-AZD6244-HEM,96,5,DEL_HAEMATOPOIETIC_AND_LYMPHOID_TISSUE
CCLE-10-AZD6244-HEM,96,6,F36P_HAEMATOPOIETIC_AND_LYMPHOID_TISSUE
CCLE-10-AZD6244-HEM,96,7,HDMYZ_HAEMATOPOIETIC_AND_LYMPHOID_TISSUE
CCLE-10-AZD6244-HEM,96,8,JVM3_HAEMATOPOIETIC_AND_LYMPHOID_TISSUE
CCLE-10-AZD6244-HEM,96,9,KCL22_HAEMATOPOIETIC_AND_LYMPHOID_TISSUE
CCLE-10-AZD6244-HEM,96,10,KMS26_HAEMATOPOIETIC_AND_LYMPHOID_TISSUE
CCLE-10-AZD6244-HEM,96,11,MINO_HAEMATOPOIETIC_AND_LYMPHOID_TISSUE
CCLE-10-AZD6244-HEM,96,12,MJ_HAEMATOPOIETIC_AND_LYMPHOID_TISSUE
CCLE-10-AZD6244-HEM,96,13,MOLT16_HAEMATOPOIETIC_AND_LYMPHOID_TISSUE
CCLE-10-AZD6244-HEM,96,14,NCO2_HAEMATOPOIETIC_AND_LYMPHOID_TISSUE
CCLE-10-AZD6244-HEM,96,15,RAJI_HAEMATOPOIETIC_AND_LYMPHOID_TISSUE
CCLE-10-AZD6244-HEM,96,16,SUDHL4_HAEMATOPOIETIC_AND_LYMPHOID_TISSUE
CCLE-10-AZD6244-HEM,96,17,SUDHL6_HAEMATOPOIETIC_AND_LYMPHOID_TISSUE
CCLE-10-AZD6244-HEM,96,18,SUPT1_HAEMATOPOIETIC_AND_LYMPHOID_TISSUE
CCLE-10-AZD6244-HEM,97,1,AMO1_HAEMATOPOIETIC_AND_LYMPHOID_TISSUE
CCLE-10-AZD6244-HEM,97,2,DEL_HAEMATOPOIETIC_AND_LYMPHOID_TISSUE
CCLE-10-AZD6244-HEM,97,3,DOHH2_HAEMATOPOIETIC_AND_LYMPHOID_TISSUE
CCLE-10-AZD6244-HEM,97,4,KARPAS299_HAEMATOPOIETIC_AND_LYMPHOID_TISSUE
CCLE-10-AZD6244-HEM,97,5,KG1_HAEMATOPOIETIC_AND_LYMPHOID_TISSUE
CCLE-10-AZD6244-HEM,97,6,KMM1_HAEMATOPOIETIC_AND_LYMPHOID_TISSUE
CCLE-10-AZD6244-HEM,97,7,KMS26_HAEMATOPOIETIC_AND_LYMPHOID_TISSUE
CCLE-10-AZD6244-HEM,97,8,KMS34_HAEMATOPOIETIC_AND_LYMPHOID_TISSUE
CCLE-10-AZD6244-HEM,97,9,L363_HAEMATOPOIETIC_AND_LYMPHOID_TISSUE
CCLE-10-AZD6244-HEM,97,10,L428_HAEMATOPOIETIC_AND_LYMPHOID_TISSUE
CCLE-10-AZD6244-HEM,97,11,MEG01_HAEMATOPOIETIC_AND_LYMPHOID_TISSUE
CCLE-10-AZD6244-HEM,97,12,MOLP8_HAEMATOPOIETIC_AND_LYMPHOID_TISSUE
CCLE-10-AZD6244-HEM,97,13,NCO2_HAEMATOPOIETIC_AND_LYMPHOID_TISSUE
CCLE-10-AZD6244-HEM,97,14,SUDHL10_HAEMATOPOIETIC_AND_LYMPHOID_TISSUE
CCLE-10-AZD6244-HEM,97,15,SUDHL6_HAEMATOPOIETIC_AND_LYMPHOID_TISSUE
CCLE-10-AZD6244-HEM,97,16,SUDHL8_HAEMATOPOIETIC_AND_LYMPHOID_TISSUE
CCLE-10-AZD6244-HEM,97,17,SUPM2_HAEMATOPOIETIC_AND_LYMPHOID_TISSUE
CCLE-10-AZD6244-HEM,97,18,TOLEDO_HAEMATOPOIETIC_AND_LYMPHOID_TISSUE
CCLE-10-AZD6244-HEM,98,1,697_HAEMATOPOIETIC_AND_LYMPHOID_TISSUE
CCLE-10-AZD6244-HEM,98,2,CI1_HAEMATOPOIETIC_AND_LYMPHOID_TISSUE
CCLE-10-AZD6244-HEM,98,3,DOHH2_HAEMATOPOIETIC_AND_LYMPHOID_TISSUE
CCLE-10-AZD6244-HEM,98,4,F36P_HAEMATOPOIETIC_AND_LYMPHOID_TISSUE
CCLE-10-AZD6244-HEM,98,5,JM1_HAEMATOPOIETIC_AND_LYMPHOID_TISSUE
CCLE-10-AZD6244-HEM,98,6,KMS12BM_HAEMATOPOIETIC_AND_LYMPHOID_TISSUE
CCLE-10-AZD6244-HEM,98,7,KMS34_HAEMATOPOIETIC_AND_LYMPHOID_TISSUE
CCLE-10-AZD6244-HEM,98,8,KU812_HAEMATOPOIETIC_AND_LYMPHOID_TISSUE
CCLE-10-AZD6244-HEM,98,9,L363_HAEMATOPOIETIC_AND_LYMPHOID_TISSUE
CCLE-10-AZD6244-HEM,98,10,MEG01_HAEMATOPOIETIC_AND_LYMPHOID_TISSUE
CCLE-10-AZD6244-HEM,98,11,MJ_HAEMATOPOIETIC_AND_LYMPHOID_TISSUE
CCLE-10-AZD6244-HEM,98,12,MOLP8_HAEMATOPOIETIC_AND_LYMPHOID_TISSUE
CCLE-10-AZD6244-HEM,98,13,MOLT16_HAEMATOPOIETIC_AND_LYMPHOID_TISSUE
CCLE-10-AZD6244-HEM,98,14,OCIAML5_HAEMATOPOIETIC_AND_LYMPHOID_TISSUE
CCLE-10-AZD6244-HEM,98,15,PFEIFFER_HAEMATOPOIETIC_AND_LYMPHOID_TISSUE
CCLE-10-AZD6244-HEM,98,16,SUDHL10_HAEMATOPOIETIC_AND_LYMPHOID_TISSUE
CCLE-10-AZD6244-HEM,98,17,SUDHL6_HAEMATOPOIETIC_AND_LYMPHOID_TISSUE
CCLE-10-AZD6244-HEM,98,18,SUPT1_HAEMATOPOIETIC_AND_LYMPHOID_TISSUE
CCLE-10-AZD6244-HEM,99,1,BL41_HAEMATOPOIETIC_AND_LYMPHOID_TISSUE
CCLE-10-AZD6244-HEM,99,2,CI1_HAEMATOPOIETIC_AND_LYMPHOID_TISSUE
CCLE-10-AZD6244-HEM,99,3,EM2_HAEMATOPOIETIC_AND_LYMPHOID_TISSUE
CCLE-10-AZD6244-HEM,99,4,GRANTA519_HAEMATOPOIETIC_AND_LYMPHOID_TISSUE
CCLE-10-AZD6244-HEM,99,5,HUT78_HAEMATOPOIETIC_AND_LYMPHOID_TISSUE
CCLE-10-AZD6244-HEM,99,6,JVM3_HAEMATOPOIETIC_AND_LYMPHOID_TISSUE
CCLE-10-AZD6244-HEM,99,7,KARPAS299_HAEMATOPOIETIC_AND_LYMPHOID_TISSUE
CCLE-10-AZD6244-HEM,99,8,KARPAS620_HAEMATOPOIETIC_AND_LYMPHOID_TISSUE
CCLE-10-AZD6244-HEM,99,9,KASUMI2_HAEMATOPOIETIC_AND_LYMPHOID_TISSUE
CCLE-10-AZD6244-HEM,99,10,KCL22_HAEMATOPOIETIC_AND_LYMPHOID_TISSUE
CCLE-10-AZD6244-HEM,99,11,KMS26_HAEMATOPOIETIC_AND_LYMPHOID_TISSUE
CCLE-10-AZD6244-HEM,99,12,MEG01_HAEMATOPOIETIC_AND_LYMPHOID_TISSUE
CCLE-10-AZD6244-HEM,99,13,MINO_HAEMATOPOIETIC_AND_LYMPHOID_TISSUE
CCLE-10-AZD6244-HEM,99,14,MOLT16_HAEMATOPOIETIC_AND_LYMPHOID_TISSUE
CCLE-10-AZD6244-HEM,99,15,P31FUJ_HAEMATOPOIETIC_AND_LYMPHOID_TISSUE
CCLE-10-AZD6244-HEM,99,16,SUDHL10_HAEMATOPOIETIC_AND_LYMPHOID_TISSUE
CCLE-10-AZD6244-HEM,99,17,SUDHL8_HAEMATOPOIETIC_AND_LYMPHOID_TISSUE
CCLE-10-AZD6244-HEM,99,18,TOLEDO_HAEMATOPOIETIC_AND_LYMPHOID_TISSUE
CCLE-10-AZD6244-HEM,100,1,697_HAEMATOPOIETIC_AND_LYMPHOID_TISSUE
CCLE-10-AZD6244-HEM,100,2,ALLSIL_HAEMATOPOIETIC_AND_LYMPHOID_TISSUE
CCLE-10-AZD6244-HEM,100,3,AMO1_HAEMATOPOIETIC_AND_LYMPHOID_TISSUE
CCLE-10-AZD6244-HEM,100,4,DEL_HAEMATOPOIETIC_AND_LYMPHOID_TISSUE
CCLE-10-AZD6244-HEM,100,5,EM2_HAEMATOPOIETIC_AND_LYMPHOID_TISSUE
CCLE-10-AZD6244-HEM,100,6,GRANTA519_HAEMATOPOIETIC_AND_LYMPHOID_TISSUE
CCLE-10-AZD6244-HEM,100,7,HDMYZ_HAEMATOPOIETIC_AND_LYMPHOID_TISSUE
CCLE-10-AZD6244-HEM,100,8,KMS12BM_HAEMATOPOIETIC_AND_LYMPHOID_TISSUE
CCLE-10-AZD6244-HEM,100,9,KMS34_HAEMATOPOIETIC_AND_LYMPHOID_TISSUE
CCLE-10-AZD6244-HEM,100,10,MEG01_HAEMATOPOIETIC_AND_LYMPHOID_TISSUE
CCLE-10-AZD6244-HEM,100,11,MOLP8_HAEMATOPOIETIC_AND_LYMPHOID_TISSUE
CCLE-10-AZD6244-HEM,100,12,P31FUJ_HAEMATOPOIETIC_AND_LYMPHOID_TISSUE
CCLE-10-AZD6244-HEM,100,13,P3HR1_HAEMATOPOIETIC_AND_LYMPHOID_TISSUE
CCLE-10-AZD6244-HEM,100,14,PFEIFFER_HAEMATOPOIETIC_AND_LYMPHOID_TISSUE
CCLE-10-AZD6244-HEM,100,15,RAJI_HAEMATOPOIETIC_AND_LYMPHOID_TISSUE
CCLE-10-AZD6244-HEM,100,16,SUPM2_HAEMATOPOIETIC_AND_LYMPHOID_TISSUE
CCLE-10-AZD6244-HEM,100,17,SUPT1_HAEMATOPOIETIC_AND_LYMPHOID_TISSUE
CCLE-10-AZD6244-HEM,100,18,U937_HAEMATOPOIETIC_AND_LYMPHOID_TISSUE
CCLE-11-AZD6244-LUNG,1,1,HCC15_LUNG
CCLE-11-AZD6244-LUNG,1,2,HCC827_LUNG
CCLE-11-AZD6244-LUNG,1,3,NCIH1184_LUNG
CCLE-11-AZD6244-LUNG,1,4,NCIH1355_LUNG
CCLE-11-AZD6244-LUNG,1,5,NCIH1373_LUNG
CCLE-11-AZD6244-LUNG,1,6,NCIH1581_LUNG
CCLE-11-AZD6244-LUNG,1,7,NCIH1694_LUNG
CCLE-11-AZD6244-LUNG,1,8,NCIH1975_LUNG
CCLE-11-AZD6244-LUNG,1,9,NCIH2085_LUNG
CCLE-11-AZD6244-LUNG,1,10,NCIH211_LUNG
CCLE-11-AZD6244-LUNG,1,11,NCIH2122_LUNG
CCLE-11-AZD6244-LUNG,1,12,NCIH2170_LUNG
CCLE-11-AZD6244-LUNG,1,13,NCIH2172_LUNG
CCLE-11-AZD6244-LUNG,1,14,NCIH2286_LUNG
CCLE-11-AZD6244-LUNG,1,15,NCIH441_LUNG
CCLE-11-AZD6244-LUNG,1,16,NCIH460_LUNG
CCLE-11-AZD6244-LUNG,1,17,NCIH520_LUNG
CCLE-11-AZD6244-LUNG,1,18,T3M10_LUNG
CCLE-11-AZD6244-LUNG,2,1,CAL12T_LUNG
CCLE-11-AZD6244-LUNG,2,2,CALU1_LUNG
CCLE-11-AZD6244-LUNG,2,3,HARA_LUNG
CCLE-11-AZD6244-LUNG,2,4,HCC2935_LUNG
CCLE-11-AZD6244-LUNG,2,5,HCC44_LUNG
CCLE-11-AZD6244-LUNG,2,6,HS229T_LUNG
CCLE-11-AZD6244-LUNG,2,7,NCIH1048_LUNG
CCLE-11-AZD6244-LUNG,2,8,NCIH1299_LUNG
CCLE-11-AZD6244-LUNG,2,9,NCIH1339_LUNG
CCLE-11-AZD6244-LUNG,2,10,NCIH1666_LUNG
CCLE-11-AZD6244-LUNG,2,11,NCIH1869_LUNG
CCLE-11-AZD6244-LUNG,2,12,NCIH2085_LUNG
CCLE-11-AZD6244-LUNG,2,13,NCIH2122_LUNG
CCLE-11-AZD6244-LUNG,2,14,NCIH2170_LUNG
CCLE-11-AZD6244-LUNG,2,15,NCIH2172_LUNG
CCLE-11-AZD6244-LUNG,2,16,NCIH647_LUNG
CCLE-11-AZD6244-LUNG,2,17,SKLU1_LUNG
CCLE-11-AZD6244-LUNG,2,18,SKMES1_LUNG
CCLE-11-AZD6244-LUNG,3,1,A549_LUNG
CCLE-11-AZD6244-LUNG,3,2,CALU1_LUNG
CCLE-11-AZD6244-LUNG,3,3,CALU3_LUNG
CCLE-11-AZD6244-LUNG,3,4,CALU6_LUNG
CCLE-11-AZD6244-LUNG,3,5,CORL105_LUNG
CCLE-11-AZD6244-LUNG,3,6,DV90_LUNG
CCLE-11-AZD6244-LUNG,3,7,NCIH1184_LUNG
CCLE-11-AZD6244-LUNG,3,8,NCIH1573_LUNG
CCLE-11-AZD6244-LUNG,3,9,NCIH1792_LUNG
CCLE-11-AZD6244-LUNG,3,10,NCIH1915_LUNG
CCLE-11-AZD6244-LUNG,3,11,NCIH2122_LUNG
CCLE-11-AZD6244-LUNG,3,12,NCIH2172_LUNG
CCLE-11-AZD6244-LUNG,3,13,NCIH2228_LUNG
CCLE-11-AZD6244-LUNG,3,14,NCIH520_LUNG
CCLE-11-AZD6244-LUNG,3,15,NCIH647_LUNG
CCLE-11-AZD6244-LUNG,3,16,PC14_LUNG
CCLE-11-AZD6244-LUNG,3,17,SHP77_LUNG
CCLE-11-AZD6244-LUNG,3,18,SW1271_LUNG
CCLE-11-AZD6244-LUNG,4,1,HCC4006_LUNG
CCLE-11-AZD6244-LUNG,4,2,HCC44_LUNG
CCLE-11-AZD6244-LUNG,4,3,IALM_LUNG
CCLE-11-AZD6244-LUNG,4,4,KNS62_LUNG
CCLE-11-AZD6244-LUNG,4,5,LU99_LUNG
CCLE-11-AZD6244-LUNG,4,6,NCIH1184_LUNG
CCLE-11-AZD6244-LUNG,4,7,NCIH1339_LUNG
CCLE-11-AZD6244-LUNG,4,8,NCIH1355_LUNG
CCLE-11-AZD6244-LUNG,4,9,NCIH1568_LUNG
CCLE-11-AZD6244-LUNG,4,10,NCIH1944_LUNG
CCLE-11-AZD6244-LUNG,4,11,NCIH2030_LUNG
CCLE-11-AZD6244-LUNG,4,12,NCIH2085_LUNG
CCLE-11-AZD6244-LUNG,4,13,NCIH2122_LUNG
CCLE-11-AZD6244-LUNG,4,14,NCIH358_LUNG
CCLE-11-AZD6244-LUNG,4,15,NCIH520_LUNG
CCLE-11-AZD6244-LUNG,4,16,NCIH650_LUNG
CCLE-11-AZD6244-LUNG,4,17,NCIH810_LUNG
CCLE-11-AZD6244-LUNG,4,18,SQ1_LUNG
CCLE-11-AZD6244-LUNG,5,1,CAL12T_LUNG
CCLE-11-AZD6244-LUNG,5,2,CORL105_LUNG
CCLE-11-AZD6244-LUNG,5,3,CORL23_LUNG
CCLE-11-AZD6244-LUNG,5,4,HCC15_LUNG
CCLE-11-AZD6244-LUNG,5,5,HCC44_LUNG
CCLE-11-AZD6244-LUNG,5,6,HS229T_LUNG
CCLE-11-AZD6244-LUNG,5,7,IALM_LUNG
CCLE-11-AZD6244-LUNG,5,8,KNS62_LUNG
CCLE-11-AZD6244-LUNG,5,9,NCIH1355_LUNG
CCLE-11-AZD6244-LUNG,5,10,NCIH1563_LUNG
CCLE-11-AZD6244-LUNG,5,11,NCIH1666_LUNG
CCLE-11-AZD6244-LUNG,5,12,NCIH1694_LUNG
CCLE-11-AZD6244-LUNG,5,13,NCIH1792_LUNG
CCLE-11-AZD6244-LUNG,5,14,NCIH1915_LUNG
CCLE-11-AZD6244-LUNG,5,15,NCIH2085_LUNG
CCLE-11-AZD6244-LUNG,5,16,NCIH441_LUNG
CCLE-11-AZD6244-LUNG,5,17,NCIH810_LUNG
CCLE-11-AZD6244-LUNG,5,18,SKMES1_LUNG
CCLE-11-AZD6244-LUNG,6,1,A549_LUNG
CCLE-11-AZD6244-LUNG,6,2,CALU1_LUNG
CCLE-11-AZD6244-LUNG,6,3,DV90_LUNG
CCLE-11-AZD6244-LUNG,6,4,HCC4006_LUNG
CCLE-11-AZD6244-LUNG,6,5,IALM_LUNG
CCLE-11-AZD6244-LUNG,6,6,LOUNH91_LUNG
CCLE-11-AZD6244-LUNG,6,7,NCIH1048_LUNG
CCLE-11-AZD6244-LUNG,6,8,NCIH1092_LUNG
CCLE-11-AZD6244-LUNG,6,9,NCIH1184_LUNG
CCLE-11-AZD6244-LUNG,6,10,NCIH1299_LUNG
CCLE-11-AZD6244-LUNG,6,11,NCIH1339_LUNG
CCLE-11-AZD6244-LUNG,6,12,NCIH1666_LUNG
CCLE-11-AZD6244-LUNG,6,13,NCIH211_LUNG
CCLE-11-AZD6244-LUNG,6,14,NCIH2122_LUNG
CCLE-11-AZD6244-LUNG,6,15,NCIH23_LUNG
CCLE-11-AZD6244-LUNG,6,16,NCIH2444_LUNG
CCLE-11-AZD6244-LUNG,6,17,SKMES1_LUNG
CCLE-11-AZD6244-LUNG,6,18,SW1271_LUNG
CCLE-11-AZD6244-LUNG,7,1,CALU1_LUNG
CCLE-11-AZD6244-LUNG,7,2,CORL105_LUNG
CCLE-11-AZD6244-LUNG,7,3,EBC1_LUNG
CCLE-11-AZD6244-LUNG,7,4,HCC78_LUNG
CCLE-11-AZD6244-LUNG,7,5,IALM_LUNG
CCLE-11-AZD6244-LUNG,7,6,LOUNH91_LUNG
CCLE-11-AZD6244-LUNG,7,7,MORCPR_LUNG
CCLE-11-AZD6244-LUNG,7,8,NCIH1155_LUNG
CCLE-11-AZD6244-LUNG,7,9,NCIH1341_LUNG
CCLE-11-AZD6244-LUNG,7,10,NCIH1650_LUNG
CCLE-11-AZD6244-LUNG,7,11,NCIH1869_LUNG
CCLE-11-AZD6244-LUNG,7,12,NCIH2009_LUNG
CCLE-11-AZD6244-LUNG,7,13,NCIH211_LUNG
CCLE-11-AZD6244-LUNG,7,14,NCIH2122_LUNG
CCLE-11-AZD6244-LUNG,7,15,NCIH2170_LUNG
CCLE-11-AZD6244-LUNG,7,16,NCIH647_LUNG
CCLE-11-AZD6244-LUNG,7,17,NCIH727_LUNG
CCLE-11-AZD6244-LUNG,7,18,SBC5_LUNG
CCLE-11-AZD6244-LUNG,8,1,CALU3_LUNG
CCLE-11-AZD6244-LUNG,8,2,CORL105_LUNG
CCLE-11-AZD6244-LUNG,8,3,CORL23_LUNG
CCLE-11-AZD6244-LUNG,8,4,IALM_LUNG
CCLE-11-AZD6244-LUNG,8,5,KNS62_LUNG
CCLE-11-AZD6244-LUNG,8,6,LU99_LUNG
CCLE-11-AZD6244-LUNG,8,7,NCIH1339_LUNG
CCLE-11-AZD6244-LUNG,8,8,NCIH1355_LUNG
CCLE-11-AZD6244-LUNG,8,9,NCIH1568_LUNG
CCLE-11-AZD6244-LUNG,8,10,NCIH1666_LUNG
CCLE-11-AZD6244-LUNG,8,11,NCIH2009_LUNG
CCLE-11-AZD6244-LUNG,8,12,NCIH211_LUNG
CCLE-11-AZD6244-LUNG,8,13,NCIH2228_LUNG
CCLE-11-AZD6244-LUNG,8,14,NCIH2286_LUNG
CCLE-11-AZD6244-LUNG,8,15,NCIH2444_LUNG
CCLE-11-AZD6244-LUNG,8,16,NCIH460_LUNG
CCLE-11-AZD6244-LUNG,8,17,NCIH520_LUNG
CCLE-11-AZD6244-LUNG,8,18,SW900_LUNG
CCLE-11-AZD6244-LUNG,9,1,CAL12T_LUNG
CCLE-11-AZD6244-LUNG,9,2,CALU1_LUNG
CCLE-11-AZD6244-LUNG,9,3,CALU3_LUNG
CCLE-11-AZD6244-LUNG,9,4,HCC4006_LUNG
CCLE-11-AZD6244-LUNG,9,5,HCC78_LUNG
CCLE-11-AZD6244-LUNG,9,6,HS229T_LUNG
CCLE-11-AZD6244-LUNG,9,7,KNS62_LUNG
CCLE-11-AZD6244-LUNG,9,8,LOUNH91_LUNG
CCLE-11-AZD6244-LUNG,9,9,NCIH1048_LUNG
CCLE-11-AZD6244-LUNG,9,10,NCIH1155_LUNG
CCLE-11-AZD6244-LUNG,9,11,NCIH1184_LUNG
CCLE-11-AZD6244-LUNG,9,12,NCIH1650_LUNG
CCLE-11-AZD6244-LUNG,9,13,NCIH1703_LUNG
CCLE-11-AZD6244-LUNG,9,14,NCIH2085_LUNG
CCLE-11-AZD6244-LUNG,9,15,NCIH2172_LUNG
CCLE-11-AZD6244-LUNG,9,16,NCIH727_LUNG
CCLE-11-AZD6244-LUNG,9,17,SQ1_LUNG
CCLE-11-AZD6244-LUNG,9,18,SW1271_LUNG
CCLE-11-AZD6244-LUNG,10,1,CALU3_LUNG
CCLE-11-AZD6244-LUNG,10,2,EBC1_LUNG
CCLE-11-AZD6244-LUNG,10,3,HARA_LUNG
CCLE-11-AZD6244-LUNG,10,4,IALM_LUNG
CCLE-11-AZD6244-LUNG,10,5,NCIH1299_LUNG
CCLE-11-AZD6244-LUNG,10,6,NCIH1650_LUNG
CCLE-11-AZD6244-LUNG,10,7,NCIH1666_LUNG
CCLE-11-AZD6244-LUNG,10,8,NCIH1869_LUNG
CCLE-11-AZD6244-LUNG,10,9,NCIH1915_LUNG
CCLE-11-AZD6244-LUNG,10,10,NCIH2170_LUNG
CCLE-11-AZD6244-LUNG,10,11,NCIH2172_LUNG
CCLE-11-AZD6244-LUNG,10,12,NCIH2228_LUNG
CCLE-11-AZD6244-LUNG,10,13,NCIH358_LUNG
CCLE-11-AZD6244-LUNG,10,14,NCIH520_LUNG
CCLE-11-AZD6244-LUNG,10,15,SKMES1_LUNG
CCLE-11-AZD6244-LUNG,10,16,SW1271_LUNG
CCLE-11-AZD6244-LUNG,10,17,SW1573_LUNG
CCLE-11-AZD6244-LUNG,10,18,T3M10_LUNG
CCLE-11-AZD6244-LUNG,11,1,CAL12T_LUNG
CCLE-11-AZD6244-LUNG,11,2,CORL105_LUNG
CCLE-11-AZD6244-LUNG,11,3,EBC1_LUNG
CCLE-11-AZD6244-LUNG,11,4,HCC827_LUNG
CCLE-11-AZD6244-LUNG,11,5,IALM_LUNG
CCLE-11-AZD6244-LUNG,11,6,LUDLU1_LUNG
CCLE-11-AZD6244-LUNG,11,7,NCIH1648_LUNG
CCLE-11-AZD6244-LUNG,11,8,NCIH1694_LUNG
CCLE-11-AZD6244-LUNG,11,9,NCIH358_LUNG
CCLE-11-AZD6244-LUNG,11,10,NCIH460_LUNG
CCLE-11-AZD6244-LUNG,11,11,NCIH520_LUNG
CCLE-11-AZD6244-LUNG,11,12,NCIH661_LUNG
CCLE-11-AZD6244-LUNG,11,13,NCIH727_LUNG
CCLE-11-AZD6244-LUNG,11,14,RERFLCAI_LUNG
CCLE-11-AZD6244-LUNG,11,15,SBC5_LUNG
CCLE-11-AZD6244-LUNG,11,16,SQ1_LUNG
CCLE-11-AZD6244-LUNG,11,17,SW1573_LUNG
CCLE-11-AZD6244-LUNG,11,18,T3M10_LUNG
CCLE-11-AZD6244-LUNG,12,1,CALU6_LUNG
CCLE-11-AZD6244-LUNG,12,2,HCC15_LUNG
CCLE-11-AZD6244-LUNG,12,3,LU99_LUNG
CCLE-11-AZD6244-LUNG,12,4,NCIH1092_LUNG
CCLE-11-AZD6244-LUNG,12,5,NCIH1341_LUNG
CCLE-11-AZD6244-LUNG,12,6,NCIH1573_LUNG
CCLE-11-AZD6244-LUNG,12,7,NCIH1693_LUNG
CCLE-11-AZD6244-LUNG,12,8,NCIH1792_LUNG
CCLE-11-AZD6244-LUNG,12,9,NCIH1944_LUNG
CCLE-11-AZD6244-LUNG,12,10,NCIH2009_LUNG
CCLE-11-AZD6244-LUNG,12,11,NCIH2228_LUNG
CCLE-11-AZD6244-LUNG,12,12,NCIH2286_LUNG
CCLE-11-AZD6244-LUNG,12,13,NCIH23_LUNG
CCLE-11-AZD6244-LUNG,12,14,NCIH2444_LUNG
CCLE-11-AZD6244-LUNG,12,15,NCIH460_LUNG
CCLE-11-AZD6244-LUNG,12,16,NCIH727_LUNG
CCLE-11-AZD6244-LUNG,12,17,PC14_LUNG
CCLE-11-AZD6244-LUNG,12,18,SHP77_LUNG
CCLE-11-AZD6244-LUNG,13,1,CALU6_LUNG
CCLE-11-AZD6244-LUNG,13,2,CORL105_LUNG
CCLE-11-AZD6244-LUNG,13,3,EBC1_LUNG
CCLE-11-AZD6244-LUNG,13,4,HCC827_LUNG
CCLE-11-AZD6244-LUNG,13,5,IALM_LUNG
CCLE-11-AZD6244-LUNG,13,6,LOUNH91_LUNG
CCLE-11-AZD6244-LUNG,13,7,NCIH1299_LUNG
CCLE-11-AZD6244-LUNG,13,8,NCIH1581_LUNG
CCLE-11-AZD6244-LUNG,13,9,NCIH1648_LUNG
CCLE-11-AZD6244-LUNG,13,10,NCIH2009_LUNG
CCLE-11-AZD6244-LUNG,13,11,NCIH2085_LUNG
CCLE-11-AZD6244-LUNG,13,12,NCIH2228_LUNG
CCLE-11-AZD6244-LUNG,13,13,NCIH2286_LUNG
CCLE-11-AZD6244-LUNG,13,14,NCIH650_LUNG
CCLE-11-AZD6244-LUNG,13,15,SKLU1_LUNG
CCLE-11-AZD6244-LUNG,13,16,SQ1_LUNG
CCLE-11-AZD6244-LUNG,13,17,SW1271_LUNG
CCLE-11-AZD6244-LUNG,13,18,SW1573_LUNG
CCLE-11-AZD6244-LUNG,14,1,DMS114_LUNG
CCLE-11-AZD6244-LUNG,14,2,EBC1_LUNG
CCLE-11-AZD6244-LUNG,14,3,HCC2935_LUNG
CCLE-11-AZD6244-LUNG,14,4,NCIH1184_LUNG
CCLE-11-AZD6244-LUNG,14,5,NCIH1341_LUNG
CCLE-11-AZD6244-LUNG,14,6,NCIH1581_LUNG
CCLE-11-AZD6244-LUNG,14,7,NCIH1694_LUNG
CCLE-11-AZD6244-LUNG,14,8,NCIH1793_LUNG
CCLE-11-AZD6244-LUNG,14,9,NCIH1915_LUNG
CCLE-11-AZD6244-LUNG,14,10,NCIH1944_LUNG
CCLE-11-AZD6244-LUNG,14,11,NCIH2009_LUNG
CCLE-11-AZD6244-LUNG,14,12,NCIH2286_LUNG
CCLE-11-AZD6244-LUNG,14,13,NCIH522_LUNG
CCLE-11-AZD6244-LUNG,14,14,NCIH647_LUNG
CCLE-11-AZD6244-LUNG,14,15,NCIH650_LUNG
CCLE-11-AZD6244-LUNG,14,16,NCIH727_LUNG
CCLE-11-AZD6244-LUNG,14,17,SBC5_LUNG
CCLE-11-AZD6244-LUNG,14,18,SKLU1_LUNG
CCLE-11-AZD6244-LUNG,15,1,A549_LUNG
CCLE-11-AZD6244-LUNG,15,2,CALU1_LUNG
CCLE-11-AZD6244-LUNG,15,3,DV90_LUNG
CCLE-11-AZD6244-LUNG,15,4,HARA_LUNG
CCLE-11-AZD6244-LUNG,15,5,HCC4006_LUNG
CCLE-11-AZD6244-LUNG,15,6,HCC44_LUNG
CCLE-11-AZD6244-LUNG,15,7,KNS62_LUNG
CCLE-11-AZD6244-LUNG,15,8,LU99_LUNG
CCLE-11-AZD6244-LUNG,15,9,NCIH1155_LUNG
CCLE-11-AZD6244-LUNG,15,10,NCIH1693_LUNG
CCLE-11-AZD6244-LUNG,15,11,NCIH1792_LUNG
CCLE-11-AZD6244-LUNG,15,12,NCIH1944_LUNG
CCLE-11-AZD6244-LUNG,15,13,NCIH211_LUNG
CCLE-11-AZD6244-LUNG,15,14,NCIH2122_LUNG
CCLE-11-AZD6244-LUNG,15,15,NCIH2172_LUNG
CCLE-11-AZD6244-LUNG,15,16,NCIH2228_LUNG
CCLE-11-AZD6244-LUNG,15,17,NCIH358_LUNG
CCLE-11-AZD6244-LUNG,15,18,SQ1_LUNG
CCLE-11-AZD6244-LUNG,16,1,A549_LUNG
CCLE-11-AZD6244-LUNG,16,2,CAL12T_LUNG
CCLE-11-AZD6244-LUNG,16,3,CALU3_LUNG
CCLE-11-AZD6244-LUNG,16,4,HS229T_LUNG
CCLE-11-AZD6244-LUNG,16,5,IALM_LUNG
CCLE-11-AZD6244-LUNG,16,6,KNS62_LUNG
CCLE-11-AZD6244-LUNG,16,7,LCLC103H_LUNG
CCLE-11-AZD6244-LUNG,16,8,NCIH1155_LUNG
CCLE-11-AZD6244-LUNG,16,9,NCIH1299_LUNG
CCLE-11-AZD6244-LUNG,16,10,NCIH1793_LUNG
CCLE-11-AZD6244-LUNG,16,11,NCIH1869_LUNG
CCLE-11-AZD6244-LUNG,16,12,NCIH2009_LUNG
CCLE-11-AZD6244-LUNG,16,13,NCIH2170_LUNG
CCLE-11-AZD6244-LUNG,16,14,NCIH226_LUNG
CCLE-11-AZD6244-LUNG,16,15,NCIH2444_LUNG
CCLE-11-AZD6244-LUNG,16,16,NCIH441_LUNG
CCLE-11-AZD6244-LUNG,16,17,PC14_LUNG
CCLE-11-AZD6244-LUNG,16,18,SW900_LUNG
CCLE-11-AZD6244-LUNG,17,1,HCC15_LUNG
CCLE-11-AZD6244-LUNG,17,2,HCC78_LUNG
CCLE-11-AZD6244-LUNG,17,3,LCLC103H_LUNG
CCLE-11-AZD6244-LUNG,17,4,NCIH1341_LUNG
CCLE-11-AZD6244-LUNG,17,5,NCIH1793_LUNG
CCLE-11-AZD6244-LUNG,17,6,NCIH1869_LUNG
CCLE-11-AZD6244-LUNG,17,7,NCIH1915_LUNG
CCLE-11-AZD6244-LUNG,17,8,NCIH2009_LUNG
CCLE-11-AZD6244-LUNG,17,9,NCIH2085_LUNG
CCLE-11-AZD6244-LUNG,17,10,NCIH23_LUNG
CCLE-11-AZD6244-LUNG,17,11,NCIH441_LUNG
CCLE-11-AZD6244-LUNG,17,12,NCIH647_LUNG
CCLE-11-AZD6244-LUNG,17,13,NCIH810_LUNG
CCLE-11-AZD6244-LUNG,17,14,SHP77_LUNG
CCLE-11-AZD6244-LUNG,17,15,SKLU1_LUNG
CCLE-11-AZD6244-LUNG,17,16,SKMES1_LUNG
CCLE-11-AZD6244-LUNG,17,17,SQ1_LUNG
CCLE-11-AZD6244-LUNG,17,18,VMRCLCD_LUNG
CCLE-11-AZD6244-LUNG,18,1,HCC15_LUNG
CCLE-11-AZD6244-LUNG,18,2,HCC2935_LUNG
CCLE-11-AZD6244-LUNG,18,3,HS229T_LUNG
CCLE-11-AZD6244-LUNG,18,4,LCLC103H_LUNG
CCLE-11-AZD6244-LUNG,18,5,NCIH1299_LUNG
CCLE-11-AZD6244-LUNG,18,6,NCIH1355_LUNG
CCLE-11-AZD6244-LUNG,18,7,NCIH1373_LUNG
CCLE-11-AZD6244-LUNG,18,8,NCIH1563_LUNG
CCLE-11-AZD6244-LUNG,18,9,NCIH1568_LUNG
CCLE-11-AZD6244-LUNG,18,10,NCIH1581_LUNG
CCLE-11-AZD6244-LUNG,18,11,NCIH1666_LUNG
CCLE-11-AZD6244-LUNG,18,12,NCIH1975_LUNG
CCLE-11-AZD6244-LUNG,18,13,NCIH2030_LUNG
CCLE-11-AZD6244-LUNG,18,14,NCIH2228_LUNG
CCLE-11-AZD6244-LUNG,18,15,NCIH460_LUNG
CCLE-11-AZD6244-LUNG,18,16,NCIH650_LUNG
CCLE-11-AZD6244-LUNG,18,17,SW1271_LUNG
CCLE-11-AZD6244-LUNG,18,18,SW1573_LUNG
CCLE-11-AZD6244-LUNG,19,1,EBC1_LUNG
CCLE-11-AZD6244-LUNG,19,2,HARA_LUNG
CCLE-11-AZD6244-LUNG,19,3,LOUNH91_LUNG
CCLE-11-AZD6244-LUNG,19,4,NCIH1339_LUNG
CCLE-11-AZD6244-LUNG,19,5,NCIH1563_LUNG
CCLE-11-AZD6244-LUNG,19,6,NCIH1573_LUNG
CCLE-11-AZD6244-LUNG,19,7,NCIH1648_LUNG
CCLE-11-AZD6244-LUNG,19,8,NCIH1650_LUNG
CCLE-11-AZD6244-LUNG,19,9,NCIH1693_LUNG
CCLE-11-AZD6244-LUNG,19,10,NCIH1869_LUNG
CCLE-11-AZD6244-LUNG,19,11,NCIH2009_LUNG
CCLE-11-AZD6244-LUNG,19,12,NCIH226_LUNG
CCLE-11-AZD6244-LUNG,19,13,NCIH2286_LUNG
CCLE-11-AZD6244-LUNG,19,14,PC14_LUNG
CCLE-11-AZD6244-LUNG,19,15,SKLU1_LUNG
CCLE-11-AZD6244-LUNG,19,16,SW900_LUNG
CCLE-11-AZD6244-LUNG,19,17,T3M10_LUNG
CCLE-11-AZD6244-LUNG,19,18,VMRCLCD_LUNG
CCLE-11-AZD6244-LUNG,20,1,DMS114_LUNG
CCLE-11-AZD6244-LUNG,20,2,HS229T_LUNG
CCLE-11-AZD6244-LUNG,20,3,KNS62_LUNG
CCLE-11-AZD6244-LUNG,20,4,LUDLU1_LUNG
CCLE-11-AZD6244-LUNG,20,5,NCIH1048_LUNG
CCLE-11-AZD6244-LUNG,20,6,NCIH1299_LUNG
CCLE-11-AZD6244-LUNG,20,7,NCIH1355_LUNG
CCLE-11-AZD6244-LUNG,20,8,NCIH1694_LUNG
CCLE-11-AZD6244-LUNG,20,9,NCIH1793_LUNG
CCLE-11-AZD6244-LUNG,20,10,NCIH2030_LUNG
CCLE-11-AZD6244-LUNG,20,11,NCIH2087_LUNG
CCLE-11-AZD6244-LUNG,20,12,NCIH2170_LUNG
CCLE-11-AZD6244-LUNG,20,13,NCIH23_LUNG
CCLE-11-AZD6244-LUNG,20,14,NCIH460_LUNG
CCLE-11-AZD6244-LUNG,20,15,NCIH520_LUNG
CCLE-11-AZD6244-LUNG,20,16,NCIH522_LUNG
CCLE-11-AZD6244-LUNG,20,17,SHP77_LUNG
CCLE-11-AZD6244-LUNG,20,18,VMRCLCD_LUNG
CCLE-11-AZD6244-LUNG,21,1,CAL12T_LUNG
CCLE-11-AZD6244-LUNG,21,2,CALU6_LUNG
CCLE-11-AZD6244-LUNG,21,3,CORL23_LUNG
CCLE-11-AZD6244-LUNG,21,4,HCC15_LUNG
CCLE-11-AZD6244-LUNG,21,5,HS229T_LUNG
CCLE-11-AZD6244-LUNG,21,6,LOUNH91_LUNG
CCLE-11-AZD6244-LUNG,21,7,LU99_LUNG
CCLE-11-AZD6244-LUNG,21,8,NCIH1341_LUNG
CCLE-11-AZD6244-LUNG,21,9,NCIH1355_LUNG
CCLE-11-AZD6244-LUNG,21,10,NCIH1568_LUNG
CCLE-11-AZD6244-LUNG,21,11,NCIH1650_LUNG
CCLE-11-AZD6244-LUNG,21,12,NCIH2023_LUNG
CCLE-11-AZD6244-LUNG,21,13,NCIH2085_LUNG
CCLE-11-AZD6244-LUNG,21,14,NCIH2172_LUNG
CCLE-11-AZD6244-LUNG,21,15,NCIH2286_LUNG
CCLE-11-AZD6244-LUNG,21,16,NCIH460_LUNG
CCLE-11-AZD6244-LUNG,21,17,NCIH810_LUNG
CCLE-11-AZD6244-LUNG,21,18,PC14_LUNG
CCLE-11-AZD6244-LUNG,22,1,A549_LUNG
CCLE-11-AZD6244-LUNG,22,2,CORL23_LUNG
CCLE-11-AZD6244-LUNG,22,3,EBC1_LUNG
CCLE-11-AZD6244-LUNG,22,4,HCC4006_LUNG
CCLE-11-AZD6244-LUNG,22,5,NCIH1048_LUNG
CCLE-11-AZD6244-LUNG,22,6,NCIH1155_LUNG
CCLE-11-AZD6244-LUNG,22,7,NCIH1184_LUNG
CCLE-11-AZD6244-LUNG,22,8,NCIH1339_LUNG
CCLE-11-AZD6244-LUNG,22,9,NCIH1568_LUNG
CCLE-11-AZD6244-LUNG,22,10,NCIH1573_LUNG
CCLE-11-AZD6244-LUNG,22,11,NCIH1666_LUNG
CCLE-11-AZD6244-LUNG,22,12,NCIH2009_LUNG
CCLE-11-AZD6244-LUNG,22,13,NCIH2087_LUNG
CCLE-11-AZD6244-LUNG,22,14,NCIH2122_LUNG
CCLE-11-AZD6244-LUNG,22,15,NCIH2228_LUNG
CCLE-11-AZD6244-LUNG,22,16,NCIH2286_LUNG
CCLE-11-AZD6244-LUNG,22,17,NCIH522_LUNG
CCLE-11-AZD6244-LUNG,22,18,NCIH647_LUNG
CCLE-11-AZD6244-LUNG,23,1,A549_LUNG
CCLE-11-AZD6244-LUNG,23,2,HARA_LUNG
CCLE-11-AZD6244-LUNG,23,3,HCC15_LUNG
CCLE-11-AZD6244-LUNG,23,4,HCC4006_LUNG
CCLE-11-AZD6244-LUNG,23,5,HCC827_LUNG
CCLE-11-AZD6244-LUNG,23,6,HS229T_LUNG
CCLE-11-AZD6244-LUNG,23,7,KNS62_LUNG
CCLE-11-AZD6244-LUNG,23,8,LOUNH91_LUNG
CCLE-11-AZD6244-LUNG,23,9,LU99_LUNG
CCLE-11-AZD6244-LUNG,23,10,NCIH1048_LUNG
CCLE-11-AZD6244-LUNG,23,11,NCIH1341_LUNG
CCLE-11-AZD6244-LUNG,23,12,NCIH1355_LUNG
CCLE-11-AZD6244-LUNG,23,13,NCIH1373_LUNG
CCLE-11-AZD6244-LUNG,23,14,NCIH1694_LUNG
CCLE-11-AZD6244-LUNG,23,15,NCIH460_LUNG
CCLE-11-AZD6244-LUNG,23,16,SKLU1_LUNG
CCLE-11-AZD6244-LUNG,23,17,SKMES1_LUNG
CCLE-11-AZD6244-LUNG,23,18,SW900_LUNG
CCLE-11-AZD6244-LUNG,24,1,CALU1_LUNG
CCLE-11-AZD6244-LUNG,24,2,CALU3_LUNG
CCLE-11-AZD6244-LUNG,24,3,HCC2935_LUNG
CCLE-11-AZD6244-LUNG,24,4,HCC4006_LUNG
CCLE-11-AZD6244-LUNG,24,5,HS229T_LUNG
CCLE-11-AZD6244-LUNG,24,6,LOUNH91_LUNG
CCLE-11-AZD6244-LUNG,24,7,LU99_LUNG
CCLE-11-AZD6244-LUNG,24,8,MORCPR_LUNG
CCLE-11-AZD6244-LUNG,24,9,NCIH1299_LUNG
CCLE-11-AZD6244-LUNG,24,10,NCIH1666_LUNG
CCLE-11-AZD6244-LUNG,24,11,NCIH2444_LUNG
CCLE-11-AZD6244-LUNG,24,12,NCIH358_LUNG
CCLE-11-AZD6244-LUNG,24,13,NCIH441_LUNG
CCLE-11-AZD6244-LUNG,24,14,NCIH522_LUNG
CCLE-11-AZD6244-LUNG,24,15,NCIH727_LUNG
CCLE-11-AZD6244-LUNG,24,16,SW1271_LUNG
CCLE-11-AZD6244-LUNG,24,17,SW1573_LUNG
CCLE-11-AZD6244-LUNG,24,18,VMRCLCD_LUNG
CCLE-11-AZD6244-LUNG,25,1,CALU6_LUNG
CCLE-11-AZD6244-LUNG,25,2,CORL23_LUNG
CCLE-11-AZD6244-LUNG,25,3,DMS114_LUNG
CCLE-11-AZD6244-LUNG,25,4,HCC4006_LUNG
CCLE-11-AZD6244-LUNG,25,5,LU99_LUNG
CCLE-11-AZD6244-LUNG,25,6,NCIH1184_LUNG
CCLE-11-AZD6244-LUNG,25,7,NCIH1648_LUNG
CCLE-11-AZD6244-LUNG,25,8,NCIH1694_LUNG
CCLE-11-AZD6244-LUNG,25,9,NCIH2009_LUNG
CCLE-11-AZD6244-LUNG,25,10,NCIH2085_LUNG
CCLE-11-AZD6244-LUNG,25,11,NCIH2087_LUNG
CCLE-11-AZD6244-LUNG,25,12,NCIH460_LUNG
CCLE-11-AZD6244-LUNG,25,13,PC14_LUNG
CCLE-11-AZD6244-LUNG,25,14,RERFLCAI_LUNG
CCLE-11-AZD6244-LUNG,25,15,SBC5_LUNG
CCLE-11-AZD6244-LUNG,25,16,SQ1_LUNG
CCLE-11-AZD6244-LUNG,25,17,SW900_LUNG
CCLE-11-AZD6244-LUNG,25,18,T3M10_LUNG
CCLE-11-AZD6244-LUNG,26,1,CALU6_LUNG
CCLE-11-AZD6244-LUNG,26,2,CORL23_LUNG
CCLE-11-AZD6244-LUNG,26,3,HCC4006_LUNG
CCLE-11-AZD6244-LUNG,26,4,HCC44_LUNG
CCLE-11-AZD6244-LUNG,26,5,NCIH1975_LUNG
CCLE-11-AZD6244-LUNG,26,6,NCIH2087_LUNG
CCLE-11-AZD6244-LUNG,26,7,NCIH2228_LUNG
CCLE-11-AZD6244-LUNG,26,8,NCIH2286_LUNG
CCLE-11-AZD6244-LUNG,26,9,NCIH23_LUNG
CCLE-11-AZD6244-LUNG,26,10,NCIH441_LUNG
CCLE-11-AZD6244-LUNG,26,11,NCIH520_LUNG
CCLE-11-AZD6244-LUNG,26,12,NCIH522_LUNG
CCLE-11-AZD6244-LUNG,26,13,NCIH661_LUNG
CCLE-11-AZD6244-LUNG,26,14,NCIH727_LUNG
CCLE-11-AZD6244-LUNG,26,15,NCIH810_LUNG
CCLE-11-AZD6244-LUNG,26,16,SKLU1_LUNG
CCLE-11-AZD6244-LUNG,26,17,SW1271_LUNG
CCLE-11-AZD6244-LUNG,26,18,SW1573_LUNG
CCLE-11-AZD6244-LUNG,27,1,A549_LUNG
CCLE-11-AZD6244-LUNG,27,2,CORL105_LUNG
CCLE-11-AZD6244-LUNG,27,3,HCC44_LUNG
CCLE-11-AZD6244-LUNG,27,4,HS229T_LUNG
CCLE-11-AZD6244-LUNG,27,5,MORCPR_LUNG
CCLE-11-AZD6244-LUNG,27,6,NCIH1184_LUNG
CCLE-11-AZD6244-LUNG,27,7,NCIH1341_LUNG
CCLE-11-AZD6244-LUNG,27,8,NCIH1563_LUNG
CCLE-11-AZD6244-LUNG,27,9,NCIH1650_LUNG
CCLE-11-AZD6244-LUNG,27,10,NCIH1693_LUNG
CCLE-11-AZD6244-LUNG,27,11,NCIH1703_LUNG
CCLE-11-AZD6244-LUNG,27,12,NCIH1915_LUNG
CCLE-11-AZD6244-LUNG,27,13,NCIH2286_LUNG
CCLE-11-AZD6244-LUNG,27,14,NCIH441_LUNG
CCLE-11-AZD6244-LUNG,27,15,NCIH460_LUNG
CCLE-11-AZD6244-LUNG,27,16,SBC5_LUNG
CCLE-11-AZD6244-LUNG,27,17,SKLU1_LUNG
CCLE-11-AZD6244-LUNG,27,18,VMRCLCD_LUNG
CCLE-11-AZD6244-LUNG,28,1,CALU6_LUNG
CCLE-11-AZD6244-LUNG,28,2,EBC1_LUNG
CCLE-11-AZD6244-LUNG,28,3,HCC2935_LUNG
CCLE-11-AZD6244-LUNG,28,4,HCC827_LUNG
CCLE-11-AZD6244-LUNG,28,5,LCLC103H_LUNG
CCLE-11-AZD6244-LUNG,28,6,LOUNH91_LUNG
CCLE-11-AZD6244-LUNG,28,7,NCIH1299_LUNG
CCLE-11-AZD6244-LUNG,28,8,NCIH1373_LUNG
CCLE-11-AZD6244-LUNG,28,9,NCIH1694_LUNG
CCLE-11-AZD6244-LUNG,28,10,NCIH1915_LUNG
CCLE-11-AZD6244-LUNG,28,11,NCIH2009_LUNG
CCLE-11-AZD6244-LUNG,28,12,NCIH2023_LUNG
CCLE-11-AZD6244-LUNG,28,13,NCIH2172_LUNG
CCLE-11-AZD6244-LUNG,28,14,NCIH23_LUNG
CCLE-11-AZD6244-LUNG,28,15,NCIH727_LUNG
CCLE-11-AZD6244-LUNG,28,16,PC14_LUNG
CCLE-11-AZD6244-LUNG,28,17,SHP77_LUNG
CCLE-11-AZD6244-LUNG,28,18,VMRCLCD_LUNG
CCLE-11-AZD6244-LUNG,29,1,CORL23_LUNG
CCLE-11-AZD6244-LUNG,29,2,HCC15_LUNG
CCLE-11-AZD6244-LUNG,29,3,HCC827_LUNG
CCLE-11-AZD6244-LUNG,29,4,MORCPR_LUNG
CCLE-11-AZD6244-LUNG,29,5,NCIH1299_LUNG
CCLE-11-AZD6244-LUNG,29,6,NCIH1339_LUNG
CCLE-11-AZD6244-LUNG,29,7,NCIH1563_LUNG
CCLE-11-AZD6244-LUNG,29,8,NCIH1693_LUNG
CCLE-11-AZD6244-LUNG,29,9,NCIH1915_LUNG
CCLE-11-AZD6244-LUNG,29,10,NCIH1944_LUNG
CCLE-11-AZD6244-LUNG,29,11,NCIH211_LUNG
CCLE-11-AZD6244-LUNG,29,12,NCIH2122_LUNG
CCLE-11-AZD6244-LUNG,29,13,NCIH2286_LUNG
CCLE-11-AZD6244-LUNG,29,14,NCIH520_LUNG
CCLE-11-AZD6244-LUNG,29,15,NCIH727_LUNG
CCLE-11-AZD6244-LUNG,29,16,SKMES1_LUNG
CCLE-11-AZD6244-LUNG,29,17,SW900_LUNG
CCLE-11-AZD6244-LUNG,29,18,VMRCLCD_LUNG
CCLE-11-AZD6244-LUNG,30,1,CAL12T_LUNG
CCLE-11-AZD6244-LUNG,30,2,CALU3_LUNG
CCLE-11-AZD6244-LUNG,30,3,HCC44_LUNG
CCLE-11-AZD6244-LUNG,30,4,MORCPR_LUNG
CCLE-11-AZD6244-LUNG,30,5,NCIH1299_LUNG
CCLE-11-AZD6244-LUNG,30,6,NCIH1650_LUNG
CCLE-11-AZD6244-LUNG,30,7,NCIH1666_LUNG
CCLE-11-AZD6244-LUNG,30,8,NCIH1694_LUNG
CCLE-11-AZD6244-LUNG,30,9,NCIH1869_LUNG
CCLE-11-AZD6244-LUNG,30,10,NCIH1975_LUNG
CCLE-11-AZD6244-LUNG,30,11,NCIH2087_LUNG
CCLE-11-AZD6244-LUNG,30,12,NCIH2122_LUNG
CCLE-11-AZD6244-LUNG,30,13,NCIH2286_LUNG
CCLE-11-AZD6244-LUNG,30,14,NCIH2444_LUNG
CCLE-11-AZD6244-LUNG,30,15,NCIH520_LUNG
CCLE-11-AZD6244-LUNG,30,16,NCIH522_LUNG
CCLE-11-AZD6244-LUNG,30,17,RERFLCAI_LUNG
CCLE-11-AZD6244-LUNG,30,18,SBC5_LUNG
CCLE-11-AZD6244-LUNG,31,1,CALU1_LUNG
CCLE-11-AZD6244-LUNG,31,2,CALU3_LUNG
CCLE-11-AZD6244-LUNG,31,3,DV90_LUNG
CCLE-11-AZD6244-LUNG,31,4,HCC827_LUNG
CCLE-11-AZD6244-LUNG,31,5,NCIH1703_LUNG
CCLE-11-AZD6244-LUNG,31,6,NCIH1944_LUNG
CCLE-11-AZD6244-LUNG,31,7,NCIH2030_LUNG
CCLE-11-AZD6244-LUNG,31,8,NCIH2085_LUNG
CCLE-11-AZD6244-LUNG,31,9,NCIH2172_LUNG
CCLE-11-AZD6244-LUNG,31,10,NCIH226_LUNG
CCLE-11-AZD6244-LUNG,31,11,NCIH441_LUNG
CCLE-11-AZD6244-LUNG,31,12,NCIH520_LUNG
CCLE-11-AZD6244-LUNG,31,13,NCIH661_LUNG
CCLE-11-AZD6244-LUNG,31,14,PC14_LUNG
CCLE-11-AZD6244-LUNG,31,15,RERFLCAI_LUNG
CCLE-11-AZD6244-LUNG,31,16,SBC5_LUNG
CCLE-11-AZD6244-LUNG,31,17,SQ1_LUNG
CCLE-11-AZD6244-LUNG,31,18,SW900_LUNG
CCLE-11-AZD6244-LUNG,32,1,CAL12T_LUNG
CCLE-11-AZD6244-LUNG,32,2,CALU6_LUNG
CCLE-11-AZD6244-LUNG,32,3,CORL105_LUNG
CCLE-11-AZD6244-LUNG,32,4,HCC15_LUNG
CCLE-11-AZD6244-LUNG,32,5,HCC2935_LUNG
CCLE-11-AZD6244-LUNG,32,6,KNS62_LUNG
CCLE-11-AZD6244-LUNG,32,7,LU99_LUNG
CCLE-11-AZD6244-LUNG,32,8,NCIH1092_LUNG
CCLE-11-AZD6244-LUNG,32,9,NCIH1184_LUNG
CCLE-11-AZD6244-LUNG,32,10,NCIH1581_LUNG
CCLE-11-AZD6244-LUNG,32,11,NCIH1915_LUNG
CCLE-11-AZD6244-LUNG,32,12,NCIH1944_LUNG
CCLE-11-AZD6244-LUNG,32,13,NCIH2087_LUNG
CCLE-11-AZD6244-LUNG,32,14,NCIH441_LUNG
CCLE-11-AZD6244-LUNG,32,15,NCIH650_LUNG
CCLE-11-AZD6244-LUNG,32,16,NCIH661_LUNG
CCLE-11-AZD6244-LUNG,32,17,SKMES1_LUNG
CCLE-11-AZD6244-LUNG,32,18,SW900_LUNG
CCLE-11-AZD6244-LUNG,33,1,CAL12T_LUNG
CCLE-11-AZD6244-LUNG,33,2,HCC15_LUNG
CCLE-11-AZD6244-LUNG,33,3,HCC827_LUNG
CCLE-11-AZD6244-LUNG,33,4,LU99_LUNG
CCLE-11-AZD6244-LUNG,33,5,NCIH1092_LUNG
CCLE-11-AZD6244-LUNG,33,6,NCIH1184_LUNG
CCLE-11-AZD6244-LUNG,33,7,NCIH1339_LUNG
CCLE-11-AZD6244-LUNG,33,8,NCIH1355_LUNG
CCLE-11-AZD6244-LUNG,33,9,NCIH1650_LUNG
CCLE-11-AZD6244-LUNG,33,10,NCIH1915_LUNG
CCLE-11-AZD6244-LUNG,33,11,NCIH2030_LUNG
CCLE-11-AZD6244-LUNG,33,12,NCIH2085_LUNG
CCLE-11-AZD6244-LUNG,33,13,NCIH2286_LUNG
CCLE-11-AZD6244-LUNG,33,14,NCIH358_LUNG
CCLE-11-AZD6244-LUNG,33,15,NCIH460_LUNG
CCLE-11-AZD6244-LUNG,33,16,NCIH810_LUNG
CCLE-11-AZD6244-LUNG,33,17,RERFLCAI_LUNG
CCLE-11-AZD6244-LUNG,33,18,SKLU1_LUNG
CCLE-11-AZD6244-LUNG,34,1,CORL105_LUNG
CCLE-11-AZD6244-LUNG,34,2,HCC78_LUNG
CCLE-11-AZD6244-LUNG,34,3,IALM_LUNG
CCLE-11-AZD6244-LUNG,34,4,NCIH1299_LUNG
CCLE-11-AZD6244-LUNG,34,5,NCIH1339_LUNG
CCLE-11-AZD6244-LUNG,34,6,NCIH1568_LUNG
CCLE-11-AZD6244-LUNG,34,7,NCIH1573_LUNG
CCLE-11-AZD6244-LUNG,34,8,NCIH1650_LUNG
CCLE-11-AZD6244-LUNG,34,9,NCIH1792_LUNG
CCLE-11-AZD6244-LUNG,34,10,NCIH1793_LUNG
CCLE-11-AZD6244-LUNG,34,11,NCIH2030_LUNG
CCLE-11-AZD6244-LUNG,34,12,NCIH2085_LUNG
CCLE-11-AZD6244-LUNG,34,13,NCIH2228_LUNG
CCLE-11-AZD6244-LUNG,34,14,NCIH23_LUNG
CCLE-11-AZD6244-LUNG,34,15,NCIH460_LUNG
CCLE-11-AZD6244-LUNG,34,16,NCIH522_LUNG
CCLE-11-AZD6244-LUNG,34,17,RERFLCAI_LUNG
CCLE-11-AZD6244-LUNG,34,18,SW900_LUNG
CCLE-11-AZD6244-LUNG,35,1,A549_LUNG
CCLE-11-AZD6244-LUNG,35,2,CAL12T_LUNG
CCLE-11-AZD6244-LUNG,35,3,CALU6_LUNG
CCLE-11-AZD6244-LUNG,35,4,MORCPR_LUNG
CCLE-11-AZD6244-LUNG,35,5,NCIH1184_LUNG
CCLE-11-AZD6244-LUNG,35,6,NCIH1339_LUNG
CCLE-11-AZD6244-LUNG,35,7,NCIH1703_LUNG
CCLE-11-AZD6244-LUNG,35,8,NCIH1869_LUNG
CCLE-11-AZD6244-LUNG,35,9,NCIH1975_LUNG
CCLE-11-AZD6244-LUNG,35,10,NCIH2009_LUNG
CCLE-11-AZD6244-LUNG,35,11,NCIH2023_LUNG
CCLE-11-AZD6244-LUNG,35,12,NCIH2122_LUNG
CCLE-11-AZD6244-LUNG,35,13,NCIH226_LUNG
CCLE-11-AZD6244-LUNG,35,14,NCIH358_LUNG
CCLE-11-AZD6244-LUNG,35,15,NCIH810_LUNG
CCLE-11-AZD6244-LUNG,35,16,SKMES1_LUNG
CCLE-11-AZD6244-LUNG,35,17,SW900_LUNG
CCLE-11-AZD6244-LUNG,35,18,VMRCLCD_LUNG
CCLE-11-AZD6244-LUNG,36,1,A549_LUNG
CCLE-11-AZD6244-LUNG,36,2,CORL105_LUNG
CCLE-11-AZD6244-LUNG,36,3,HCC2935_LUNG
CCLE-11-AZD6244-LUNG,36,4,HCC4006_LUNG
CCLE-11-AZD6244-LUNG,36,5,LUDLU1_LUNG
CCLE-11-AZD6244-LUNG,36,6,NCIH1299_LUNG
CCLE-11-AZD6244-LUNG,36,7,NCIH1355_LUNG
CCLE-11-AZD6244-LUNG,36,8,NCIH1581_LUNG
CCLE-11-AZD6244-LUNG,36,9,NCIH1694_LUNG
CCLE-11-AZD6244-LUNG,36,10,NCIH1792_LUNG
CCLE-11-AZD6244-LUNG,36,11,NCIH1793_LUNG
CCLE-11-AZD6244-LUNG,36,12,NCIH2009_LUNG
CCLE-11-AZD6244-LUNG,36,13,NCIH2170_LUNG
CCLE-11-AZD6244-LUNG,36,14,NCIH226_LUNG
CCLE-11-AZD6244-LUNG,36,15,NCIH647_LUNG
CCLE-11-AZD6244-LUNG,36,16,NCIH661_LUNG
CCLE-11-AZD6244-LUNG,36,17,SBC5_LUNG
CCLE-11-AZD6244-LUNG,36,18,SQ1_LUNG
CCLE-11-AZD6244-LUNG,37,1,DV90_LUNG
CCLE-11-AZD6244-LUNG,37,2,HCC2935_LUNG
CCLE-11-AZD6244-LUNG,37,3,HCC44_LUNG
CCLE-11-AZD6244-LUNG,37,4,LOUNH91_LUNG
CCLE-11-AZD6244-LUNG,37,5,NCIH1092_LUNG
CCLE-11-AZD6244-LUNG,37,6,NCIH1563_LUNG
CCLE-11-AZD6244-LUNG,37,7,NCIH1568_LUNG
CCLE-11-AZD6244-LUNG,37,8,NCIH1648_LUNG
CCLE-11-AZD6244-LUNG,37,9,NCIH1703_LUNG
CCLE-11-AZD6244-LUNG,37,10,NCIH1793_LUNG
CCLE-11-AZD6244-LUNG,37,11,NCIH1869_LUNG
CCLE-11-AZD6244-LUNG,37,12,NCIH2009_LUNG
CCLE-11-AZD6244-LUNG,37,13,NCIH211_LUNG
CCLE-11-AZD6244-LUNG,37,14,NCIH2170_LUNG
CCLE-11-AZD6244-LUNG,37,15,NCIH441_LUNG
CCLE-11-AZD6244-LUNG,37,16,NCIH650_LUNG
CCLE-11-AZD6244-LUNG,37,17,NCIH661_LUNG
CCLE-11-AZD6244-LUNG,37,18,SQ1_LUNG
CCLE-11-AZD6244-LUNG,38,1,CALU3_LUNG
CCLE-11-AZD6244-LUNG,38,2,CORL23_LUNG
CCLE-11-AZD6244-LUNG,38,3,HARA_LUNG
CCLE-11-AZD6244-LUNG,38,4,HCC15_LUNG
CCLE-11-AZD6244-LUNG,38,5,HCC2935_LUNG
CCLE-11-AZD6244-LUNG,38,6,HCC4006_LUNG
CCLE-11-AZD6244-LUNG,38,7,LOUNH91_LUNG
CCLE-11-AZD6244-LUNG,38,8,LU99_LUNG
CCLE-11-AZD6244-LUNG,38,9,NCIH1650_LUNG
CCLE-11-AZD6244-LUNG,38,10,NCIH1666_LUNG
CCLE-11-AZD6244-LUNG,38,11,NCIH1792_LUNG
CCLE-11-AZD6244-LUNG,38,12,NCIH1915_LUNG
CCLE-11-AZD6244-LUNG,38,13,NCIH1975_LUNG
CCLE-11-AZD6244-LUNG,38,14,NCIH2087_LUNG
CCLE-11-AZD6244-LUNG,38,15,NCIH2286_LUNG
CCLE-11-AZD6244-LUNG,38,16,NCIH650_LUNG
CCLE-11-AZD6244-LUNG,38,17,SW1271_LUNG
CCLE-11-AZD6244-LUNG,38,18,SW1573_LUNG
CCLE-11-AZD6244-LUNG,39,1,A549_LUNG
CCLE-11-AZD6244-LUNG,39,2,CALU3_LUNG
CCLE-11-AZD6244-LUNG,39,3,HARA_LUNG
CCLE-11-AZD6244-LUNG,39,4,HCC78_LUNG
CCLE-11-AZD6244-LUNG,39,5,IALM_LUNG
CCLE-11-AZD6244-LUNG,39,6,LOUNH91_LUNG
CCLE-11-AZD6244-LUNG,39,7,NCIH1092_LUNG
CCLE-11-AZD6244-LUNG,39,8,NCIH1155_LUNG
CCLE-11-AZD6244-LUNG,39,9,NCIH1299_LUNG
CCLE-11-AZD6244-LUNG,39,10,NCIH1339_LUNG
CCLE-11-AZD6244-LUNG,39,11,NCIH1666_LUNG
CCLE-11-AZD6244-LUNG,39,12,NCIH1693_LUNG
CCLE-11-AZD6244-LUNG,39,13,NCIH441_LUNG
CCLE-11-AZD6244-LUNG,39,14,NCIH460_LUNG
CCLE-11-AZD6244-LUNG,39,15,NCIH647_LUNG
CCLE-11-AZD6244-LUNG,39,16,NCIH650_LUNG
CCLE-11-AZD6244-LUNG,39,17,RERFLCAI_LUNG
CCLE-11-AZD6244-LUNG,39,18,SW1271_LUNG
CCLE-11-AZD6244-LUNG,40,1,CAL12T_LUNG
CCLE-11-AZD6244-LUNG,40,2,DV90_LUNG
CCLE-11-AZD6244-LUNG,40,3,HCC78_LUNG
CCLE-11-AZD6244-LUNG,40,4,LOUNH91_LUNG
CCLE-11-AZD6244-LUNG,40,5,NCIH1048_LUNG
CCLE-11-AZD6244-LUNG,40,6,NCIH1563_LUNG
CCLE-11-AZD6244-LUNG,40,7,NCIH1568_LUNG
CCLE-11-AZD6244-LUNG,40,8,NCIH1573_LUNG
CCLE-11-AZD6244-LUNG,40,9,NCIH1694_LUNG
CCLE-11-AZD6244-LUNG,40,10,NCIH1869_LUNG
CCLE-11-AZD6244-LUNG,40,11,NCIH1915_LUNG
CCLE-11-AZD6244-LUNG,40,12,NCIH2009_LUNG
CCLE-11-AZD6244-LUNG,40,13,NCIH2087_LUNG
CCLE-11-AZD6244-LUNG,40,14,NCIH2172_LUNG
CCLE-11-AZD6244-LUNG,40,15,NCIH2444_LUNG
CCLE-11-AZD6244-LUNG,40,16,NCIH520_LUNG
CCLE-11-AZD6244-LUNG,40,17,SW1271_LUNG
CCLE-11-AZD6244-LUNG,40,18,SW1573_LUNG
CCLE-11-AZD6244-LUNG,41,1,A549_LUNG
CCLE-11-AZD6244-LUNG,41,2,HCC44_LUNG
CCLE-11-AZD6244-LUNG,41,3,HCC78_LUNG
CCLE-11-AZD6244-LUNG,41,4,LCLC103H_LUNG
CCLE-11-AZD6244-LUNG,41,5,NCIH1092_LUNG
CCLE-11-AZD6244-LUNG,41,6,NCIH1155_LUNG
CCLE-11-AZD6244-LUNG,41,7,NCIH1373_LUNG
CCLE-11-AZD6244-LUNG,41,8,NCIH1581_LUNG
CCLE-11-AZD6244-LUNG,41,9,NCIH1666_LUNG
CCLE-11-AZD6244-LUNG,41,10,NCIH1792_LUNG
CCLE-11-AZD6244-LUNG,41,11,NCIH1869_LUNG
CCLE-11-AZD6244-LUNG,41,12,NCIH1915_LUNG
CCLE-11-AZD6244-LUNG,41,13,NCIH2444_LUNG
CCLE-11-AZD6244-LUNG,41,14,NCIH522_LUNG
CCLE-11-AZD6244-LUNG,41,15,SBC5_LUNG
CCLE-11-AZD6244-LUNG,41,16,SKMES1_LUNG
CCLE-11-AZD6244-LUNG,41,17,SW1271_LUNG
CCLE-11-AZD6244-LUNG,41,18,SW900_LUNG
CCLE-11-AZD6244-LUNG,42,1,CORL105_LUNG
CCLE-11-AZD6244-LUNG,42,2,EBC1_LUNG
CCLE-11-AZD6244-LUNG,42,3,HCC15_LUNG
CCLE-11-AZD6244-LUNG,42,4,HS229T_LUNG
CCLE-11-AZD6244-LUNG,42,5,NCIH1048_LUNG
CCLE-11-AZD6244-LUNG,42,6,NCIH1341_LUNG
CCLE-11-AZD6244-LUNG,42,7,NCIH1355_LUNG
CCLE-11-AZD6244-LUNG,42,8,NCIH1568_LUNG
CCLE-11-AZD6244-LUNG,42,9,NCIH1648_LUNG
CCLE-11-AZD6244-LUNG,42,10,NCIH1944_LUNG
CCLE-11-AZD6244-LUNG,42,11,NCIH2023_LUNG
CCLE-11-AZD6244-LUNG,42,12,NCIH2286_LUNG
CCLE-11-AZD6244-LUNG,42,13,NCIH23_LUNG
CCLE-11-AZD6244-LUNG,42,14,NCIH460_LUNG
CCLE-11-AZD6244-LUNG,42,15,NCIH522_LUNG
CCLE-11-AZD6244-LUNG,42,16,NCIH810_LUNG
CCLE-11-AZD6244-LUNG,42,17,RERFLCAI_LUNG
CCLE-11-AZD6244-LUNG,42,18,SQ1_LUNG
CCLE-11-AZD6244-LUNG,43,1,CALU1_LUNG
CCLE-11-AZD6244-LUNG,43,2,DV90_LUNG
CCLE-11-AZD6244-LUNG,43,3,NCIH1092_LUNG
CCLE-11-AZD6244-LUNG,43,4,NCIH1693_LUNG
CCLE-11-AZD6244-LUNG,43,5,NCIH1703_LUNG
CCLE-11-AZD6244-LUNG,43,6,NCIH1792_LUNG
CCLE-11-AZD6244-LUNG,43,7,NCIH1793_LUNG
CCLE-11-AZD6244-LUNG,43,8,NCIH2023_LUNG
CCLE-11-AZD6244-LUNG,43,9,NCIH2030_LUNG
CCLE-11-AZD6244-LUNG,43,10,NCIH2286_LUNG
CCLE-11-AZD6244-LUNG,43,11,NCIH520_LUNG
CCLE-11-AZD6244-LUNG,43,12,NCIH647_LUNG
CCLE-11-AZD6244-LUNG,43,13,NCIH650_LUNG
CCLE-11-AZD6244-LUNG,43,14,NCIH661_LUNG
CCLE-11-AZD6244-LUNG,43,15,NCIH727_LUNG
CCLE-11-AZD6244-LUNG,43,16,NCIH810_LUNG
CCLE-11-AZD6244-LUNG,43,17,PC14_LUNG
CCLE-11-AZD6244-LUNG,43,18,SW1573_LUNG
CCLE-11-AZD6244-LUNG,44,1,A549_LUNG
CCLE-11-AZD6244-LUNG,44,2,CALU1_LUNG
CCLE-11-AZD6244-LUNG,44,3,CALU6_LUNG
CCLE-11-AZD6244-LUNG,44,4,EBC1_LUNG
CCLE-11-AZD6244-LUNG,44,5,HCC15_LUNG
CCLE-11-AZD6244-LUNG,44,6,HCC78_LUNG
CCLE-11-AZD6244-LUNG,44,7,NCIH1092_LUNG
CCLE-11-AZD6244-LUNG,44,8,NCIH1650_LUNG
CCLE-11-AZD6244-LUNG,44,9,NCIH1793_LUNG
CCLE-11-AZD6244-LUNG,44,10,NCIH2009_LUNG
CCLE-11-AZD6244-LUNG,44,11,NCIH2030_LUNG
CCLE-11-AZD6244-LUNG,44,12,NCIH2170_LUNG
CCLE-11-AZD6244-LUNG,44,13,NCIH661_LUNG
CCLE-11-AZD6244-LUNG,44,14,SBC5_LUNG
CCLE-11-AZD6244-LUNG,44,15,SKLU1_LUNG
CCLE-11-AZD6244-LUNG,44,16,SW1573_LUNG
CCLE-11-AZD6244-LUNG,44,17,SW900_LUNG
CCLE-11-AZD6244-LUNG,44,18,VMRCLCD_LUNG
CCLE-11-AZD6244-LUNG,45,1,A549_LUNG
CCLE-11-AZD6244-LUNG,45,2,IALM_LUNG
CCLE-11-AZD6244-LUNG,45,3,KNS62_LUNG
CCLE-11-AZD6244-LUNG,45,4,NCIH1048_LUNG
CCLE-11-AZD6244-LUNG,45,5,NCIH1299_LUNG
CCLE-11-AZD6244-LUNG,45,6,NCIH1373_LUNG
CCLE-11-AZD6244-LUNG,45,7,NCIH1563_LUNG
CCLE-11-AZD6244-LUNG,45,8,NCIH1573_LUNG
CCLE-11-AZD6244-LUNG,45,9,NCIH1648_LUNG
CCLE-11-AZD6244-LUNG,45,10,NCIH1693_LUNG
CCLE-11-AZD6244-LUNG,45,11,NCIH1869_LUNG
CCLE-11-AZD6244-LUNG,45,12,NCIH2228_LUNG
CCLE-11-AZD6244-LUNG,45,13,NCIH23_LUNG
CCLE-11-AZD6244-LUNG,45,14,NCIH727_LUNG
CCLE-11-AZD6244-LUNG,45,15,SBC5_LUNG
CCLE-11-AZD6244-LUNG,45,16,SKLU1_LUNG
CCLE-11-AZD6244-LUNG,45,17,SKMES1_LUNG
CCLE-11-AZD6244-LUNG,45,18,SQ1_LUNG
CCLE-11-AZD6244-LUNG,46,1,CALU3_LUNG
CCLE-11-AZD6244-LUNG,46,2,EBC1_LUNG
CCLE-11-AZD6244-LUNG,46,3,HCC15_LUNG
CCLE-11-AZD6244-LUNG,46,4,KNS62_LUNG
CCLE-11-AZD6244-LUNG,46,5,NCIH1568_LUNG
CCLE-11-AZD6244-LUNG,46,6,NCIH1693_LUNG
CCLE-11-AZD6244-LUNG,46,7,NCIH1694_LUNG
CCLE-11-AZD6244-LUNG,46,8,NCIH1703_LUNG
CCLE-11-AZD6244-LUNG,46,9,NCIH1793_LUNG
CCLE-11-AZD6244-LUNG,46,10,NCIH1944_LUNG
CCLE-11-AZD6244-LUNG,46,11,NCIH2009_LUNG
CCLE-11-AZD6244-LUNG,46,12,NCIH2023_LUNG
CCLE-11-AZD6244-LUNG,46,13,NCIH2030_LUNG
CCLE-11-AZD6244-LUNG,46,14,NCIH2228_LUNG
CCLE-11-AZD6244-LUNG,46,15,NCIH358_LUNG
CCLE-11-AZD6244-LUNG,46,16,NCIH460_LUNG
CCLE-11-AZD6244-LUNG,46,17,NCIH520_LUNG
CCLE-11-AZD6244-LUNG,46,18,SQ1_LUNG
CCLE-11-AZD6244-LUNG,47,1,A549_LUNG
CCLE-11-AZD6244-LUNG,47,2,CAL12T_LUNG
CCLE-11-AZD6244-LUNG,47,3,CALU1_LUNG
CCLE-11-AZD6244-LUNG,47,4,HCC15_LUNG
CCLE-11-AZD6244-LUNG,47,5,HCC4006_LUNG
CCLE-11-AZD6244-LUNG,47,6,HCC78_LUNG
CCLE-11-AZD6244-LUNG,47,7,HS229T_LUNG
CCLE-11-AZD6244-LUNG,47,8,NCIH1341_LUNG
CCLE-11-AZD6244-LUNG,47,9,NCIH1650_LUNG
CCLE-11-AZD6244-LUNG,47,10,NCIH1793_LUNG
CCLE-11-AZD6244-LUNG,47,11,NCIH1915_LUNG
CCLE-11-AZD6244-LUNG,47,12,NCIH2030_LUNG
CCLE-11-AZD6244-LUNG,47,13,NCIH2172_LUNG
CCLE-11-AZD6244-LUNG,47,14,NCIH647_LUNG
CCLE-11-AZD6244-LUNG,47,15,NCIH661_LUNG
CCLE-11-AZD6244-LUNG,47,16,RERFLCAI_LUNG
CCLE-11-AZD6244-LUNG,47,17,SW1573_LUNG
CCLE-11-AZD6244-LUNG,47,18,T3M10_LUNG
CCLE-11-AZD6244-LUNG,48,1,CAL12T_LUNG
CCLE-11-AZD6244-LUNG,48,2,CALU6_LUNG
CCLE-11-AZD6244-LUNG,48,3,CORL23_LUNG
CCLE-11-AZD6244-LUNG,48,4,HCC2935_LUNG
CCLE-11-AZD6244-LUNG,48,5,HCC78_LUNG
CCLE-11-AZD6244-LUNG,48,6,NCIH1184_LUNG
CCLE-11-AZD6244-LUNG,48,7,NCIH1339_LUNG
CCLE-11-AZD6244-LUNG,48,8,NCIH1341_LUNG
CCLE-11-AZD6244-LUNG,48,9,NCIH1563_LUNG
CCLE-11-AZD6244-LUNG,48,10,NCIH1568_LUNG
CCLE-11-AZD6244-LUNG,48,11,NCIH1694_LUNG
CCLE-11-AZD6244-LUNG,48,12,NCIH1915_LUNG
CCLE-11-AZD6244-LUNG,48,13,NCIH2023_LUNG
CCLE-11-AZD6244-LUNG,48,14,NCIH211_LUNG
CCLE-11-AZD6244-LUNG,48,15,NCIH2228_LUNG
CCLE-11-AZD6244-LUNG,48,16,NCIH460_LUNG
CCLE-11-AZD6244-LUNG,48,17,SKLU1_LUNG
CCLE-11-AZD6244-LUNG,48,18,SQ1_LUNG
CCLE-11-AZD6244-LUNG,49,1,CORL23_LUNG
CCLE-11-AZD6244-LUNG,49,2,EBC1_LUNG
CCLE-11-AZD6244-LUNG,49,3,HS229T_LUNG
CCLE-11-AZD6244-LUNG,49,4,IALM_LUNG
CCLE-11-AZD6244-LUNG,49,5,NCIH1092_LUNG
CCLE-11-AZD6244-LUNG,49,6,NCIH1155_LUNG
CCLE-11-AZD6244-LUNG,49,7,NCIH1373_LUNG
CCLE-11-AZD6244-LUNG,49,8,NCIH1648_LUNG
CCLE-11-AZD6244-LUNG,49,9,NCIH2085_LUNG
CCLE-11-AZD6244-LUNG,49,10,NCIH211_LUNG
CCLE-11-AZD6244-LUNG,49,11,NCIH2122_LUNG
CCLE-11-AZD6244-LUNG,49,12,NCIH441_LUNG
CCLE-11-AZD6244-LUNG,49,13,NCIH460_LUNG
CCLE-11-AZD6244-LUNG,49,14,NCIH810_LUNG
CCLE-11-AZD6244-LUNG,49,15,PC14_LUNG
CCLE-11-AZD6244-LUNG,49,16,SKMES1_LUNG
CCLE-11-AZD6244-LUNG,49,17,SQ1_LUNG
CCLE-11-AZD6244-LUNG,49,18,T3M10_LUNG
CCLE-11-AZD6244-LUNG,50,1,EBC1_LUNG
CCLE-11-AZD6244-LUNG,50,2,HCC2935_LUNG
CCLE-11-AZD6244-LUNG,50,3,HCC44_LUNG
CCLE-11-AZD6244-LUNG,50,4,KNS62_LUNG
CCLE-11-AZD6244-LUNG,50,5,NCIH1048_LUNG
CCLE-11-AZD6244-LUNG,50,6,NCIH1339_LUNG
CCLE-11-AZD6244-LUNG,50,7,NCIH1563_LUNG
CCLE-11-AZD6244-LUNG,50,8,NCIH1648_LUNG
CCLE-11-AZD6244-LUNG,50,9,NCIH1650_LUNG
CCLE-11-AZD6244-LUNG,50,10,NCIH1666_LUNG
CCLE-11-AZD6244-LUNG,50,11,NCIH1869_LUNG
CCLE-11-AZD6244-LUNG,50,12,NCIH1915_LUNG
CCLE-11-AZD6244-LUNG,50,13,NCIH1944_LUNG
CCLE-11-AZD6244-LUNG,50,14,NCIH2286_LUNG
CCLE-11-AZD6244-LUNG,50,15,NCIH520_LUNG
CCLE-11-AZD6244-LUNG,50,16,SBC5_LUNG
CCLE-11-AZD6244-LUNG,50,17,SKLU1_LUNG
CCLE-11-AZD6244-LUNG,50,18,VMRCLCD_LUNG
CCLE-11-AZD6244-LUNG,51,1,CALU1_LUNG
CCLE-11-AZD6244-LUNG,51,2,HARA_LUNG
CCLE-11-AZD6244-LUNG,51,3,MORCPR_LUNG
CCLE-11-AZD6244-LUNG,51,4,NCIH1184_LUNG
CCLE-11-AZD6244-LUNG,51,5,NCIH1355_LUNG
CCLE-11-AZD6244-LUNG,51,6,NCIH1373_LUNG
CCLE-11-AZD6244-LUNG,51,7,NCIH1563_LUNG
CCLE-11-AZD6244-LUNG,51,8,NCIH1694_LUNG
CCLE-11-AZD6244-LUNG,51,9,NCIH1703_LUNG
CCLE-11-AZD6244-LUNG,51,10,NCIH1793_LUNG
CCLE-11-AZD6244-LUNG,51,11,NCIH2085_LUNG
CCLE-11-AZD6244-LUNG,51,12,NCIH211_LUNG
CCLE-11-AZD6244-LUNG,51,13,NCIH23_LUNG
CCLE-11-AZD6244-LUNG,51,14,NCIH647_LUNG
CCLE-11-AZD6244-LUNG,51,15,NCIH810_LUNG
CCLE-11-AZD6244-LUNG,51,16,RERFLCAI_LUNG
CCLE-11-AZD6244-LUNG,51,17,SW1573_LUNG
CCLE-11-AZD6244-LUNG,51,18,VMRCLCD_LUNG
CCLE-11-AZD6244-LUNG,52,1,CALU1_LUNG
CCLE-11-AZD6244-LUNG,52,2,HCC4006_LUNG
CCLE-11-AZD6244-LUNG,52,3,MORCPR_LUNG
CCLE-11-AZD6244-LUNG,52,4,NCIH1092_LUNG
CCLE-11-AZD6244-LUNG,52,5,NCIH1184_LUNG
CCLE-11-AZD6244-LUNG,52,6,NCIH1568_LUNG
CCLE-11-AZD6244-LUNG,52,7,NCIH1650_LUNG
CCLE-11-AZD6244-LUNG,52,8,NCIH2023_LUNG
CCLE-11-AZD6244-LUNG,52,9,NCIH2030_LUNG
CCLE-11-AZD6244-LUNG,52,10,NCIH2085_LUNG
CCLE-11-AZD6244-LUNG,52,11,NCIH2087_LUNG
CCLE-11-AZD6244-LUNG,52,12,NCIH226_LUNG
CCLE-11-AZD6244-LUNG,52,13,NCIH650_LUNG
CCLE-11-AZD6244-LUNG,52,14,NCIH661_LUNG
CCLE-11-AZD6244-LUNG,52,15,PC14_LUNG
CCLE-11-AZD6244-LUNG,52,16,SBC5_LUNG
CCLE-11-AZD6244-LUNG,52,17,SW900_LUNG
CCLE-11-AZD6244-LUNG,52,18,VMRCLCD_LUNG
CCLE-11-AZD6244-LUNG,53,1,A549_LUNG
CCLE-11-AZD6244-LUNG,53,2,CAL12T_LUNG
CCLE-11-AZD6244-LUNG,53,3,CALU1_LUNG
CCLE-11-AZD6244-LUNG,53,4,CALU3_LUNG
CCLE-11-AZD6244-LUNG,53,5,EBC1_LUNG
CCLE-11-AZD6244-LUNG,53,6,HCC827_LUNG
CCLE-11-AZD6244-LUNG,53,7,KNS62_LUNG
CCLE-11-AZD6244-LUNG,53,8,LCLC103H_LUNG
CCLE-11-AZD6244-LUNG,53,9,LOUNH91_LUNG
CCLE-11-AZD6244-LUNG,53,10,LU99_LUNG
CCLE-11-AZD6244-LUNG,53,11,NCIH1299_LUNG
CCLE-11-AZD6244-LUNG,53,12,NCIH1648_LUNG
CCLE-11-AZD6244-LUNG,53,13,NCIH1693_LUNG
CCLE-11-AZD6244-LUNG,53,14,NCIH2009_LUNG
CCLE-11-AZD6244-LUNG,53,15,NCIH2023_LUNG
CCLE-11-AZD6244-LUNG,53,16,NCIH441_LUNG
CCLE-11-AZD6244-LUNG,53,17,NCIH460_LUNG
CCLE-11-AZD6244-LUNG,53,18,NCIH727_LUNG
CCLE-11-AZD6244-LUNG,54,1,CAL12T_LUNG
CCLE-11-AZD6244-LUNG,54,2,CALU1_LUNG
CCLE-11-AZD6244-LUNG,54,3,CORL105_LUNG
CCLE-11-AZD6244-LUNG,54,4,HCC4006_LUNG
CCLE-11-AZD6244-LUNG,54,5,HCC827_LUNG
CCLE-11-AZD6244-LUNG,54,6,LUDLU1_LUNG
CCLE-11-AZD6244-LUNG,54,7,NCIH1048_LUNG
CCLE-11-AZD6244-LUNG,54,8,NCIH1299_LUNG
CCLE-11-AZD6244-LUNG,54,9,NCIH1339_LUNG
CCLE-11-AZD6244-LUNG,54,10,NCIH1573_LUNG
CCLE-11-AZD6244-LUNG,54,11,NCIH1703_LUNG
CCLE-11-AZD6244-LUNG,54,12,NCIH2009_LUNG
CCLE-11-AZD6244-LUNG,54,13,NCIH211_LUNG
CCLE-11-AZD6244-LUNG,54,14,NCIH2228_LUNG
CCLE-11-AZD6244-LUNG,54,15,NCIH358_LUNG
CCLE-11-AZD6244-LUNG,54,16,NCIH522_LUNG
CCLE-11-AZD6244-LUNG,54,17,SBC5_LUNG
CCLE-11-AZD6244-LUNG,54,18,SW1573_LUNG
CCLE-11-AZD6244-LUNG,55,1,CALU1_LUNG
CCLE-11-AZD6244-LUNG,55,2,EBC1_LUNG
CCLE-11-AZD6244-LUNG,55,3,LCLC103H_LUNG
CCLE-11-AZD6244-LUNG,55,4,LOUNH91_LUNG
CCLE-11-AZD6244-LUNG,55,5,LUDLU1_LUNG
CCLE-11-AZD6244-LUNG,55,6,NCIH1155_LUNG
CCLE-11-AZD6244-LUNG,55,7,NCIH1373_LUNG
CCLE-11-AZD6244-LUNG,55,8,NCIH1563_LUNG
CCLE-11-AZD6244-LUNG,55,9,NCIH1650_LUNG
CCLE-11-AZD6244-LUNG,55,10,NCIH1869_LUNG
CCLE-11-AZD6244-LUNG,55,11,NCIH1944_LUNG
CCLE-11-AZD6244-LUNG,55,12,NCIH2030_LUNG
CCLE-11-AZD6244-LUNG,55,13,NCIH2122_LUNG
CCLE-11-AZD6244-LUNG,55,14,NCIH2228_LUNG
CCLE-11-AZD6244-LUNG,55,15,NCIH522_LUNG
CCLE-11-AZD6244-LUNG,55,16,RERFLCAI_LUNG
CCLE-11-AZD6244-LUNG,55,17,SBC5_LUNG
CCLE-11-AZD6244-LUNG,55,18,T3M10_LUNG
CCLE-11-AZD6244-LUNG,56,1,A549_LUNG
CCLE-11-AZD6244-LUNG,56,2,CALU3_LUNG
CCLE-11-AZD6244-LUNG,56,3,HCC2935_LUNG
CCLE-11-AZD6244-LUNG,56,4,HCC44_LUNG
CCLE-11-AZD6244-LUNG,56,5,HS229T_LUNG
CCLE-11-AZD6244-LUNG,56,6,LCLC103H_LUNG
CCLE-11-AZD6244-LUNG,56,7,NCIH1339_LUNG
CCLE-11-AZD6244-LUNG,56,8,NCIH1373_LUNG
CCLE-11-AZD6244-LUNG,56,9,NCIH1573_LUNG
CCLE-11-AZD6244-LUNG,56,10,NCIH1648_LUNG
CCLE-11-AZD6244-LUNG,56,11,NCIH1793_LUNG
CCLE-11-AZD6244-LUNG,56,12,NCIH2286_LUNG
CCLE-11-AZD6244-LUNG,56,13,NCIH2444_LUNG
CCLE-11-AZD6244-LUNG,56,14,NCIH441_LUNG
CCLE-11-AZD6244-LUNG,56,15,NCIH522_LUNG
CCLE-11-AZD6244-LUNG,56,16,NCIH810_LUNG
CCLE-11-AZD6244-LUNG,56,17,SHP77_LUNG
CCLE-11-AZD6244-LUNG,56,18,VMRCLCD_LUNG
CCLE-11-AZD6244-LUNG,57,1,CORL23_LUNG
CCLE-11-AZD6244-LUNG,57,2,HCC15_LUNG
CCLE-11-AZD6244-LUNG,57,3,HCC44_LUNG
CCLE-11-AZD6244-LUNG,57,4,IALM_LUNG
CCLE-11-AZD6244-LUNG,57,5,NCIH1092_LUNG
CCLE-11-AZD6244-LUNG,57,6,NCIH1155_LUNG
CCLE-11-AZD6244-LUNG,57,7,NCIH1355_LUNG
CCLE-11-AZD6244-LUNG,57,8,NCIH1581_LUNG
CCLE-11-AZD6244-LUNG,57,9,NCIH1650_LUNG
CCLE-11-AZD6244-LUNG,57,10,NCIH2023_LUNG
CCLE-11-AZD6244-LUNG,57,11,NCIH2087_LUNG
CCLE-11-AZD6244-LUNG,57,12,NCIH211_LUNG
CCLE-11-AZD6244-LUNG,57,13,PC14_LUNG
CCLE-11-AZD6244-LUNG,57,14,SBC5_LUNG
CCLE-11-AZD6244-LUNG,57,15,SKLU1_LUNG
CCLE-11-AZD6244-LUNG,57,16,SKMES1_LUNG
CCLE-11-AZD6244-LUNG,57,17,SW1573_LUNG
CCLE-11-AZD6244-LUNG,57,18,T3M10_LUNG
CCLE-11-AZD6244-LUNG,58,1,DMS114_LUNG
CCLE-11-AZD6244-LUNG,58,2,HCC15_LUNG
CCLE-11-AZD6244-LUNG,58,3,LOUNH91_LUNG
CCLE-11-AZD6244-LUNG,58,4,NCIH1048_LUNG
CCLE-11-AZD6244-LUNG,58,5,NCIH1341_LUNG
CCLE-11-AZD6244-LUNG,58,6,NCIH1563_LUNG
CCLE-11-AZD6244-LUNG,58,7,NCIH1650_LUNG
CCLE-11-AZD6244-LUNG,58,8,NCIH1703_LUNG
CCLE-11-AZD6244-LUNG,58,9,NCIH2030_LUNG
CCLE-11-AZD6244-LUNG,58,10,NCIH2085_LUNG
CCLE-11-AZD6244-LUNG,58,11,NCIH211_LUNG
CCLE-11-AZD6244-LUNG,58,12,NCIH2228_LUNG
CCLE-11-AZD6244-LUNG,58,13,NCIH23_LUNG
CCLE-11-AZD6244-LUNG,58,14,PC14_LUNG
CCLE-11-AZD6244-LUNG,58,15,SBC5_LUNG
CCLE-11-AZD6244-LUNG,58,16,SHP77_LUNG
CCLE-11-AZD6244-LUNG,58,17,SKLU1_LUNG
CCLE-11-AZD6244-LUNG,58,18,SW1573_LUNG
CCLE-11-AZD6244-LUNG,59,1,CALU1_LUNG
CCLE-11-AZD6244-LUNG,59,2,CALU6_LUNG
CCLE-11-AZD6244-LUNG,59,3,EBC1_LUNG
CCLE-11-AZD6244-LUNG,59,4,HCC827_LUNG
CCLE-11-AZD6244-LUNG,59,5,HS229T_LUNG
CCLE-11-AZD6244-LUNG,59,6,LOUNH91_LUNG
CCLE-11-AZD6244-LUNG,59,7,NCIH1048_LUNG
CCLE-11-AZD6244-LUNG,59,8,NCIH1355_LUNG
CCLE-11-AZD6244-LUNG,59,9,NCIH1568_LUNG
CCLE-11-AZD6244-LUNG,59,10,NCIH1792_LUNG
CCLE-11-AZD6244-LUNG,59,11,NCIH1915_LUNG
CCLE-11-AZD6244-LUNG,59,12,NCIH1944_LUNG
CCLE-11-AZD6244-LUNG,59,13,NCIH2085_LUNG
CCLE-11-AZD6244-LUNG,59,14,NCIH2228_LUNG
CCLE-11-AZD6244-LUNG,59,15,NCIH441_LUNG
CCLE-11-AZD6244-LUNG,59,16,NCIH460_LUNG
CCLE-11-AZD6244-LUNG,59,17,SW1573_LUNG
CCLE-11-AZD6244-LUNG,59,18,VMRCLCD_LUNG
CCLE-11-AZD6244-LUNG,60,1,DMS114_LUNG
CCLE-11-AZD6244-LUNG,60,2,DV90_LUNG
CCLE-11-AZD6244-LUNG,60,3,HARA_LUNG
CCLE-11-AZD6244-LUNG,60,4,HCC15_LUNG
CCLE-11-AZD6244-LUNG,60,5,HCC44_LUNG
CCLE-11-AZD6244-LUNG,60,6,KNS62_LUNG
CCLE-11-AZD6244-LUNG,60,7,NCIH1092_LUNG
CCLE-11-AZD6244-LUNG,60,8,NCIH1355_LUNG
CCLE-11-AZD6244-LUNG,60,9,NCIH1573_LUNG
CCLE-11-AZD6244-LUNG,60,10,NCIH1666_LUNG
CCLE-11-AZD6244-LUNG,60,11,NCIH1915_LUNG
CCLE-11-AZD6244-LUNG,60,12,NCIH2023_LUNG
CCLE-11-AZD6244-LUNG,60,13,NCIH2085_LUNG
CCLE-11-AZD6244-LUNG,60,14,NCIH211_LUNG
CCLE-11-AZD6244-LUNG,60,15,NCIH226_LUNG
CCLE-11-AZD6244-LUNG,60,16,NCIH522_LUNG
CCLE-11-AZD6244-LUNG,60,17,NCIH650_LUNG
CCLE-11-AZD6244-LUNG,60,18,PC14_LUNG
CCLE-11-AZD6244-LUNG,61,1,CORL23_LUNG
CCLE-11-AZD6244-LUNG,61,2,HS229T_LUNG
CCLE-11-AZD6244-LUNG,61,3,IALM_LUNG
CCLE-11-AZD6244-LUNG,61,4,NCIH1048_LUNG
CCLE-11-AZD6244-LUNG,61,5,NCIH1355_LUNG
CCLE-11-AZD6244-LUNG,61,6,NCIH1573_LUNG
CCLE-11-AZD6244-LUNG,61,7,NCIH1648_LUNG
CCLE-11-AZD6244-LUNG,61,8,NCIH1650_LUNG
CCLE-11-AZD6244-LUNG,61,9,NCIH1869_LUNG
CCLE-11-AZD6244-LUNG,61,10,NCIH2122_LUNG
CCLE-11-AZD6244-LUNG,61,11,NCIH2170_LUNG
CCLE-11-AZD6244-LUNG,61,12,NCIH226_LUNG
CCLE-11-AZD6244-LUNG,61,13,NCIH23_LUNG
CCLE-11-AZD6244-LUNG,61,14,NCIH522_LUNG
CCLE-11-AZD6244-LUNG,61,15,NCIH661_LUNG
CCLE-11-AZD6244-LUNG,61,16,NCIH810_LUNG
CCLE-11-AZD6244-LUNG,61,17,SBC5_LUNG
CCLE-11-AZD6244-LUNG,61,18,SKLU1_LUNG
CCLE-11-AZD6244-LUNG,62,1,CAL12T_LUNG
CCLE-11-AZD6244-LUNG,62,2,DMS114_LUNG
CCLE-11-AZD6244-LUNG,62,3,DV90_LUNG
CCLE-11-AZD6244-LUNG,62,4,HCC15_LUNG
CCLE-11-AZD6244-LUNG,62,5,HCC2935_LUNG
CCLE-11-AZD6244-LUNG,62,6,KNS62_LUNG
CCLE-11-AZD6244-LUNG,62,7,LCLC103H_LUNG
CCLE-11-AZD6244-LUNG,62,8,NCIH1650_LUNG
CCLE-11-AZD6244-LUNG,62,9,NCIH1666_LUNG
CCLE-11-AZD6244-LUNG,62,10,NCIH1693_LUNG
CCLE-11-AZD6244-LUNG,62,11,NCIH1703_LUNG
CCLE-11-AZD6244-LUNG,62,12,NCIH1793_LUNG
CCLE-11-AZD6244-LUNG,62,13,NCIH2009_LUNG
CCLE-11-AZD6244-LUNG,62,14,NCIH2170_LUNG
CCLE-11-AZD6244-LUNG,62,15,NCIH358_LUNG
CCLE-11-AZD6244-LUNG,62,16,NCIH650_LUNG
CCLE-11-AZD6244-LUNG,62,17,SKMES1_LUNG
CCLE-11-AZD6244-LUNG,62,18,SW1573_LUNG
CCLE-11-AZD6244-LUNG,63,1,HCC78_LUNG
CCLE-11-AZD6244-LUNG,63,2,NCIH1048_LUNG
CCLE-11-AZD6244-LUNG,63,3,NCIH1092_LUNG
CCLE-11-AZD6244-LUNG,63,4,NCIH1299_LUNG
CCLE-11-AZD6244-LUNG,63,5,NCIH1339_LUNG
CCLE-11-AZD6244-LUNG,63,6,NCIH1355_LUNG
CCLE-11-AZD6244-LUNG,63,7,NCIH1563_LUNG
CCLE-11-AZD6244-LUNG,63,8,NCIH1650_LUNG
CCLE-11-AZD6244-LUNG,63,9,NCIH1793_LUNG
CCLE-11-AZD6244-LUNG,63,10,NCIH1975_LUNG
CCLE-11-AZD6244-LUNG,63,11,NCIH2030_LUNG
CCLE-11-AZD6244-LUNG,63,12,NCIH211_LUNG
CCLE-11-AZD6244-LUNG,63,13,NCIH2122_LUNG
CCLE-11-AZD6244-LUNG,63,14,NCIH522_LUNG
CCLE-11-AZD6244-LUNG,63,15,NCIH647_LUNG
CCLE-11-AZD6244-LUNG,63,16,SKLU1_LUNG
CCLE-11-AZD6244-LUNG,63,17,SW1573_LUNG
CCLE-11-AZD6244-LUNG,63,18,T3M10_LUNG
CCLE-11-AZD6244-LUNG,64,1,CORL23_LUNG
CCLE-11-AZD6244-LUNG,64,2,EBC1_LUNG
CCLE-11-AZD6244-LUNG,64,3,NCIH1092_LUNG
CCLE-11-AZD6244-LUNG,64,4,NCIH1573_LUNG
CCLE-11-AZD6244-LUNG,64,5,NCIH1581_LUNG
CCLE-11-AZD6244-LUNG,64,6,NCIH1703_LUNG
CCLE-11-AZD6244-LUNG,64,7,NCIH1944_LUNG
CCLE-11-AZD6244-LUNG,64,8,NCIH2085_LUNG
CCLE-11-AZD6244-LUNG,64,9,NCIH211_LUNG
CCLE-11-AZD6244-LUNG,64,10,NCIH23_LUNG
CCLE-11-AZD6244-LUNG,64,11,NCIH441_LUNG
CCLE-11-AZD6244-LUNG,64,12,NCIH460_LUNG
CCLE-11-AZD6244-LUNG,64,13,NCIH520_LUNG
CCLE-11-AZD6244-LUNG,64,14,NCIH522_LUNG
CCLE-11-AZD6244-LUNG,64,15,NCIH661_LUNG
CCLE-11-AZD6244-LUNG,64,16,NCIH727_LUNG
CCLE-11-AZD6244-LUNG,64,17,SW900_LUNG
CCLE-11-AZD6244-LUNG,64,18,T3M10_LUNG
CCLE-11-AZD6244-LUNG,65,1,A549_LUNG
CCLE-11-AZD6244-LUNG,65,2,CALU1_LUNG
CCLE-11-AZD6244-LUNG,65,3,CALU3_LUNG
CCLE-11-AZD6244-LUNG,65,4,HARA_LUNG
CCLE-11-AZD6244-LUNG,65,5,LCLC103H_LUNG
CCLE-11-AZD6244-LUNG,65,6,NCIH1299_LUNG
CCLE-11-AZD6244-LUNG,65,7,NCIH1339_LUNG
CCLE-11-AZD6244-LUNG,65,8,NCIH1563_LUNG
CCLE-11-AZD6244-LUNG,65,9,NCIH1648_LUNG
CCLE-11-AZD6244-LUNG,65,10,NCIH1693_LUNG
CCLE-11-AZD6244-LUNG,65,11,NCIH2172_LUNG
CCLE-11-AZD6244-LUNG,65,12,NCIH2228_LUNG
CCLE-11-AZD6244-LUNG,65,13,NCIH23_LUNG
CCLE-11-AZD6244-LUNG,65,14,NCIH650_LUNG
CCLE-11-AZD6244-LUNG,65,15,NCIH661_LUNG
CCLE-11-AZD6244-LUNG,65,16,SBC5_LUNG
CCLE-11-AZD6244-LUNG,65,17,SW1573_LUNG
CCLE-11-AZD6244-LUNG,65,18,VMRCLCD_LUNG
CCLE-11-AZD6244-LUNG,66,1,CALU3_LUNG
CCLE-11-AZD6244-LUNG,66,2,DMS114_LUNG
CCLE-11-AZD6244-LUNG,66,3,HCC15_LUNG
CCLE-11-AZD6244-LUNG,66,4,HCC4006_LUNG
CCLE-11-AZD6244-LUNG,66,5,NCIH1581_LUNG
CCLE-11-AZD6244-LUNG,66,6,NCIH2085_LUNG
CCLE-11-AZD6244-LUNG,66,7,NCIH211_LUNG
CCLE-11-AZD6244-LUNG,66,8,NCIH2172_LUNG
CCLE-11-AZD6244-LUNG,66,9,NCIH2286_LUNG
CCLE-11-AZD6244-LUNG,66,10,NCIH2444_LUNG
CCLE-11-AZD6244-LUNG,66,11,NCIH460_LUNG
CCLE-11-AZD6244-LUNG,66,12,NCIH520_LUNG
CCLE-11-AZD6244-LUNG,66,13,NCIH650_LUNG
CCLE-11-AZD6244-LUNG,66,14,PC14_LUNG
CCLE-11-AZD6244-LUNG,66,15,SBC5_LUNG
CCLE-11-AZD6244-LUNG,66,16,SKMES1_LUNG
CCLE-11-AZD6244-LUNG,66,17,SQ1_LUNG
CCLE-11-AZD6244-LUNG,66,18,T3M10_LUNG
CCLE-11-AZD6244-LUNG,67,1,CALU3_LUNG
CCLE-11-AZD6244-LUNG,67,2,DV90_LUNG
CCLE-11-AZD6244-LUNG,67,3,HCC78_LUNG
CCLE-11-AZD6244-LUNG,67,4,KNS62_LUNG
CCLE-11-AZD6244-LUNG,67,5,LU99_LUNG
CCLE-11-AZD6244-LUNG,67,6,NCIH1355_LUNG
CCLE-11-AZD6244-LUNG,67,7,NCIH1373_LUNG
CCLE-11-AZD6244-LUNG,67,8,NCIH1573_LUNG
CCLE-11-AZD6244-LUNG,67,9,NCIH2009_LUNG
CCLE-11-AZD6244-LUNG,67,10,NCIH2122_LUNG
CCLE-11-AZD6244-LUNG,67,11,NCIH358_LUNG
CCLE-11-AZD6244-LUNG,67,12,NCIH441_LUNG
CCLE-11-AZD6244-LUNG,67,13,NCIH647_LUNG
CCLE-11-AZD6244-LUNG,67,14,NCIH661_LUNG
CCLE-11-AZD6244-LUNG,67,15,SBC5_LUNG
CCLE-11-AZD6244-LUNG,67,16,SHP77_LUNG
CCLE-11-AZD6244-LUNG,67,17,SW1271_LUNG
CCLE-11-AZD6244-LUNG,67,18,SW1573_LUNG
CCLE-11-AZD6244-LUNG,68,1,CALU3_LUNG
CCLE-11-AZD6244-LUNG,68,2,DMS114_LUNG
CCLE-11-AZD6244-LUNG,68,3,HCC15_LUNG
CCLE-11-AZD6244-LUNG,68,4,HCC4006_LUNG
CCLE-11-AZD6244-LUNG,68,5,HCC44_LUNG
CCLE-11-AZD6244-LUNG,68,6,HCC827_LUNG
CCLE-11-AZD6244-LUNG,68,7,NCIH1339_LUNG
CCLE-11-AZD6244-LUNG,68,8,NCIH1355_LUNG
CCLE-11-AZD6244-LUNG,68,9,NCIH1573_LUNG
CCLE-11-AZD6244-LUNG,68,10,NCIH1693_LUNG
CCLE-11-AZD6244-LUNG,68,11,NCIH1793_LUNG
CCLE-11-AZD6244-LUNG,68,12,NCIH2085_LUNG
CCLE-11-AZD6244-LUNG,68,13,NCIH2122_LUNG
CCLE-11-AZD6244-LUNG,68,14,NCIH2286_LUNG
CCLE-11-AZD6244-LUNG,68,15,NCIH358_LUNG
CCLE-11-AZD6244-LUNG,68,16,NCIH441_LUNG
CCLE-11-AZD6244-LUNG,68,17,SHP77_LUNG
CCLE-11-AZD6244-LUNG,68,18,SKLU1_LUNG
CCLE-11-AZD6244-LUNG,69,1,CALU1_LUNG
CCLE-11-AZD6244-LUNG,69,2,CORL105_LUNG
CCLE-11-AZD6244-LUNG,69,3,CORL23_LUNG
CCLE-11-AZD6244-LUNG,69,4,DMS114_LUNG
CCLE-11-AZD6244-LUNG,69,5,EBC1_LUNG
CCLE-11-AZD6244-LUNG,69,6,LCLC103H_LUNG
CCLE-11-AZD6244-LUNG,69,7,MORCPR_LUNG
CCLE-11-AZD6244-LUNG,69,8,NCIH1048_LUNG
CCLE-11-AZD6244-LUNG,69,9,NCIH1341_LUNG
CCLE-11-AZD6244-LUNG,69,10,NCIH1355_LUNG
CCLE-11-AZD6244-LUNG,69,11,NCIH1563_LUNG
CCLE-11-AZD6244-LUNG,69,12,NCIH1573_LUNG
CCLE-11-AZD6244-LUNG,69,13,NCIH1792_LUNG
CCLE-11-AZD6244-LUNG,69,14,NCIH2122_LUNG
CCLE-11-AZD6244-LUNG,69,15,NCIH2228_LUNG
CCLE-11-AZD6244-LUNG,69,16,NCIH226_LUNG
CCLE-11-AZD6244-LUNG,69,17,NCIH647_LUNG
CCLE-11-AZD6244-LUNG,69,18,NCIH650_LUNG
CCLE-11-AZD6244-LUNG,70,1,CALU6_LUNG
CCLE-11-AZD6244-LUNG,70,2,HCC4006_LUNG
CCLE-11-AZD6244-LUNG,70,3,HCC44_LUNG
CCLE-11-AZD6244-LUNG,70,4,IALM_LUNG
CCLE-11-AZD6244-LUNG,70,5,KNS62_LUNG
CCLE-11-AZD6244-LUNG,70,6,NCIH1092_LUNG
CCLE-11-AZD6244-LUNG,70,7,NCIH1341_LUNG
CCLE-11-AZD6244-LUNG,70,8,NCIH1355_LUNG
CCLE-11-AZD6244-LUNG,70,9,NCIH1373_LUNG
CCLE-11-AZD6244-LUNG,70,10,NCIH1650_LUNG
CCLE-11-AZD6244-LUNG,70,11,NCIH1666_LUNG
CCLE-11-AZD6244-LUNG,70,12,NCIH1944_LUNG
CCLE-11-AZD6244-LUNG,70,13,NCIH1975_LUNG
CCLE-11-AZD6244-LUNG,70,14,NCIH2172_LUNG
CCLE-11-AZD6244-LUNG,70,15,NCIH2444_LUNG
CCLE-11-AZD6244-LUNG,70,16,NCIH441_LUNG
CCLE-11-AZD6244-LUNG,70,17,SKMES1_LUNG
CCLE-11-AZD6244-LUNG,70,18,SW1271_LUNG
CCLE-11-AZD6244-LUNG,71,1,HCC15_LUNG
CCLE-11-AZD6244-LUNG,71,2,HS229T_LUNG
CCLE-11-AZD6244-LUNG,71,3,LOUNH91_LUNG
CCLE-11-AZD6244-LUNG,71,4,LU99_LUNG
CCLE-11-AZD6244-LUNG,71,5,NCIH1563_LUNG
CCLE-11-AZD6244-LUNG,71,6,NCIH1573_LUNG
CCLE-11-AZD6244-LUNG,71,7,NCIH1703_LUNG
CCLE-11-AZD6244-LUNG,71,8,NCIH1792_LUNG
CCLE-11-AZD6244-LUNG,71,9,NCIH1975_LUNG
CCLE-11-AZD6244-LUNG,71,10,NCIH2023_LUNG
CCLE-11-AZD6244-LUNG,71,11,NCIH2087_LUNG
CCLE-11-AZD6244-LUNG,71,12,NCIH211_LUNG
CCLE-11-AZD6244-LUNG,71,13,NCIH2172_LUNG
CCLE-11-AZD6244-LUNG,71,14,NCIH226_LUNG
CCLE-11-AZD6244-LUNG,71,15,NCIH2444_LUNG
CCLE-11-AZD6244-LUNG,71,16,NCIH647_LUNG
CCLE-11-AZD6244-LUNG,71,17,PC14_LUNG
CCLE-11-AZD6244-LUNG,71,18,SKMES1_LUNG
CCLE-11-AZD6244-LUNG,72,1,CALU3_LUNG
CCLE-11-AZD6244-LUNG,72,2,CORL105_LUNG
CCLE-11-AZD6244-LUNG,72,3,DMS114_LUNG
CCLE-11-AZD6244-LUNG,72,4,HCC44_LUNG
CCLE-11-AZD6244-LUNG,72,5,HCC78_LUNG
CCLE-11-AZD6244-LUNG,72,6,LOUNH91_LUNG
CCLE-11-AZD6244-LUNG,72,7,NCIH1573_LUNG
CCLE-11-AZD6244-LUNG,72,8,NCIH1650_LUNG
CCLE-11-AZD6244-LUNG,72,9,NCIH1693_LUNG
CCLE-11-AZD6244-LUNG,72,10,NCIH1703_LUNG
CCLE-11-AZD6244-LUNG,72,11,NCIH1944_LUNG
CCLE-11-AZD6244-LUNG,72,12,NCIH2172_LUNG
CCLE-11-AZD6244-LUNG,72,13,NCIH2286_LUNG
CCLE-11-AZD6244-LUNG,72,14,NCIH661_LUNG
CCLE-11-AZD6244-LUNG,72,15,RERFLCAI_LUNG
CCLE-11-AZD6244-LUNG,72,16,SQ1_LUNG
CCLE-11-AZD6244-LUNG,72,17,SW1271_LUNG
CCLE-11-AZD6244-LUNG,72,18,T3M10_LUNG
CCLE-11-AZD6244-LUNG,73,1,CAL12T_LUNG
CCLE-11-AZD6244-LUNG,73,2,DV90_LUNG
CCLE-11-AZD6244-LUNG,73,3,EBC1_LUNG
CCLE-11-AZD6244-LUNG,73,4,HCC827_LUNG
CCLE-11-AZD6244-LUNG,73,5,KNS62_LUNG
CCLE-11-AZD6244-LUNG,73,6,NCIH1155_LUNG
CCLE-11-AZD6244-LUNG,73,7,NCIH1355_LUNG
CCLE-11-AZD6244-LUNG,73,8,NCIH1563_LUNG
CCLE-11-AZD6244-LUNG,73,9,NCIH1666_LUNG
CCLE-11-AZD6244-LUNG,73,10,NCIH1703_LUNG
CCLE-11-AZD6244-LUNG,73,11,NCIH1869_LUNG
CCLE-11-AZD6244-LUNG,73,12,NCIH1915_LUNG
CCLE-11-AZD6244-LUNG,73,13,NCIH2009_LUNG
CCLE-11-AZD6244-LUNG,73,14,NCIH2286_LUNG
CCLE-11-AZD6244-LUNG,73,15,NCIH522_LUNG
CCLE-11-AZD6244-LUNG,73,16,NCIH647_LUNG
CCLE-11-AZD6244-LUNG,73,17,NCIH810_LUNG
CCLE-11-AZD6244-LUNG,73,18,SW1573_LUNG
CCLE-11-AZD6244-LUNG,74,1,CAL12T_LUNG
CCLE-11-AZD6244-LUNG,74,2,HARA_LUNG
CCLE-11-AZD6244-LUNG,74,3,HCC15_LUNG
CCLE-11-AZD6244-LUNG,74,4,HCC827_LUNG
CCLE-11-AZD6244-LUNG,74,5,LU99_LUNG
CCLE-11-AZD6244-LUNG,74,6,MORCPR_LUNG
CCLE-11-AZD6244-LUNG,74,7,NCIH1568_LUNG
CCLE-11-AZD6244-LUNG,74,8,NCIH1666_LUNG
CCLE-11-AZD6244-LUNG,74,9,NCIH2023_LUNG
CCLE-11-AZD6244-LUNG,74,10,NCIH2172_LUNG
CCLE-11-AZD6244-LUNG,74,11,NCIH226_LUNG
CCLE-11-AZD6244-LUNG,74,12,NCIH358_LUNG
CCLE-11-AZD6244-LUNG,74,13,NCIH661_LUNG
CCLE-11-AZD6244-LUNG,74,14,RERFLCAI_LUNG
CCLE-11-AZD6244-LUNG,74,15,SBC5_LUNG
CCLE-11-AZD6244-LUNG,74,16,SHP77_LUNG
CCLE-11-AZD6244-LUNG,74,17,SW1573_LUNG
CCLE-11-AZD6244-LUNG,74,18,SW900_LUNG
CCLE-11-AZD6244-LUNG,75,1,CALU1_LUNG
CCLE-11-AZD6244-LUNG,75,2,CORL23_LUNG
CCLE-11-AZD6244-LUNG,75,3,HCC2935_LUNG
CCLE-11-AZD6244-LUNG,75,4,KNS62_LUNG
CCLE-11-AZD6244-LUNG,75,5,NCIH1048_LUNG
CCLE-11-AZD6244-LUNG,75,6,NCIH1563_LUNG
CCLE-11-AZD6244-LUNG,75,7,NCIH1573_LUNG
CCLE-11-AZD6244-LUNG,75,8,NCIH1581_LUNG
CCLE-11-AZD6244-LUNG,75,9,NCIH1975_LUNG
CCLE-11-AZD6244-LUNG,75,10,NCIH2023_LUNG
CCLE-11-AZD6244-LUNG,75,11,NCIH2030_LUNG
CCLE-11-AZD6244-LUNG,75,12,NCIH2286_LUNG
CCLE-11-AZD6244-LUNG,75,13,NCIH358_LUNG
CCLE-11-AZD6244-LUNG,75,14,NCIH522_LUNG
CCLE-11-AZD6244-LUNG,75,15,NCIH647_LUNG
CCLE-11-AZD6244-LUNG,75,16,SW1271_LUNG
CCLE-11-AZD6244-LUNG,75,17,T3M10_LUNG
CCLE-11-AZD6244-LUNG,75,18,VMRCLCD_LUNG
CCLE-11-AZD6244-LUNG,76,1,CALU1_LUNG
CCLE-11-AZD6244-LUNG,76,2,CORL105_LUNG
CCLE-11-AZD6244-LUNG,76,3,HCC15_LUNG
CCLE-11-AZD6244-LUNG,76,4,IALM_LUNG
CCLE-11-AZD6244-LUNG,76,5,LU99_LUNG
CCLE-11-AZD6244-LUNG,76,6,NCIH1299_LUNG
CCLE-11-AZD6244-LUNG,76,7,NCIH1341_LUNG
CCLE-11-AZD6244-LUNG,76,8,NCIH1648_LUNG
CCLE-11-AZD6244-LUNG,76,9,NCIH1650_LUNG
CCLE-11-AZD6244-LUNG,76,10,NCIH1693_LUNG
CCLE-11-AZD6244-LUNG,76,11,NCIH1792_LUNG
CCLE-11-AZD6244-LUNG,76,12,NCIH1793_LUNG
CCLE-11-AZD6244-LUNG,76,13,NCIH2087_LUNG
CCLE-11-AZD6244-LUNG,76,14,NCIH2170_LUNG
CCLE-11-AZD6244-LUNG,76,15,NCIH2172_LUNG
CCLE-11-AZD6244-LUNG,76,16,NCIH460_LUNG
CCLE-11-AZD6244-LUNG,76,17,NCIH727_LUNG
CCLE-11-AZD6244-LUNG,76,18,SKMES1_LUNG
CCLE-11-AZD6244-LUNG,77,1,A549_LUNG
CCLE-11-AZD6244-LUNG,77,2,CORL105_LUNG
CCLE-11-AZD6244-LUNG,77,3,DMS114_LUNG
CCLE-11-AZD6244-LUNG,77,4,DV90_LUNG
CCLE-11-AZD6244-LUNG,77,5,HCC15_LUNG
CCLE-11-AZD6244-LUNG,77,6,LOUNH91_LUNG
CCLE-11-AZD6244-LUNG,77,7,LUDLU1_LUNG
CCLE-11-AZD6244-LUNG,77,8,NCIH1092_LUNG
CCLE-11-AZD6244-LUNG,77,9,NCIH1184_LUNG
CCLE-11-AZD6244-LUNG,77,10,NCIH1339_LUNG
CCLE-11-AZD6244-LUNG,77,11,NCIH1869_LUNG
CCLE-11-AZD6244-LUNG,77,12,NCIH211_LUNG
CCLE-11-AZD6244-LUNG,77,13,NCIH647_LUNG
CCLE-11-AZD6244-LUNG,77,14,NCIH650_LUNG
CCLE-11-AZD6244-LUNG,77,15,NCIH810_LUNG
CCLE-11-AZD6244-LUNG,77,16,PC14_LUNG
CCLE-11-AZD6244-LUNG,77,17,SKLU1_LUNG
CCLE-11-AZD6244-LUNG,77,18,SW900_LUNG
CCLE-11-AZD6244-LUNG,78,1,HCC44_LUNG
CCLE-11-AZD6244-LUNG,78,2,HCC827_LUNG
CCLE-11-AZD6244-LUNG,78,3,LCLC103H_LUNG
CCLE-11-AZD6244-LUNG,78,4,NCIH1048_LUNG
CCLE-11-AZD6244-LUNG,78,5,NCIH1155_LUNG
CCLE-11-AZD6244-LUNG,78,6,NCIH1299_LUNG
CCLE-11-AZD6244-LUNG,78,7,NCIH1694_LUNG
CCLE-11-AZD6244-LUNG,78,8,NCIH1793_LUNG
CCLE-11-AZD6244-LUNG,78,9,NCIH1915_LUNG
CCLE-11-AZD6244-LUNG,78,10,NCIH2228_LUNG
CCLE-11-AZD6244-LUNG,78,11,NCIH226_LUNG
CCLE-11-AZD6244-LUNG,78,12,NCIH2286_LUNG
CCLE-11-AZD6244-LUNG,78,13,NCIH23_LUNG
CCLE-11-AZD6244-LUNG,78,14,NCIH460_LUNG
CCLE-11-AZD6244-LUNG,78,15,NCIH810_LUNG
CCLE-11-AZD6244-LUNG,78,16,RERFLCAI_LUNG
CCLE-11-AZD6244-LUNG,78,17,SW1271_LUNG
CCLE-11-AZD6244-LUNG,78,18,SW900_LUNG
CCLE-11-AZD6244-LUNG,79,1,HCC2935_LUNG
CCLE-11-AZD6244-LUNG,79,2,HCC4006_LUNG
CCLE-11-AZD6244-LUNG,79,3,IALM_LUNG
CCLE-11-AZD6244-LUNG,79,4,MORCPR_LUNG
CCLE-11-AZD6244-LUNG,79,5,NCIH1155_LUNG
CCLE-11-AZD6244-LUNG,79,6,NCIH1573_LUNG
CCLE-11-AZD6244-LUNG,79,7,NCIH1693_LUNG
CCLE-11-AZD6244-LUNG,79,8,NCIH1915_LUNG
CCLE-11-AZD6244-LUNG,79,9,NCIH2085_LUNG
CCLE-11-AZD6244-LUNG,79,10,NCIH2122_LUNG
CCLE-11-AZD6244-LUNG,79,11,NCIH226_LUNG
CCLE-11-AZD6244-LUNG,79,12,NCIH460_LUNG
CCLE-11-AZD6244-LUNG,79,13,NCIH661_LUNG
CCLE-11-AZD6244-LUNG,79,14,PC14_LUNG
CCLE-11-AZD6244-LUNG,79,15,RERFLCAI_LUNG
CCLE-11-AZD6244-LUNG,79,16,SKMES1_LUNG
CCLE-11-AZD6244-LUNG,79,17,T3M10_LUNG
CCLE-11-AZD6244-LUNG,79,18,VMRCLCD_LUNG
CCLE-11-AZD6244-LUNG,80,1,HCC15_LUNG
CCLE-11-AZD6244-LUNG,80,2,HS229T_LUNG
CCLE-11-AZD6244-LUNG,80,3,IALM_LUNG
CCLE-11-AZD6244-LUNG,80,4,LCLC103H_LUNG
CCLE-11-AZD6244-LUNG,80,5,NCIH1184_LUNG
CCLE-11-AZD6244-LUNG,80,6,NCIH1355_LUNG
CCLE-11-AZD6244-LUNG,80,7,NCIH1793_LUNG
CCLE-11-AZD6244-LUNG,80,8,NCIH2286_LUNG
CCLE-11-AZD6244-LUNG,80,9,NCIH2444_LUNG
CCLE-11-AZD6244-LUNG,80,10,NCIH650_LUNG
CCLE-11-AZD6244-LUNG,80,11,NCIH661_LUNG
CCLE-11-AZD6244-LUNG,80,12,NCIH810_LUNG
CCLE-11-AZD6244-LUNG,80,13,PC14_LUNG
CCLE-11-AZD6244-LUNG,80,14,SBC5_LUNG
CCLE-11-AZD6244-LUNG,80,15,SKLU1_LUNG
CCLE-11-AZD6244-LUNG,80,16,SKMES1_LUNG
CCLE-11-AZD6244-LUNG,80,17,T3M10_LUNG
CCLE-11-AZD6244-LUNG,80,18,VMRCLCD_LUNG
CCLE-11-AZD6244-LUNG,81,1,CAL12T_LUNG
CCLE-11-AZD6244-LUNG,81,2,CALU1_LUNG
CCLE-11-AZD6244-LUNG,81,3,CORL23_LUNG
CCLE-11-AZD6244-LUNG,81,4,HCC4006_LUNG
CCLE-11-AZD6244-LUNG,81,5,HCC827_LUNG
CCLE-11-AZD6244-LUNG,81,6,KNS62_LUNG
CCLE-11-AZD6244-LUNG,81,7,LCLC103H_LUNG
CCLE-11-AZD6244-LUNG,81,8,LUDLU1_LUNG
CCLE-11-AZD6244-LUNG,81,9,MORCPR_LUNG
CCLE-11-AZD6244-LUNG,81,10,NCIH1184_LUNG
CCLE-11-AZD6244-LUNG,81,11,NCIH1568_LUNG
CCLE-11-AZD6244-LUNG,81,12,NCIH1666_LUNG
CCLE-11-AZD6244-LUNG,81,13,NCIH2030_LUNG
CCLE-11-AZD6244-LUNG,81,14,NCIH211_LUNG
CCLE-11-AZD6244-LUNG,81,15,NCIH2122_LUNG
CCLE-11-AZD6244-LUNG,81,16,NCIH2228_LUNG
CCLE-11-AZD6244-LUNG,81,17,NCIH23_LUNG
CCLE-11-AZD6244-LUNG,81,18,NCIH358_LUNG
CCLE-11-AZD6244-LUNG,82,1,CORL105_LUNG
CCLE-11-AZD6244-LUNG,82,2,CORL23_LUNG
CCLE-11-AZD6244-LUNG,82,3,HCC827_LUNG
CCLE-11-AZD6244-LUNG,82,4,MORCPR_LUNG
CCLE-11-AZD6244-LUNG,82,5,NCIH1339_LUNG
CCLE-11-AZD6244-LUNG,82,6,NCIH1373_LUNG
CCLE-11-AZD6244-LUNG,82,7,NCIH1581_LUNG
CCLE-11-AZD6244-LUNG,82,8,NCIH1648_LUNG
CCLE-11-AZD6244-LUNG,82,9,NCIH1666_LUNG
CCLE-11-AZD6244-LUNG,82,10,NCIH2286_LUNG
CCLE-11-AZD6244-LUNG,82,11,NCIH358_LUNG
CCLE-11-AZD6244-LUNG,82,12,NCIH441_LUNG
CCLE-11-AZD6244-LUNG,82,13,NCIH520_LUNG
CCLE-11-AZD6244-LUNG,82,14,NCIH522_LUNG
CCLE-11-AZD6244-LUNG,82,15,NCIH647_LUNG
CCLE-11-AZD6244-LUNG,82,16,SBC5_LUNG
CCLE-11-AZD6244-LUNG,82,17,SKMES1_LUNG
CCLE-11-AZD6244-LUNG,82,18,SW900_LUNG
CCLE-11-AZD6244-LUNG,83,1,A549_LUNG
CCLE-11-AZD6244-LUNG,83,2,CAL12T_LUNG
CCLE-11-AZD6244-LUNG,83,3,CALU6_LUNG
CCLE-11-AZD6244-LUNG,83,4,DV90_LUNG
CCLE-11-AZD6244-LUNG,83,5,LCLC103H_LUNG
CCLE-11-AZD6244-LUNG,83,6,NCIH1155_LUNG
CCLE-11-AZD6244-LUNG,83,7,NCIH1341_LUNG
CCLE-11-AZD6244-LUNG,83,8,NCIH1568_LUNG
CCLE-11-AZD6244-LUNG,83,9,NCIH1650_LUNG
CCLE-11-AZD6244-LUNG,83,10,NCIH2085_LUNG
CCLE-11-AZD6244-LUNG,83,11,NCIH2087_LUNG
CCLE-11-AZD6244-LUNG,83,12,NCIH522_LUNG
CCLE-11-AZD6244-LUNG,83,13,NCIH727_LUNG
CCLE-11-AZD6244-LUNG,83,14,NCIH810_LUNG
CCLE-11-AZD6244-LUNG,83,15,RERFLCAI_LUNG
CCLE-11-AZD6244-LUNG,83,16,SHP77_LUNG
CCLE-11-AZD6244-LUNG,83,17,SKLU1_LUNG
CCLE-11-AZD6244-LUNG,83,18,VMRCLCD_LUNG
CCLE-11-AZD6244-LUNG,84,1,CALU6_LUNG
CCLE-11-AZD6244-LUNG,84,2,CORL105_LUNG
CCLE-11-AZD6244-LUNG,84,3,CORL23_LUNG
CCLE-11-AZD6244-LUNG,84,4,HS229T_LUNG
CCLE-11-AZD6244-LUNG,84,5,KNS62_LUNG
CCLE-11-AZD6244-LUNG,84,6,NCIH1299_LUNG
CCLE-11-AZD6244-LUNG,84,7,NCIH1339_LUNG
CCLE-11-AZD6244-LUNG,84,8,NCIH1648_LUNG
CCLE-11-AZD6244-LUNG,84,9,NCIH1650_LUNG
CCLE-11-AZD6244-LUNG,84,10,NCIH1793_LUNG
CCLE-11-AZD6244-LUNG,84,11,NCIH1869_LUNG
CCLE-11-AZD6244-LUNG,84,12,NCIH2122_LUNG
CCLE-11-AZD6244-LUNG,84,13,NCIH358_LUNG
CCLE-11-AZD6244-LUNG,84,14,NCIH441_LUNG
CCLE-11-AZD6244-LUNG,84,15,NCIH661_LUNG
CCLE-11-AZD6244-LUNG,84,16,RERFLCAI_LUNG
CCLE-11-AZD6244-LUNG,84,17,SW1573_LUNG
CCLE-11-AZD6244-LUNG,84,18,SW900_LUNG
CCLE-11-AZD6244-LUNG,85,1,CALU3_LUNG
CCLE-11-AZD6244-LUNG,85,2,DV90_LUNG
CCLE-11-AZD6244-LUNG,85,3,HCC44_LUNG
CCLE-11-AZD6244-LUNG,85,4,LOUNH91_LUNG
CCLE-11-AZD6244-LUNG,85,5,MORCPR_LUNG
CCLE-11-AZD6244-LUNG,85,6,NCIH1184_LUNG
CCLE-11-AZD6244-LUNG,85,7,NCIH1793_LUNG
CCLE-11-AZD6244-LUNG,85,8,NCIH1944_LUNG
CCLE-11-AZD6244-LUNG,85,9,NCIH2030_LUNG
CCLE-11-AZD6244-LUNG,85,10,NCIH2172_LUNG
CCLE-11-AZD6244-LUNG,85,11,NCIH2228_LUNG
CCLE-11-AZD6244-LUNG,85,12,NCIH2286_LUNG
CCLE-11-AZD6244-LUNG,85,13,NCIH2444_LUNG
CCLE-11-AZD6244-LUNG,85,14,NCIH460_LUNG
CCLE-11-AZD6244-LUNG,85,15,NCIH647_LUNG
CCLE-11-AZD6244-LUNG,85,16,SBC5_LUNG
CCLE-11-AZD6244-LUNG,85,17,SHP77_LUNG
CCLE-11-AZD6244-LUNG,85,18,SQ1_LUNG
CCLE-11-AZD6244-LUNG,86,1,CALU1_LUNG
CCLE-11-AZD6244-LUNG,86,2,CALU3_LUNG
CCLE-11-AZD6244-LUNG,86,3,CORL105_LUNG
CCLE-11-AZD6244-LUNG,86,4,DMS114_LUNG
CCLE-11-AZD6244-LUNG,86,5,DV90_LUNG
CCLE-11-AZD6244-LUNG,86,6,HCC15_LUNG
CCLE-11-AZD6244-LUNG,86,7,KNS62_LUNG
CCLE-11-AZD6244-LUNG,86,8,NCIH1155_LUNG
CCLE-11-AZD6244-LUNG,86,9,NCIH1184_LUNG
CCLE-11-AZD6244-LUNG,86,10,NCIH1299_LUNG
CCLE-11-AZD6244-LUNG,86,11,NCIH1563_LUNG
CCLE-11-AZD6244-LUNG,86,12,NCIH1648_LUNG
CCLE-11-AZD6244-LUNG,86,13,NCIH1693_LUNG
CCLE-11-AZD6244-LUNG,86,14,NCIH2087_LUNG
CCLE-11-AZD6244-LUNG,86,15,NCIH2122_LUNG
CCLE-11-AZD6244-LUNG,86,16,NCIH23_LUNG
CCLE-11-AZD6244-LUNG,86,17,SHP77_LUNG
CCLE-11-AZD6244-LUNG,86,18,SW1573_LUNG
CCLE-11-AZD6244-LUNG,87,1,CALU1_LUNG
CCLE-11-AZD6244-LUNG,87,2,CORL105_LUNG
CCLE-11-AZD6244-LUNG,87,3,HCC827_LUNG
CCLE-11-AZD6244-LUNG,87,4,LCLC103H_LUNG
CCLE-11-AZD6244-LUNG,87,5,NCIH1184_LUNG
CCLE-11-AZD6244-LUNG,87,6,NCIH1341_LUNG
CCLE-11-AZD6244-LUNG,87,7,NCIH1355_LUNG
CCLE-11-AZD6244-LUNG,87,8,NCIH1581_LUNG
CCLE-11-AZD6244-LUNG,87,9,NCIH1694_LUNG
CCLE-11-AZD6244-LUNG,87,10,NCIH1915_LUNG
CCLE-11-AZD6244-LUNG,87,11,NCIH1944_LUNG
CCLE-11-AZD6244-LUNG,87,12,NCIH2087_LUNG
CCLE-11-AZD6244-LUNG,87,13,NCIH211_LUNG
CCLE-11-AZD6244-LUNG,87,14,NCIH2444_LUNG
CCLE-11-AZD6244-LUNG,87,15,NCIH647_LUNG
CCLE-11-AZD6244-LUNG,87,16,SBC5_LUNG
CCLE-11-AZD6244-LUNG,87,17,SHP77_LUNG
CCLE-11-AZD6244-LUNG,87,18,VMRCLCD_LUNG
CCLE-11-AZD6244-LUNG,88,1,CALU3_LUNG
CCLE-11-AZD6244-LUNG,88,2,EBC1_LUNG
CCLE-11-AZD6244-LUNG,88,3,HARA_LUNG
CCLE-11-AZD6244-LUNG,88,4,HCC15_LUNG
CCLE-11-AZD6244-LUNG,88,5,HCC2935_LUNG
CCLE-11-AZD6244-LUNG,88,6,LCLC103H_LUNG
CCLE-11-AZD6244-LUNG,88,7,LOUNH91_LUNG
CCLE-11-AZD6244-LUNG,88,8,LU99_LUNG
CCLE-11-AZD6244-LUNG,88,9,MORCPR_LUNG
CCLE-11-AZD6244-LUNG,88,10,NCIH1092_LUNG
CCLE-11-AZD6244-LUNG,88,11,NCIH1155_LUNG
CCLE-11-AZD6244-LUNG,88,12,NCIH1184_LUNG
CCLE-11-AZD6244-LUNG,88,13,NCIH1355_LUNG
CCLE-11-AZD6244-LUNG,88,14,NCIH1573_LUNG
CCLE-11-AZD6244-LUNG,88,15,NCIH358_LUNG
CCLE-11-AZD6244-LUNG,88,16,NCIH441_LUNG
CCLE-11-AZD6244-LUNG,88,17,NCIH727_LUNG
CCLE-11-AZD6244-LUNG,88,18,SHP77_LUNG
CCLE-11-AZD6244-LUNG,89,1,A549_LUNG
CCLE-11-AZD6244-LUNG,89,2,DV90_LUNG
CCLE-11-AZD6244-LUNG,89,3,HARA_LUNG
CCLE-11-AZD6244-LUNG,89,4,HCC78_LUNG
CCLE-11-AZD6244-LUNG,89,5,MORCPR_LUNG
CCLE-11-AZD6244-LUNG,89,6,NCIH1568_LUNG
CCLE-11-AZD6244-LUNG,89,7,NCIH1648_LUNG
CCLE-11-AZD6244-LUNG,89,8,NCIH1666_LUNG
CCLE-11-AZD6244-LUNG,89,9,NCIH1944_LUNG
CCLE-11-AZD6244-LUNG,89,10,NCIH1975_LUNG
CCLE-11-AZD6244-LUNG,89,11,NCIH2030_LUNG
CCLE-11-AZD6244-LUNG,89,12,NCIH2228_LUNG
CCLE-11-AZD6244-LUNG,89,13,NCIH23_LUNG
CCLE-11-AZD6244-LUNG,89,14,NCIH647_LUNG
CCLE-11-AZD6244-LUNG,89,15,NCIH661_LUNG
CCLE-11-AZD6244-LUNG,89,16,PC14_LUNG
CCLE-11-AZD6244-LUNG,89,17,SBC5_LUNG
CCLE-11-AZD6244-LUNG,89,18,T3M10_LUNG
CCLE-11-AZD6244-LUNG,90,1,CALU3_LUNG
CCLE-11-AZD6244-LUNG,90,2,CORL105_LUNG
CCLE-11-AZD6244-LUNG,90,3,EBC1_LUNG
CCLE-11-AZD6244-LUNG,90,4,HCC2935_LUNG
CCLE-11-AZD6244-LUNG,90,5,HCC44_LUNG
CCLE-11-AZD6244-LUNG,90,6,HCC78_LUNG
CCLE-11-AZD6244-LUNG,90,7,NCIH1341_LUNG
CCLE-11-AZD6244-LUNG,90,8,NCIH1373_LUNG
CCLE-11-AZD6244-LUNG,90,9,NCIH1568_LUNG
CCLE-11-AZD6244-LUNG,90,10,NCIH1581_LUNG
CCLE-11-AZD6244-LUNG,90,11,NCIH1703_LUNG
CCLE-11-AZD6244-LUNG,90,12,NCIH1793_LUNG
CCLE-11-AZD6244-LUNG,90,13,NCIH1915_LUNG
CCLE-11-AZD6244-LUNG,90,14,NCIH2085_LUNG
CCLE-11-AZD6244-LUNG,90,15,NCIH441_LUNG
CCLE-11-AZD6244-LUNG,90,16,NCIH650_LUNG
CCLE-11-AZD6244-LUNG,90,17,NCIH727_LUNG
CCLE-11-AZD6244-LUNG,90,18,SKMES1_LUNG
CCLE-11-AZD6244-LUNG,91,1,HCC78_LUNG
CCLE-11-AZD6244-LUNG,91,2,HS229T_LUNG
CCLE-11-AZD6244-LUNG,91,3,NCIH1184_LUNG
CCLE-11-AZD6244-LUNG,91,4,NCIH1299_LUNG
CCLE-11-AZD6244-LUNG,91,5,NCIH1339_LUNG
CCLE-11-AZD6244-LUNG,91,6,NCIH1341_LUNG
CCLE-11-AZD6244-LUNG,91,7,NCIH1373_LUNG
CCLE-11-AZD6244-LUNG,91,8,NCIH1915_LUNG
CCLE-11-AZD6244-LUNG,91,9,NCIH2228_LUNG
CCLE-11-AZD6244-LUNG,91,10,NCIH441_LUNG
CCLE-11-AZD6244-LUNG,91,11,NCIH520_LUNG
CCLE-11-AZD6244-LUNG,91,12,NCIH727_LUNG
CCLE-11-AZD6244-LUNG,91,13,RERFLCAI_LUNG
CCLE-11-AZD6244-LUNG,91,14,SKLU1_LUNG
CCLE-11-AZD6244-LUNG,91,15,SKMES1_LUNG
CCLE-11-AZD6244-LUNG,91,16,SW1271_LUNG
CCLE-11-AZD6244-LUNG,91,17,SW900_LUNG
CCLE-11-AZD6244-LUNG,91,18,VMRCLCD_LUNG
CCLE-11-AZD6244-LUNG,92,1,HCC4006_LUNG
CCLE-11-AZD6244-LUNG,92,2,HCC827_LUNG
CCLE-11-AZD6244-LUNG,92,3,KNS62_LUNG
CCLE-11-AZD6244-LUNG,92,4,NCIH1048_LUNG
CCLE-11-AZD6244-LUNG,92,5,NCIH1650_LUNG
CCLE-11-AZD6244-LUNG,92,6,NCIH1694_LUNG
CCLE-11-AZD6244-LUNG,92,7,NCIH1944_LUNG
CCLE-11-AZD6244-LUNG,92,8,NCIH1975_LUNG
CCLE-11-AZD6244-LUNG,92,9,NCIH2085_LUNG
CCLE-11-AZD6244-LUNG,92,10,NCIH2172_LUNG
CCLE-11-AZD6244-LUNG,92,11,NCIH2286_LUNG
CCLE-11-AZD6244-LUNG,92,12,NCIH441_LUNG
CCLE-11-AZD6244-LUNG,92,13,NCIH647_LUNG
CCLE-11-AZD6244-LUNG,92,14,NCIH650_LUNG
CCLE-11-AZD6244-LUNG,92,15,NCIH661_LUNG
CCLE-11-AZD6244-LUNG,92,16,RERFLCAI_LUNG
CCLE-11-AZD6244-LUNG,92,17,SW1573_LUNG
CCLE-11-AZD6244-LUNG,92,18,SW900_LUNG
CCLE-11-AZD6244-LUNG,93,1,CALU3_LUNG
CCLE-11-AZD6244-LUNG,93,2,CORL23_LUNG
CCLE-11-AZD6244-LUNG,93,3,EBC1_LUNG
CCLE-11-AZD6244-LUNG,93,4,HARA_LUNG
CCLE-11-AZD6244-LUNG,93,5,LCLC103H_LUNG
CCLE-11-AZD6244-LUNG,93,6,NCIH1339_LUNG
CCLE-11-AZD6244-LUNG,93,7,NCIH1694_LUNG
CCLE-11-AZD6244-LUNG,93,8,NCIH1915_LUNG
CCLE-11-AZD6244-LUNG,93,9,NCIH1975_LUNG
CCLE-11-AZD6244-LUNG,93,10,NCIH211_LUNG
CCLE-11-AZD6244-LUNG,93,11,NCIH226_LUNG
CCLE-11-AZD6244-LUNG,93,12,NCIH2444_LUNG
CCLE-11-AZD6244-LUNG,93,13,NCIH441_LUNG
CCLE-11-AZD6244-LUNG,93,14,NCIH647_LUNG
CCLE-11-AZD6244-LUNG,93,15,NCIH810_LUNG
CCLE-11-AZD6244-LUNG,93,16,SQ1_LUNG
CCLE-11-AZD6244-LUNG,93,17,SW1573_LUNG
CCLE-11-AZD6244-LUNG,93,18,T3M10_LUNG
CCLE-11-AZD6244-LUNG,94,1,HARA_LUNG
CCLE-11-AZD6244-LUNG,94,2,HCC15_LUNG
CCLE-11-AZD6244-LUNG,94,3,LCLC103H_LUNG
CCLE-11-AZD6244-LUNG,94,4,NCIH1048_LUNG
CCLE-11-AZD6244-LUNG,94,5,NCIH1184_LUNG
CCLE-11-AZD6244-LUNG,94,6,NCIH1563_LUNG
CCLE-11-AZD6244-LUNG,94,7,NCIH1666_LUNG
CCLE-11-AZD6244-LUNG,94,8,NCIH1793_LUNG
CCLE-11-AZD6244-LUNG,94,9,NCIH1915_LUNG
CCLE-11-AZD6244-LUNG,94,10,NCIH2122_LUNG
CCLE-11-AZD6244-LUNG,94,11,NCIH2172_LUNG
CCLE-11-AZD6244-LUNG,94,12,NCIH358_LUNG
CCLE-11-AZD6244-LUNG,94,13,NCIH460_LUNG
CCLE-11-AZD6244-LUNG,94,14,NCIH727_LUNG
CCLE-11-AZD6244-LUNG,94,15,NCIH810_LUNG
CCLE-11-AZD6244-LUNG,94,16,SBC5_LUNG
CCLE-11-AZD6244-LUNG,94,17,SKMES1_LUNG
CCLE-11-AZD6244-LUNG,94,18,T3M10_LUNG
CCLE-11-AZD6244-LUNG,95,1,A549_LUNG
CCLE-11-AZD6244-LUNG,95,2,DMS114_LUNG
CCLE-11-AZD6244-LUNG,95,3,HCC44_LUNG
CCLE-11-AZD6244-LUNG,95,4,HCC827_LUNG
CCLE-11-AZD6244-LUNG,95,5,NCIH1341_LUNG
CCLE-11-AZD6244-LUNG,95,6,NCIH1568_LUNG
CCLE-11-AZD6244-LUNG,95,7,NCIH1581_LUNG
CCLE-11-AZD6244-LUNG,95,8,NCIH1694_LUNG
CCLE-11-AZD6244-LUNG,95,9,NCIH1703_LUNG
CCLE-11-AZD6244-LUNG,95,10,NCIH1915_LUNG
CCLE-11-AZD6244-LUNG,95,11,NCIH2030_LUNG
CCLE-11-AZD6244-LUNG,95,12,NCIH358_LUNG
CCLE-11-AZD6244-LUNG,95,13,NCIH520_LUNG
CCLE-11-AZD6244-LUNG,95,14,NCIH650_LUNG
CCLE-11-AZD6244-LUNG,95,15,NCIH661_LUNG
CCLE-11-AZD6244-LUNG,95,16,PC14_LUNG
CCLE-11-AZD6244-LUNG,95,17,SKMES1_LUNG
CCLE-11-AZD6244-LUNG,95,18,SQ1_LUNG
CCLE-11-AZD6244-LUNG,96,1,CAL12T_LUNG
CCLE-11-AZD6244-LUNG,96,2,CALU1_LUNG
CCLE-11-AZD6244-LUNG,96,3,CALU6_LUNG
CCLE-11-AZD6244-LUNG,96,4,CORL105_LUNG
CCLE-11-AZD6244-LUNG,96,5,DMS114_LUNG
CCLE-11-AZD6244-LUNG,96,6,KNS62_LUNG
CCLE-11-AZD6244-LUNG,96,7,LCLC103H_LUNG
CCLE-11-AZD6244-LUNG,96,8,NCIH1155_LUNG
CCLE-11-AZD6244-LUNG,96,9,NCIH1339_LUNG
CCLE-11-AZD6244-LUNG,96,10,NCIH1975_LUNG
CCLE-11-AZD6244-LUNG,96,11,NCIH2087_LUNG
CCLE-11-AZD6244-LUNG,96,12,NCIH2122_LUNG
CCLE-11-AZD6244-LUNG,96,13,NCIH2286_LUNG
CCLE-11-AZD6244-LUNG,96,14,NCIH650_LUNG
CCLE-11-AZD6244-LUNG,96,15,RERFLCAI_LUNG
CCLE-11-AZD6244-LUNG,96,16,SQ1_LUNG
CCLE-11-AZD6244-LUNG,96,17,SW1573_LUNG
CCLE-11-AZD6244-LUNG,96,18,T3M10_LUNG
CCLE-11-AZD6244-LUNG,97,1,CALU3_LUNG
CCLE-11-AZD6244-LUNG,97,2,CALU6_LUNG
CCLE-11-AZD6244-LUNG,97,3,CORL105_LUNG
CCLE-11-AZD6244-LUNG,97,4,HCC15_LUNG
CCLE-11-AZD6244-LUNG,97,5,HCC4006_LUNG
CCLE-11-AZD6244-LUNG,97,6,NCIH1339_LUNG
CCLE-11-AZD6244-LUNG,97,7,NCIH1703_LUNG
CCLE-11-AZD6244-LUNG,97,8,NCIH1915_LUNG
CCLE-11-AZD6244-LUNG,97,9,NCIH2023_LUNG
CCLE-11-AZD6244-LUNG,97,10,NCIH2030_LUNG
CCLE-11-AZD6244-LUNG,97,11,NCIH2085_LUNG
CCLE-11-AZD6244-LUNG,97,12,NCIH211_LUNG
CCLE-11-AZD6244-LUNG,97,13,NCIH2170_LUNG
CCLE-11-AZD6244-LUNG,97,14,NCIH2172_LUNG
CCLE-11-AZD6244-LUNG,97,15,SHP77_LUNG
CCLE-11-AZD6244-LUNG,97,16,SKMES1_LUNG
CCLE-11-AZD6244-LUNG,97,17,SW1573_LUNG
CCLE-11-AZD6244-LUNG,97,18,VMRCLCD_LUNG
CCLE-11-AZD6244-LUNG,98,1,CORL23_LUNG
CCLE-11-AZD6244-LUNG,98,2,DMS114_LUNG
CCLE-11-AZD6244-LUNG,98,3,DV90_LUNG
CCLE-11-AZD6244-LUNG,98,4,HARA_LUNG
CCLE-11-AZD6244-LUNG,98,5,LCLC103H_LUNG
CCLE-11-AZD6244-LUNG,98,6,LUDLU1_LUNG
CCLE-11-AZD6244-LUNG,98,7,MORCPR_LUNG
CCLE-11-AZD6244-LUNG,98,8,NCIH1373_LUNG
CCLE-11-AZD6244-LUNG,98,9,NCIH1792_LUNG
CCLE-11-AZD6244-LUNG,98,10,NCIH2023_LUNG
CCLE-11-AZD6244-LUNG,98,11,NCIH211_LUNG
CCLE-11-AZD6244-LUNG,98,12,NCIH226_LUNG
CCLE-11-AZD6244-LUNG,98,13,NCIH520_LUNG
CCLE-11-AZD6244-LUNG,98,14,NCIH661_LUNG
CCLE-11-AZD6244-LUNG,98,15,NCIH810_LUNG
CCLE-11-AZD6244-LUNG,98,16,SBC5_LUNG
CCLE-11-AZD6244-LUNG,98,17,SKLU1_LUNG
CCLE-11-AZD6244-LUNG,98,18,SKMES1_LUNG
CCLE-11-AZD6244-LUNG,99,1,CALU1_LUNG
CCLE-11-AZD6244-LUNG,99,2,CALU3_LUNG
CCLE-11-AZD6244-LUNG,99,3,HCC78_LUNG
CCLE-11-AZD6244-LUNG,99,4,KNS62_LUNG
CCLE-11-AZD6244-LUNG,99,5,NCIH1299_LUNG
CCLE-11-AZD6244-LUNG,99,6,NCIH1355_LUNG
CCLE-11-AZD6244-LUNG,99,7,NCIH1563_LUNG
CCLE-11-AZD6244-LUNG,99,8,NCIH1581_LUNG
CCLE-11-AZD6244-LUNG,99,9,NCIH1666_LUNG
CCLE-11-AZD6244-LUNG,99,10,NCIH1792_LUNG
CCLE-11-AZD6244-LUNG,99,11,NCIH1915_LUNG
CCLE-11-AZD6244-LUNG,99,12,NCIH1944_LUNG
CCLE-11-AZD6244-LUNG,99,13,NCIH1975_LUNG
CCLE-11-AZD6244-LUNG,99,14,NCIH2009_LUNG
CCLE-11-AZD6244-LUNG,99,15,NCIH2087_LUNG
CCLE-11-AZD6244-LUNG,99,16,NCIH2228_LUNG
CCLE-11-AZD6244-LUNG,99,17,NCIH661_LUNG
CCLE-11-AZD6244-LUNG,99,18,NCIH727_LUNG
CCLE-11-AZD6244-LUNG,100,1,A549_LUNG
CCLE-11-AZD6244-LUNG,100,2,CAL12T_LUNG
CCLE-11-AZD6244-LUNG,100,3,HCC827_LUNG
CCLE-11-AZD6244-LUNG,100,4,NCIH1568_LUNG
CCLE-11-AZD6244-LUNG,100,5,NCIH1581_LUNG
CCLE-11-AZD6244-LUNG,100,6,NCIH1666_LUNG
CCLE-11-AZD6244-LUNG,100,7,NCIH1915_LUNG
CCLE-11-AZD6244-LUNG,100,8,NCIH1944_LUNG
CCLE-11-AZD6244-LUNG,100,9,NCIH1975_LUNG
CCLE-11-AZD6244-LUNG,100,10,NCIH2009_LUNG
CCLE-11-AZD6244-LUNG,100,11,NCIH2030_LUNG
CCLE-11-AZD6244-LUNG,100,12,NCIH211_LUNG
CCLE-11-AZD6244-LUNG,100,13,NCIH2172_LUNG
CCLE-11-AZD6244-LUNG,100,14,NCIH520_LUNG
CCLE-11-AZD6244-LUNG,100,15,NCIH647_LUNG
CCLE-11-AZD6244-LUNG,100,16,NCIH810_LUNG
CCLE-11-AZD6244-LUNG,100,17,SBC5_LUNG
CCLE-11-AZD6244-LUNG,100,18,VMRCLCD_LUNG
CCLE-34-Paclitaxel-SKIN,1,1,G361_SKIN
CCLE-34-Paclitaxel-SKIN,1,2,HS852T_SKIN
CCLE-34-Paclitaxel-SKIN,1,3,HS895T_SKIN
CCLE-34-Paclitaxel-SKIN,1,4,HS939T_SKIN
CCLE-34-Paclitaxel-SKIN,1,5,HS944T_SKIN
CCLE-34-Paclitaxel-SKIN,1,6,IPC298_SKIN
CCLE-34-Paclitaxel-SKIN,1,7,MALME3M_SKIN
CCLE-34-Paclitaxel-SKIN,1,8,MDAMB435S_SKIN
CCLE-34-Paclitaxel-SKIN,1,9,MELHO_SKIN
CCLE-34-Paclitaxel-SKIN,1,10,RPMI7951_SKIN
CCLE-34-Paclitaxel-SKIN,1,11,RVH421_SKIN
CCLE-34-Paclitaxel-SKIN,1,12,SKMEL24_SKIN
CCLE-34-Paclitaxel-SKIN,1,13,SKMEL2_SKIN
CCLE-34-Paclitaxel-SKIN,1,14,SKMEL30_SKIN
CCLE-34-Paclitaxel-SKIN,1,15,SKMEL31_SKIN
CCLE-34-Paclitaxel-SKIN,1,16,UACC257_SKIN
CCLE-34-Paclitaxel-SKIN,1,17,UACC62_SKIN
CCLE-34-Paclitaxel-SKIN,1,18,WM793_SKIN
CCLE-34-Paclitaxel-SKIN,2,1,A2058_SKIN
CCLE-34-Paclitaxel-SKIN,2,2,A375_SKIN
CCLE-34-Paclitaxel-SKIN,2,3,COLO679_SKIN
CCLE-34-Paclitaxel-SKIN,2,4,COLO741_SKIN
CCLE-34-Paclitaxel-SKIN,2,5,G361_SKIN
CCLE-34-Paclitaxel-SKIN,2,6,HS695T_SKIN
CCLE-34-Paclitaxel-SKIN,2,7,HS895T_SKIN
CCLE-34-Paclitaxel-SKIN,2,8,HS939T_SKIN
CCLE-34-Paclitaxel-SKIN,2,9,MALME3M_SKIN
CCLE-34-Paclitaxel-SKIN,2,10,MDAMB435S_SKIN
CCLE-34-Paclitaxel-SKIN,2,11,MELHO_SKIN
CCLE-34-Paclitaxel-SKIN,2,12,RVH421_SKIN
CCLE-34-Paclitaxel-SKIN,2,13,SKMEL24_SKIN
CCLE-34-Paclitaxel-SKIN,2,14,SKMEL2_SKIN
CCLE-34-Paclitaxel-SKIN,2,15,SKMEL5_SKIN
CCLE-34-Paclitaxel-SKIN,2,16,UACC257_SKIN
CCLE-34-Paclitaxel-SKIN,2,17,WM793_SKIN
CCLE-34-Paclitaxel-SKIN,2,18,WM983B_SKIN
CCLE-34-Paclitaxel-SKIN,3,1,A2058_SKIN
CCLE-34-Paclitaxel-SKIN,3,2,C32_SKIN
CCLE-34-Paclitaxel-SKIN,3,3,COLO741_SKIN
CCLE-34-Paclitaxel-SKIN,3,4,G361_SKIN
CCLE-34-Paclitaxel-SKIN,3,5,HS695T_SKIN
CCLE-34-Paclitaxel-SKIN,3,6,HS895T_SKIN
CCLE-34-Paclitaxel-SKIN,3,7,HS936T_SKIN
CCLE-34-Paclitaxel-SKIN,3,8,HS939T_SKIN
CCLE-34-Paclitaxel-SKIN,3,9,MEWO_SKIN
CCLE-34-Paclitaxel-SKIN,3,10,SKMEL2_SKIN
CCLE-34-Paclitaxel-SKIN,3,11,SKMEL30_SKIN
CCLE-34-Paclitaxel-SKIN,3,12,SKMEL31_SKIN
CCLE-34-Paclitaxel-SKIN,3,13,SKMEL5_SKIN
CCLE-34-Paclitaxel-SKIN,3,14,UACC257_SKIN
CCLE-34-Paclitaxel-SKIN,3,15,WM1799_SKIN
CCLE-34-Paclitaxel-SKIN,3,16,WM793_SKIN
CCLE-34-Paclitaxel-SKIN,3,17,WM88_SKIN
CCLE-34-Paclitaxel-SKIN,3,18,WM983B_SKIN
CCLE-34-Paclitaxel-SKIN,4,1,A2058_SKIN
CCLE-34-Paclitaxel-SKIN,4,2,C32_SKIN
CCLE-34-Paclitaxel-SKIN,4,3,COLO679_SKIN
CCLE-34-Paclitaxel-SKIN,4,4,COLO741_SKIN
CCLE-34-Paclitaxel-SKIN,4,5,G361_SKIN
CCLE-34-Paclitaxel-SKIN,4,6,HS852T_SKIN
CCLE-34-Paclitaxel-SKIN,4,7,HS939T_SKIN
CCLE-34-Paclitaxel-SKIN,4,8,HT144_SKIN
CCLE-34-Paclitaxel-SKIN,4,9,IPC298_SKIN
CCLE-34-Paclitaxel-SKIN,4,10,MALME3M_SKIN
CCLE-34-Paclitaxel-SKIN,4,11,MELHO_SKIN
CCLE-34-Paclitaxel-SKIN,4,12,MEWO_SKIN
CCLE-34-Paclitaxel-SKIN,4,13,RVH421_SKIN
CCLE-34-Paclitaxel-SKIN,4,14,SKMEL24_SKIN
CCLE-34-Paclitaxel-SKIN,4,15,SKMEL2_SKIN
CCLE-34-Paclitaxel-SKIN,4,16,UACC257_SKIN
CCLE-34-Paclitaxel-SKIN,4,17,WM793_SKIN
CCLE-34-Paclitaxel-SKIN,4,18,WM983B_SKIN
CCLE-34-Paclitaxel-SKIN,5,1,C32_SKIN
CCLE-34-Paclitaxel-SKIN,5,2,COLO679_SKIN
CCLE-34-Paclitaxel-SKIN,5,3,COLO741_SKIN
CCLE-34-Paclitaxel-SKIN,5,4,HS695T_SKIN
CCLE-34-Paclitaxel-SKIN,5,5,HS852T_SKIN
CCLE-34-Paclitaxel-SKIN,5,6,HS944T_SKIN
CCLE-34-Paclitaxel-SKIN,5,7,HT144_SKIN
CCLE-34-Paclitaxel-SKIN,5,8,IPC298_SKIN
CCLE-34-Paclitaxel-SKIN,5,9,LOXIMVI_SKIN
CCLE-34-Paclitaxel-SKIN,5,10,MALME3M_SKIN
CCLE-34-Paclitaxel-SKIN,5,11,MDAMB435S_SKIN
CCLE-34-Paclitaxel-SKIN,5,12,MELHO_SKIN
CCLE-34-Paclitaxel-SKIN,5,13,MEWO_SKIN
CCLE-34-Paclitaxel-SKIN,5,14,RVH421_SKIN
CCLE-34-Paclitaxel-SKIN,5,15,SKMEL5_SKIN
CCLE-34-Paclitaxel-SKIN,5,16,WM793_SKIN
CCLE-34-Paclitaxel-SKIN,5,17,WM88_SKIN
CCLE-34-Paclitaxel-SKIN,5,18,WM983B_SKIN
CCLE-34-Paclitaxel-SKIN,6,1,C32_SKIN
CCLE-34-Paclitaxel-SKIN,6,2,COLO679_SKIN
CCLE-34-Paclitaxel-SKIN,6,3,COLO741_SKIN
CCLE-34-Paclitaxel-SKIN,6,4,G361_SKIN
CCLE-34-Paclitaxel-SKIN,6,5,HS936T_SKIN
CCLE-34-Paclitaxel-SKIN,6,6,HS944T_SKIN
CCLE-34-Paclitaxel-SKIN,6,7,HT144_SKIN
CCLE-34-Paclitaxel-SKIN,6,8,K029AX_SKIN
CCLE-34-Paclitaxel-SKIN,6,9,LOXIMVI_SKIN
CCLE-34-Paclitaxel-SKIN,6,10,MALME3M_SKIN
CCLE-34-Paclitaxel-SKIN,6,11,MELHO_SKIN
CCLE-34-Paclitaxel-SKIN,6,12,MEWO_SKIN
CCLE-34-Paclitaxel-SKIN,6,13,RPMI7951_SKIN
CCLE-34-Paclitaxel-SKIN,6,14,RVH421_SKIN
CCLE-34-Paclitaxel-SKIN,6,15,SKMEL2_SKIN
CCLE-34-Paclitaxel-SKIN,6,16,SKMEL31_SKIN
CCLE-34-Paclitaxel-SKIN,6,17,UACC257_SKIN
CCLE-34-Paclitaxel-SKIN,6,18,WM88_SKIN
CCLE-34-Paclitaxel-SKIN,7,1,A2058_SKIN
CCLE-34-Paclitaxel-SKIN,7,2,A375_SKIN
CCLE-34-Paclitaxel-SKIN,7,3,COLO679_SKIN
CCLE-34-Paclitaxel-SKIN,7,4,COLO741_SKIN
CCLE-34-Paclitaxel-SKIN,7,5,G361_SKIN
CCLE-34-Paclitaxel-SKIN,7,6,HS695T_SKIN
CCLE-34-Paclitaxel-SKIN,7,7,HS895T_SKIN
CCLE-34-Paclitaxel-SKIN,7,8,HS936T_SKIN
CCLE-34-Paclitaxel-SKIN,7,9,HT144_SKIN
CCLE-34-Paclitaxel-SKIN,7,10,K029AX_SKIN
CCLE-34-Paclitaxel-SKIN,7,11,MALME3M_SKIN
CCLE-34-Paclitaxel-SKIN,7,12,RPMI7951_SKIN
CCLE-34-Paclitaxel-SKIN,7,13,SKMEL24_SKIN
CCLE-34-Paclitaxel-SKIN,7,14,SKMEL2_SKIN
CCLE-34-Paclitaxel-SKIN,7,15,SKMEL31_SKIN
CCLE-34-Paclitaxel-SKIN,7,16,UACC257_SKIN
CCLE-34-Paclitaxel-SKIN,7,17,WM793_SKIN
CCLE-34-Paclitaxel-SKIN,7,18,WM88_SKIN
CCLE-34-Paclitaxel-SKIN,8,1,A2058_SKIN
CCLE-34-Paclitaxel-SKIN,8,2,G361_SKIN
CCLE-34-Paclitaxel-SKIN,8,3,HS695T_SKIN
CCLE-34-Paclitaxel-SKIN,8,4,HS852T_SKIN
CCLE-34-Paclitaxel-SKIN,8,5,HS895T_SKIN
CCLE-34-Paclitaxel-SKIN,8,6,HS936T_SKIN
CCLE-34-Paclitaxel-SKIN,8,7,IPC298_SKIN
CCLE-34-Paclitaxel-SKIN,8,8,K029AX_SKIN
CCLE-34-Paclitaxel-SKIN,8,9,LOXIMVI_SKIN
CCLE-34-Paclitaxel-SKIN,8,10,MALME3M_SKIN
CCLE-34-Paclitaxel-SKIN,8,11,MELHO_SKIN
CCLE-34-Paclitaxel-SKIN,8,12,MEWO_SKIN
CCLE-34-Paclitaxel-SKIN,8,13,RPMI7951_SKIN
CCLE-34-Paclitaxel-SKIN,8,14,SKMEL5_SKIN
CCLE-34-Paclitaxel-SKIN,8,15,UACC257_SKIN
CCLE-34-Paclitaxel-SKIN,8,16,UACC62_SKIN
CCLE-34-Paclitaxel-SKIN,8,17,WM88_SKIN
CCLE-34-Paclitaxel-SKIN,8,18,WM983B_SKIN
CCLE-34-Paclitaxel-SKIN,9,1,COLO679_SKIN
CCLE-34-Paclitaxel-SKIN,9,2,COLO741_SKIN
CCLE-34-Paclitaxel-SKIN,9,3,HS695T_SKIN
CCLE-34-Paclitaxel-SKIN,9,4,HS852T_SKIN
CCLE-34-Paclitaxel-SKIN,9,5,HS895T_SKIN
CCLE-34-Paclitaxel-SKIN,9,6,HS936T_SKIN
CCLE-34-Paclitaxel-SKIN,9,7,HS944T_SKIN
CCLE-34-Paclitaxel-SKIN,9,8,K029AX_SKIN
CCLE-34-Paclitaxel-SKIN,9,9,LOXIMVI_SKIN
CCLE-34-Paclitaxel-SKIN,9,10,MALME3M_SKIN
CCLE-34-Paclitaxel-SKIN,9,11,MELHO_SKIN
CCLE-34-Paclitaxel-SKIN,9,12,RPMI7951_SKIN
CCLE-34-Paclitaxel-SKIN,9,13,RVH421_SKIN
CCLE-34-Paclitaxel-SKIN,9,14,SKMEL30_SKIN
CCLE-34-Paclitaxel-SKIN,9,15,UACC257_SKIN
CCLE-34-Paclitaxel-SKIN,9,16,UACC62_SKIN
CCLE-34-Paclitaxel-SKIN,9,17,WM1799_SKIN
CCLE-34-Paclitaxel-SKIN,9,18,WM88_SKIN
CCLE-34-Paclitaxel-SKIN,10,1,A2058_SKIN
CCLE-34-Paclitaxel-SKIN,10,2,A375_SKIN
CCLE-34-Paclitaxel-SKIN,10,3,C32_SKIN
CCLE-34-Paclitaxel-SKIN,10,4,G361_SKIN
CCLE-34-Paclitaxel-SKIN,10,5,HS695T_SKIN
CCLE-34-Paclitaxel-SKIN,10,6,HS944T_SKIN
CCLE-34-Paclitaxel-SKIN,10,7,IPC298_SKIN
CCLE-34-Paclitaxel-SKIN,10,8,K029AX_SKIN
CCLE-34-Paclitaxel-SKIN,10,9,LOXIMVI_SKIN
CCLE-34-Paclitaxel-SKIN,10,10,MELHO_SKIN
CCLE-34-Paclitaxel-SKIN,10,11,RPMI7951_SKIN
CCLE-34-Paclitaxel-SKIN,10,12,SKMEL30_SKIN
CCLE-34-Paclitaxel-SKIN,10,13,SKMEL31_SKIN
CCLE-34-Paclitaxel-SKIN,10,14,SKMEL5_SKIN
CCLE-34-Paclitaxel-SKIN,10,15,UACC257_SKIN
CCLE-34-Paclitaxel-SKIN,10,16,UACC62_SKIN
CCLE-34-Paclitaxel-SKIN,10,17,WM793_SKIN
CCLE-34-Paclitaxel-SKIN,10,18,WM88_SKIN
CCLE-34-Paclitaxel-SKIN,11,1,A2058_SKIN
CCLE-34-Paclitaxel-SKIN,11,2,COLO741_SKIN
CCLE-34-Paclitaxel-SKIN,11,3,G361_SKIN
CCLE-34-Paclitaxel-SKIN,11,4,HS695T_SKIN
CCLE-34-Paclitaxel-SKIN,11,5,HS852T_SKIN
CCLE-34-Paclitaxel-SKIN,11,6,HS895T_SKIN
CCLE-34-Paclitaxel-SKIN,11,7,HS939T_SKIN
CCLE-34-Paclitaxel-SKIN,11,8,K029AX_SKIN
CCLE-34-Paclitaxel-SKIN,11,9,LOXIMVI_SKIN
CCLE-34-Paclitaxel-SKIN,11,10,MALME3M_SKIN
CCLE-34-Paclitaxel-SKIN,11,11,MDAMB435S_SKIN
CCLE-34-Paclitaxel-SKIN,11,12,MEWO_SKIN
CCLE-34-Paclitaxel-SKIN,11,13,RPMI7951_SKIN
CCLE-34-Paclitaxel-SKIN,11,14,SKMEL24_SKIN
CCLE-34-Paclitaxel-SKIN,11,15,SKMEL2_SKIN
CCLE-34-Paclitaxel-SKIN,11,16,SKMEL31_SKIN
CCLE-34-Paclitaxel-SKIN,11,17,SKMEL5_SKIN
CCLE-34-Paclitaxel-SKIN,11,18,UACC62_SKIN
CCLE-34-Paclitaxel-SKIN,12,1,A2058_SKIN
CCLE-34-Paclitaxel-SKIN,12,2,G361_SKIN
CCLE-34-Paclitaxel-SKIN,12,3,HS852T_SKIN
CCLE-34-Paclitaxel-SKIN,12,4,HS895T_SKIN
CCLE-34-Paclitaxel-SKIN,12,5,HS939T_SKIN
CCLE-34-Paclitaxel-SKIN,12,6,IPC298_SKIN
CCLE-34-Paclitaxel-SKIN,12,7,K029AX_SKIN
CCLE-34-Paclitaxel-SKIN,12,8,MALME3M_SKIN
CCLE-34-Paclitaxel-SKIN,12,9,MELHO_SKIN
CCLE-34-Paclitaxel-SKIN,12,10,MEWO_SKIN
CCLE-34-Paclitaxel-SKIN,12,11,RPMI7951_SKIN
CCLE-34-Paclitaxel-SKIN,12,12,SKMEL24_SKIN
CCLE-34-Paclitaxel-SKIN,12,13,SKMEL2_SKIN
CCLE-34-Paclitaxel-SKIN,12,14,SKMEL30_SKIN
CCLE-34-Paclitaxel-SKIN,12,15,UACC62_SKIN
CCLE-34-Paclitaxel-SKIN,12,16,WM1799_SKIN
CCLE-34-Paclitaxel-SKIN,12,17,WM88_SKIN
CCLE-34-Paclitaxel-SKIN,12,18,WM983B_SKIN
CCLE-34-Paclitaxel-SKIN,13,1,A2058_SKIN
CCLE-34-Paclitaxel-SKIN,13,2,A375_SKIN
CCLE-34-Paclitaxel-SKIN,13,3,C32_SKIN
CCLE-34-Paclitaxel-SKIN,13,4,COLO679_SKIN
CCLE-34-Paclitaxel-SKIN,13,5,G361_SKIN
CCLE-34-Paclitaxel-SKIN,13,6,HS852T_SKIN
CCLE-34-Paclitaxel-SKIN,13,7,HT144_SKIN
CCLE-34-Paclitaxel-SKIN,13,8,MALME3M_SKIN
CCLE-34-Paclitaxel-SKIN,13,9,MELHO_SKIN
CCLE-34-Paclitaxel-SKIN,13,10,MEWO_SKIN
CCLE-34-Paclitaxel-SKIN,13,11,RPMI7951_SKIN
CCLE-34-Paclitaxel-SKIN,13,12,RVH421_SKIN
CCLE-34-Paclitaxel-SKIN,13,13,SKMEL24_SKIN
CCLE-34-Paclitaxel-SKIN,13,14,SKMEL30_SKIN
CCLE-34-Paclitaxel-SKIN,13,15,SKMEL31_SKIN
CCLE-34-Paclitaxel-SKIN,13,16,SKMEL5_SKIN
CCLE-34-Paclitaxel-SKIN,13,17,UACC62_SKIN
CCLE-34-Paclitaxel-SKIN,13,18,WM793_SKIN
CCLE-34-Paclitaxel-SKIN,14,1,A2058_SKIN
CCLE-34-Paclitaxel-SKIN,14,2,A375_SKIN
CCLE-34-Paclitaxel-SKIN,14,3,C32_SKIN
CCLE-34-Paclitaxel-SKIN,14,4,COLO679_SKIN
CCLE-34-Paclitaxel-SKIN,14,5,COLO741_SKIN
CCLE-34-Paclitaxel-SKIN,14,6,HS852T_SKIN
CCLE-34-Paclitaxel-SKIN,14,7,HS939T_SKIN
CCLE-34-Paclitaxel-SKIN,14,8,IPC298_SKIN
CCLE-34-Paclitaxel-SKIN,14,9,LOXIMVI_SKIN
CCLE-34-Paclitaxel-SKIN,14,10,MALME3M_SKIN
CCLE-34-Paclitaxel-SKIN,14,11,MELHO_SKIN
CCLE-34-Paclitaxel-SKIN,14,12,RPMI7951_SKIN
CCLE-34-Paclitaxel-SKIN,14,13,RVH421_SKIN
CCLE-34-Paclitaxel-SKIN,14,14,SKMEL31_SKIN
CCLE-34-Paclitaxel-SKIN,14,15,UACC257_SKIN
CCLE-34-Paclitaxel-SKIN,14,16,WM1799_SKIN
CCLE-34-Paclitaxel-SKIN,14,17,WM793_SKIN
CCLE-34-Paclitaxel-SKIN,14,18,WM88_SKIN
CCLE-34-Paclitaxel-SKIN,15,1,C32_SKIN
CCLE-34-Paclitaxel-SKIN,15,2,COLO741_SKIN
CCLE-34-Paclitaxel-SKIN,15,3,G361_SKIN
CCLE-34-Paclitaxel-SKIN,15,4,HS852T_SKIN
CCLE-34-Paclitaxel-SKIN,15,5,HS895T_SKIN
CCLE-34-Paclitaxel-SKIN,15,6,HS936T_SKIN
CCLE-34-Paclitaxel-SKIN,15,7,HT144_SKIN
CCLE-34-Paclitaxel-SKIN,15,8,MALME3M_SKIN
CCLE-34-Paclitaxel-SKIN,15,9,MDAMB435S_SKIN
CCLE-34-Paclitaxel-SKIN,15,10,MELHO_SKIN
CCLE-34-Paclitaxel-SKIN,15,11,RVH421_SKIN
CCLE-34-Paclitaxel-SKIN,15,12,SKMEL24_SKIN
CCLE-34-Paclitaxel-SKIN,15,13,SKMEL30_SKIN
CCLE-34-Paclitaxel-SKIN,15,14,SKMEL31_SKIN
CCLE-34-Paclitaxel-SKIN,15,15,SKMEL5_SKIN
CCLE-34-Paclitaxel-SKIN,15,16,UACC257_SKIN
CCLE-34-Paclitaxel-SKIN,15,17,WM1799_SKIN
CCLE-34-Paclitaxel-SKIN,15,18,WM983B_SKIN
CCLE-34-Paclitaxel-SKIN,16,1,A2058_SKIN
CCLE-34-Paclitaxel-SKIN,16,2,COLO679_SKIN
CCLE-34-Paclitaxel-SKIN,16,3,COLO741_SKIN
CCLE-34-Paclitaxel-SKIN,16,4,G361_SKIN
CCLE-34-Paclitaxel-SKIN,16,5,HS944T_SKIN
CCLE-34-Paclitaxel-SKIN,16,6,IPC298_SKIN
CCLE-34-Paclitaxel-SKIN,16,7,LOXIMVI_SKIN
CCLE-34-Paclitaxel-SKIN,16,8,MELHO_SKIN
CCLE-34-Paclitaxel-SKIN,16,9,RPMI7951_SKIN
CCLE-34-Paclitaxel-SKIN,16,10,RVH421_SKIN
CCLE-34-Paclitaxel-SKIN,16,11,SKMEL24_SKIN
CCLE-34-Paclitaxel-SKIN,16,12,SKMEL2_SKIN
CCLE-34-Paclitaxel-SKIN,16,13,SKMEL30_SKIN
CCLE-34-Paclitaxel-SKIN,16,14,UACC257_SKIN
CCLE-34-Paclitaxel-SKIN,16,15,UACC62_SKIN
CCLE-34-Paclitaxel-SKIN,16,16,WM1799_SKIN
CCLE-34-Paclitaxel-SKIN,16,17,WM793_SKIN
CCLE-34-Paclitaxel-SKIN,16,18,WM983B_SKIN
CCLE-34-Paclitaxel-SKIN,17,1,A2058_SKIN
CCLE-34-Paclitaxel-SKIN,17,2,A375_SKIN
CCLE-34-Paclitaxel-SKIN,17,3,C32_SKIN
CCLE-34-Paclitaxel-SKIN,17,4,COLO741_SKIN
CCLE-34-Paclitaxel-SKIN,17,5,G361_SKIN
CCLE-34-Paclitaxel-SKIN,17,6,HS695T_SKIN
CCLE-34-Paclitaxel-SKIN,17,7,HS939T_SKIN
CCLE-34-Paclitaxel-SKIN,17,8,HS944T_SKIN
CCLE-34-Paclitaxel-SKIN,17,9,K029AX_SKIN
CCLE-34-Paclitaxel-SKIN,17,10,MDAMB435S_SKIN
CCLE-34-Paclitaxel-SKIN,17,11,MEWO_SKIN
CCLE-34-Paclitaxel-SKIN,17,12,RPMI7951_SKIN
CCLE-34-Paclitaxel-SKIN,17,13,SKMEL5_SKIN
CCLE-34-Paclitaxel-SKIN,17,14,UACC257_SKIN
CCLE-34-Paclitaxel-SKIN,17,15,UACC62_SKIN
CCLE-34-Paclitaxel-SKIN,17,16,WM1799_SKIN
CCLE-34-Paclitaxel-SKIN,17,17,WM793_SKIN
CCLE-34-Paclitaxel-SKIN,17,18,WM983B_SKIN
CCLE-34-Paclitaxel-SKIN,18,1,A375_SKIN
CCLE-34-Paclitaxel-SKIN,18,2,C32_SKIN
CCLE-34-Paclitaxel-SKIN,18,3,COLO679_SKIN
CCLE-34-Paclitaxel-SKIN,18,4,HS695T_SKIN
CCLE-34-Paclitaxel-SKIN,18,5,HS936T_SKIN
CCLE-34-Paclitaxel-SKIN,18,6,HT144_SKIN
CCLE-34-Paclitaxel-SKIN,18,7,K029AX_SKIN
CCLE-34-Paclitaxel-SKIN,18,8,LOXIMVI_SKIN
CCLE-34-Paclitaxel-SKIN,18,9,MELHO_SKIN
CCLE-34-Paclitaxel-SKIN,18,10,MEWO_SKIN
CCLE-34-Paclitaxel-SKIN,18,11,RPMI7951_SKIN
CCLE-34-Paclitaxel-SKIN,18,12,SKMEL24_SKIN
CCLE-34-Paclitaxel-SKIN,18,13,SKMEL30_SKIN
CCLE-34-Paclitaxel-SKIN,18,14,SKMEL31_SKIN
CCLE-34-Paclitaxel-SKIN,18,15,SKMEL5_SKIN
CCLE-34-Paclitaxel-SKIN,18,16,UACC257_SKIN
CCLE-34-Paclitaxel-SKIN,18,17,UACC62_SKIN
CCLE-34-Paclitaxel-SKIN,18,18,WM88_SKIN
CCLE-34-Paclitaxel-SKIN,19,1,A2058_SKIN
CCLE-34-Paclitaxel-SKIN,19,2,G361_SKIN
CCLE-34-Paclitaxel-SKIN,19,3,HS695T_SKIN
CCLE-34-Paclitaxel-SKIN,19,4,HS936T_SKIN
CCLE-34-Paclitaxel-SKIN,19,5,HT144_SKIN
CCLE-34-Paclitaxel-SKIN,19,6,IPC298_SKIN
CCLE-34-Paclitaxel-SKIN,19,7,K029AX_SKIN
CCLE-34-Paclitaxel-SKIN,19,8,LOXIMVI_SKIN
CCLE-34-Paclitaxel-SKIN,19,9,MDAMB435S_SKIN
CCLE-34-Paclitaxel-SKIN,19,10,RPMI7951_SKIN
CCLE-34-Paclitaxel-SKIN,19,11,RVH421_SKIN
CCLE-34-Paclitaxel-SKIN,19,12,SKMEL24_SKIN
CCLE-34-Paclitaxel-SKIN,19,13,SKMEL2_SKIN
CCLE-34-Paclitaxel-SKIN,19,14,SKMEL5_SKIN
CCLE-34-Paclitaxel-SKIN,19,15,UACC62_SKIN
CCLE-34-Paclitaxel-SKIN,19,16,WM793_SKIN
CCLE-34-Paclitaxel-SKIN,19,17,WM88_SKIN
CCLE-34-Paclitaxel-SKIN,19,18,WM983B_SKIN
CCLE-34-Paclitaxel-SKIN,20,1,A2058_SKIN
CCLE-34-Paclitaxel-SKIN,20,2,A375_SKIN
CCLE-34-Paclitaxel-SKIN,20,3,COLO679_SKIN
CCLE-34-Paclitaxel-SKIN,20,4,COLO741_SKIN
CCLE-34-Paclitaxel-SKIN,20,5,G361_SKIN
CCLE-34-Paclitaxel-SKIN,20,6,HS936T_SKIN
CCLE-34-Paclitaxel-SKIN,20,7,HS944T_SKIN
CCLE-34-Paclitaxel-SKIN,20,8,IPC298_SKIN
CCLE-34-Paclitaxel-SKIN,20,9,LOXIMVI_SKIN
CCLE-34-Paclitaxel-SKIN,20,10,MALME3M_SKIN
CCLE-34-Paclitaxel-SKIN,20,11,MDAMB435S_SKIN
CCLE-34-Paclitaxel-SKIN,20,12,MEWO_SKIN
CCLE-34-Paclitaxel-SKIN,20,13,RVH421_SKIN
CCLE-34-Paclitaxel-SKIN,20,14,SKMEL2_SKIN
CCLE-34-Paclitaxel-SKIN,20,15,SKMEL31_SKIN
CCLE-34-Paclitaxel-SKIN,20,16,SKMEL5_SKIN
CCLE-34-Paclitaxel-SKIN,20,17,UACC257_SKIN
CCLE-34-Paclitaxel-SKIN,20,18,UACC62_SKIN
CCLE-34-Paclitaxel-SKIN,21,1,A375_SKIN
CCLE-34-Paclitaxel-SKIN,21,2,G361_SKIN
CCLE-34-Paclitaxel-SKIN,21,3,HS695T_SKIN
CCLE-34-Paclitaxel-SKIN,21,4,HS895T_SKIN
CCLE-34-Paclitaxel-SKIN,21,5,HS936T_SKIN
CCLE-34-Paclitaxel-SKIN,21,6,IPC298_SKIN
CCLE-34-Paclitaxel-SKIN,21,7,K029AX_SKIN
CCLE-34-Paclitaxel-SKIN,21,8,MALME3M_SKIN
CCLE-34-Paclitaxel-SKIN,21,9,MDAMB435S_SKIN
CCLE-34-Paclitaxel-SKIN,21,10,MEWO_SKIN
CCLE-34-Paclitaxel-SKIN,21,11,RPMI7951_SKIN
CCLE-34-Paclitaxel-SKIN,21,12,RVH421_SKIN
CCLE-34-Paclitaxel-SKIN,21,13,SKMEL2_SKIN
CCLE-34-Paclitaxel-SKIN,21,14,SKMEL31_SKIN
CCLE-34-Paclitaxel-SKIN,21,15,SKMEL5_SKIN
CCLE-34-Paclitaxel-SKIN,21,16,UACC257_SKIN
CCLE-34-Paclitaxel-SKIN,21,17,WM88_SKIN
CCLE-34-Paclitaxel-SKIN,21,18,WM983B_SKIN
CCLE-34-Paclitaxel-SKIN,22,1,A2058_SKIN
CCLE-34-Paclitaxel-SKIN,22,2,COLO741_SKIN
CCLE-34-Paclitaxel-SKIN,22,3,G361_SKIN
CCLE-34-Paclitaxel-SKIN,22,4,HS852T_SKIN
CCLE-34-Paclitaxel-SKIN,22,5,HS895T_SKIN
CCLE-34-Paclitaxel-SKIN,22,6,HS936T_SKIN
CCLE-34-Paclitaxel-SKIN,22,7,IPC298_SKIN
CCLE-34-Paclitaxel-SKIN,22,8,K029AX_SKIN
CCLE-34-Paclitaxel-SKIN,22,9,MALME3M_SKIN
CCLE-34-Paclitaxel-SKIN,22,10,MDAMB435S_SKIN
CCLE-34-Paclitaxel-SKIN,22,11,SKMEL30_SKIN
CCLE-34-Paclitaxel-SKIN,22,12,SKMEL31_SKIN
CCLE-34-Paclitaxel-SKIN,22,13,UACC257_SKIN
CCLE-34-Paclitaxel-SKIN,22,14,UACC62_SKIN
CCLE-34-Paclitaxel-SKIN,22,15,WM1799_SKIN
CCLE-34-Paclitaxel-SKIN,22,16,WM793_SKIN
CCLE-34-Paclitaxel-SKIN,22,17,WM88_SKIN
CCLE-34-Paclitaxel-SKIN,22,18,WM983B_SKIN
CCLE-34-Paclitaxel-SKIN,23,1,A2058_SKIN
CCLE-34-Paclitaxel-SKIN,23,2,A375_SKIN
CCLE-34-Paclitaxel-SKIN,23,3,C32_SKIN
CCLE-34-Paclitaxel-SKIN,23,4,HS852T_SKIN
CCLE-34-Paclitaxel-SKIN,23,5,HS895T_SKIN
CCLE-34-Paclitaxel-SKIN,23,6,HS939T_SKIN
CCLE-34-Paclitaxel-SKIN,23,7,HT144_SKIN
CCLE-34-Paclitaxel-SKIN,23,8,K029AX_SKIN
CCLE-34-Paclitaxel-SKIN,23,9,MALME3M_SKIN
CCLE-34-Paclitaxel-SKIN,23,10,MEWO_SKIN
CCLE-34-Paclitaxel-SKIN,23,11,RPMI7951_SKIN
CCLE-34-Paclitaxel-SKIN,23,12,RVH421_SKIN
CCLE-34-Paclitaxel-SKIN,23,13,SKMEL30_SKIN
CCLE-34-Paclitaxel-SKIN,23,14,SKMEL5_SKIN
CCLE-34-Paclitaxel-SKIN,23,15,UACC62_SKIN
CCLE-34-Paclitaxel-SKIN,23,16,WM1799_SKIN
CCLE-34-Paclitaxel-SKIN,23,17,WM88_SKIN
CCLE-34-Paclitaxel-SKIN,23,18,WM983B_SKIN
CCLE-34-Paclitaxel-SKIN,24,1,A2058_SKIN
CCLE-34-Paclitaxel-SKIN,24,2,C32_SKIN
CCLE-34-Paclitaxel-SKIN,24,3,COLO679_SKIN
CCLE-34-Paclitaxel-SKIN,24,4,COLO741_SKIN
CCLE-34-Paclitaxel-SKIN,24,5,G361_SKIN
CCLE-34-Paclitaxel-SKIN,24,6,HS695T_SKIN
CCLE-34-Paclitaxel-SKIN,24,7,HS852T_SKIN
CCLE-34-Paclitaxel-SKIN,24,8,HS895T_SKIN
CCLE-34-Paclitaxel-SKIN,24,9,HS936T_SKIN
CCLE-34-Paclitaxel-SKIN,24,10,HS944T_SKIN
CCLE-34-Paclitaxel-SKIN,24,11,IPC298_SKIN
CCLE-34-Paclitaxel-SKIN,24,12,MALME3M_SKIN
CCLE-34-Paclitaxel-SKIN,24,13,MELHO_SKIN
CCLE-34-Paclitaxel-SKIN,24,14,MEWO_SKIN
CCLE-34-Paclitaxel-SKIN,24,15,RVH421_SKIN
CCLE-34-Paclitaxel-SKIN,24,16,SKMEL31_SKIN
CCLE-34-Paclitaxel-SKIN,24,17,UACC257_SKIN
CCLE-34-Paclitaxel-SKIN,24,18,WM983B_SKIN
CCLE-34-Paclitaxel-SKIN,25,1,A375_SKIN
CCLE-34-Paclitaxel-SKIN,25,2,G361_SKIN
CCLE-34-Paclitaxel-SKIN,25,3,HS695T_SKIN
CCLE-34-Paclitaxel-SKIN,25,4,HS852T_SKIN
CCLE-34-Paclitaxel-SKIN,25,5,HS895T_SKIN
CCLE-34-Paclitaxel-SKIN,25,6,HS936T_SKIN
CCLE-34-Paclitaxel-SKIN,25,7,HS944T_SKIN
CCLE-34-Paclitaxel-SKIN,25,8,HT144_SKIN
CCLE-34-Paclitaxel-SKIN,25,9,K029AX_SKIN
CCLE-34-Paclitaxel-SKIN,25,10,MALME3M_SKIN
CCLE-34-Paclitaxel-SKIN,25,11,RPMI7951_SKIN
CCLE-34-Paclitaxel-SKIN,25,12,SKMEL24_SKIN
CCLE-34-Paclitaxel-SKIN,25,13,SKMEL2_SKIN
CCLE-34-Paclitaxel-SKIN,25,14,SKMEL30_SKIN
CCLE-34-Paclitaxel-SKIN,25,15,SKMEL5_SKIN
CCLE-34-Paclitaxel-SKIN,25,16,UACC257_SKIN
CCLE-34-Paclitaxel-SKIN,25,17,UACC62_SKIN
CCLE-34-Paclitaxel-SKIN,25,18,WM983B_SKIN
CCLE-34-Paclitaxel-SKIN,26,1,A2058_SKIN
CCLE-34-Paclitaxel-SKIN,26,2,C32_SKIN
CCLE-34-Paclitaxel-SKIN,26,3,COLO679_SKIN
CCLE-34-Paclitaxel-SKIN,26,4,COLO741_SKIN
CCLE-34-Paclitaxel-SKIN,26,5,G361_SKIN
CCLE-34-Paclitaxel-SKIN,26,6,HS852T_SKIN
CCLE-34-Paclitaxel-SKIN,26,7,HS895T_SKIN
CCLE-34-Paclitaxel-SKIN,26,8,HS936T_SKIN
CCLE-34-Paclitaxel-SKIN,26,9,HS944T_SKIN
CCLE-34-Paclitaxel-SKIN,26,10,HT144_SKIN
CCLE-34-Paclitaxel-SKIN,26,11,MDAMB435S_SKIN
CCLE-34-Paclitaxel-SKIN,26,12,MELHO_SKIN
CCLE-34-Paclitaxel-SKIN,26,13,RVH421_SKIN
CCLE-34-Paclitaxel-SKIN,26,14,SKMEL30_SKIN
CCLE-34-Paclitaxel-SKIN,26,15,SKMEL31_SKIN
CCLE-34-Paclitaxel-SKIN,26,16,WM1799_SKIN
CCLE-34-Paclitaxel-SKIN,26,17,WM793_SKIN
CCLE-34-Paclitaxel-SKIN,26,18,WM983B_SKIN
CCLE-34-Paclitaxel-SKIN,27,1,COLO679_SKIN
CCLE-34-Paclitaxel-SKIN,27,2,COLO741_SKIN
CCLE-34-Paclitaxel-SKIN,27,3,HS695T_SKIN
CCLE-34-Paclitaxel-SKIN,27,4,HS852T_SKIN
CCLE-34-Paclitaxel-SKIN,27,5,HS895T_SKIN
CCLE-34-Paclitaxel-SKIN,27,6,HS939T_SKIN
CCLE-34-Paclitaxel-SKIN,27,7,HS944T_SKIN
CCLE-34-Paclitaxel-SKIN,27,8,HT144_SKIN
CCLE-34-Paclitaxel-SKIN,27,9,K029AX_SKIN
CCLE-34-Paclitaxel-SKIN,27,10,MALME3M_SKIN
CCLE-34-Paclitaxel-SKIN,27,11,MELHO_SKIN
CCLE-34-Paclitaxel-SKIN,27,12,MEWO_SKIN
CCLE-34-Paclitaxel-SKIN,27,13,RVH421_SKIN
CCLE-34-Paclitaxel-SKIN,27,14,SKMEL24_SKIN
CCLE-34-Paclitaxel-SKIN,27,15,SKMEL30_SKIN
CCLE-34-Paclitaxel-SKIN,27,16,UACC257_SKIN
CCLE-34-Paclitaxel-SKIN,27,17,UACC62_SKIN
CCLE-34-Paclitaxel-SKIN,27,18,WM88_SKIN
CCLE-34-Paclitaxel-SKIN,28,1,A2058_SKIN
CCLE-34-Paclitaxel-SKIN,28,2,A375_SKIN
CCLE-34-Paclitaxel-SKIN,28,3,C32_SKIN
CCLE-34-Paclitaxel-SKIN,28,4,HS852T_SKIN
CCLE-34-Paclitaxel-SKIN,28,5,HS895T_SKIN
CCLE-34-Paclitaxel-SKIN,28,6,HS936T_SKIN
CCLE-34-Paclitaxel-SKIN,28,7,HS939T_SKIN
CCLE-34-Paclitaxel-SKIN,28,8,HS944T_SKIN
CCLE-34-Paclitaxel-SKIN,28,9,HT144_SKIN
CCLE-34-Paclitaxel-SKIN,28,10,IPC298_SKIN
CCLE-34-Paclitaxel-SKIN,28,11,MDAMB435S_SKIN
CCLE-34-Paclitaxel-SKIN,28,12,SKMEL24_SKIN
CCLE-34-Paclitaxel-SKIN,28,13,SKMEL30_SKIN
CCLE-34-Paclitaxel-SKIN,28,14,SKMEL31_SKIN
CCLE-34-Paclitaxel-SKIN,28,15,SKMEL5_SKIN
CCLE-34-Paclitaxel-SKIN,28,16,WM793_SKIN
CCLE-34-Paclitaxel-SKIN,28,17,WM88_SKIN
CCLE-34-Paclitaxel-SKIN,28,18,WM983B_SKIN
CCLE-34-Paclitaxel-SKIN,29,1,A375_SKIN
CCLE-34-Paclitaxel-SKIN,29,2,COLO679_SKIN
CCLE-34-Paclitaxel-SKIN,29,3,HS936T_SKIN
CCLE-34-Paclitaxel-SKIN,29,4,K029AX_SKIN
CCLE-34-Paclitaxel-SKIN,29,5,LOXIMVI_SKIN
CCLE-34-Paclitaxel-SKIN,29,6,MALME3M_SKIN
CCLE-34-Paclitaxel-SKIN,29,7,MDAMB435S_SKIN
CCLE-34-Paclitaxel-SKIN,29,8,MEWO_SKIN
CCLE-34-Paclitaxel-SKIN,29,9,RPMI7951_SKIN
CCLE-34-Paclitaxel-SKIN,29,10,RVH421_SKIN
CCLE-34-Paclitaxel-SKIN,29,11,SKMEL24_SKIN
CCLE-34-Paclitaxel-SKIN,29,12,SKMEL30_SKIN
CCLE-34-Paclitaxel-SKIN,29,13,SKMEL31_SKIN
CCLE-34-Paclitaxel-SKIN,29,14,SKMEL5_SKIN
CCLE-34-Paclitaxel-SKIN,29,15,UACC62_SKIN
CCLE-34-Paclitaxel-SKIN,29,16,WM1799_SKIN
CCLE-34-Paclitaxel-SKIN,29,17,WM793_SKIN
CCLE-34-Paclitaxel-SKIN,29,18,WM88_SKIN
CCLE-34-Paclitaxel-SKIN,30,1,C32_SKIN
CCLE-34-Paclitaxel-SKIN,30,2,COLO679_SKIN
CCLE-34-Paclitaxel-SKIN,30,3,HS852T_SKIN
CCLE-34-Paclitaxel-SKIN,30,4,HS895T_SKIN
CCLE-34-Paclitaxel-SKIN,30,5,HS939T_SKIN
CCLE-34-Paclitaxel-SKIN,30,6,HT144_SKIN
CCLE-34-Paclitaxel-SKIN,30,7,MALME3M_SKIN
CCLE-34-Paclitaxel-SKIN,30,8,MELHO_SKIN
CCLE-34-Paclitaxel-SKIN,30,9,MEWO_SKIN
CCLE-34-Paclitaxel-SKIN,30,10,RPMI7951_SKIN
CCLE-34-Paclitaxel-SKIN,30,11,RVH421_SKIN
CCLE-34-Paclitaxel-SKIN,30,12,SKMEL24_SKIN
CCLE-34-Paclitaxel-SKIN,30,13,SKMEL5_SKIN
CCLE-34-Paclitaxel-SKIN,30,14,UACC257_SKIN
CCLE-34-Paclitaxel-SKIN,30,15,UACC62_SKIN
CCLE-34-Paclitaxel-SKIN,30,16,WM1799_SKIN
CCLE-34-Paclitaxel-SKIN,30,17,WM88_SKIN
CCLE-34-Paclitaxel-SKIN,30,18,WM983B_SKIN
CCLE-34-Paclitaxel-SKIN,31,1,A2058_SKIN
CCLE-34-Paclitaxel-SKIN,31,2,A375_SKIN
CCLE-34-Paclitaxel-SKIN,31,3,HS695T_SKIN
CCLE-34-Paclitaxel-SKIN,31,4,HS895T_SKIN
CCLE-34-Paclitaxel-SKIN,31,5,HS936T_SKIN
CCLE-34-Paclitaxel-SKIN,31,6,HS939T_SKIN
CCLE-34-Paclitaxel-SKIN,31,7,HT144_SKIN
CCLE-34-Paclitaxel-SKIN,31,8,IPC298_SKIN
CCLE-34-Paclitaxel-SKIN,31,9,K029AX_SKIN
CCLE-34-Paclitaxel-SKIN,31,10,LOXIMVI_SKIN
CCLE-34-Paclitaxel-SKIN,31,11,MALME3M_SKIN
CCLE-34-Paclitaxel-SKIN,31,12,MELHO_SKIN
CCLE-34-Paclitaxel-SKIN,31,13,SKMEL2_SKIN
CCLE-34-Paclitaxel-SKIN,31,14,SKMEL30_SKIN
CCLE-34-Paclitaxel-SKIN,31,15,SKMEL5_SKIN
CCLE-34-Paclitaxel-SKIN,31,16,UACC257_SKIN
CCLE-34-Paclitaxel-SKIN,31,17,WM793_SKIN
CCLE-34-Paclitaxel-SKIN,31,18,WM983B_SKIN
CCLE-34-Paclitaxel-SKIN,32,1,A2058_SKIN
CCLE-34-Paclitaxel-SKIN,32,2,A375_SKIN
CCLE-34-Paclitaxel-SKIN,32,3,COLO741_SKIN
CCLE-34-Paclitaxel-SKIN,32,4,G361_SKIN
CCLE-34-Paclitaxel-SKIN,32,5,HS695T_SKIN
CCLE-34-Paclitaxel-SKIN,32,6,HS852T_SKIN
CCLE-34-Paclitaxel-SKIN,32,7,HS936T_SKIN
CCLE-34-Paclitaxel-SKIN,32,8,HS939T_SKIN
CCLE-34-Paclitaxel-SKIN,32,9,HS944T_SKIN
CCLE-34-Paclitaxel-SKIN,32,10,IPC298_SKIN
CCLE-34-Paclitaxel-SKIN,32,11,MDAMB435S_SKIN
CCLE-34-Paclitaxel-SKIN,32,12,MELHO_SKIN
CCLE-34-Paclitaxel-SKIN,32,13,RPMI7951_SKIN
CCLE-34-Paclitaxel-SKIN,32,14,RVH421_SKIN
CCLE-34-Paclitaxel-SKIN,32,15,SKMEL2_SKIN
CCLE-34-Paclitaxel-SKIN,32,16,SKMEL30_SKIN
CCLE-34-Paclitaxel-SKIN,32,17,UACC257_SKIN
CCLE-34-Paclitaxel-SKIN,32,18,WM1799_SKIN
CCLE-34-Paclitaxel-SKIN,33,1,A375_SKIN
CCLE-34-Paclitaxel-SKIN,33,2,COLO679_SKIN
CCLE-34-Paclitaxel-SKIN,33,3,G361_SKIN
CCLE-34-Paclitaxel-SKIN,33,4,HS852T_SKIN
CCLE-34-Paclitaxel-SKIN,33,5,HS895T_SKIN
CCLE-34-Paclitaxel-SKIN,33,6,HS936T_SKIN
CCLE-34-Paclitaxel-SKIN,33,7,HS944T_SKIN
CCLE-34-Paclitaxel-SKIN,33,8,IPC298_SKIN
CCLE-34-Paclitaxel-SKIN,33,9,K029AX_SKIN
CCLE-34-Paclitaxel-SKIN,33,10,MALME3M_SKIN
CCLE-34-Paclitaxel-SKIN,33,11,MEWO_SKIN
CCLE-34-Paclitaxel-SKIN,33,12,RPMI7951_SKIN
CCLE-34-Paclitaxel-SKIN,33,13,RVH421_SKIN
CCLE-34-Paclitaxel-SKIN,33,14,SKMEL24_SKIN
CCLE-34-Paclitaxel-SKIN,33,15,SKMEL5_SKIN
CCLE-34-Paclitaxel-SKIN,33,16,WM1799_SKIN
CCLE-34-Paclitaxel-SKIN,33,17,WM793_SKIN
CCLE-34-Paclitaxel-SKIN,33,18,WM88_SKIN
CCLE-34-Paclitaxel-SKIN,34,1,A2058_SKIN
CCLE-34-Paclitaxel-SKIN,34,2,C32_SKIN
CCLE-34-Paclitaxel-SKIN,34,3,COLO679_SKIN
CCLE-34-Paclitaxel-SKIN,34,4,G361_SKIN
CCLE-34-Paclitaxel-SKIN,34,5,HS895T_SKIN
CCLE-34-Paclitaxel-SKIN,34,6,HS939T_SKIN
CCLE-34-Paclitaxel-SKIN,34,7,HS944T_SKIN
CCLE-34-Paclitaxel-SKIN,34,8,HT144_SKIN
CCLE-34-Paclitaxel-SKIN,34,9,IPC298_SKIN
CCLE-34-Paclitaxel-SKIN,34,10,MALME3M_SKIN
CCLE-34-Paclitaxel-SKIN,34,11,MEWO_SKIN
CCLE-34-Paclitaxel-SKIN,34,12,RPMI7951_SKIN
CCLE-34-Paclitaxel-SKIN,34,13,SKMEL2_SKIN
CCLE-34-Paclitaxel-SKIN,34,14,SKMEL31_SKIN
CCLE-34-Paclitaxel-SKIN,34,15,UACC257_SKIN
CCLE-34-Paclitaxel-SKIN,34,16,UACC62_SKIN
CCLE-34-Paclitaxel-SKIN,34,17,WM88_SKIN
CCLE-34-Paclitaxel-SKIN,34,18,WM983B_SKIN
CCLE-34-Paclitaxel-SKIN,35,1,A375_SKIN
CCLE-34-Paclitaxel-SKIN,35,2,G361_SKIN
CCLE-34-Paclitaxel-SKIN,35,3,HS695T_SKIN
CCLE-34-Paclitaxel-SKIN,35,4,HS852T_SKIN
CCLE-34-Paclitaxel-SKIN,35,5,HS895T_SKIN
CCLE-34-Paclitaxel-SKIN,35,6,HS936T_SKIN
CCLE-34-Paclitaxel-SKIN,35,7,HS944T_SKIN
CCLE-34-Paclitaxel-SKIN,35,8,IPC298_SKIN
CCLE-34-Paclitaxel-SKIN,35,9,K029AX_SKIN
CCLE-34-Paclitaxel-SKIN,35,10,LOXIMVI_SKIN
CCLE-34-Paclitaxel-SKIN,35,11,MDAMB435S_SKIN
CCLE-34-Paclitaxel-SKIN,35,12,MELHO_SKIN
CCLE-34-Paclitaxel-SKIN,35,13,RVH421_SKIN
CCLE-34-Paclitaxel-SKIN,35,14,SKMEL30_SKIN
CCLE-34-Paclitaxel-SKIN,35,15,UACC257_SKIN
CCLE-34-Paclitaxel-SKIN,35,16,UACC62_SKIN
CCLE-34-Paclitaxel-SKIN,35,17,WM88_SKIN
CCLE-34-Paclitaxel-SKIN,35,18,WM983B_SKIN
CCLE-34-Paclitaxel-SKIN,36,1,A2058_SKIN
CCLE-34-Paclitaxel-SKIN,36,2,COLO679_SKIN
CCLE-34-Paclitaxel-SKIN,36,3,COLO741_SKIN
CCLE-34-Paclitaxel-SKIN,36,4,G361_SKIN
CCLE-34-Paclitaxel-SKIN,36,5,HS695T_SKIN
CCLE-34-Paclitaxel-SKIN,36,6,HS852T_SKIN
CCLE-34-Paclitaxel-SKIN,36,7,HS939T_SKIN
CCLE-34-Paclitaxel-SKIN,36,8,HS944T_SKIN
CCLE-34-Paclitaxel-SKIN,36,9,HT144_SKIN
CCLE-34-Paclitaxel-SKIN,36,10,K029AX_SKIN
CCLE-34-Paclitaxel-SKIN,36,11,MDAMB435S_SKIN
CCLE-34-Paclitaxel-SKIN,36,12,MELHO_SKIN
CCLE-34-Paclitaxel-SKIN,36,13,RPMI7951_SKIN
CCLE-34-Paclitaxel-SKIN,36,14,SKMEL2_SKIN
CCLE-34-Paclitaxel-SKIN,36,15,SKMEL30_SKIN
CCLE-34-Paclitaxel-SKIN,36,16,SKMEL31_SKIN
CCLE-34-Paclitaxel-SKIN,36,17,SKMEL5_SKIN
CCLE-34-Paclitaxel-SKIN,36,18,UACC62_SKIN
CCLE-34-Paclitaxel-SKIN,37,1,A2058_SKIN
CCLE-34-Paclitaxel-SKIN,37,2,C32_SKIN
CCLE-34-Paclitaxel-SKIN,37,3,COLO679_SKIN
CCLE-34-Paclitaxel-SKIN,37,4,COLO741_SKIN
CCLE-34-Paclitaxel-SKIN,37,5,G361_SKIN
CCLE-34-Paclitaxel-SKIN,37,6,HS852T_SKIN
CCLE-34-Paclitaxel-SKIN,37,7,HS895T_SKIN
CCLE-34-Paclitaxel-SKIN,37,8,HS939T_SKIN
CCLE-34-Paclitaxel-SKIN,37,9,HS944T_SKIN
CCLE-34-Paclitaxel-SKIN,37,10,HT144_SKIN
CCLE-34-Paclitaxel-SKIN,37,11,IPC298_SKIN
CCLE-34-Paclitaxel-SKIN,37,12,MALME3M_SKIN
CCLE-34-Paclitaxel-SKIN,37,13,MEWO_SKIN
CCLE-34-Paclitaxel-SKIN,37,14,RVH421_SKIN
CCLE-34-Paclitaxel-SKIN,37,15,SKMEL2_SKIN
CCLE-34-Paclitaxel-SKIN,37,16,SKMEL30_SKIN
CCLE-34-Paclitaxel-SKIN,37,17,SKMEL31_SKIN
CCLE-34-Paclitaxel-SKIN,37,18,UACC257_SKIN
CCLE-34-Paclitaxel-SKIN,38,1,A2058_SKIN
CCLE-34-Paclitaxel-SKIN,38,2,A375_SKIN
CCLE-34-Paclitaxel-SKIN,38,3,HS695T_SKIN
CCLE-34-Paclitaxel-SKIN,38,4,HS895T_SKIN
CCLE-34-Paclitaxel-SKIN,38,5,HS936T_SKIN
CCLE-34-Paclitaxel-SKIN,38,6,HS944T_SKIN
CCLE-34-Paclitaxel-SKIN,38,7,HT144_SKIN
CCLE-34-Paclitaxel-SKIN,38,8,IPC298_SKIN
CCLE-34-Paclitaxel-SKIN,38,9,K029AX_SKIN
CCLE-34-Paclitaxel-SKIN,38,10,LOXIMVI_SKIN
CCLE-34-Paclitaxel-SKIN,38,11,MDAMB435S_SKIN
CCLE-34-Paclitaxel-SKIN,38,12,RPMI7951_SKIN
CCLE-34-Paclitaxel-SKIN,38,13,RVH421_SKIN
CCLE-34-Paclitaxel-SKIN,38,14,SKMEL30_SKIN
CCLE-34-Paclitaxel-SKIN,38,15,SKMEL31_SKIN
CCLE-34-Paclitaxel-SKIN,38,16,SKMEL5_SKIN
CCLE-34-Paclitaxel-SKIN,38,17,UACC257_SKIN
CCLE-34-Paclitaxel-SKIN,38,18,WM983B_SKIN
CCLE-34-Paclitaxel-SKIN,39,1,A2058_SKIN
CCLE-34-Paclitaxel-SKIN,39,2,G361_SKIN
CCLE-34-Paclitaxel-SKIN,39,3,HS852T_SKIN
CCLE-34-Paclitaxel-SKIN,39,4,HS936T_SKIN
CCLE-34-Paclitaxel-SKIN,39,5,HS939T_SKIN
CCLE-34-Paclitaxel-SKIN,39,6,HS944T_SKIN
CCLE-34-Paclitaxel-SKIN,39,7,HT144_SKIN
CCLE-34-Paclitaxel-SKIN,39,8,LOXIMVI_SKIN
CCLE-34-Paclitaxel-SKIN,39,9,MELHO_SKIN
CCLE-34-Paclitaxel-SKIN,39,10,MEWO_SKIN
CCLE-34-Paclitaxel-SKIN,39,11,RVH421_SKIN
CCLE-34-Paclitaxel-SKIN,39,12,SKMEL24_SKIN
CCLE-34-Paclitaxel-SKIN,39,13,SKMEL30_SKIN
CCLE-34-Paclitaxel-SKIN,39,14,SKMEL5_SKIN
CCLE-34-Paclitaxel-SKIN,39,15,UACC257_SKIN
CCLE-34-Paclitaxel-SKIN,39,16,WM1799_SKIN
CCLE-34-Paclitaxel-SKIN,39,17,WM793_SKIN
CCLE-34-Paclitaxel-SKIN,39,18,WM88_SKIN
CCLE-34-Paclitaxel-SKIN,40,1,A2058_SKIN
CCLE-34-Paclitaxel-SKIN,40,2,C32_SKIN
CCLE-34-Paclitaxel-SKIN,40,3,COLO679_SKIN
CCLE-34-Paclitaxel-SKIN,40,4,HS895T_SKIN
CCLE-34-Paclitaxel-SKIN,40,5,HS936T_SKIN
CCLE-34-Paclitaxel-SKIN,40,6,HS939T_SKIN
CCLE-34-Paclitaxel-SKIN,40,7,K029AX_SKIN
CCLE-34-Paclitaxel-SKIN,40,8,LOXIMVI_SKIN
CCLE-34-Paclitaxel-SKIN,40,9,MALME3M_SKIN
CCLE-34-Paclitaxel-SKIN,40,10,MDAMB435S_SKIN
CCLE-34-Paclitaxel-SKIN,40,11,MELHO_SKIN
CCLE-34-Paclitaxel-SKIN,40,12,MEWO_SKIN
CCLE-34-Paclitaxel-SKIN,40,13,SKMEL31_SKIN
CCLE-34-Paclitaxel-SKIN,40,14,UACC257_SKIN
CCLE-34-Paclitaxel-SKIN,40,15,UACC62_SKIN
CCLE-34-Paclitaxel-SKIN,40,16,WM1799_SKIN
CCLE-34-Paclitaxel-SKIN,40,17,WM88_SKIN
CCLE-34-Paclitaxel-SKIN,40,18,WM983B_SKIN
CCLE-34-Paclitaxel-SKIN,41,1,A375_SKIN
CCLE-34-Paclitaxel-SKIN,41,2,C32_SKIN
CCLE-34-Paclitaxel-SKIN,41,3,COLO741_SKIN
CCLE-34-Paclitaxel-SKIN,41,4,G361_SKIN
CCLE-34-Paclitaxel-SKIN,41,5,HS852T_SKIN
CCLE-34-Paclitaxel-SKIN,41,6,HS939T_SKIN
CCLE-34-Paclitaxel-SKIN,41,7,HT144_SKIN
CCLE-34-Paclitaxel-SKIN,41,8,IPC298_SKIN
CCLE-34-Paclitaxel-SKIN,41,9,LOXIMVI_SKIN
CCLE-34-Paclitaxel-SKIN,41,10,MALME3M_SKIN
CCLE-34-Paclitaxel-SKIN,41,11,MELHO_SKIN
CCLE-34-Paclitaxel-SKIN,41,12,RPMI7951_SKIN
CCLE-34-Paclitaxel-SKIN,41,13,SKMEL24_SKIN
CCLE-34-Paclitaxel-SKIN,41,14,SKMEL5_SKIN
CCLE-34-Paclitaxel-SKIN,41,15,UACC257_SKIN
CCLE-34-Paclitaxel-SKIN,41,16,WM793_SKIN
CCLE-34-Paclitaxel-SKIN,41,17,WM88_SKIN
CCLE-34-Paclitaxel-SKIN,41,18,WM983B_SKIN
CCLE-34-Paclitaxel-SKIN,42,1,A375_SKIN
CCLE-34-Paclitaxel-SKIN,42,2,C32_SKIN
CCLE-34-Paclitaxel-SKIN,42,3,COLO741_SKIN
CCLE-34-Paclitaxel-SKIN,42,4,HS852T_SKIN
CCLE-34-Paclitaxel-SKIN,42,5,HS895T_SKIN
CCLE-34-Paclitaxel-SKIN,42,6,HS936T_SKIN
CCLE-34-Paclitaxel-SKIN,42,7,HS939T_SKIN
CCLE-34-Paclitaxel-SKIN,42,8,HT144_SKIN
CCLE-34-Paclitaxel-SKIN,42,9,IPC298_SKIN
CCLE-34-Paclitaxel-SKIN,42,10,LOXIMVI_SKIN
CCLE-34-Paclitaxel-SKIN,42,11,MALME3M_SKIN
CCLE-34-Paclitaxel-SKIN,42,12,MEWO_SKIN
CCLE-34-Paclitaxel-SKIN,42,13,SKMEL24_SKIN
CCLE-34-Paclitaxel-SKIN,42,14,SKMEL30_SKIN
CCLE-34-Paclitaxel-SKIN,42,15,SKMEL31_SKIN
CCLE-34-Paclitaxel-SKIN,42,16,WM793_SKIN
CCLE-34-Paclitaxel-SKIN,42,17,WM88_SKIN
CCLE-34-Paclitaxel-SKIN,42,18,WM983B_SKIN
CCLE-34-Paclitaxel-SKIN,43,1,A2058_SKIN
CCLE-34-Paclitaxel-SKIN,43,2,C32_SKIN
CCLE-34-Paclitaxel-SKIN,43,3,COLO679_SKIN
CCLE-34-Paclitaxel-SKIN,43,4,COLO741_SKIN
CCLE-34-Paclitaxel-SKIN,43,5,HS852T_SKIN
CCLE-34-Paclitaxel-SKIN,43,6,HS895T_SKIN
CCLE-34-Paclitaxel-SKIN,43,7,HS939T_SKIN
CCLE-34-Paclitaxel-SKIN,43,8,HT144_SKIN
CCLE-34-Paclitaxel-SKIN,43,9,MALME3M_SKIN
CCLE-34-Paclitaxel-SKIN,43,10,MELHO_SKIN
CCLE-34-Paclitaxel-SKIN,43,11,MEWO_SKIN
CCLE-34-Paclitaxel-SKIN,43,12,RPMI7951_SKIN
CCLE-34-Paclitaxel-SKIN,43,13,RVH421_SKIN
CCLE-34-Paclitaxel-SKIN,43,14,SKMEL5_SKIN
CCLE-34-Paclitaxel-SKIN,43,15,WM1799_SKIN
CCLE-34-Paclitaxel-SKIN,43,16,WM793_SKIN
CCLE-34-Paclitaxel-SKIN,43,17,WM88_SKIN
CCLE-34-Paclitaxel-SKIN,43,18,WM983B_SKIN
CCLE-34-Paclitaxel-SKIN,44,1,C32_SKIN
CCLE-34-Paclitaxel-SKIN,44,2,COLO741_SKIN
CCLE-34-Paclitaxel-SKIN,44,3,G361_SKIN
CCLE-34-Paclitaxel-SKIN,44,4,HS895T_SKIN
CCLE-34-Paclitaxel-SKIN,44,5,HT144_SKIN
CCLE-34-Paclitaxel-SKIN,44,6,IPC298_SKIN
CCLE-34-Paclitaxel-SKIN,44,7,K029AX_SKIN
CCLE-34-Paclitaxel-SKIN,44,8,LOXIMVI_SKIN
CCLE-34-Paclitaxel-SKIN,44,9,MALME3M_SKIN
CCLE-34-Paclitaxel-SKIN,44,10,MDAMB435S_SKIN
CCLE-34-Paclitaxel-SKIN,44,11,MELHO_SKIN
CCLE-34-Paclitaxel-SKIN,44,12,MEWO_SKIN
CCLE-34-Paclitaxel-SKIN,44,13,RPMI7951_SKIN
CCLE-34-Paclitaxel-SKIN,44,14,RVH421_SKIN
CCLE-34-Paclitaxel-SKIN,44,15,SKMEL24_SKIN
CCLE-34-Paclitaxel-SKIN,44,16,SKMEL30_SKIN
CCLE-34-Paclitaxel-SKIN,44,17,WM793_SKIN
CCLE-34-Paclitaxel-SKIN,44,18,WM983B_SKIN
CCLE-34-Paclitaxel-SKIN,45,1,A2058_SKIN
CCLE-34-Paclitaxel-SKIN,45,2,A375_SKIN
CCLE-34-Paclitaxel-SKIN,45,3,C32_SKIN
CCLE-34-Paclitaxel-SKIN,45,4,G361_SKIN
CCLE-34-Paclitaxel-SKIN,45,5,HS695T_SKIN
CCLE-34-Paclitaxel-SKIN,45,6,HS944T_SKIN
CCLE-34-Paclitaxel-SKIN,45,7,K029AX_SKIN
CCLE-34-Paclitaxel-SKIN,45,8,MALME3M_SKIN
CCLE-34-Paclitaxel-SKIN,45,9,MELHO_SKIN
CCLE-34-Paclitaxel-SKIN,45,10,RPMI7951_SKIN
CCLE-34-Paclitaxel-SKIN,45,11,RVH421_SKIN
CCLE-34-Paclitaxel-SKIN,45,12,SKMEL24_SKIN
CCLE-34-Paclitaxel-SKIN,45,13,SKMEL31_SKIN
CCLE-34-Paclitaxel-SKIN,45,14,SKMEL5_SKIN
CCLE-34-Paclitaxel-SKIN,45,15,UACC62_SKIN
CCLE-34-Paclitaxel-SKIN,45,16,WM793_SKIN
CCLE-34-Paclitaxel-SKIN,45,17,WM88_SKIN
CCLE-34-Paclitaxel-SKIN,45,18,WM983B_SKIN
CCLE-34-Paclitaxel-SKIN,46,1,A2058_SKIN
CCLE-34-Paclitaxel-SKIN,46,2,A375_SKIN
CCLE-34-Paclitaxel-SKIN,46,3,C32_SKIN
CCLE-34-Paclitaxel-SKIN,46,4,COLO679_SKIN
CCLE-34-Paclitaxel-SKIN,46,5,HS695T_SKIN
CCLE-34-Paclitaxel-SKIN,46,6,HS852T_SKIN
CCLE-34-Paclitaxel-SKIN,46,7,HS944T_SKIN
CCLE-34-Paclitaxel-SKIN,46,8,IPC298_SKIN
CCLE-34-Paclitaxel-SKIN,46,9,LOXIMVI_SKIN
CCLE-34-Paclitaxel-SKIN,46,10,MALME3M_SKIN
CCLE-34-Paclitaxel-SKIN,46,11,MDAMB435S_SKIN
CCLE-34-Paclitaxel-SKIN,46,12,RPMI7951_SKIN
CCLE-34-Paclitaxel-SKIN,46,13,SKMEL24_SKIN
CCLE-34-Paclitaxel-SKIN,46,14,SKMEL30_SKIN
CCLE-34-Paclitaxel-SKIN,46,15,UACC257_SKIN
CCLE-34-Paclitaxel-SKIN,46,16,UACC62_SKIN
CCLE-34-Paclitaxel-SKIN,46,17,WM1799_SKIN
CCLE-34-Paclitaxel-SKIN,46,18,WM983B_SKIN
CCLE-34-Paclitaxel-SKIN,47,1,A2058_SKIN
CCLE-34-Paclitaxel-SKIN,47,2,A375_SKIN
CCLE-34-Paclitaxel-SKIN,47,3,HS852T_SKIN
CCLE-34-Paclitaxel-SKIN,47,4,IPC298_SKIN
CCLE-34-Paclitaxel-SKIN,47,5,K029AX_SKIN
CCLE-34-Paclitaxel-SKIN,47,6,LOXIMVI_SKIN
CCLE-34-Paclitaxel-SKIN,47,7,MALME3M_SKIN
CCLE-34-Paclitaxel-SKIN,47,8,MDAMB435S_SKIN
CCLE-34-Paclitaxel-SKIN,47,9,MELHO_SKIN
CCLE-34-Paclitaxel-SKIN,47,10,RVH421_SKIN
CCLE-34-Paclitaxel-SKIN,47,11,SKMEL2_SKIN
CCLE-34-Paclitaxel-SKIN,47,12,SKMEL30_SKIN
CCLE-34-Paclitaxel-SKIN,47,13,SKMEL31_SKIN
CCLE-34-Paclitaxel-SKIN,47,14,SKMEL5_SKIN
CCLE-34-Paclitaxel-SKIN,47,15,UACC62_SKIN
CCLE-34-Paclitaxel-SKIN,47,16,WM1799_SKIN
CCLE-34-Paclitaxel-SKIN,47,17,WM793_SKIN
CCLE-34-Paclitaxel-SKIN,47,18,WM983B_SKIN
CCLE-34-Paclitaxel-SKIN,48,1,A2058_SKIN
CCLE-34-Paclitaxel-SKIN,48,2,COLO679_SKIN
CCLE-34-Paclitaxel-SKIN,48,3,COLO741_SKIN
CCLE-34-Paclitaxel-SKIN,48,4,HS695T_SKIN
CCLE-34-Paclitaxel-SKIN,48,5,HS852T_SKIN
CCLE-34-Paclitaxel-SKIN,48,6,HS895T_SKIN
CCLE-34-Paclitaxel-SKIN,48,7,HT144_SKIN
CCLE-34-Paclitaxel-SKIN,48,8,LOXIMVI_SKIN
CCLE-34-Paclitaxel-SKIN,48,9,MDAMB435S_SKIN
CCLE-34-Paclitaxel-SKIN,48,10,MEWO_SKIN
CCLE-34-Paclitaxel-SKIN,48,11,SKMEL24_SKIN
CCLE-34-Paclitaxel-SKIN,48,12,SKMEL2_SKIN
CCLE-34-Paclitaxel-SKIN,48,13,SKMEL30_SKIN
CCLE-34-Paclitaxel-SKIN,48,14,SKMEL31_SKIN
CCLE-34-Paclitaxel-SKIN,48,15,SKMEL5_SKIN
CCLE-34-Paclitaxel-SKIN,48,16,WM1799_SKIN
CCLE-34-Paclitaxel-SKIN,48,17,WM793_SKIN
CCLE-34-Paclitaxel-SKIN,48,18,WM88_SKIN
CCLE-34-Paclitaxel-SKIN,49,1,C32_SKIN
CCLE-34-Paclitaxel-SKIN,49,2,COLO741_SKIN
CCLE-34-Paclitaxel-SKIN,49,3,G361_SKIN
CCLE-34-Paclitaxel-SKIN,49,4,HS695T_SKIN
CCLE-34-Paclitaxel-SKIN,49,5,HS895T_SKIN
CCLE-34-Paclitaxel-SKIN,49,6,HT144_SKIN
CCLE-34-Paclitaxel-SKIN,49,7,LOXIMVI_SKIN
CCLE-34-Paclitaxel-SKIN,49,8,MALME3M_SKIN
CCLE-34-Paclitaxel-SKIN,49,9,MDAMB435S_SKIN
CCLE-34-Paclitaxel-SKIN,49,10,MELHO_SKIN
CCLE-34-Paclitaxel-SKIN,49,11,RPMI7951_SKIN
CCLE-34-Paclitaxel-SKIN,49,12,RVH421_SKIN
CCLE-34-Paclitaxel-SKIN,49,13,SKMEL24_SKIN
CCLE-34-Paclitaxel-SKIN,49,14,SKMEL2_SKIN
CCLE-34-Paclitaxel-SKIN,49,15,SKMEL31_SKIN
CCLE-34-Paclitaxel-SKIN,49,16,SKMEL5_SKIN
CCLE-34-Paclitaxel-SKIN,49,17,UACC62_SKIN
CCLE-34-Paclitaxel-SKIN,49,18,WM793_SKIN
CCLE-34-Paclitaxel-SKIN,50,1,A375_SKIN
CCLE-34-Paclitaxel-SKIN,50,2,C32_SKIN
CCLE-34-Paclitaxel-SKIN,50,3,COLO679_SKIN
CCLE-34-Paclitaxel-SKIN,50,4,G361_SKIN
CCLE-34-Paclitaxel-SKIN,50,5,HS695T_SKIN
CCLE-34-Paclitaxel-SKIN,50,6,HS936T_SKIN
CCLE-34-Paclitaxel-SKIN,50,7,HS939T_SKIN
CCLE-34-Paclitaxel-SKIN,50,8,K029AX_SKIN
CCLE-34-Paclitaxel-SKIN,50,9,LOXIMVI_SKIN
CCLE-34-Paclitaxel-SKIN,50,10,MALME3M_SKIN
CCLE-34-Paclitaxel-SKIN,50,11,MDAMB435S_SKIN
CCLE-34-Paclitaxel-SKIN,50,12,MELHO_SKIN
CCLE-34-Paclitaxel-SKIN,50,13,SKMEL24_SKIN
CCLE-34-Paclitaxel-SKIN,50,14,SKMEL2_SKIN
CCLE-34-Paclitaxel-SKIN,50,15,SKMEL31_SKIN
CCLE-34-Paclitaxel-SKIN,50,16,UACC257_SKIN
CCLE-34-Paclitaxel-SKIN,50,17,WM793_SKIN
CCLE-34-Paclitaxel-SKIN,50,18,WM983B_SKIN
CCLE-34-Paclitaxel-SKIN,51,1,A2058_SKIN
CCLE-34-Paclitaxel-SKIN,51,2,A375_SKIN
CCLE-34-Paclitaxel-SKIN,51,3,COLO679_SKIN
CCLE-34-Paclitaxel-SKIN,51,4,COLO741_SKIN
CCLE-34-Paclitaxel-SKIN,51,5,G361_SKIN
CCLE-34-Paclitaxel-SKIN,51,6,HS695T_SKIN
CCLE-34-Paclitaxel-SKIN,51,7,HS895T_SKIN
CCLE-34-Paclitaxel-SKIN,51,8,HS936T_SKIN
CCLE-34-Paclitaxel-SKIN,51,9,HS939T_SKIN
CCLE-34-Paclitaxel-SKIN,51,10,HT144_SKIN
CCLE-34-Paclitaxel-SKIN,51,11,IPC298_SKIN
CCLE-34-Paclitaxel-SKIN,51,12,K029AX_SKIN
CCLE-34-Paclitaxel-SKIN,51,13,MALME3M_SKIN
CCLE-34-Paclitaxel-SKIN,51,14,MDAMB435S_SKIN
CCLE-34-Paclitaxel-SKIN,51,15,RPMI7951_SKIN
CCLE-34-Paclitaxel-SKIN,51,16,SKMEL24_SKIN
CCLE-34-Paclitaxel-SKIN,51,17,SKMEL31_SKIN
CCLE-34-Paclitaxel-SKIN,51,18,UACC62_SKIN
CCLE-34-Paclitaxel-SKIN,52,1,A2058_SKIN
CCLE-34-Paclitaxel-SKIN,52,2,COLO741_SKIN
CCLE-34-Paclitaxel-SKIN,52,3,HS695T_SKIN
CCLE-34-Paclitaxel-SKIN,52,4,HS852T_SKIN
CCLE-34-Paclitaxel-SKIN,52,5,HS895T_SKIN
CCLE-34-Paclitaxel-SKIN,52,6,HS936T_SKIN
CCLE-34-Paclitaxel-SKIN,52,7,HS939T_SKIN
CCLE-34-Paclitaxel-SKIN,52,8,IPC298_SKIN
CCLE-34-Paclitaxel-SKIN,52,9,K029AX_SKIN
CCLE-34-Paclitaxel-SKIN,52,10,LOXIMVI_SKIN
CCLE-34-Paclitaxel-SKIN,52,11,MDAMB435S_SKIN
CCLE-34-Paclitaxel-SKIN,52,12,RVH421_SKIN
CCLE-34-Paclitaxel-SKIN,52,13,SKMEL24_SKIN
CCLE-34-Paclitaxel-SKIN,52,14,SKMEL30_SKIN
CCLE-34-Paclitaxel-SKIN,52,15,SKMEL31_SKIN
CCLE-34-Paclitaxel-SKIN,52,16,SKMEL5_SKIN
CCLE-34-Paclitaxel-SKIN,52,17,WM793_SKIN
CCLE-34-Paclitaxel-SKIN,52,18,WM88_SKIN
CCLE-34-Paclitaxel-SKIN,53,1,C32_SKIN
CCLE-34-Paclitaxel-SKIN,53,2,COLO679_SKIN
CCLE-34-Paclitaxel-SKIN,53,3,COLO741_SKIN
CCLE-34-Paclitaxel-SKIN,53,4,HS939T_SKIN
CCLE-34-Paclitaxel-SKIN,53,5,HS944T_SKIN
CCLE-34-Paclitaxel-SKIN,53,6,HT144_SKIN
CCLE-34-Paclitaxel-SKIN,53,7,MDAMB435S_SKIN
CCLE-34-Paclitaxel-SKIN,53,8,MELHO_SKIN
CCLE-34-Paclitaxel-SKIN,53,9,MEWO_SKIN
CCLE-34-Paclitaxel-SKIN,53,10,RPMI7951_SKIN
CCLE-34-Paclitaxel-SKIN,53,11,RVH421_SKIN
CCLE-34-Paclitaxel-SKIN,53,12,SKMEL24_SKIN
CCLE-34-Paclitaxel-SKIN,53,13,SKMEL31_SKIN
CCLE-34-Paclitaxel-SKIN,53,14,UACC257_SKIN
CCLE-34-Paclitaxel-SKIN,53,15,UACC62_SKIN
CCLE-34-Paclitaxel-SKIN,53,16,WM793_SKIN
CCLE-34-Paclitaxel-SKIN,53,17,WM88_SKIN
CCLE-34-Paclitaxel-SKIN,53,18,WM983B_SKIN
CCLE-34-Paclitaxel-SKIN,54,1,A2058_SKIN
CCLE-34-Paclitaxel-SKIN,54,2,C32_SKIN
CCLE-34-Paclitaxel-SKIN,54,3,HS695T_SKIN
CCLE-34-Paclitaxel-SKIN,54,4,HS852T_SKIN
CCLE-34-Paclitaxel-SKIN,54,5,HS936T_SKIN
CCLE-34-Paclitaxel-SKIN,54,6,HS939T_SKIN
CCLE-34-Paclitaxel-SKIN,54,7,HS944T_SKIN
CCLE-34-Paclitaxel-SKIN,54,8,HT144_SKIN
CCLE-34-Paclitaxel-SKIN,54,9,IPC298_SKIN
CCLE-34-Paclitaxel-SKIN,54,10,LOXIMVI_SKIN
CCLE-34-Paclitaxel-SKIN,54,11,MDAMB435S_SKIN
CCLE-34-Paclitaxel-SKIN,54,12,MEWO_SKIN
CCLE-34-Paclitaxel-SKIN,54,13,RPMI7951_SKIN
CCLE-34-Paclitaxel-SKIN,54,14,SKMEL30_SKIN
CCLE-34-Paclitaxel-SKIN,54,15,SKMEL31_SKIN
CCLE-34-Paclitaxel-SKIN,54,16,UACC257_SKIN
CCLE-34-Paclitaxel-SKIN,54,17,WM793_SKIN
CCLE-34-Paclitaxel-SKIN,54,18,WM88_SKIN
CCLE-34-Paclitaxel-SKIN,55,1,A375_SKIN
CCLE-34-Paclitaxel-SKIN,55,2,COLO741_SKIN
CCLE-34-Paclitaxel-SKIN,55,3,G361_SKIN
CCLE-34-Paclitaxel-SKIN,55,4,HS695T_SKIN
CCLE-34-Paclitaxel-SKIN,55,5,HS852T_SKIN
CCLE-34-Paclitaxel-SKIN,55,6,HS936T_SKIN
CCLE-34-Paclitaxel-SKIN,55,7,HS944T_SKIN
CCLE-34-Paclitaxel-SKIN,55,8,HT144_SKIN
CCLE-34-Paclitaxel-SKIN,55,9,K029AX_SKIN
CCLE-34-Paclitaxel-SKIN,55,10,MALME3M_SKIN
CCLE-34-Paclitaxel-SKIN,55,11,MDAMB435S_SKIN
CCLE-34-Paclitaxel-SKIN,55,12,RPMI7951_SKIN
CCLE-34-Paclitaxel-SKIN,55,13,RVH421_SKIN
CCLE-34-Paclitaxel-SKIN,55,14,SKMEL2_SKIN
CCLE-34-Paclitaxel-SKIN,55,15,UACC257_SKIN
CCLE-34-Paclitaxel-SKIN,55,16,UACC62_SKIN
CCLE-34-Paclitaxel-SKIN,55,17,WM1799_SKIN
CCLE-34-Paclitaxel-SKIN,55,18,WM88_SKIN
CCLE-34-Paclitaxel-SKIN,56,1,A2058_SKIN
CCLE-34-Paclitaxel-SKIN,56,2,A375_SKIN
CCLE-34-Paclitaxel-SKIN,56,3,C32_SKIN
CCLE-34-Paclitaxel-SKIN,56,4,COLO679_SKIN
CCLE-34-Paclitaxel-SKIN,56,5,G361_SKIN
CCLE-34-Paclitaxel-SKIN,56,6,HS695T_SKIN
CCLE-34-Paclitaxel-SKIN,56,7,HS852T_SKIN
CCLE-34-Paclitaxel-SKIN,56,8,HS895T_SKIN
CCLE-34-Paclitaxel-SKIN,56,9,IPC298_SKIN
CCLE-34-Paclitaxel-SKIN,56,10,K029AX_SKIN
CCLE-34-Paclitaxel-SKIN,56,11,MDAMB435S_SKIN
CCLE-34-Paclitaxel-SKIN,56,12,MELHO_SKIN
CCLE-34-Paclitaxel-SKIN,56,13,SKMEL24_SKIN
CCLE-34-Paclitaxel-SKIN,56,14,SKMEL30_SKIN
CCLE-34-Paclitaxel-SKIN,56,15,SKMEL31_SKIN
CCLE-34-Paclitaxel-SKIN,56,16,UACC257_SKIN
CCLE-34-Paclitaxel-SKIN,56,17,UACC62_SKIN
CCLE-34-Paclitaxel-SKIN,56,18,WM1799_SKIN
CCLE-34-Paclitaxel-SKIN,57,1,A375_SKIN
CCLE-34-Paclitaxel-SKIN,57,2,COLO679_SKIN
CCLE-34-Paclitaxel-SKIN,57,3,COLO741_SKIN
CCLE-34-Paclitaxel-SKIN,57,4,G361_SKIN
CCLE-34-Paclitaxel-SKIN,57,5,HS695T_SKIN
CCLE-34-Paclitaxel-SKIN,57,6,HS852T_SKIN
CCLE-34-Paclitaxel-SKIN,57,7,HS895T_SKIN
CCLE-34-Paclitaxel-SKIN,57,8,HS936T_SKIN
CCLE-34-Paclitaxel-SKIN,57,9,HS939T_SKIN
CCLE-34-Paclitaxel-SKIN,57,10,HT144_SKIN
CCLE-34-Paclitaxel-SKIN,57,11,IPC298_SKIN
CCLE-34-Paclitaxel-SKIN,57,12,K029AX_SKIN
CCLE-34-Paclitaxel-SKIN,57,13,LOXIMVI_SKIN
CCLE-34-Paclitaxel-SKIN,57,14,RPMI7951_SKIN
CCLE-34-Paclitaxel-SKIN,57,15,SKMEL30_SKIN
CCLE-34-Paclitaxel-SKIN,57,16,SKMEL31_SKIN
CCLE-34-Paclitaxel-SKIN,57,17,UACC257_SKIN
CCLE-34-Paclitaxel-SKIN,57,18,WM88_SKIN
CCLE-34-Paclitaxel-SKIN,58,1,A2058_SKIN
CCLE-34-Paclitaxel-SKIN,58,2,A375_SKIN
CCLE-34-Paclitaxel-SKIN,58,3,C32_SKIN
CCLE-34-Paclitaxel-SKIN,58,4,COLO679_SKIN
CCLE-34-Paclitaxel-SKIN,58,5,G361_SKIN
CCLE-34-Paclitaxel-SKIN,58,6,HS852T_SKIN
CCLE-34-Paclitaxel-SKIN,58,7,HS895T_SKIN
CCLE-34-Paclitaxel-SKIN,58,8,HS939T_SKIN
CCLE-34-Paclitaxel-SKIN,58,9,HS944T_SKIN
CCLE-34-Paclitaxel-SKIN,58,10,HT144_SKIN
CCLE-34-Paclitaxel-SKIN,58,11,IPC298_SKIN
CCLE-34-Paclitaxel-SKIN,58,12,K029AX_SKIN
CCLE-34-Paclitaxel-SKIN,58,13,MEWO_SKIN
CCLE-34-Paclitaxel-SKIN,58,14,RVH421_SKIN
CCLE-34-Paclitaxel-SKIN,58,15,SKMEL30_SKIN
CCLE-34-Paclitaxel-SKIN,58,16,UACC257_SKIN
CCLE-34-Paclitaxel-SKIN,58,17,WM88_SKIN
CCLE-34-Paclitaxel-SKIN,58,18,WM983B_SKIN
CCLE-34-Paclitaxel-SKIN,59,1,A2058_SKIN
CCLE-34-Paclitaxel-SKIN,59,2,A375_SKIN
CCLE-34-Paclitaxel-SKIN,59,3,COLO679_SKIN
CCLE-34-Paclitaxel-SKIN,59,4,G361_SKIN
CCLE-34-Paclitaxel-SKIN,59,5,HS936T_SKIN
CCLE-34-Paclitaxel-SKIN,59,6,HS939T_SKIN
CCLE-34-Paclitaxel-SKIN,59,7,HS944T_SKIN
CCLE-34-Paclitaxel-SKIN,59,8,HT144_SKIN
CCLE-34-Paclitaxel-SKIN,59,9,K029AX_SKIN
CCLE-34-Paclitaxel-SKIN,59,10,LOXIMVI_SKIN
CCLE-34-Paclitaxel-SKIN,59,11,MELHO_SKIN
CCLE-34-Paclitaxel-SKIN,59,12,MEWO_SKIN
CCLE-34-Paclitaxel-SKIN,59,13,RPMI7951_SKIN
CCLE-34-Paclitaxel-SKIN,59,14,SKMEL24_SKIN
CCLE-34-Paclitaxel-SKIN,59,15,SKMEL31_SKIN
CCLE-34-Paclitaxel-SKIN,59,16,SKMEL5_SKIN
CCLE-34-Paclitaxel-SKIN,59,17,UACC62_SKIN
CCLE-34-Paclitaxel-SKIN,59,18,WM983B_SKIN
CCLE-34-Paclitaxel-SKIN,60,1,COLO741_SKIN
CCLE-34-Paclitaxel-SKIN,60,2,G361_SKIN
CCLE-34-Paclitaxel-SKIN,60,3,HS852T_SKIN
CCLE-34-Paclitaxel-SKIN,60,4,HS895T_SKIN
CCLE-34-Paclitaxel-SKIN,60,5,HS936T_SKIN
CCLE-34-Paclitaxel-SKIN,60,6,HS944T_SKIN
CCLE-34-Paclitaxel-SKIN,60,7,HT144_SKIN
CCLE-34-Paclitaxel-SKIN,60,8,IPC298_SKIN
CCLE-34-Paclitaxel-SKIN,60,9,K029AX_SKIN
CCLE-34-Paclitaxel-SKIN,60,10,MALME3M_SKIN
CCLE-34-Paclitaxel-SKIN,60,11,MDAMB435S_SKIN
CCLE-34-Paclitaxel-SKIN,60,12,MEWO_SKIN
CCLE-34-Paclitaxel-SKIN,60,13,RPMI7951_SKIN
CCLE-34-Paclitaxel-SKIN,60,14,SKMEL2_SKIN
CCLE-34-Paclitaxel-SKIN,60,15,SKMEL30_SKIN
CCLE-34-Paclitaxel-SKIN,60,16,SKMEL5_SKIN
CCLE-34-Paclitaxel-SKIN,60,17,WM1799_SKIN
CCLE-34-Paclitaxel-SKIN,60,18,WM88_SKIN
CCLE-34-Paclitaxel-SKIN,61,1,A375_SKIN
CCLE-34-Paclitaxel-SKIN,61,2,COLO679_SKIN
CCLE-34-Paclitaxel-SKIN,61,3,G361_SKIN
CCLE-34-Paclitaxel-SKIN,61,4,HS695T_SKIN
CCLE-34-Paclitaxel-SKIN,61,5,HS936T_SKIN
CCLE-34-Paclitaxel-SKIN,61,6,HS939T_SKIN
CCLE-34-Paclitaxel-SKIN,61,7,HS944T_SKIN
CCLE-34-Paclitaxel-SKIN,61,8,HT144_SKIN
CCLE-34-Paclitaxel-SKIN,61,9,IPC298_SKIN
CCLE-34-Paclitaxel-SKIN,61,10,K029AX_SKIN
CCLE-34-Paclitaxel-SKIN,61,11,MALME3M_SKIN
CCLE-34-Paclitaxel-SKIN,61,12,MDAMB435S_SKIN
CCLE-34-Paclitaxel-SKIN,61,13,MEWO_SKIN
CCLE-34-Paclitaxel-SKIN,61,14,RPMI7951_SKIN
CCLE-34-Paclitaxel-SKIN,61,15,SKMEL2_SKIN
CCLE-34-Paclitaxel-SKIN,61,16,SKMEL5_SKIN
CCLE-34-Paclitaxel-SKIN,61,17,UACC257_SKIN
CCLE-34-Paclitaxel-SKIN,61,18,WM793_SKIN
CCLE-34-Paclitaxel-SKIN,62,1,A375_SKIN
CCLE-34-Paclitaxel-SKIN,62,2,C32_SKIN
CCLE-34-Paclitaxel-SKIN,62,3,COLO741_SKIN
CCLE-34-Paclitaxel-SKIN,62,4,G361_SKIN
CCLE-34-Paclitaxel-SKIN,62,5,HS695T_SKIN
CCLE-34-Paclitaxel-SKIN,62,6,HS852T_SKIN
CCLE-34-Paclitaxel-SKIN,62,7,HS936T_SKIN
CCLE-34-Paclitaxel-SKIN,62,8,HS944T_SKIN
CCLE-34-Paclitaxel-SKIN,62,9,IPC298_SKIN
CCLE-34-Paclitaxel-SKIN,62,10,MDAMB435S_SKIN
CCLE-34-Paclitaxel-SKIN,62,11,MELHO_SKIN
CCLE-34-Paclitaxel-SKIN,62,12,RPMI7951_SKIN
CCLE-34-Paclitaxel-SKIN,62,13,RVH421_SKIN
CCLE-34-Paclitaxel-SKIN,62,14,SKMEL2_SKIN
CCLE-34-Paclitaxel-SKIN,62,15,UACC257_SKIN
CCLE-34-Paclitaxel-SKIN,62,16,WM1799_SKIN
CCLE-34-Paclitaxel-SKIN,62,17,WM88_SKIN
CCLE-34-Paclitaxel-SKIN,62,18,WM983B_SKIN
CCLE-34-Paclitaxel-SKIN,63,1,A2058_SKIN
CCLE-34-Paclitaxel-SKIN,63,2,A375_SKIN
CCLE-34-Paclitaxel-SKIN,63,3,COLO679_SKIN
CCLE-34-Paclitaxel-SKIN,63,4,COLO741_SKIN
CCLE-34-Paclitaxel-SKIN,63,5,G361_SKIN
CCLE-34-Paclitaxel-SKIN,63,6,HS895T_SKIN
CCLE-34-Paclitaxel-SKIN,63,7,HS944T_SKIN
CCLE-34-Paclitaxel-SKIN,63,8,IPC298_SKIN
CCLE-34-Paclitaxel-SKIN,63,9,LOXIMVI_SKIN
CCLE-34-Paclitaxel-SKIN,63,10,MELHO_SKIN
CCLE-34-Paclitaxel-SKIN,63,11,RPMI7951_SKIN
CCLE-34-Paclitaxel-SKIN,63,12,RVH421_SKIN
CCLE-34-Paclitaxel-SKIN,63,13,SKMEL24_SKIN
CCLE-34-Paclitaxel-SKIN,63,14,SKMEL30_SKIN
CCLE-34-Paclitaxel-SKIN,63,15,SKMEL31_SKIN
CCLE-34-Paclitaxel-SKIN,63,16,UACC62_SKIN
CCLE-34-Paclitaxel-SKIN,63,17,WM1799_SKIN
CCLE-34-Paclitaxel-SKIN,63,18,WM983B_SKIN
CCLE-34-Paclitaxel-SKIN,64,1,A2058_SKIN
CCLE-34-Paclitaxel-SKIN,64,2,A375_SKIN
CCLE-34-Paclitaxel-SKIN,64,3,C32_SKIN
CCLE-34-Paclitaxel-SKIN,64,4,G361_SKIN
CCLE-34-Paclitaxel-SKIN,64,5,HS895T_SKIN
CCLE-34-Paclitaxel-SKIN,64,6,HS936T_SKIN
CCLE-34-Paclitaxel-SKIN,64,7,HS939T_SKIN
CCLE-34-Paclitaxel-SKIN,64,8,HT144_SKIN
CCLE-34-Paclitaxel-SKIN,64,9,IPC298_SKIN
CCLE-34-Paclitaxel-SKIN,64,10,LOXIMVI_SKIN
CCLE-34-Paclitaxel-SKIN,64,11,RVH421_SKIN
CCLE-34-Paclitaxel-SKIN,64,12,SKMEL30_SKIN
CCLE-34-Paclitaxel-SKIN,64,13,SKMEL31_SKIN
CCLE-34-Paclitaxel-SKIN,64,14,UACC257_SKIN
CCLE-34-Paclitaxel-SKIN,64,15,UACC62_SKIN
CCLE-34-Paclitaxel-SKIN,64,16,WM1799_SKIN
CCLE-34-Paclitaxel-SKIN,64,17,WM793_SKIN
CCLE-34-Paclitaxel-SKIN,64,18,WM88_SKIN
CCLE-34-Paclitaxel-SKIN,65,1,A375_SKIN
CCLE-34-Paclitaxel-SKIN,65,2,COLO741_SKIN
CCLE-34-Paclitaxel-SKIN,65,3,HS695T_SKIN
CCLE-34-Paclitaxel-SKIN,65,4,HS936T_SKIN
CCLE-34-Paclitaxel-SKIN,65,5,HS944T_SKIN
CCLE-34-Paclitaxel-SKIN,65,6,IPC298_SKIN
CCLE-34-Paclitaxel-SKIN,65,7,K029AX_SKIN
CCLE-34-Paclitaxel-SKIN,65,8,MALME3M_SKIN
CCLE-34-Paclitaxel-SKIN,65,9,MELHO_SKIN
CCLE-34-Paclitaxel-SKIN,65,10,MEWO_SKIN
CCLE-34-Paclitaxel-SKIN,65,11,RPMI7951_SKIN
CCLE-34-Paclitaxel-SKIN,65,12,RVH421_SKIN
CCLE-34-Paclitaxel-SKIN,65,13,SKMEL24_SKIN
CCLE-34-Paclitaxel-SKIN,65,14,SKMEL31_SKIN
CCLE-34-Paclitaxel-SKIN,65,15,UACC257_SKIN
CCLE-34-Paclitaxel-SKIN,65,16,WM1799_SKIN
CCLE-34-Paclitaxel-SKIN,65,17,WM88_SKIN
CCLE-34-Paclitaxel-SKIN,65,18,WM983B_SKIN
CCLE-34-Paclitaxel-SKIN,66,1,A375_SKIN
CCLE-34-Paclitaxel-SKIN,66,2,COLO679_SKIN
CCLE-34-Paclitaxel-SKIN,66,3,COLO741_SKIN
CCLE-34-Paclitaxel-SKIN,66,4,G361_SKIN
CCLE-34-Paclitaxel-SKIN,66,5,HS695T_SKIN
CCLE-34-Paclitaxel-SKIN,66,6,HS852T_SKIN
CCLE-34-Paclitaxel-SKIN,66,7,HS895T_SKIN
CCLE-34-Paclitaxel-SKIN,66,8,HS936T_SKIN
CCLE-34-Paclitaxel-SKIN,66,9,HS939T_SKIN
CCLE-34-Paclitaxel-SKIN,66,10,K029AX_SKIN
CCLE-34-Paclitaxel-SKIN,66,11,LOXIMVI_SKIN
CCLE-34-Paclitaxel-SKIN,66,12,MELHO_SKIN
CCLE-34-Paclitaxel-SKIN,66,13,SKMEL2_SKIN
CCLE-34-Paclitaxel-SKIN,66,14,SKMEL30_SKIN
CCLE-34-Paclitaxel-SKIN,66,15,SKMEL31_SKIN
CCLE-34-Paclitaxel-SKIN,66,16,UACC62_SKIN
CCLE-34-Paclitaxel-SKIN,66,17,WM793_SKIN
CCLE-34-Paclitaxel-SKIN,66,18,WM983B_SKIN
CCLE-34-Paclitaxel-SKIN,67,1,A375_SKIN
CCLE-34-Paclitaxel-SKIN,67,2,COLO679_SKIN
CCLE-34-Paclitaxel-SKIN,67,3,COLO741_SKIN
CCLE-34-Paclitaxel-SKIN,67,4,G361_SKIN
CCLE-34-Paclitaxel-SKIN,67,5,HS695T_SKIN
CCLE-34-Paclitaxel-SKIN,67,6,HS944T_SKIN
CCLE-34-Paclitaxel-SKIN,67,7,IPC298_SKIN
CCLE-34-Paclitaxel-SKIN,67,8,LOXIMVI_SKIN
CCLE-34-Paclitaxel-SKIN,67,9,MDAMB435S_SKIN
CCLE-34-Paclitaxel-SKIN,67,10,MELHO_SKIN
CCLE-34-Paclitaxel-SKIN,67,11,MEWO_SKIN
CCLE-34-Paclitaxel-SKIN,67,12,RVH421_SKIN
CCLE-34-Paclitaxel-SKIN,67,13,SKMEL24_SKIN
CCLE-34-Paclitaxel-SKIN,67,14,SKMEL31_SKIN
CCLE-34-Paclitaxel-SKIN,67,15,SKMEL5_SKIN
CCLE-34-Paclitaxel-SKIN,67,16,UACC62_SKIN
CCLE-34-Paclitaxel-SKIN,67,17,WM793_SKIN
CCLE-34-Paclitaxel-SKIN,67,18,WM983B_SKIN
CCLE-34-Paclitaxel-SKIN,68,1,A2058_SKIN
CCLE-34-Paclitaxel-SKIN,68,2,A375_SKIN
CCLE-34-Paclitaxel-SKIN,68,3,C32_SKIN
CCLE-34-Paclitaxel-SKIN,68,4,COLO679_SKIN
CCLE-34-Paclitaxel-SKIN,68,5,COLO741_SKIN
CCLE-34-Paclitaxel-SKIN,68,6,HS852T_SKIN
CCLE-34-Paclitaxel-SKIN,68,7,HS936T_SKIN
CCLE-34-Paclitaxel-SKIN,68,8,HS944T_SKIN
CCLE-34-Paclitaxel-SKIN,68,9,K029AX_SKIN
CCLE-34-Paclitaxel-SKIN,68,10,LOXIMVI_SKIN
CCLE-34-Paclitaxel-SKIN,68,11,MELHO_SKIN
CCLE-34-Paclitaxel-SKIN,68,12,RVH421_SKIN
CCLE-34-Paclitaxel-SKIN,68,13,SKMEL5_SKIN
CCLE-34-Paclitaxel-SKIN,68,14,UACC257_SKIN
CCLE-34-Paclitaxel-SKIN,68,15,UACC62_SKIN
CCLE-34-Paclitaxel-SKIN,68,16,WM1799_SKIN
CCLE-34-Paclitaxel-SKIN,68,17,WM793_SKIN
CCLE-34-Paclitaxel-SKIN,68,18,WM983B_SKIN
CCLE-34-Paclitaxel-SKIN,69,1,A2058_SKIN
CCLE-34-Paclitaxel-SKIN,69,2,C32_SKIN
CCLE-34-Paclitaxel-SKIN,69,3,COLO679_SKIN
CCLE-34-Paclitaxel-SKIN,69,4,COLO741_SKIN
CCLE-34-Paclitaxel-SKIN,69,5,G361_SKIN
CCLE-34-Paclitaxel-SKIN,69,6,HS895T_SKIN
CCLE-34-Paclitaxel-SKIN,69,7,HS936T_SKIN
CCLE-34-Paclitaxel-SKIN,69,8,HS939T_SKIN
CCLE-34-Paclitaxel-SKIN,69,9,HS944T_SKIN
CCLE-34-Paclitaxel-SKIN,69,10,HT144_SKIN
CCLE-34-Paclitaxel-SKIN,69,11,IPC298_SKIN
CCLE-34-Paclitaxel-SKIN,69,12,LOXIMVI_SKIN
CCLE-34-Paclitaxel-SKIN,69,13,SKMEL24_SKIN
CCLE-34-Paclitaxel-SKIN,69,14,SKMEL2_SKIN
CCLE-34-Paclitaxel-SKIN,69,15,SKMEL30_SKIN
CCLE-34-Paclitaxel-SKIN,69,16,WM793_SKIN
CCLE-34-Paclitaxel-SKIN,69,17,WM88_SKIN
CCLE-34-Paclitaxel-SKIN,69,18,WM983B_SKIN
CCLE-34-Paclitaxel-SKIN,70,1,A2058_SKIN
CCLE-34-Paclitaxel-SKIN,70,2,A375_SKIN
CCLE-34-Paclitaxel-SKIN,70,3,C32_SKIN
CCLE-34-Paclitaxel-SKIN,70,4,COLO679_SKIN
CCLE-34-Paclitaxel-SKIN,70,5,G361_SKIN
CCLE-34-Paclitaxel-SKIN,70,6,HS895T_SKIN
CCLE-34-Paclitaxel-SKIN,70,7,HS936T_SKIN
CCLE-34-Paclitaxel-SKIN,70,8,HS939T_SKIN
CCLE-34-Paclitaxel-SKIN,70,9,HT144_SKIN
CCLE-34-Paclitaxel-SKIN,70,10,IPC298_SKIN
CCLE-34-Paclitaxel-SKIN,70,11,MEWO_SKIN
CCLE-34-Paclitaxel-SKIN,70,12,RVH421_SKIN
CCLE-34-Paclitaxel-SKIN,70,13,SKMEL24_SKIN
CCLE-34-Paclitaxel-SKIN,70,14,SKMEL30_SKIN
CCLE-34-Paclitaxel-SKIN,70,15,UACC257_SKIN
CCLE-34-Paclitaxel-SKIN,70,16,WM1799_SKIN
CCLE-34-Paclitaxel-SKIN,70,17,WM88_SKIN
CCLE-34-Paclitaxel-SKIN,70,18,WM983B_SKIN
CCLE-34-Paclitaxel-SKIN,71,1,C32_SKIN
CCLE-34-Paclitaxel-SKIN,71,2,COLO679_SKIN
CCLE-34-Paclitaxel-SKIN,71,3,G361_SKIN
CCLE-34-Paclitaxel-SKIN,71,4,HS852T_SKIN
CCLE-34-Paclitaxel-SKIN,71,5,HS895T_SKIN
CCLE-34-Paclitaxel-SKIN,71,6,HS936T_SKIN
CCLE-34-Paclitaxel-SKIN,71,7,HS939T_SKIN
CCLE-34-Paclitaxel-SKIN,71,8,HT144_SKIN
CCLE-34-Paclitaxel-SKIN,71,9,IPC298_SKIN
CCLE-34-Paclitaxel-SKIN,71,10,MALME3M_SKIN
CCLE-34-Paclitaxel-SKIN,71,11,MDAMB435S_SKIN
CCLE-34-Paclitaxel-SKIN,71,12,MELHO_SKIN
CCLE-34-Paclitaxel-SKIN,71,13,MEWO_SKIN
CCLE-34-Paclitaxel-SKIN,71,14,SKMEL2_SKIN
CCLE-34-Paclitaxel-SKIN,71,15,SKMEL30_SKIN
CCLE-34-Paclitaxel-SKIN,71,16,UACC62_SKIN
CCLE-34-Paclitaxel-SKIN,71,17,WM793_SKIN
CCLE-34-Paclitaxel-SKIN,71,18,WM983B_SKIN
CCLE-34-Paclitaxel-SKIN,72,1,A375_SKIN
CCLE-34-Paclitaxel-SKIN,72,2,G361_SKIN
CCLE-34-Paclitaxel-SKIN,72,3,HS695T_SKIN
CCLE-34-Paclitaxel-SKIN,72,4,HS852T_SKIN
CCLE-34-Paclitaxel-SKIN,72,5,HS895T_SKIN
CCLE-34-Paclitaxel-SKIN,72,6,HS944T_SKIN
CCLE-34-Paclitaxel-SKIN,72,7,HT144_SKIN
CCLE-34-Paclitaxel-SKIN,72,8,IPC298_SKIN
CCLE-34-Paclitaxel-SKIN,72,9,LOXIMVI_SKIN
CCLE-34-Paclitaxel-SKIN,72,10,MELHO_SKIN
CCLE-34-Paclitaxel-SKIN,72,11,RPMI7951_SKIN
CCLE-34-Paclitaxel-SKIN,72,12,SKMEL2_SKIN
CCLE-34-Paclitaxel-SKIN,72,13,SKMEL30_SKIN
CCLE-34-Paclitaxel-SKIN,72,14,SKMEL5_SKIN
CCLE-34-Paclitaxel-SKIN,72,15,UACC257_SKIN
CCLE-34-Paclitaxel-SKIN,72,16,UACC62_SKIN
CCLE-34-Paclitaxel-SKIN,72,17,WM1799_SKIN
CCLE-34-Paclitaxel-SKIN,72,18,WM793_SKIN
CCLE-34-Paclitaxel-SKIN,73,1,A2058_SKIN
CCLE-34-Paclitaxel-SKIN,73,2,C32_SKIN
CCLE-34-Paclitaxel-SKIN,73,3,COLO741_SKIN
CCLE-34-Paclitaxel-SKIN,73,4,G361_SKIN
CCLE-34-Paclitaxel-SKIN,73,5,HS695T_SKIN
CCLE-34-Paclitaxel-SKIN,73,6,HS852T_SKIN
CCLE-34-Paclitaxel-SKIN,73,7,HS936T_SKIN
CCLE-34-Paclitaxel-SKIN,73,8,HT144_SKIN
CCLE-34-Paclitaxel-SKIN,73,9,K029AX_SKIN
CCLE-34-Paclitaxel-SKIN,73,10,RPMI7951_SKIN
CCLE-34-Paclitaxel-SKIN,73,11,RVH421_SKIN
CCLE-34-Paclitaxel-SKIN,73,12,SKMEL31_SKIN
CCLE-34-Paclitaxel-SKIN,73,13,SKMEL5_SKIN
CCLE-34-Paclitaxel-SKIN,73,14,UACC257_SKIN
CCLE-34-Paclitaxel-SKIN,73,15,UACC62_SKIN
CCLE-34-Paclitaxel-SKIN,73,16,WM1799_SKIN
CCLE-34-Paclitaxel-SKIN,73,17,WM793_SKIN
CCLE-34-Paclitaxel-SKIN,73,18,WM983B_SKIN
CCLE-34-Paclitaxel-SKIN,74,1,C32_SKIN
CCLE-34-Paclitaxel-SKIN,74,2,COLO679_SKIN
CCLE-34-Paclitaxel-SKIN,74,3,COLO741_SKIN
CCLE-34-Paclitaxel-SKIN,74,4,G361_SKIN
CCLE-34-Paclitaxel-SKIN,74,5,HS852T_SKIN
CCLE-34-Paclitaxel-SKIN,74,6,HS895T_SKIN
CCLE-34-Paclitaxel-SKIN,74,7,HS936T_SKIN
CCLE-34-Paclitaxel-SKIN,74,8,HS939T_SKIN
CCLE-34-Paclitaxel-SKIN,74,9,HS944T_SKIN
CCLE-34-Paclitaxel-SKIN,74,10,HT144_SKIN
CCLE-34-Paclitaxel-SKIN,74,11,IPC298_SKIN
CCLE-34-Paclitaxel-SKIN,74,12,K029AX_SKIN
CCLE-34-Paclitaxel-SKIN,74,13,SKMEL24_SKIN
CCLE-34-Paclitaxel-SKIN,74,14,SKMEL31_SKIN
CCLE-34-Paclitaxel-SKIN,74,15,SKMEL5_SKIN
CCLE-34-Paclitaxel-SKIN,74,16,UACC257_SKIN
CCLE-34-Paclitaxel-SKIN,74,17,UACC62_SKIN
CCLE-34-Paclitaxel-SKIN,74,18,WM793_SKIN
CCLE-34-Paclitaxel-SKIN,75,1,A2058_SKIN
CCLE-34-Paclitaxel-SKIN,75,2,C32_SKIN
CCLE-34-Paclitaxel-SKIN,75,3,COLO679_SKIN
CCLE-34-Paclitaxel-SKIN,75,4,COLO741_SKIN
CCLE-34-Paclitaxel-SKIN,75,5,HS695T_SKIN
CCLE-34-Paclitaxel-SKIN,75,6,HS936T_SKIN
CCLE-34-Paclitaxel-SKIN,75,7,HS939T_SKIN
CCLE-34-Paclitaxel-SKIN,75,8,HS944T_SKIN
CCLE-34-Paclitaxel-SKIN,75,9,LOXIMVI_SKIN
CCLE-34-Paclitaxel-SKIN,75,10,MDAMB435S_SKIN
CCLE-34-Paclitaxel-SKIN,75,11,MEWO_SKIN
CCLE-34-Paclitaxel-SKIN,75,12,RPMI7951_SKIN
CCLE-34-Paclitaxel-SKIN,75,13,SKMEL24_SKIN
CCLE-34-Paclitaxel-SKIN,75,14,UACC257_SKIN
CCLE-34-Paclitaxel-SKIN,75,15,UACC62_SKIN
CCLE-34-Paclitaxel-SKIN,75,16,WM1799_SKIN
CCLE-34-Paclitaxel-SKIN,75,17,WM88_SKIN
CCLE-34-Paclitaxel-SKIN,75,18,WM983B_SKIN
CCLE-34-Paclitaxel-SKIN,76,1,A2058_SKIN
CCLE-34-Paclitaxel-SKIN,76,2,G361_SKIN
CCLE-34-Paclitaxel-SKIN,76,3,HS695T_SKIN
CCLE-34-Paclitaxel-SKIN,76,4,HS895T_SKIN
CCLE-34-Paclitaxel-SKIN,76,5,HS936T_SKIN
CCLE-34-Paclitaxel-SKIN,76,6,HS939T_SKIN
CCLE-34-Paclitaxel-SKIN,76,7,HS944T_SKIN
CCLE-34-Paclitaxel-SKIN,76,8,HT144_SKIN
CCLE-34-Paclitaxel-SKIN,76,9,LOXIMVI_SKIN
CCLE-34-Paclitaxel-SKIN,76,10,RVH421_SKIN
CCLE-34-Paclitaxel-SKIN,76,11,SKMEL2_SKIN
CCLE-34-Paclitaxel-SKIN,76,12,SKMEL31_SKIN
CCLE-34-Paclitaxel-SKIN,76,13,SKMEL5_SKIN
CCLE-34-Paclitaxel-SKIN,76,14,UACC257_SKIN
CCLE-34-Paclitaxel-SKIN,76,15,WM1799_SKIN
CCLE-34-Paclitaxel-SKIN,76,16,WM793_SKIN
CCLE-34-Paclitaxel-SKIN,76,17,WM88_SKIN
CCLE-34-Paclitaxel-SKIN,76,18,WM983B_SKIN
CCLE-34-Paclitaxel-SKIN,77,1,A375_SKIN
CCLE-34-Paclitaxel-SKIN,77,2,COLO679_SKIN
CCLE-34-Paclitaxel-SKIN,77,3,COLO741_SKIN
CCLE-34-Paclitaxel-SKIN,77,4,HS695T_SKIN
CCLE-34-Paclitaxel-SKIN,77,5,HS895T_SKIN
CCLE-34-Paclitaxel-SKIN,77,6,HS939T_SKIN
CCLE-34-Paclitaxel-SKIN,77,7,HT144_SKIN
CCLE-34-Paclitaxel-SKIN,77,8,IPC298_SKIN
CCLE-34-Paclitaxel-SKIN,77,9,K029AX_SKIN
CCLE-34-Paclitaxel-SKIN,77,10,LOXIMVI_SKIN
CCLE-34-Paclitaxel-SKIN,77,11,MALME3M_SKIN
CCLE-34-Paclitaxel-SKIN,77,12,MDAMB435S_SKIN
CCLE-34-Paclitaxel-SKIN,77,13,MEWO_SKIN
CCLE-34-Paclitaxel-SKIN,77,14,RVH421_SKIN
CCLE-34-Paclitaxel-SKIN,77,15,SKMEL30_SKIN
CCLE-34-Paclitaxel-SKIN,77,16,UACC62_SKIN
CCLE-34-Paclitaxel-SKIN,77,17,WM793_SKIN
CCLE-34-Paclitaxel-SKIN,77,18,WM88_SKIN
CCLE-34-Paclitaxel-SKIN,78,1,A375_SKIN
CCLE-34-Paclitaxel-SKIN,78,2,COLO679_SKIN
CCLE-34-Paclitaxel-SKIN,78,3,G361_SKIN
CCLE-34-Paclitaxel-SKIN,78,4,HS852T_SKIN
CCLE-34-Paclitaxel-SKIN,78,5,HS895T_SKIN
CCLE-34-Paclitaxel-SKIN,78,6,HS939T_SKIN
CCLE-34-Paclitaxel-SKIN,78,7,HS944T_SKIN
CCLE-34-Paclitaxel-SKIN,78,8,HT144_SKIN
CCLE-34-Paclitaxel-SKIN,78,9,IPC298_SKIN
CCLE-34-Paclitaxel-SKIN,78,10,K029AX_SKIN
CCLE-34-Paclitaxel-SKIN,78,11,LOXIMVI_SKIN
CCLE-34-Paclitaxel-SKIN,78,12,MELHO_SKIN
CCLE-34-Paclitaxel-SKIN,78,13,RVH421_SKIN
CCLE-34-Paclitaxel-SKIN,78,14,SKMEL24_SKIN
CCLE-34-Paclitaxel-SKIN,78,15,SKMEL30_SKIN
CCLE-34-Paclitaxel-SKIN,78,16,UACC257_SKIN
CCLE-34-Paclitaxel-SKIN,78,17,WM1799_SKIN
CCLE-34-Paclitaxel-SKIN,78,18,WM983B_SKIN
CCLE-34-Paclitaxel-SKIN,79,1,A2058_SKIN
CCLE-34-Paclitaxel-SKIN,79,2,C32_SKIN
CCLE-34-Paclitaxel-SKIN,79,3,COLO679_SKIN
CCLE-34-Paclitaxel-SKIN,79,4,HS695T_SKIN
CCLE-34-Paclitaxel-SKIN,79,5,HS852T_SKIN
CCLE-34-Paclitaxel-SKIN,79,6,HS936T_SKIN
CCLE-34-Paclitaxel-SKIN,79,7,HS944T_SKIN
CCLE-34-Paclitaxel-SKIN,79,8,HT144_SKIN
CCLE-34-Paclitaxel-SKIN,79,9,IPC298_SKIN
CCLE-34-Paclitaxel-SKIN,79,10,K029AX_SKIN
CCLE-34-Paclitaxel-SKIN,79,11,MDAMB435S_SKIN
CCLE-34-Paclitaxel-SKIN,79,12,MELHO_SKIN
CCLE-34-Paclitaxel-SKIN,79,13,RVH421_SKIN
CCLE-34-Paclitaxel-SKIN,79,14,SKMEL2_SKIN
CCLE-34-Paclitaxel-SKIN,79,15,UACC62_SKIN
CCLE-34-Paclitaxel-SKIN,79,16,WM1799_SKIN
CCLE-34-Paclitaxel-SKIN,79,17,WM793_SKIN
CCLE-34-Paclitaxel-SKIN,79,18,WM88_SKIN
CCLE-34-Paclitaxel-SKIN,80,1,A375_SKIN
CCLE-34-Paclitaxel-SKIN,80,2,COLO679_SKIN
CCLE-34-Paclitaxel-SKIN,80,3,COLO741_SKIN
CCLE-34-Paclitaxel-SKIN,80,4,HS895T_SKIN
CCLE-34-Paclitaxel-SKIN,80,5,HS936T_SKIN
CCLE-34-Paclitaxel-SKIN,80,6,HS944T_SKIN
CCLE-34-Paclitaxel-SKIN,80,7,HT144_SKIN
CCLE-34-Paclitaxel-SKIN,80,8,IPC298_SKIN
CCLE-34-Paclitaxel-SKIN,80,9,K029AX_SKIN
CCLE-34-Paclitaxel-SKIN,80,10,LOXIMVI_SKIN
CCLE-34-Paclitaxel-SKIN,80,11,MDAMB435S_SKIN
CCLE-34-Paclitaxel-SKIN,80,12,MEWO_SKIN
CCLE-34-Paclitaxel-SKIN,80,13,SKMEL24_SKIN
CCLE-34-Paclitaxel-SKIN,80,14,SKMEL2_SKIN
CCLE-34-Paclitaxel-SKIN,80,15,SKMEL31_SKIN
CCLE-34-Paclitaxel-SKIN,80,16,UACC62_SKIN
CCLE-34-Paclitaxel-SKIN,80,17,WM88_SKIN
CCLE-34-Paclitaxel-SKIN,80,18,WM983B_SKIN
CCLE-34-Paclitaxel-SKIN,81,1,A2058_SKIN
CCLE-34-Paclitaxel-SKIN,81,2,A375_SKIN
CCLE-34-Paclitaxel-SKIN,81,3,COLO679_SKIN
CCLE-34-Paclitaxel-SKIN,81,4,G361_SKIN
CCLE-34-Paclitaxel-SKIN,81,5,HS852T_SKIN
CCLE-34-Paclitaxel-SKIN,81,6,HS936T_SKIN
CCLE-34-Paclitaxel-SKIN,81,7,HT144_SKIN
CCLE-34-Paclitaxel-SKIN,81,8,IPC298_SKIN
CCLE-34-Paclitaxel-SKIN,81,9,MDAMB435S_SKIN
CCLE-34-Paclitaxel-SKIN,81,10,MELHO_SKIN
CCLE-34-Paclitaxel-SKIN,81,11,RPMI7951_SKIN
CCLE-34-Paclitaxel-SKIN,81,12,RVH421_SKIN
CCLE-34-Paclitaxel-SKIN,81,13,SKMEL24_SKIN
CCLE-34-Paclitaxel-SKIN,81,14,SKMEL30_SKIN
CCLE-34-Paclitaxel-SKIN,81,15,SKMEL31_SKIN
CCLE-34-Paclitaxel-SKIN,81,16,SKMEL5_SKIN
CCLE-34-Paclitaxel-SKIN,81,17,UACC257_SKIN
CCLE-34-Paclitaxel-SKIN,81,18,WM88_SKIN
CCLE-34-Paclitaxel-SKIN,82,1,A2058_SKIN
CCLE-34-Paclitaxel-SKIN,82,2,C32_SKIN
CCLE-34-Paclitaxel-SKIN,82,3,COLO679_SKIN
CCLE-34-Paclitaxel-SKIN,82,4,COLO741_SKIN
CCLE-34-Paclitaxel-SKIN,82,5,HS852T_SKIN
CCLE-34-Paclitaxel-SKIN,82,6,HS895T_SKIN
CCLE-34-Paclitaxel-SKIN,82,7,HS936T_SKIN
CCLE-34-Paclitaxel-SKIN,82,8,HS939T_SKIN
CCLE-34-Paclitaxel-SKIN,82,9,HS944T_SKIN
CCLE-34-Paclitaxel-SKIN,82,10,IPC298_SKIN
CCLE-34-Paclitaxel-SKIN,82,11,K029AX_SKIN
CCLE-34-Paclitaxel-SKIN,82,12,LOXIMVI_SKIN
CCLE-34-Paclitaxel-SKIN,82,13,MELHO_SKIN
CCLE-34-Paclitaxel-SKIN,82,14,MEWO_SKIN
CCLE-34-Paclitaxel-SKIN,82,15,RVH421_SKIN
CCLE-34-Paclitaxel-SKIN,82,16,SKMEL24_SKIN
CCLE-34-Paclitaxel-SKIN,82,17,SKMEL5_SKIN
CCLE-34-Paclitaxel-SKIN,82,18,UACC257_SKIN
CCLE-34-Paclitaxel-SKIN,83,1,A2058_SKIN
CCLE-34-Paclitaxel-SKIN,83,2,A375_SKIN
CCLE-34-Paclitaxel-SKIN,83,3,COLO679_SKIN
CCLE-34-Paclitaxel-SKIN,83,4,COLO741_SKIN
CCLE-34-Paclitaxel-SKIN,83,5,G361_SKIN
CCLE-34-Paclitaxel-SKIN,83,6,HS936T_SKIN
CCLE-34-Paclitaxel-SKIN,83,7,HT144_SKIN
CCLE-34-Paclitaxel-SKIN,83,8,IPC298_SKIN
CCLE-34-Paclitaxel-SKIN,83,9,MALME3M_SKIN
CCLE-34-Paclitaxel-SKIN,83,10,MELHO_SKIN
CCLE-34-Paclitaxel-SKIN,83,11,RPMI7951_SKIN
CCLE-34-Paclitaxel-SKIN,83,12,RVH421_SKIN
CCLE-34-Paclitaxel-SKIN,83,13,SKMEL2_SKIN
CCLE-34-Paclitaxel-SKIN,83,14,SKMEL5_SKIN
CCLE-34-Paclitaxel-SKIN,83,15,UACC257_SKIN
CCLE-34-Paclitaxel-SKIN,83,16,UACC62_SKIN
CCLE-34-Paclitaxel-SKIN,83,17,WM1799_SKIN
CCLE-34-Paclitaxel-SKIN,83,18,WM983B_SKIN
CCLE-34-Paclitaxel-SKIN,84,1,A2058_SKIN
CCLE-34-Paclitaxel-SKIN,84,2,C32_SKIN
CCLE-34-Paclitaxel-SKIN,84,3,COLO741_SKIN
CCLE-34-Paclitaxel-SKIN,84,4,G361_SKIN
CCLE-34-Paclitaxel-SKIN,84,5,HS895T_SKIN
CCLE-34-Paclitaxel-SKIN,84,6,HS939T_SKIN
CCLE-34-Paclitaxel-SKIN,84,7,HT144_SKIN
CCLE-34-Paclitaxel-SKIN,84,8,IPC298_SKIN
CCLE-34-Paclitaxel-SKIN,84,9,MALME3M_SKIN
CCLE-34-Paclitaxel-SKIN,84,10,MDAMB435S_SKIN
CCLE-34-Paclitaxel-SKIN,84,11,RVH421_SKIN
CCLE-34-Paclitaxel-SKIN,84,12,SKMEL24_SKIN
CCLE-34-Paclitaxel-SKIN,84,13,SKMEL2_SKIN
CCLE-34-Paclitaxel-SKIN,84,14,SKMEL30_SKIN
CCLE-34-Paclitaxel-SKIN,84,15,SKMEL31_SKIN
CCLE-34-Paclitaxel-SKIN,84,16,WM1799_SKIN
CCLE-34-Paclitaxel-SKIN,84,17,WM88_SKIN
CCLE-34-Paclitaxel-SKIN,84,18,WM983B_SKIN
CCLE-34-Paclitaxel-SKIN,85,1,C32_SKIN
CCLE-34-Paclitaxel-SKIN,85,2,COLO741_SKIN
CCLE-34-Paclitaxel-SKIN,85,3,HS695T_SKIN
CCLE-34-Paclitaxel-SKIN,85,4,HS852T_SKIN
CCLE-34-Paclitaxel-SKIN,85,5,HS895T_SKIN
CCLE-34-Paclitaxel-SKIN,85,6,HS939T_SKIN
CCLE-34-Paclitaxel-SKIN,85,7,HS944T_SKIN
CCLE-34-Paclitaxel-SKIN,85,8,HT144_SKIN
CCLE-34-Paclitaxel-SKIN,85,9,IPC298_SKIN
CCLE-34-Paclitaxel-SKIN,85,10,K029AX_SKIN
CCLE-34-Paclitaxel-SKIN,85,11,LOXIMVI_SKIN
CCLE-34-Paclitaxel-SKIN,85,12,MELHO_SKIN
CCLE-34-Paclitaxel-SKIN,85,13,RPMI7951_SKIN
CCLE-34-Paclitaxel-SKIN,85,14,SKMEL24_SKIN
CCLE-34-Paclitaxel-SKIN,85,15,SKMEL5_SKIN
CCLE-34-Paclitaxel-SKIN,85,16,UACC62_SKIN
CCLE-34-Paclitaxel-SKIN,85,17,WM88_SKIN
CCLE-34-Paclitaxel-SKIN,85,18,WM983B_SKIN
CCLE-34-Paclitaxel-SKIN,86,1,COLO679_SKIN
CCLE-34-Paclitaxel-SKIN,86,2,COLO741_SKIN
CCLE-34-Paclitaxel-SKIN,86,3,HS695T_SKIN
CCLE-34-Paclitaxel-SKIN,86,4,HS936T_SKIN
CCLE-34-Paclitaxel-SKIN,86,5,HS939T_SKIN
CCLE-34-Paclitaxel-SKIN,86,6,HT144_SKIN
CCLE-34-Paclitaxel-SKIN,86,7,MALME3M_SKIN
CCLE-34-Paclitaxel-SKIN,86,8,MDAMB435S_SKIN
CCLE-34-Paclitaxel-SKIN,86,9,RVH421_SKIN
CCLE-34-Paclitaxel-SKIN,86,10,SKMEL2_SKIN
CCLE-34-Paclitaxel-SKIN,86,11,SKMEL30_SKIN
CCLE-34-Paclitaxel-SKIN,86,12,SKMEL31_SKIN
CCLE-34-Paclitaxel-SKIN,86,13,SKMEL5_SKIN
CCLE-34-Paclitaxel-SKIN,86,14,UACC257_SKIN
CCLE-34-Paclitaxel-SKIN,86,15,UACC62_SKIN
CCLE-34-Paclitaxel-SKIN,86,16,WM793_SKIN
CCLE-34-Paclitaxel-SKIN,86,17,WM88_SKIN
CCLE-34-Paclitaxel-SKIN,86,18,WM983B_SKIN
CCLE-34-Paclitaxel-SKIN,87,1,A2058_SKIN
CCLE-34-Paclitaxel-SKIN,87,2,A375_SKIN
CCLE-34-Paclitaxel-SKIN,87,3,C32_SKIN
CCLE-34-Paclitaxel-SKIN,87,4,COLO741_SKIN
CCLE-34-Paclitaxel-SKIN,87,5,G361_SKIN
CCLE-34-Paclitaxel-SKIN,87,6,HS695T_SKIN
CCLE-34-Paclitaxel-SKIN,87,7,HS936T_SKIN
CCLE-34-Paclitaxel-SKIN,87,8,HT144_SKIN
CCLE-34-Paclitaxel-SKIN,87,9,IPC298_SKIN
CCLE-34-Paclitaxel-SKIN,87,10,K029AX_SKIN
CCLE-34-Paclitaxel-SKIN,87,11,LOXIMVI_SKIN
CCLE-34-Paclitaxel-SKIN,87,12,SKMEL24_SKIN
CCLE-34-Paclitaxel-SKIN,87,13,SKMEL31_SKIN
CCLE-34-Paclitaxel-SKIN,87,14,SKMEL5_SKIN
CCLE-34-Paclitaxel-SKIN,87,15,UACC257_SKIN
CCLE-34-Paclitaxel-SKIN,87,16,UACC62_SKIN
CCLE-34-Paclitaxel-SKIN,87,17,WM1799_SKIN
CCLE-34-Paclitaxel-SKIN,87,18,WM88_SKIN
CCLE-34-Paclitaxel-SKIN,88,1,A375_SKIN
CCLE-34-Paclitaxel-SKIN,88,2,C32_SKIN
CCLE-34-Paclitaxel-SKIN,88,3,COLO741_SKIN
CCLE-34-Paclitaxel-SKIN,88,4,G361_SKIN
CCLE-34-Paclitaxel-SKIN,88,5,HS695T_SKIN
CCLE-34-Paclitaxel-SKIN,88,6,HS852T_SKIN
CCLE-34-Paclitaxel-SKIN,88,7,HS895T_SKIN
CCLE-34-Paclitaxel-SKIN,88,8,HS939T_SKIN
CCLE-34-Paclitaxel-SKIN,88,9,HS944T_SKIN
CCLE-34-Paclitaxel-SKIN,88,10,IPC298_SKIN
CCLE-34-Paclitaxel-SKIN,88,11,MALME3M_SKIN
CCLE-34-Paclitaxel-SKIN,88,12,MDAMB435S_SKIN
CCLE-34-Paclitaxel-SKIN,88,13,MELHO_SKIN
CCLE-34-Paclitaxel-SKIN,88,14,RPMI7951_SKIN
CCLE-34-Paclitaxel-SKIN,88,15,SKMEL5_SKIN
CCLE-34-Paclitaxel-SKIN,88,16,UACC62_SKIN
CCLE-34-Paclitaxel-SKIN,88,17,WM793_SKIN
CCLE-34-Paclitaxel-SKIN,88,18,WM983B_SKIN
CCLE-34-Paclitaxel-SKIN,89,1,A2058_SKIN
CCLE-34-Paclitaxel-SKIN,89,2,C32_SKIN
CCLE-34-Paclitaxel-SKIN,89,3,COLO679_SKIN
CCLE-34-Paclitaxel-SKIN,89,4,COLO741_SKIN
CCLE-34-Paclitaxel-SKIN,89,5,G361_SKIN
CCLE-34-Paclitaxel-SKIN,89,6,HS695T_SKIN
CCLE-34-Paclitaxel-SKIN,89,7,HS852T_SKIN
CCLE-34-Paclitaxel-SKIN,89,8,HS895T_SKIN
CCLE-34-Paclitaxel-SKIN,89,9,HS944T_SKIN
CCLE-34-Paclitaxel-SKIN,89,10,IPC298_SKIN
CCLE-34-Paclitaxel-SKIN,89,11,K029AX_SKIN
CCLE-34-Paclitaxel-SKIN,89,12,RVH421_SKIN
CCLE-34-Paclitaxel-SKIN,89,13,SKMEL2_SKIN
CCLE-34-Paclitaxel-SKIN,89,14,UACC257_SKIN
CCLE-34-Paclitaxel-SKIN,89,15,WM1799_SKIN
CCLE-34-Paclitaxel-SKIN,89,16,WM793_SKIN
CCLE-34-Paclitaxel-SKIN,89,17,WM88_SKIN
CCLE-34-Paclitaxel-SKIN,89,18,WM983B_SKIN
CCLE-34-Paclitaxel-SKIN,90,1,A2058_SKIN
CCLE-34-Paclitaxel-SKIN,90,2,C32_SKIN
CCLE-34-Paclitaxel-SKIN,90,3,HS895T_SKIN
CCLE-34-Paclitaxel-SKIN,90,4,HS939T_SKIN
CCLE-34-Paclitaxel-SKIN,90,5,HS944T_SKIN
CCLE-34-Paclitaxel-SKIN,90,6,IPC298_SKIN
CCLE-34-Paclitaxel-SKIN,90,7,K029AX_SKIN
CCLE-34-Paclitaxel-SKIN,90,8,LOXIMVI_SKIN
CCLE-34-Paclitaxel-SKIN,90,9,MEWO_SKIN
CCLE-34-Paclitaxel-SKIN,90,10,SKMEL24_SKIN
CCLE-34-Paclitaxel-SKIN,90,11,SKMEL2_SKIN
CCLE-34-Paclitaxel-SKIN,90,12,SKMEL31_SKIN
CCLE-34-Paclitaxel-SKIN,90,13,SKMEL5_SKIN
CCLE-34-Paclitaxel-SKIN,90,14,UACC257_SKIN
CCLE-34-Paclitaxel-SKIN,90,15,UACC62_SKIN
CCLE-34-Paclitaxel-SKIN,90,16,WM1799_SKIN
CCLE-34-Paclitaxel-SKIN,90,17,WM793_SKIN
CCLE-34-Paclitaxel-SKIN,90,18,WM88_SKIN
CCLE-34-Paclitaxel-SKIN,91,1,COLO679_SKIN
CCLE-34-Paclitaxel-SKIN,91,2,COLO741_SKIN
CCLE-34-Paclitaxel-SKIN,91,3,HS936T_SKIN
CCLE-34-Paclitaxel-SKIN,91,4,HS939T_SKIN
CCLE-34-Paclitaxel-SKIN,91,5,HT144_SKIN
CCLE-34-Paclitaxel-SKIN,91,6,IPC298_SKIN
CCLE-34-Paclitaxel-SKIN,91,7,LOXIMVI_SKIN
CCLE-34-Paclitaxel-SKIN,91,8,MDAMB435S_SKIN
CCLE-34-Paclitaxel-SKIN,91,9,MELHO_SKIN
CCLE-34-Paclitaxel-SKIN,91,10,MEWO_SKIN
CCLE-34-Paclitaxel-SKIN,91,11,RPMI7951_SKIN
CCLE-34-Paclitaxel-SKIN,91,12,RVH421_SKIN
CCLE-34-Paclitaxel-SKIN,91,13,SKMEL2_SKIN
CCLE-34-Paclitaxel-SKIN,91,14,SKMEL30_SKIN
CCLE-34-Paclitaxel-SKIN,91,15,SKMEL31_SKIN
CCLE-34-Paclitaxel-SKIN,91,16,SKMEL5_SKIN
CCLE-34-Paclitaxel-SKIN,91,17,WM793_SKIN
CCLE-34-Paclitaxel-SKIN,91,18,WM88_SKIN
CCLE-34-Paclitaxel-SKIN,92,1,A2058_SKIN
CCLE-34-Paclitaxel-SKIN,92,2,C32_SKIN
CCLE-34-Paclitaxel-SKIN,92,3,COLO679_SKIN
CCLE-34-Paclitaxel-SKIN,92,4,COLO741_SKIN
CCLE-34-Paclitaxel-SKIN,92,5,G361_SKIN
CCLE-34-Paclitaxel-SKIN,92,6,HS852T_SKIN
CCLE-34-Paclitaxel-SKIN,92,7,HS895T_SKIN
CCLE-34-Paclitaxel-SKIN,92,8,HS944T_SKIN
CCLE-34-Paclitaxel-SKIN,92,9,HT144_SKIN
CCLE-34-Paclitaxel-SKIN,92,10,IPC298_SKIN
CCLE-34-Paclitaxel-SKIN,92,11,MDAMB435S_SKIN
CCLE-34-Paclitaxel-SKIN,92,12,MELHO_SKIN
CCLE-34-Paclitaxel-SKIN,92,13,RVH421_SKIN
CCLE-34-Paclitaxel-SKIN,92,14,SKMEL24_SKIN
CCLE-34-Paclitaxel-SKIN,92,15,SKMEL30_SKIN
CCLE-34-Paclitaxel-SKIN,92,16,SKMEL31_SKIN
CCLE-34-Paclitaxel-SKIN,92,17,UACC257_SKIN
CCLE-34-Paclitaxel-SKIN,92,18,WM88_SKIN
CCLE-34-Paclitaxel-SKIN,93,1,A2058_SKIN
CCLE-34-Paclitaxel-SKIN,93,2,C32_SKIN
CCLE-34-Paclitaxel-SKIN,93,3,G361_SKIN
CCLE-34-Paclitaxel-SKIN,93,4,HS852T_SKIN
CCLE-34-Paclitaxel-SKIN,93,5,HS944T_SKIN
CCLE-34-Paclitaxel-SKIN,93,6,HT144_SKIN
CCLE-34-Paclitaxel-SKIN,93,7,K029AX_SKIN
CCLE-34-Paclitaxel-SKIN,93,8,LOXIMVI_SKIN
CCLE-34-Paclitaxel-SKIN,93,9,MALME3M_SKIN
CCLE-34-Paclitaxel-SKIN,93,10,MDAMB435S_SKIN
CCLE-34-Paclitaxel-SKIN,93,11,RVH421_SKIN
CCLE-34-Paclitaxel-SKIN,93,12,SKMEL24_SKIN
CCLE-34-Paclitaxel-SKIN,93,13,SKMEL30_SKIN
CCLE-34-Paclitaxel-SKIN,93,14,SKMEL5_SKIN
CCLE-34-Paclitaxel-SKIN,93,15,UACC62_SKIN
CCLE-34-Paclitaxel-SKIN,93,16,WM1799_SKIN
CCLE-34-Paclitaxel-SKIN,93,17,WM793_SKIN
CCLE-34-Paclitaxel-SKIN,93,18,WM983B_SKIN
CCLE-34-Paclitaxel-SKIN,94,1,A2058_SKIN
CCLE-34-Paclitaxel-SKIN,94,2,A375_SKIN
CCLE-34-Paclitaxel-SKIN,94,3,G361_SKIN
CCLE-34-Paclitaxel-SKIN,94,4,HS695T_SKIN
CCLE-34-Paclitaxel-SKIN,94,5,HS852T_SKIN
CCLE-34-Paclitaxel-SKIN,94,6,HS936T_SKIN
CCLE-34-Paclitaxel-SKIN,94,7,IPC298_SKIN
CCLE-34-Paclitaxel-SKIN,94,8,MALME3M_SKIN
CCLE-34-Paclitaxel-SKIN,94,9,MDAMB435S_SKIN
CCLE-34-Paclitaxel-SKIN,94,10,MELHO_SKIN
CCLE-34-Paclitaxel-SKIN,94,11,RPMI7951_SKIN
CCLE-34-Paclitaxel-SKIN,94,12,SKMEL24_SKIN
CCLE-34-Paclitaxel-SKIN,94,13,SKMEL2_SKIN
CCLE-34-Paclitaxel-SKIN,94,14,SKMEL30_SKIN
CCLE-34-Paclitaxel-SKIN,94,15,SKMEL31_SKIN
CCLE-34-Paclitaxel-SKIN,94,16,WM793_SKIN
CCLE-34-Paclitaxel-SKIN,94,17,WM88_SKIN
CCLE-34-Paclitaxel-SKIN,94,18,WM983B_SKIN
CCLE-34-Paclitaxel-SKIN,95,1,A375_SKIN
CCLE-34-Paclitaxel-SKIN,95,2,C32_SKIN
CCLE-34-Paclitaxel-SKIN,95,3,G361_SKIN
CCLE-34-Paclitaxel-SKIN,95,4,HS852T_SKIN
CCLE-34-Paclitaxel-SKIN,95,5,HS936T_SKIN
CCLE-34-Paclitaxel-SKIN,95,6,HS939T_SKIN
CCLE-34-Paclitaxel-SKIN,95,7,HT144_SKIN
CCLE-34-Paclitaxel-SKIN,95,8,IPC298_SKIN
CCLE-34-Paclitaxel-SKIN,95,9,MALME3M_SKIN
CCLE-34-Paclitaxel-SKIN,95,10,MDAMB435S_SKIN
CCLE-34-Paclitaxel-SKIN,95,11,MEWO_SKIN
CCLE-34-Paclitaxel-SKIN,95,12,SKMEL2_SKIN
CCLE-34-Paclitaxel-SKIN,95,13,SKMEL30_SKIN
CCLE-34-Paclitaxel-SKIN,95,14,SKMEL5_SKIN
CCLE-34-Paclitaxel-SKIN,95,15,UACC62_SKIN
CCLE-34-Paclitaxel-SKIN,95,16,WM793_SKIN
CCLE-34-Paclitaxel-SKIN,95,17,WM88_SKIN
CCLE-34-Paclitaxel-SKIN,95,18,WM983B_SKIN
CCLE-34-Paclitaxel-SKIN,96,1,A2058_SKIN
CCLE-34-Paclitaxel-SKIN,96,2,C32_SKIN
CCLE-34-Paclitaxel-SKIN,96,3,COLO679_SKIN
CCLE-34-Paclitaxel-SKIN,96,4,HS695T_SKIN
CCLE-34-Paclitaxel-SKIN,96,5,HS852T_SKIN
CCLE-34-Paclitaxel-SKIN,96,6,HS936T_SKIN
CCLE-34-Paclitaxel-SKIN,96,7,HS939T_SKIN
CCLE-34-Paclitaxel-SKIN,96,8,HS944T_SKIN
CCLE-34-Paclitaxel-SKIN,96,9,IPC298_SKIN
CCLE-34-Paclitaxel-SKIN,96,10,LOXIMVI_SKIN
CCLE-34-Paclitaxel-SKIN,96,11,MDAMB435S_SKIN
CCLE-34-Paclitaxel-SKIN,96,12,MELHO_SKIN
CCLE-34-Paclitaxel-SKIN,96,13,RVH421_SKIN
CCLE-34-Paclitaxel-SKIN,96,14,SKMEL2_SKIN
CCLE-34-Paclitaxel-SKIN,96,15,SKMEL30_SKIN
CCLE-34-Paclitaxel-SKIN,96,16,WM793_SKIN
CCLE-34-Paclitaxel-SKIN,96,17,WM88_SKIN
CCLE-34-Paclitaxel-SKIN,96,18,WM983B_SKIN
CCLE-34-Paclitaxel-SKIN,97,1,COLO679_SKIN
CCLE-34-Paclitaxel-SKIN,97,2,G361_SKIN
CCLE-34-Paclitaxel-SKIN,97,3,HS695T_SKIN
CCLE-34-Paclitaxel-SKIN,97,4,HS852T_SKIN
CCLE-34-Paclitaxel-SKIN,97,5,HS939T_SKIN
CCLE-34-Paclitaxel-SKIN,97,6,IPC298_SKIN
CCLE-34-Paclitaxel-SKIN,97,7,K029AX_SKIN
CCLE-34-Paclitaxel-SKIN,97,8,LOXIMVI_SKIN
CCLE-34-Paclitaxel-SKIN,97,9,MALME3M_SKIN
CCLE-34-Paclitaxel-SKIN,97,10,MELHO_SKIN
CCLE-34-Paclitaxel-SKIN,97,11,MEWO_SKIN
CCLE-34-Paclitaxel-SKIN,97,12,RPMI7951_SKIN
CCLE-34-Paclitaxel-SKIN,97,13,SKMEL24_SKIN
CCLE-34-Paclitaxel-SKIN,97,14,SKMEL2_SKIN
CCLE-34-Paclitaxel-SKIN,97,15,SKMEL5_SKIN
CCLE-34-Paclitaxel-SKIN,97,16,UACC62_SKIN
CCLE-34-Paclitaxel-SKIN,97,17,WM88_SKIN
CCLE-34-Paclitaxel-SKIN,97,18,WM983B_SKIN
CCLE-34-Paclitaxel-SKIN,98,1,A2058_SKIN
CCLE-34-Paclitaxel-SKIN,98,2,C32_SKIN
CCLE-34-Paclitaxel-SKIN,98,3,COLO679_SKIN
CCLE-34-Paclitaxel-SKIN,98,4,G361_SKIN
CCLE-34-Paclitaxel-SKIN,98,5,HS695T_SKIN
CCLE-34-Paclitaxel-SKIN,98,6,HS852T_SKIN
CCLE-34-Paclitaxel-SKIN,98,7,HS895T_SKIN
CCLE-34-Paclitaxel-SKIN,98,8,HS936T_SKIN
CCLE-34-Paclitaxel-SKIN,98,9,IPC298_SKIN
CCLE-34-Paclitaxel-SKIN,98,10,LOXIMVI_SKIN
CCLE-34-Paclitaxel-SKIN,98,11,MALME3M_SKIN
CCLE-34-Paclitaxel-SKIN,98,12,MELHO_SKIN
CCLE-34-Paclitaxel-SKIN,98,13,MEWO_SKIN
CCLE-34-Paclitaxel-SKIN,98,14,RPMI7951_SKIN
CCLE-34-Paclitaxel-SKIN,98,15,SKMEL2_SKIN
CCLE-34-Paclitaxel-SKIN,98,16,SKMEL5_SKIN
CCLE-34-Paclitaxel-SKIN,98,17,UACC62_SKIN
CCLE-34-Paclitaxel-SKIN,98,18,WM88_SKIN
CCLE-34-Paclitaxel-SKIN,99,1,A2058_SKIN
CCLE-34-Paclitaxel-SKIN,99,2,COLO741_SKIN
CCLE-34-Paclitaxel-SKIN,99,3,HS852T_SKIN
CCLE-34-Paclitaxel-SKIN,99,4,HS895T_SKIN
CCLE-34-Paclitaxel-SKIN,99,5,HS939T_SKIN
CCLE-34-Paclitaxel-SKIN,99,6,IPC298_SKIN
CCLE-34-Paclitaxel-SKIN,99,7,K029AX_SKIN
CCLE-34-Paclitaxel-SKIN,99,8,LOXIMVI_SKIN
CCLE-34-Paclitaxel-SKIN,99,9,MALME3M_SKIN
CCLE-34-Paclitaxel-SKIN,99,10,MDAMB435S_SKIN
CCLE-34-Paclitaxel-SKIN,99,11,MELHO_SKIN
CCLE-34-Paclitaxel-SKIN,99,12,RPMI7951_SKIN
CCLE-34-Paclitaxel-SKIN,99,13,SKMEL2_SKIN
CCLE-34-Paclitaxel-SKIN,99,14,SKMEL30_SKIN
CCLE-34-Paclitaxel-SKIN,99,15,SKMEL5_SKIN
CCLE-34-Paclitaxel-SKIN,99,16,UACC257_SKIN
CCLE-34-Paclitaxel-SKIN,99,17,WM88_SKIN
CCLE-34-Paclitaxel-SKIN,99,18,WM983B_SKIN
CCLE-34-Paclitaxel-SKIN,100,1,A2058_SKIN
CCLE-34-Paclitaxel-SKIN,100,2,C32_SKIN
CCLE-34-Paclitaxel-SKIN,100,3,HS695T_SKIN
CCLE-34-Paclitaxel-SKIN,100,4,HS895T_SKIN
CCLE-34-Paclitaxel-SKIN,100,5,HS936T_SKIN
CCLE-34-Paclitaxel-SKIN,100,6,K029AX_SKIN
CCLE-34-Paclitaxel-SKIN,100,7,MALME3M_SKIN
CCLE-34-Paclitaxel-SKIN,100,8,MDAMB435S_SKIN
CCLE-34-Paclitaxel-SKIN,100,9,MELHO_SKIN
CCLE-34-Paclitaxel-SKIN,100,10,MEWO_SKIN
CCLE-34-Paclitaxel-SKIN,100,11,RPMI7951_SKIN
CCLE-34-Paclitaxel-SKIN,100,12,SKMEL24_SKIN
CCLE-34-Paclitaxel-SKIN,100,13,SKMEL2_SKIN
CCLE-34-Paclitaxel-SKIN,100,14,SKMEL5_SKIN
CCLE-34-Paclitaxel-SKIN,100,15,UACC62_SKIN
CCLE-34-Paclitaxel-SKIN,100,16,WM793_SKIN
CCLE-34-Paclitaxel-SKIN,100,17,WM88_SKIN
CCLE-34-Paclitaxel-SKIN,100,18,WM983B_SKIN
CCLE-38-PD-0325901-HEM,1,1,AMO1_HAEMATOPOIETIC_AND_LYMPHOID_TISSUE
CCLE-38-PD-0325901-HEM,1,2,BL70_HAEMATOPOIETIC_AND_LYMPHOID_TISSUE
CCLE-38-PD-0325901-HEM,1,3,F36P_HAEMATOPOIETIC_AND_LYMPHOID_TISSUE
CCLE-38-PD-0325901-HEM,1,4,JM1_HAEMATOPOIETIC_AND_LYMPHOID_TISSUE
CCLE-38-PD-0325901-HEM,1,5,KARPAS299_HAEMATOPOIETIC_AND_LYMPHOID_TISSUE
CCLE-38-PD-0325901-HEM,1,6,KHM1B_HAEMATOPOIETIC_AND_LYMPHOID_TISSUE
CCLE-38-PD-0325901-HEM,1,7,KMS11_HAEMATOPOIETIC_AND_LYMPHOID_TISSUE
CCLE-38-PD-0325901-HEM,1,8,KU812_HAEMATOPOIETIC_AND_LYMPHOID_TISSUE
CCLE-38-PD-0325901-HEM,1,9,L363_HAEMATOPOIETIC_AND_LYMPHOID_TISSUE
CCLE-38-PD-0325901-HEM,1,10,LP1_HAEMATOPOIETIC_AND_LYMPHOID_TISSUE
CCLE-38-PD-0325901-HEM,1,11,MC116_HAEMATOPOIETIC_AND_LYMPHOID_TISSUE
CCLE-38-PD-0325901-HEM,1,12,MINO_HAEMATOPOIETIC_AND_LYMPHOID_TISSUE
CCLE-38-PD-0325901-HEM,1,13,MJ_HAEMATOPOIETIC_AND_LYMPHOID_TISSUE
CCLE-38-PD-0325901-HEM,1,14,OCIAML5_HAEMATOPOIETIC_AND_LYMPHOID_TISSUE
CCLE-38-PD-0325901-HEM,1,15,OPM2_HAEMATOPOIETIC_AND_LYMPHOID_TISSUE
CCLE-38-PD-0325901-HEM,1,16,P31FUJ_HAEMATOPOIETIC_AND_LYMPHOID_TISSUE
CCLE-38-PD-0325901-HEM,1,17,PFEIFFER_HAEMATOPOIETIC_AND_LYMPHOID_TISSUE
CCLE-38-PD-0325901-HEM,1,18,RAJI_HAEMATOPOIETIC_AND_LYMPHOID_TISSUE
CCLE-38-PD-0325901-HEM,2,1,CI1_HAEMATOPOIETIC_AND_LYMPHOID_TISSUE
CCLE-38-PD-0325901-HEM,2,2,DEL_HAEMATOPOIETIC_AND_LYMPHOID_TISSUE
CCLE-38-PD-0325901-HEM,2,3,F36P_HAEMATOPOIETIC_AND_LYMPHOID_TISSUE
CCLE-38-PD-0325901-HEM,2,4,GRANTA519_HAEMATOPOIETIC_AND_LYMPHOID_TISSUE
CCLE-38-PD-0325901-HEM,2,5,HDMYZ_HAEMATOPOIETIC_AND_LYMPHOID_TISSUE
CCLE-38-PD-0325901-HEM,2,6,HUT78_HAEMATOPOIETIC_AND_LYMPHOID_TISSUE
CCLE-38-PD-0325901-HEM,2,7,KCL22_HAEMATOPOIETIC_AND_LYMPHOID_TISSUE
CCLE-38-PD-0325901-HEM,2,8,KHM1B_HAEMATOPOIETIC_AND_LYMPHOID_TISSUE
CCLE-38-PD-0325901-HEM,2,9,KMM1_HAEMATOPOIETIC_AND_LYMPHOID_TISSUE
CCLE-38-PD-0325901-HEM,2,10,L363_HAEMATOPOIETIC_AND_LYMPHOID_TISSUE
CCLE-38-PD-0325901-HEM,2,11,MINO_HAEMATOPOIETIC_AND_LYMPHOID_TISSUE
CCLE-38-PD-0325901-HEM,2,12,MJ_HAEMATOPOIETIC_AND_LYMPHOID_TISSUE
CCLE-38-PD-0325901-HEM,2,13,NCO2_HAEMATOPOIETIC_AND_LYMPHOID_TISSUE
CCLE-38-PD-0325901-HEM,2,14,P12ICHIKAWA_HAEMATOPOIETIC_AND_LYMPHOID_TISSUE
CCLE-38-PD-0325901-HEM,2,15,REH_HAEMATOPOIETIC_AND_LYMPHOID_TISSUE
CCLE-38-PD-0325901-HEM,2,16,SKMM2_HAEMATOPOIETIC_AND_LYMPHOID_TISSUE
CCLE-38-PD-0325901-HEM,2,17,SUDHL10_HAEMATOPOIETIC_AND_LYMPHOID_TISSUE
CCLE-38-PD-0325901-HEM,2,18,SUPM2_HAEMATOPOIETIC_AND_LYMPHOID_TISSUE
CCLE-38-PD-0325901-HEM,3,1,BDCM_HAEMATOPOIETIC_AND_LYMPHOID_TISSUE
CCLE-38-PD-0325901-HEM,3,2,CI1_HAEMATOPOIETIC_AND_LYMPHOID_TISSUE
CCLE-38-PD-0325901-HEM,3,3,DOHH2_HAEMATOPOIETIC_AND_LYMPHOID_TISSUE
CCLE-38-PD-0325901-HEM,3,4,HDMYZ_HAEMATOPOIETIC_AND_LYMPHOID_TISSUE
CCLE-38-PD-0325901-HEM,3,5,HH_HAEMATOPOIETIC_AND_LYMPHOID_TISSUE
CCLE-38-PD-0325901-HEM,3,6,HUT78_HAEMATOPOIETIC_AND_LYMPHOID_TISSUE
CCLE-38-PD-0325901-HEM,3,7,KARPAS620_HAEMATOPOIETIC_AND_LYMPHOID_TISSUE
CCLE-38-PD-0325901-HEM,3,8,KASUMI2_HAEMATOPOIETIC_AND_LYMPHOID_TISSUE
CCLE-38-PD-0325901-HEM,3,9,KG1_HAEMATOPOIETIC_AND_LYMPHOID_TISSUE
CCLE-38-PD-0325901-HEM,3,10,KMS11_HAEMATOPOIETIC_AND_LYMPHOID_TISSUE
CCLE-38-PD-0325901-HEM,3,11,KMS34_HAEMATOPOIETIC_AND_LYMPHOID_TISSUE
CCLE-38-PD-0325901-HEM,3,12,KO52_HAEMATOPOIETIC_AND_LYMPHOID_TISSUE
CCLE-38-PD-0325901-HEM,3,13,KU812_HAEMATOPOIETIC_AND_LYMPHOID_TISSUE
CCLE-38-PD-0325901-HEM,3,14,L363_HAEMATOPOIETIC_AND_LYMPHOID_TISSUE
CCLE-38-PD-0325901-HEM,3,15,OCIAML2_HAEMATOPOIETIC_AND_LYMPHOID_TISSUE
CCLE-38-PD-0325901-HEM,3,16,P12ICHIKAWA_HAEMATOPOIETIC_AND_LYMPHOID_TISSUE
CCLE-38-PD-0325901-HEM,3,17,REH_HAEMATOPOIETIC_AND_LYMPHOID_TISSUE
CCLE-38-PD-0325901-HEM,3,18,SIGM5_HAEMATOPOIETIC_AND_LYMPHOID_TISSUE
CCLE-38-PD-0325901-HEM,4,1,697_HAEMATOPOIETIC_AND_LYMPHOID_TISSUE
CCLE-38-PD-0325901-HEM,4,2,BL41_HAEMATOPOIETIC_AND_LYMPHOID_TISSUE
CCLE-38-PD-0325901-HEM,4,3,BL70_HAEMATOPOIETIC_AND_LYMPHOID_TISSUE
CCLE-38-PD-0325901-HEM,4,4,HDMYZ_HAEMATOPOIETIC_AND_LYMPHOID_TISSUE
CCLE-38-PD-0325901-HEM,4,5,HT_HAEMATOPOIETIC_AND_LYMPHOID_TISSUE
CCLE-38-PD-0325901-HEM,4,6,KARPAS620_HAEMATOPOIETIC_AND_LYMPHOID_TISSUE
CCLE-38-PD-0325901-HEM,4,7,KHM1B_HAEMATOPOIETIC_AND_LYMPHOID_TISSUE
CCLE-38-PD-0325901-HEM,4,8,KMS11_HAEMATOPOIETIC_AND_LYMPHOID_TISSUE
CCLE-38-PD-0325901-HEM,4,9,KMS34_HAEMATOPOIETIC_AND_LYMPHOID_TISSUE
CCLE-38-PD-0325901-HEM,4,10,LP1_HAEMATOPOIETIC_AND_LYMPHOID_TISSUE
CCLE-38-PD-0325901-HEM,4,11,MEG01_HAEMATOPOIETIC_AND_LYMPHOID_TISSUE
CCLE-38-PD-0325901-HEM,4,12,OPM2_HAEMATOPOIETIC_AND_LYMPHOID_TISSUE
CCLE-38-PD-0325901-HEM,4,13,RPMI8402_HAEMATOPOIETIC_AND_LYMPHOID_TISSUE
CCLE-38-PD-0325901-HEM,4,14,SKMM2_HAEMATOPOIETIC_AND_LYMPHOID_TISSUE
CCLE-38-PD-0325901-HEM,4,15,SUDHL10_HAEMATOPOIETIC_AND_LYMPHOID_TISSUE
CCLE-38-PD-0325901-HEM,4,16,SUDHL4_HAEMATOPOIETIC_AND_LYMPHOID_TISSUE
CCLE-38-PD-0325901-HEM,4,17,SUDHL8_HAEMATOPOIETIC_AND_LYMPHOID_TISSUE
CCLE-38-PD-0325901-HEM,4,18,SUPM2_HAEMATOPOIETIC_AND_LYMPHOID_TISSUE
CCLE-38-PD-0325901-HEM,5,1,697_HAEMATOPOIETIC_AND_LYMPHOID_TISSUE
CCLE-38-PD-0325901-HEM,5,2,BL70_HAEMATOPOIETIC_AND_LYMPHOID_TISSUE
CCLE-38-PD-0325901-HEM,5,3,CI1_HAEMATOPOIETIC_AND_LYMPHOID_TISSUE
CCLE-38-PD-0325901-HEM,5,4,HDMYZ_HAEMATOPOIETIC_AND_LYMPHOID_TISSUE
CCLE-38-PD-0325901-HEM,5,5,HT_HAEMATOPOIETIC_AND_LYMPHOID_TISSUE
CCLE-38-PD-0325901-HEM,5,6,JURKAT_HAEMATOPOIETIC_AND_LYMPHOID_TISSUE
CCLE-38-PD-0325901-HEM,5,7,KARPAS299_HAEMATOPOIETIC_AND_LYMPHOID_TISSUE
CCLE-38-PD-0325901-HEM,5,8,KASUMI2_HAEMATOPOIETIC_AND_LYMPHOID_TISSUE
CCLE-38-PD-0325901-HEM,5,9,KCL22_HAEMATOPOIETIC_AND_LYMPHOID_TISSUE
CCLE-38-PD-0325901-HEM,5,10,KMS12BM_HAEMATOPOIETIC_AND_LYMPHOID_TISSUE
CCLE-38-PD-0325901-HEM,5,11,KMS26_HAEMATOPOIETIC_AND_LYMPHOID_TISSUE
CCLE-38-PD-0325901-HEM,5,12,MOLT16_HAEMATOPOIETIC_AND_LYMPHOID_TISSUE
CCLE-38-PD-0325901-HEM,5,13,NCO2_HAEMATOPOIETIC_AND_LYMPHOID_TISSUE
CCLE-38-PD-0325901-HEM,5,14,P31FUJ_HAEMATOPOIETIC_AND_LYMPHOID_TISSUE
CCLE-38-PD-0325901-HEM,5,15,REH_HAEMATOPOIETIC_AND_LYMPHOID_TISSUE
CCLE-38-PD-0325901-HEM,5,16,SIGM5_HAEMATOPOIETIC_AND_LYMPHOID_TISSUE
CCLE-38-PD-0325901-HEM,5,17,SUDHL8_HAEMATOPOIETIC_AND_LYMPHOID_TISSUE
CCLE-38-PD-0325901-HEM,5,18,TOLEDO_HAEMATOPOIETIC_AND_LYMPHOID_TISSUE
CCLE-38-PD-0325901-HEM,6,1,697_HAEMATOPOIETIC_AND_LYMPHOID_TISSUE
CCLE-38-PD-0325901-HEM,6,2,ALLSIL_HAEMATOPOIETIC_AND_LYMPHOID_TISSUE
CCLE-38-PD-0325901-HEM,6,3,CI1_HAEMATOPOIETIC_AND_LYMPHOID_TISSUE
CCLE-38-PD-0325901-HEM,6,4,DOHH2_HAEMATOPOIETIC_AND_LYMPHOID_TISSUE
CCLE-38-PD-0325901-HEM,6,5,JURKAT_HAEMATOPOIETIC_AND_LYMPHOID_TISSUE
CCLE-38-PD-0325901-HEM,6,6,KARPAS299_HAEMATOPOIETIC_AND_LYMPHOID_TISSUE
CCLE-38-PD-0325901-HEM,6,7,KO52_HAEMATOPOIETIC_AND_LYMPHOID_TISSUE
CCLE-38-PD-0325901-HEM,6,8,LP1_HAEMATOPOIETIC_AND_LYMPHOID_TISSUE
CCLE-38-PD-0325901-HEM,6,9,MOLT16_HAEMATOPOIETIC_AND_LYMPHOID_TISSUE
CCLE-38-PD-0325901-HEM,6,10,P12ICHIKAWA_HAEMATOPOIETIC_AND_LYMPHOID_TISSUE
CCLE-38-PD-0325901-HEM,6,11,P31FUJ_HAEMATOPOIETIC_AND_LYMPHOID_TISSUE
CCLE-38-PD-0325901-HEM,6,12,P3HR1_HAEMATOPOIETIC_AND_LYMPHOID_TISSUE
CCLE-38-PD-0325901-HEM,6,13,RAJI_HAEMATOPOIETIC_AND_LYMPHOID_TISSUE
CCLE-38-PD-0325901-HEM,6,14,REH_HAEMATOPOIETIC_AND_LYMPHOID_TISSUE
CCLE-38-PD-0325901-HEM,6,15,RPMI8402_HAEMATOPOIETIC_AND_LYMPHOID_TISSUE
CCLE-38-PD-0325901-HEM,6,16,SUDHL6_HAEMATOPOIETIC_AND_LYMPHOID_TISSUE
CCLE-38-PD-0325901-HEM,6,17,TOLEDO_HAEMATOPOIETIC_AND_LYMPHOID_TISSUE
CCLE-38-PD-0325901-HEM,6,18,U937_HAEMATOPOIETIC_AND_LYMPHOID_TISSUE
CCLE-38-PD-0325901-HEM,7,1,697_HAEMATOPOIETIC_AND_LYMPHOID_TISSUE
CCLE-38-PD-0325901-HEM,7,2,BL41_HAEMATOPOIETIC_AND_LYMPHOID_TISSUE
CCLE-38-PD-0325901-HEM,7,3,HH_HAEMATOPOIETIC_AND_LYMPHOID_TISSUE
CCLE-38-PD-0325901-HEM,7,4,JURKAT_HAEMATOPOIETIC_AND_LYMPHOID_TISSUE
CCLE-38-PD-0325901-HEM,7,5,KARPAS620_HAEMATOPOIETIC_AND_LYMPHOID_TISSUE
CCLE-38-PD-0325901-HEM,7,6,KMM1_HAEMATOPOIETIC_AND_LYMPHOID_TISSUE
CCLE-38-PD-0325901-HEM,7,7,KO52_HAEMATOPOIETIC_AND_LYMPHOID_TISSUE
CCLE-38-PD-0325901-HEM,7,8,L363_HAEMATOPOIETIC_AND_LYMPHOID_TISSUE
CCLE-38-PD-0325901-HEM,7,9,MEG01_HAEMATOPOIETIC_AND_LYMPHOID_TISSUE
CCLE-38-PD-0325901-HEM,7,10,MJ_HAEMATOPOIETIC_AND_LYMPHOID_TISSUE
CCLE-38-PD-0325901-HEM,7,11,MOLT16_HAEMATOPOIETIC_AND_LYMPHOID_TISSUE
CCLE-38-PD-0325901-HEM,7,12,OCIAML5_HAEMATOPOIETIC_AND_LYMPHOID_TISSUE
CCLE-38-PD-0325901-HEM,7,13,OPM2_HAEMATOPOIETIC_AND_LYMPHOID_TISSUE
CCLE-38-PD-0325901-HEM,7,14,RAJI_HAEMATOPOIETIC_AND_LYMPHOID_TISSUE
CCLE-38-PD-0325901-HEM,7,15,SIGM5_HAEMATOPOIETIC_AND_LYMPHOID_TISSUE
CCLE-38-PD-0325901-HEM,7,16,SKMM2_HAEMATOPOIETIC_AND_LYMPHOID_TISSUE
CCLE-38-PD-0325901-HEM,7,17,SUPM2_HAEMATOPOIETIC_AND_LYMPHOID_TISSUE
CCLE-38-PD-0325901-HEM,7,18,SUPT1_HAEMATOPOIETIC_AND_LYMPHOID_TISSUE
CCLE-38-PD-0325901-HEM,8,1,AMO1_HAEMATOPOIETIC_AND_LYMPHOID_TISSUE
CCLE-38-PD-0325901-HEM,8,2,F36P_HAEMATOPOIETIC_AND_LYMPHOID_TISSUE
CCLE-38-PD-0325901-HEM,8,3,KASUMI2_HAEMATOPOIETIC_AND_LYMPHOID_TISSUE
CCLE-38-PD-0325901-HEM,8,4,KMS11_HAEMATOPOIETIC_AND_LYMPHOID_TISSUE
CCLE-38-PD-0325901-HEM,8,5,KMS12BM_HAEMATOPOIETIC_AND_LYMPHOID_TISSUE
CCLE-38-PD-0325901-HEM,8,6,KMS34_HAEMATOPOIETIC_AND_LYMPHOID_TISSUE
CCLE-38-PD-0325901-HEM,8,7,L363_HAEMATOPOIETIC_AND_LYMPHOID_TISSUE
CCLE-38-PD-0325901-HEM,8,8,L428_HAEMATOPOIETIC_AND_LYMPHOID_TISSUE
CCLE-38-PD-0325901-HEM,8,9,LP1_HAEMATOPOIETIC_AND_LYMPHOID_TISSUE
CCLE-38-PD-0325901-HEM,8,10,MEG01_HAEMATOPOIETIC_AND_LYMPHOID_TISSUE
CCLE-38-PD-0325901-HEM,8,11,NCO2_HAEMATOPOIETIC_AND_LYMPHOID_TISSUE
CCLE-38-PD-0325901-HEM,8,12,OCIAML5_HAEMATOPOIETIC_AND_LYMPHOID_TISSUE
CCLE-38-PD-0325901-HEM,8,13,OPM2_HAEMATOPOIETIC_AND_LYMPHOID_TISSUE
CCLE-38-PD-0325901-HEM,8,14,P12ICHIKAWA_HAEMATOPOIETIC_AND_LYMPHOID_TISSUE
CCLE-38-PD-0325901-HEM,8,15,P3HR1_HAEMATOPOIETIC_AND_LYMPHOID_TISSUE
CCLE-38-PD-0325901-HEM,8,16,SIGM5_HAEMATOPOIETIC_AND_LYMPHOID_TISSUE
CCLE-38-PD-0325901-HEM,8,17,SUDHL10_HAEMATOPOIETIC_AND_LYMPHOID_TISSUE
CCLE-38-PD-0325901-HEM,8,18,SUPT1_HAEMATOPOIETIC_AND_LYMPHOID_TISSUE
CCLE-38-PD-0325901-HEM,9,1,ALLSIL_HAEMATOPOIETIC_AND_LYMPHOID_TISSUE
CCLE-38-PD-0325901-HEM,9,2,BL70_HAEMATOPOIETIC_AND_LYMPHOID_TISSUE
CCLE-38-PD-0325901-HEM,9,3,DEL_HAEMATOPOIETIC_AND_LYMPHOID_TISSUE
CCLE-38-PD-0325901-HEM,9,4,EM2_HAEMATOPOIETIC_AND_LYMPHOID_TISSUE
CCLE-38-PD-0325901-HEM,9,5,GRANTA519_HAEMATOPOIETIC_AND_LYMPHOID_TISSUE
CCLE-38-PD-0325901-HEM,9,6,HT_HAEMATOPOIETIC_AND_LYMPHOID_TISSUE
CCLE-38-PD-0325901-HEM,9,7,KCL22_HAEMATOPOIETIC_AND_LYMPHOID_TISSUE
CCLE-38-PD-0325901-HEM,9,8,KMS12BM_HAEMATOPOIETIC_AND_LYMPHOID_TISSUE
CCLE-38-PD-0325901-HEM,9,9,KMS34_HAEMATOPOIETIC_AND_LYMPHOID_TISSUE
CCLE-38-PD-0325901-HEM,9,10,KU812_HAEMATOPOIETIC_AND_LYMPHOID_TISSUE
CCLE-38-PD-0325901-HEM,9,11,MJ_HAEMATOPOIETIC_AND_LYMPHOID_TISSUE
CCLE-38-PD-0325901-HEM,9,12,P12ICHIKAWA_HAEMATOPOIETIC_AND_LYMPHOID_TISSUE
CCLE-38-PD-0325901-HEM,9,13,P3HR1_HAEMATOPOIETIC_AND_LYMPHOID_TISSUE
CCLE-38-PD-0325901-HEM,9,14,RAJI_HAEMATOPOIETIC_AND_LYMPHOID_TISSUE
CCLE-38-PD-0325901-HEM,9,15,REH_HAEMATOPOIETIC_AND_LYMPHOID_TISSUE
CCLE-38-PD-0325901-HEM,9,16,SUDHL6_HAEMATOPOIETIC_AND_LYMPHOID_TISSUE
CCLE-38-PD-0325901-HEM,9,17,SUDHL8_HAEMATOPOIETIC_AND_LYMPHOID_TISSUE
CCLE-38-PD-0325901-HEM,9,18,U937_HAEMATOPOIETIC_AND_LYMPHOID_TISSUE
CCLE-38-PD-0325901-HEM,10,1,AMO1_HAEMATOPOIETIC_AND_LYMPHOID_TISSUE
CCLE-38-PD-0325901-HEM,10,2,GRANTA519_HAEMATOPOIETIC_AND_LYMPHOID_TISSUE
CCLE-38-PD-0325901-HEM,10,3,JM1_HAEMATOPOIETIC_AND_LYMPHOID_TISSUE
CCLE-38-PD-0325901-HEM,10,4,KASUMI2_HAEMATOPOIETIC_AND_LYMPHOID_TISSUE
CCLE-38-PD-0325901-HEM,10,5,KCL22_HAEMATOPOIETIC_AND_LYMPHOID_TISSUE
CCLE-38-PD-0325901-HEM,10,6,KHM1B_HAEMATOPOIETIC_AND_LYMPHOID_TISSUE
CCLE-38-PD-0325901-HEM,10,7,KMS12BM_HAEMATOPOIETIC_AND_LYMPHOID_TISSUE
CCLE-38-PD-0325901-HEM,10,8,KO52_HAEMATOPOIETIC_AND_LYMPHOID_TISSUE
CCLE-38-PD-0325901-HEM,10,9,KU812_HAEMATOPOIETIC_AND_LYMPHOID_TISSUE
CCLE-38-PD-0325901-HEM,10,10,MC116_HAEMATOPOIETIC_AND_LYMPHOID_TISSUE
CCLE-38-PD-0325901-HEM,10,11,MEG01_HAEMATOPOIETIC_AND_LYMPHOID_TISSUE
CCLE-38-PD-0325901-HEM,10,12,OCIAML2_HAEMATOPOIETIC_AND_LYMPHOID_TISSUE
CCLE-38-PD-0325901-HEM,10,13,OCIAML5_HAEMATOPOIETIC_AND_LYMPHOID_TISSUE
CCLE-38-PD-0325901-HEM,10,14,OPM2_HAEMATOPOIETIC_AND_LYMPHOID_TISSUE
CCLE-38-PD-0325901-HEM,10,15,RAJI_HAEMATOPOIETIC_AND_LYMPHOID_TISSUE
CCLE-38-PD-0325901-HEM,10,16,SIGM5_HAEMATOPOIETIC_AND_LYMPHOID_TISSUE
CCLE-38-PD-0325901-HEM,10,17,SUPT1_HAEMATOPOIETIC_AND_LYMPHOID_TISSUE
CCLE-38-PD-0325901-HEM,10,18,U937_HAEMATOPOIETIC_AND_LYMPHOID_TISSUE
CCLE-38-PD-0325901-HEM,11,1,AMO1_HAEMATOPOIETIC_AND_LYMPHOID_TISSUE
CCLE-38-PD-0325901-HEM,11,2,BL41_HAEMATOPOIETIC_AND_LYMPHOID_TISSUE
CCLE-38-PD-0325901-HEM,11,3,BL70_HAEMATOPOIETIC_AND_LYMPHOID_TISSUE
CCLE-38-PD-0325901-HEM,11,4,CI1_HAEMATOPOIETIC_AND_LYMPHOID_TISSUE
CCLE-38-PD-0325901-HEM,11,5,DOHH2_HAEMATOPOIETIC_AND_LYMPHOID_TISSUE
CCLE-38-PD-0325901-HEM,11,6,GRANTA519_HAEMATOPOIETIC_AND_LYMPHOID_TISSUE
CCLE-38-PD-0325901-HEM,11,7,HDMYZ_HAEMATOPOIETIC_AND_LYMPHOID_TISSUE
CCLE-38-PD-0325901-HEM,11,8,HH_HAEMATOPOIETIC_AND_LYMPHOID_TISSUE
CCLE-38-PD-0325901-HEM,11,9,HT_HAEMATOPOIETIC_AND_LYMPHOID_TISSUE
CCLE-38-PD-0325901-HEM,11,10,JVM3_HAEMATOPOIETIC_AND_LYMPHOID_TISSUE
CCLE-38-PD-0325901-HEM,11,11,KASUMI2_HAEMATOPOIETIC_AND_LYMPHOID_TISSUE
CCLE-38-PD-0325901-HEM,11,12,KG1_HAEMATOPOIETIC_AND_LYMPHOID_TISSUE
CCLE-38-PD-0325901-HEM,11,13,KMS34_HAEMATOPOIETIC_AND_LYMPHOID_TISSUE
CCLE-38-PD-0325901-HEM,11,14,L363_HAEMATOPOIETIC_AND_LYMPHOID_TISSUE
CCLE-38-PD-0325901-HEM,11,15,RPMI8402_HAEMATOPOIETIC_AND_LYMPHOID_TISSUE
CCLE-38-PD-0325901-HEM,11,16,SKMM2_HAEMATOPOIETIC_AND_LYMPHOID_TISSUE
CCLE-38-PD-0325901-HEM,11,17,SUDHL4_HAEMATOPOIETIC_AND_LYMPHOID_TISSUE
CCLE-38-PD-0325901-HEM,11,18,U937_HAEMATOPOIETIC_AND_LYMPHOID_TISSUE
CCLE-38-PD-0325901-HEM,12,1,697_HAEMATOPOIETIC_AND_LYMPHOID_TISSUE
CCLE-38-PD-0325901-HEM,12,2,ALLSIL_HAEMATOPOIETIC_AND_LYMPHOID_TISSUE
CCLE-38-PD-0325901-HEM,12,3,DOHH2_HAEMATOPOIETIC_AND_LYMPHOID_TISSUE
CCLE-38-PD-0325901-HEM,12,4,F36P_HAEMATOPOIETIC_AND_LYMPHOID_TISSUE
CCLE-38-PD-0325901-HEM,12,5,GRANTA519_HAEMATOPOIETIC_AND_LYMPHOID_TISSUE
CCLE-38-PD-0325901-HEM,12,6,HH_HAEMATOPOIETIC_AND_LYMPHOID_TISSUE
CCLE-38-PD-0325901-HEM,12,7,HT_HAEMATOPOIETIC_AND_LYMPHOID_TISSUE
CCLE-38-PD-0325901-HEM,12,8,HUT78_HAEMATOPOIETIC_AND_LYMPHOID_TISSUE
CCLE-38-PD-0325901-HEM,12,9,JM1_HAEMATOPOIETIC_AND_LYMPHOID_TISSUE
CCLE-38-PD-0325901-HEM,12,10,KARPAS299_HAEMATOPOIETIC_AND_LYMPHOID_TISSUE
CCLE-38-PD-0325901-HEM,12,11,KASUMI2_HAEMATOPOIETIC_AND_LYMPHOID_TISSUE
CCLE-38-PD-0325901-HEM,12,12,MINO_HAEMATOPOIETIC_AND_LYMPHOID_TISSUE
CCLE-38-PD-0325901-HEM,12,13,MOLT16_HAEMATOPOIETIC_AND_LYMPHOID_TISSUE
CCLE-38-PD-0325901-HEM,12,14,OCIAML2_HAEMATOPOIETIC_AND_LYMPHOID_TISSUE
CCLE-38-PD-0325901-HEM,12,15,PFEIFFER_HAEMATOPOIETIC_AND_LYMPHOID_TISSUE
CCLE-38-PD-0325901-HEM,12,16,RPMI8402_HAEMATOPOIETIC_AND_LYMPHOID_TISSUE
CCLE-38-PD-0325901-HEM,12,17,SUDHL10_HAEMATOPOIETIC_AND_LYMPHOID_TISSUE
CCLE-38-PD-0325901-HEM,12,18,SUPM2_HAEMATOPOIETIC_AND_LYMPHOID_TISSUE
CCLE-38-PD-0325901-HEM,13,1,AMO1_HAEMATOPOIETIC_AND_LYMPHOID_TISSUE
CCLE-38-PD-0325901-HEM,13,2,BL70_HAEMATOPOIETIC_AND_LYMPHOID_TISSUE
CCLE-38-PD-0325901-HEM,13,3,CI1_HAEMATOPOIETIC_AND_LYMPHOID_TISSUE
CCLE-38-PD-0325901-HEM,13,4,DOHH2_HAEMATOPOIETIC_AND_LYMPHOID_TISSUE
CCLE-38-PD-0325901-HEM,13,5,GRANTA519_HAEMATOPOIETIC_AND_LYMPHOID_TISSUE
CCLE-38-PD-0325901-HEM,13,6,KARPAS620_HAEMATOPOIETIC_AND_LYMPHOID_TISSUE
CCLE-38-PD-0325901-HEM,13,7,KASUMI2_HAEMATOPOIETIC_AND_LYMPHOID_TISSUE
CCLE-38-PD-0325901-HEM,13,8,KMS12BM_HAEMATOPOIETIC_AND_LYMPHOID_TISSUE
CCLE-38-PD-0325901-HEM,13,9,KU812_HAEMATOPOIETIC_AND_LYMPHOID_TISSUE
CCLE-38-PD-0325901-HEM,13,10,MC116_HAEMATOPOIETIC_AND_LYMPHOID_TISSUE
CCLE-38-PD-0325901-HEM,13,11,MEG01_HAEMATOPOIETIC_AND_LYMPHOID_TISSUE
CCLE-38-PD-0325901-HEM,13,12,MJ_HAEMATOPOIETIC_AND_LYMPHOID_TISSUE
CCLE-38-PD-0325901-HEM,13,13,MOLT16_HAEMATOPOIETIC_AND_LYMPHOID_TISSUE
CCLE-38-PD-0325901-HEM,13,14,P31FUJ_HAEMATOPOIETIC_AND_LYMPHOID_TISSUE
CCLE-38-PD-0325901-HEM,13,15,RPMI8402_HAEMATOPOIETIC_AND_LYMPHOID_TISSUE
CCLE-38-PD-0325901-HEM,13,16,SUDHL8_HAEMATOPOIETIC_AND_LYMPHOID_TISSUE
CCLE-38-PD-0325901-HEM,13,17,SUPT1_HAEMATOPOIETIC_AND_LYMPHOID_TISSUE
CCLE-38-PD-0325901-HEM,13,18,TOLEDO_HAEMATOPOIETIC_AND_LYMPHOID_TISSUE
CCLE-38-PD-0325901-HEM,14,1,697_HAEMATOPOIETIC_AND_LYMPHOID_TISSUE
CCLE-38-PD-0325901-HEM,14,2,BL41_HAEMATOPOIETIC_AND_LYMPHOID_TISSUE
CCLE-38-PD-0325901-HEM,14,3,BL70_HAEMATOPOIETIC_AND_LYMPHOID_TISSUE
CCLE-38-PD-0325901-HEM,14,4,HH_HAEMATOPOIETIC_AND_LYMPHOID_TISSUE
CCLE-38-PD-0325901-HEM,14,5,JVM3_HAEMATOPOIETIC_AND_LYMPHOID_TISSUE
CCLE-38-PD-0325901-HEM,14,6,KCL22_HAEMATOPOIETIC_AND_LYMPHOID_TISSUE
CCLE-38-PD-0325901-HEM,14,7,KHM1B_HAEMATOPOIETIC_AND_LYMPHOID_TISSUE
CCLE-38-PD-0325901-HEM,14,8,KMM1_HAEMATOPOIETIC_AND_LYMPHOID_TISSUE
CCLE-38-PD-0325901-HEM,14,9,KMS12BM_HAEMATOPOIETIC_AND_LYMPHOID_TISSUE
CCLE-38-PD-0325901-HEM,14,10,KO52_HAEMATOPOIETIC_AND_LYMPHOID_TISSUE
CCLE-38-PD-0325901-HEM,14,11,MC116_HAEMATOPOIETIC_AND_LYMPHOID_TISSUE
CCLE-38-PD-0325901-HEM,14,12,MOLP8_HAEMATOPOIETIC_AND_LYMPHOID_TISSUE
CCLE-38-PD-0325901-HEM,14,13,MOLT16_HAEMATOPOIETIC_AND_LYMPHOID_TISSUE
CCLE-38-PD-0325901-HEM,14,14,P12ICHIKAWA_HAEMATOPOIETIC_AND_LYMPHOID_TISSUE
CCLE-38-PD-0325901-HEM,14,15,P31FUJ_HAEMATOPOIETIC_AND_LYMPHOID_TISSUE
CCLE-38-PD-0325901-HEM,14,16,P3HR1_HAEMATOPOIETIC_AND_LYMPHOID_TISSUE
CCLE-38-PD-0325901-HEM,14,17,SUDHL10_HAEMATOPOIETIC_AND_LYMPHOID_TISSUE
CCLE-38-PD-0325901-HEM,14,18,SUPM2_HAEMATOPOIETIC_AND_LYMPHOID_TISSUE
CCLE-38-PD-0325901-HEM,15,1,ALLSIL_HAEMATOPOIETIC_AND_LYMPHOID_TISSUE
CCLE-38-PD-0325901-HEM,15,2,AMO1_HAEMATOPOIETIC_AND_LYMPHOID_TISSUE
CCLE-38-PD-0325901-HEM,15,3,DOHH2_HAEMATOPOIETIC_AND_LYMPHOID_TISSUE
CCLE-38-PD-0325901-HEM,15,4,JURKAT_HAEMATOPOIETIC_AND_LYMPHOID_TISSUE
CCLE-38-PD-0325901-HEM,15,5,KARPAS299_HAEMATOPOIETIC_AND_LYMPHOID_TISSUE
CCLE-38-PD-0325901-HEM,15,6,KMS11_HAEMATOPOIETIC_AND_LYMPHOID_TISSUE
CCLE-38-PD-0325901-HEM,15,7,KMS34_HAEMATOPOIETIC_AND_LYMPHOID_TISSUE
CCLE-38-PD-0325901-HEM,15,8,L428_HAEMATOPOIETIC_AND_LYMPHOID_TISSUE
CCLE-38-PD-0325901-HEM,15,9,LP1_HAEMATOPOIETIC_AND_LYMPHOID_TISSUE
CCLE-38-PD-0325901-HEM,15,10,MC116_HAEMATOPOIETIC_AND_LYMPHOID_TISSUE
CCLE-38-PD-0325901-HEM,15,11,MEG01_HAEMATOPOIETIC_AND_LYMPHOID_TISSUE
CCLE-38-PD-0325901-HEM,15,12,MJ_HAEMATOPOIETIC_AND_LYMPHOID_TISSUE
CCLE-38-PD-0325901-HEM,15,13,MOLP8_HAEMATOPOIETIC_AND_LYMPHOID_TISSUE
CCLE-38-PD-0325901-HEM,15,14,OCIAML5_HAEMATOPOIETIC_AND_LYMPHOID_TISSUE
CCLE-38-PD-0325901-HEM,15,15,OPM2_HAEMATOPOIETIC_AND_LYMPHOID_TISSUE
CCLE-38-PD-0325901-HEM,15,16,RAJI_HAEMATOPOIETIC_AND_LYMPHOID_TISSUE
CCLE-38-PD-0325901-HEM,15,17,RPMI8402_HAEMATOPOIETIC_AND_LYMPHOID_TISSUE
CCLE-38-PD-0325901-HEM,15,18,SUPT1_HAEMATOPOIETIC_AND_LYMPHOID_TISSUE
CCLE-38-PD-0325901-HEM,16,1,AMO1_HAEMATOPOIETIC_AND_LYMPHOID_TISSUE
CCLE-38-PD-0325901-HEM,16,2,BDCM_HAEMATOPOIETIC_AND_LYMPHOID_TISSUE
CCLE-38-PD-0325901-HEM,16,3,CI1_HAEMATOPOIETIC_AND_LYMPHOID_TISSUE
CCLE-38-PD-0325901-HEM,16,4,HDMYZ_HAEMATOPOIETIC_AND_LYMPHOID_TISSUE
CCLE-38-PD-0325901-HEM,16,5,JVM3_HAEMATOPOIETIC_AND_LYMPHOID_TISSUE
CCLE-38-PD-0325901-HEM,16,6,KARPAS299_HAEMATOPOIETIC_AND_LYMPHOID_TISSUE
CCLE-38-PD-0325901-HEM,16,7,KASUMI2_HAEMATOPOIETIC_AND_LYMPHOID_TISSUE
CCLE-38-PD-0325901-HEM,16,8,KMS26_HAEMATOPOIETIC_AND_LYMPHOID_TISSUE
CCLE-38-PD-0325901-HEM,16,9,KU812_HAEMATOPOIETIC_AND_LYMPHOID_TISSUE
CCLE-38-PD-0325901-HEM,16,10,LP1_HAEMATOPOIETIC_AND_LYMPHOID_TISSUE
CCLE-38-PD-0325901-HEM,16,11,MC116_HAEMATOPOIETIC_AND_LYMPHOID_TISSUE
CCLE-38-PD-0325901-HEM,16,12,MOLT16_HAEMATOPOIETIC_AND_LYMPHOID_TISSUE
CCLE-38-PD-0325901-HEM,16,13,OCIAML5_HAEMATOPOIETIC_AND_LYMPHOID_TISSUE
CCLE-38-PD-0325901-HEM,16,14,OPM2_HAEMATOPOIETIC_AND_LYMPHOID_TISSUE
CCLE-38-PD-0325901-HEM,16,15,P12ICHIKAWA_HAEMATOPOIETIC_AND_LYMPHOID_TISSUE
CCLE-38-PD-0325901-HEM,16,16,PFEIFFER_HAEMATOPOIETIC_AND_LYMPHOID_TISSUE
CCLE-38-PD-0325901-HEM,16,17,SUDHL8_HAEMATOPOIETIC_AND_LYMPHOID_TISSUE
CCLE-38-PD-0325901-HEM,16,18,SUPM2_HAEMATOPOIETIC_AND_LYMPHOID_TISSUE
CCLE-38-PD-0325901-HEM,17,1,ALLSIL_HAEMATOPOIETIC_AND_LYMPHOID_TISSUE
CCLE-38-PD-0325901-HEM,17,2,JVM3_HAEMATOPOIETIC_AND_LYMPHOID_TISSUE
CCLE-38-PD-0325901-HEM,17,3,KARPAS620_HAEMATOPOIETIC_AND_LYMPHOID_TISSUE
CCLE-38-PD-0325901-HEM,17,4,KMS11_HAEMATOPOIETIC_AND_LYMPHOID_TISSUE
CCLE-38-PD-0325901-HEM,17,5,KMS12BM_HAEMATOPOIETIC_AND_LYMPHOID_TISSUE
CCLE-38-PD-0325901-HEM,17,6,KMS26_HAEMATOPOIETIC_AND_LYMPHOID_TISSUE
CCLE-38-PD-0325901-HEM,17,7,KO52_HAEMATOPOIETIC_AND_LYMPHOID_TISSUE
CCLE-38-PD-0325901-HEM,17,8,KU812_HAEMATOPOIETIC_AND_LYMPHOID_TISSUE
CCLE-38-PD-0325901-HEM,17,9,MEG01_HAEMATOPOIETIC_AND_LYMPHOID_TISSUE
CCLE-38-PD-0325901-HEM,17,10,MINO_HAEMATOPOIETIC_AND_LYMPHOID_TISSUE
CCLE-38-PD-0325901-HEM,17,11,MJ_HAEMATOPOIETIC_AND_LYMPHOID_TISSUE
CCLE-38-PD-0325901-HEM,17,12,MOLT16_HAEMATOPOIETIC_AND_LYMPHOID_TISSUE
CCLE-38-PD-0325901-HEM,17,13,OCIAML5_HAEMATOPOIETIC_AND_LYMPHOID_TISSUE
CCLE-38-PD-0325901-HEM,17,14,OPM2_HAEMATOPOIETIC_AND_LYMPHOID_TISSUE
CCLE-38-PD-0325901-HEM,17,15,RPMI8402_HAEMATOPOIETIC_AND_LYMPHOID_TISSUE
CCLE-38-PD-0325901-HEM,17,16,SUDHL4_HAEMATOPOIETIC_AND_LYMPHOID_TISSUE
CCLE-38-PD-0325901-HEM,17,17,SUDHL6_HAEMATOPOIETIC_AND_LYMPHOID_TISSUE
CCLE-38-PD-0325901-HEM,17,18,SUDHL8_HAEMATOPOIETIC_AND_LYMPHOID_TISSUE
CCLE-38-PD-0325901-HEM,18,1,AMO1_HAEMATOPOIETIC_AND_LYMPHOID_TISSUE
CCLE-38-PD-0325901-HEM,18,2,DOHH2_HAEMATOPOIETIC_AND_LYMPHOID_TISSUE
CCLE-38-PD-0325901-HEM,18,3,F36P_HAEMATOPOIETIC_AND_LYMPHOID_TISSUE
CCLE-38-PD-0325901-HEM,18,4,GRANTA519_HAEMATOPOIETIC_AND_LYMPHOID_TISSUE
CCLE-38-PD-0325901-HEM,18,5,JM1_HAEMATOPOIETIC_AND_LYMPHOID_TISSUE
CCLE-38-PD-0325901-HEM,18,6,KARPAS299_HAEMATOPOIETIC_AND_LYMPHOID_TISSUE
CCLE-38-PD-0325901-HEM,18,7,KARPAS620_HAEMATOPOIETIC_AND_LYMPHOID_TISSUE
CCLE-38-PD-0325901-HEM,18,8,KMM1_HAEMATOPOIETIC_AND_LYMPHOID_TISSUE
CCLE-38-PD-0325901-HEM,18,9,KMS12BM_HAEMATOPOIETIC_AND_LYMPHOID_TISSUE
CCLE-38-PD-0325901-HEM,18,10,L363_HAEMATOPOIETIC_AND_LYMPHOID_TISSUE
CCLE-38-PD-0325901-HEM,18,11,MEG01_HAEMATOPOIETIC_AND_LYMPHOID_TISSUE
CCLE-38-PD-0325901-HEM,18,12,OCIAML2_HAEMATOPOIETIC_AND_LYMPHOID_TISSUE
CCLE-38-PD-0325901-HEM,18,13,OCIAML5_HAEMATOPOIETIC_AND_LYMPHOID_TISSUE
CCLE-38-PD-0325901-HEM,18,14,PFEIFFER_HAEMATOPOIETIC_AND_LYMPHOID_TISSUE
CCLE-38-PD-0325901-HEM,18,15,RAJI_HAEMATOPOIETIC_AND_LYMPHOID_TISSUE
CCLE-38-PD-0325901-HEM,18,16,REH_HAEMATOPOIETIC_AND_LYMPHOID_TISSUE
CCLE-38-PD-0325901-HEM,18,17,SUDHL6_HAEMATOPOIETIC_AND_LYMPHOID_TISSUE
CCLE-38-PD-0325901-HEM,18,18,SUPM2_HAEMATOPOIETIC_AND_LYMPHOID_TISSUE
CCLE-38-PD-0325901-HEM,19,1,DOHH2_HAEMATOPOIETIC_AND_LYMPHOID_TISSUE
CCLE-38-PD-0325901-HEM,19,2,EM2_HAEMATOPOIETIC_AND_LYMPHOID_TISSUE
CCLE-38-PD-0325901-HEM,19,3,F36P_HAEMATOPOIETIC_AND_LYMPHOID_TISSUE
CCLE-38-PD-0325901-HEM,19,4,HUT78_HAEMATOPOIETIC_AND_LYMPHOID_TISSUE
CCLE-38-PD-0325901-HEM,19,5,KMM1_HAEMATOPOIETIC_AND_LYMPHOID_TISSUE
CCLE-38-PD-0325901-HEM,19,6,KMS12BM_HAEMATOPOIETIC_AND_LYMPHOID_TISSUE
CCLE-38-PD-0325901-HEM,19,7,KU812_HAEMATOPOIETIC_AND_LYMPHOID_TISSUE
CCLE-38-PD-0325901-HEM,19,8,MC116_HAEMATOPOIETIC_AND_LYMPHOID_TISSUE
CCLE-38-PD-0325901-HEM,19,9,MOLP8_HAEMATOPOIETIC_AND_LYMPHOID_TISSUE
CCLE-38-PD-0325901-HEM,19,10,MOLT16_HAEMATOPOIETIC_AND_LYMPHOID_TISSUE
CCLE-38-PD-0325901-HEM,19,11,NCO2_HAEMATOPOIETIC_AND_LYMPHOID_TISSUE
CCLE-38-PD-0325901-HEM,19,12,OPM2_HAEMATOPOIETIC_AND_LYMPHOID_TISSUE
CCLE-38-PD-0325901-HEM,19,13,P12ICHIKAWA_HAEMATOPOIETIC_AND_LYMPHOID_TISSUE
CCLE-38-PD-0325901-HEM,19,14,P31FUJ_HAEMATOPOIETIC_AND_LYMPHOID_TISSUE
CCLE-38-PD-0325901-HEM,19,15,PFEIFFER_HAEMATOPOIETIC_AND_LYMPHOID_TISSUE
CCLE-38-PD-0325901-HEM,19,16,RAJI_HAEMATOPOIETIC_AND_LYMPHOID_TISSUE
CCLE-38-PD-0325901-HEM,19,17,RPMI8402_HAEMATOPOIETIC_AND_LYMPHOID_TISSUE
CCLE-38-PD-0325901-HEM,19,18,SKMM2_HAEMATOPOIETIC_AND_LYMPHOID_TISSUE
CCLE-38-PD-0325901-HEM,20,1,697_HAEMATOPOIETIC_AND_LYMPHOID_TISSUE
CCLE-38-PD-0325901-HEM,20,2,ALLSIL_HAEMATOPOIETIC_AND_LYMPHOID_TISSUE
CCLE-38-PD-0325901-HEM,20,3,DOHH2_HAEMATOPOIETIC_AND_LYMPHOID_TISSUE
CCLE-38-PD-0325901-HEM,20,4,EM2_HAEMATOPOIETIC_AND_LYMPHOID_TISSUE
CCLE-38-PD-0325901-HEM,20,5,F36P_HAEMATOPOIETIC_AND_LYMPHOID_TISSUE
CCLE-38-PD-0325901-HEM,20,6,HUT78_HAEMATOPOIETIC_AND_LYMPHOID_TISSUE
CCLE-38-PD-0325901-HEM,20,7,JURKAT_HAEMATOPOIETIC_AND_LYMPHOID_TISSUE
CCLE-38-PD-0325901-HEM,20,8,KMS34_HAEMATOPOIETIC_AND_LYMPHOID_TISSUE
CCLE-38-PD-0325901-HEM,20,9,KO52_HAEMATOPOIETIC_AND_LYMPHOID_TISSUE
CCLE-38-PD-0325901-HEM,20,10,KU812_HAEMATOPOIETIC_AND_LYMPHOID_TISSUE
CCLE-38-PD-0325901-HEM,20,11,LP1_HAEMATOPOIETIC_AND_LYMPHOID_TISSUE
CCLE-38-PD-0325901-HEM,20,12,MC116_HAEMATOPOIETIC_AND_LYMPHOID_TISSUE
CCLE-38-PD-0325901-HEM,20,13,MJ_HAEMATOPOIETIC_AND_LYMPHOID_TISSUE
CCLE-38-PD-0325901-HEM,20,14,MOLT16_HAEMATOPOIETIC_AND_LYMPHOID_TISSUE
CCLE-38-PD-0325901-HEM,20,15,OCIAML5_HAEMATOPOIETIC_AND_LYMPHOID_TISSUE
CCLE-38-PD-0325901-HEM,20,16,SKMM2_HAEMATOPOIETIC_AND_LYMPHOID_TISSUE
CCLE-38-PD-0325901-HEM,20,17,TOLEDO_HAEMATOPOIETIC_AND_LYMPHOID_TISSUE
CCLE-38-PD-0325901-HEM,20,18,U937_HAEMATOPOIETIC_AND_LYMPHOID_TISSUE
CCLE-38-PD-0325901-HEM,21,1,CI1_HAEMATOPOIETIC_AND_LYMPHOID_TISSUE
CCLE-38-PD-0325901-HEM,21,2,DEL_HAEMATOPOIETIC_AND_LYMPHOID_TISSUE
CCLE-38-PD-0325901-HEM,21,3,DOHH2_HAEMATOPOIETIC_AND_LYMPHOID_TISSUE
CCLE-38-PD-0325901-HEM,21,4,EM2_HAEMATOPOIETIC_AND_LYMPHOID_TISSUE
CCLE-38-PD-0325901-HEM,21,5,GRANTA519_HAEMATOPOIETIC_AND_LYMPHOID_TISSUE
CCLE-38-PD-0325901-HEM,21,6,JM1_HAEMATOPOIETIC_AND_LYMPHOID_TISSUE
CCLE-38-PD-0325901-HEM,21,7,JURKAT_HAEMATOPOIETIC_AND_LYMPHOID_TISSUE
CCLE-38-PD-0325901-HEM,21,8,KU812_HAEMATOPOIETIC_AND_LYMPHOID_TISSUE
CCLE-38-PD-0325901-HEM,21,9,L428_HAEMATOPOIETIC_AND_LYMPHOID_TISSUE
CCLE-38-PD-0325901-HEM,21,10,MEG01_HAEMATOPOIETIC_AND_LYMPHOID_TISSUE
CCLE-38-PD-0325901-HEM,21,11,MINO_HAEMATOPOIETIC_AND_LYMPHOID_TISSUE
CCLE-38-PD-0325901-HEM,21,12,MJ_HAEMATOPOIETIC_AND_LYMPHOID_TISSUE
CCLE-38-PD-0325901-HEM,21,13,MOLT16_HAEMATOPOIETIC_AND_LYMPHOID_TISSUE
CCLE-38-PD-0325901-HEM,21,14,P31FUJ_HAEMATOPOIETIC_AND_LYMPHOID_TISSUE
CCLE-38-PD-0325901-HEM,21,15,P3HR1_HAEMATOPOIETIC_AND_LYMPHOID_TISSUE
CCLE-38-PD-0325901-HEM,21,16,RAJI_HAEMATOPOIETIC_AND_LYMPHOID_TISSUE
CCLE-38-PD-0325901-HEM,21,17,SUDHL8_HAEMATOPOIETIC_AND_LYMPHOID_TISSUE
CCLE-38-PD-0325901-HEM,21,18,SUPT1_HAEMATOPOIETIC_AND_LYMPHOID_TISSUE
CCLE-38-PD-0325901-HEM,22,1,EM2_HAEMATOPOIETIC_AND_LYMPHOID_TISSUE
CCLE-38-PD-0325901-HEM,22,2,GRANTA519_HAEMATOPOIETIC_AND_LYMPHOID_TISSUE
CCLE-38-PD-0325901-HEM,22,3,JM1_HAEMATOPOIETIC_AND_LYMPHOID_TISSUE
CCLE-38-PD-0325901-HEM,22,4,KG1_HAEMATOPOIETIC_AND_LYMPHOID_TISSUE
CCLE-38-PD-0325901-HEM,22,5,KMS11_HAEMATOPOIETIC_AND_LYMPHOID_TISSUE
CCLE-38-PD-0325901-HEM,22,6,KMS12BM_HAEMATOPOIETIC_AND_LYMPHOID_TISSUE
CCLE-38-PD-0325901-HEM,22,7,L363_HAEMATOPOIETIC_AND_LYMPHOID_TISSUE
CCLE-38-PD-0325901-HEM,22,8,LP1_HAEMATOPOIETIC_AND_LYMPHOID_TISSUE
CCLE-38-PD-0325901-HEM,22,9,MC116_HAEMATOPOIETIC_AND_LYMPHOID_TISSUE
CCLE-38-PD-0325901-HEM,22,10,MEG01_HAEMATOPOIETIC_AND_LYMPHOID_TISSUE
CCLE-38-PD-0325901-HEM,22,11,MINO_HAEMATOPOIETIC_AND_LYMPHOID_TISSUE
CCLE-38-PD-0325901-HEM,22,12,NCO2_HAEMATOPOIETIC_AND_LYMPHOID_TISSUE
CCLE-38-PD-0325901-HEM,22,13,P31FUJ_HAEMATOPOIETIC_AND_LYMPHOID_TISSUE
CCLE-38-PD-0325901-HEM,22,14,P3HR1_HAEMATOPOIETIC_AND_LYMPHOID_TISSUE
CCLE-38-PD-0325901-HEM,22,15,SIGM5_HAEMATOPOIETIC_AND_LYMPHOID_TISSUE
CCLE-38-PD-0325901-HEM,22,16,SUDHL4_HAEMATOPOIETIC_AND_LYMPHOID_TISSUE
CCLE-38-PD-0325901-HEM,22,17,SUDHL8_HAEMATOPOIETIC_AND_LYMPHOID_TISSUE
CCLE-38-PD-0325901-HEM,22,18,TOLEDO_HAEMATOPOIETIC_AND_LYMPHOID_TISSUE
CCLE-38-PD-0325901-HEM,23,1,ALLSIL_HAEMATOPOIETIC_AND_LYMPHOID_TISSUE
CCLE-38-PD-0325901-HEM,23,2,BL41_HAEMATOPOIETIC_AND_LYMPHOID_TISSUE
CCLE-38-PD-0325901-HEM,23,3,DEL_HAEMATOPOIETIC_AND_LYMPHOID_TISSUE
CCLE-38-PD-0325901-HEM,23,4,DOHH2_HAEMATOPOIETIC_AND_LYMPHOID_TISSUE
CCLE-38-PD-0325901-HEM,23,5,HT_HAEMATOPOIETIC_AND_LYMPHOID_TISSUE
CCLE-38-PD-0325901-HEM,23,6,HUT78_HAEMATOPOIETIC_AND_LYMPHOID_TISSUE
CCLE-38-PD-0325901-HEM,23,7,JM1_HAEMATOPOIETIC_AND_LYMPHOID_TISSUE
CCLE-38-PD-0325901-HEM,23,8,KARPAS299_HAEMATOPOIETIC_AND_LYMPHOID_TISSUE
CCLE-38-PD-0325901-HEM,23,9,KMS12BM_HAEMATOPOIETIC_AND_LYMPHOID_TISSUE
CCLE-38-PD-0325901-HEM,23,10,MINO_HAEMATOPOIETIC_AND_LYMPHOID_TISSUE
CCLE-38-PD-0325901-HEM,23,11,MOLP8_HAEMATOPOIETIC_AND_LYMPHOID_TISSUE
CCLE-38-PD-0325901-HEM,23,12,OCIAML5_HAEMATOPOIETIC_AND_LYMPHOID_TISSUE
CCLE-38-PD-0325901-HEM,23,13,OPM2_HAEMATOPOIETIC_AND_LYMPHOID_TISSUE
CCLE-38-PD-0325901-HEM,23,14,P12ICHIKAWA_HAEMATOPOIETIC_AND_LYMPHOID_TISSUE
CCLE-38-PD-0325901-HEM,23,15,P3HR1_HAEMATOPOIETIC_AND_LYMPHOID_TISSUE
CCLE-38-PD-0325901-HEM,23,16,REH_HAEMATOPOIETIC_AND_LYMPHOID_TISSUE
CCLE-38-PD-0325901-HEM,23,17,RPMI8402_HAEMATOPOIETIC_AND_LYMPHOID_TISSUE
CCLE-38-PD-0325901-HEM,23,18,SIGM5_HAEMATOPOIETIC_AND_LYMPHOID_TISSUE
CCLE-38-PD-0325901-HEM,24,1,CI1_HAEMATOPOIETIC_AND_LYMPHOID_TISSUE
CCLE-38-PD-0325901-HEM,24,2,EM2_HAEMATOPOIETIC_AND_LYMPHOID_TISSUE
CCLE-38-PD-0325901-HEM,24,3,F36P_HAEMATOPOIETIC_AND_LYMPHOID_TISSUE
CCLE-38-PD-0325901-HEM,24,4,HDMYZ_HAEMATOPOIETIC_AND_LYMPHOID_TISSUE
CCLE-38-PD-0325901-HEM,24,5,JVM3_HAEMATOPOIETIC_AND_LYMPHOID_TISSUE
CCLE-38-PD-0325901-HEM,24,6,KG1_HAEMATOPOIETIC_AND_LYMPHOID_TISSUE
CCLE-38-PD-0325901-HEM,24,7,KMS11_HAEMATOPOIETIC_AND_LYMPHOID_TISSUE
CCLE-38-PD-0325901-HEM,24,8,KMS12BM_HAEMATOPOIETIC_AND_LYMPHOID_TISSUE
CCLE-38-PD-0325901-HEM,24,9,KMS34_HAEMATOPOIETIC_AND_LYMPHOID_TISSUE
CCLE-38-PD-0325901-HEM,24,10,KU812_HAEMATOPOIETIC_AND_LYMPHOID_TISSUE
CCLE-38-PD-0325901-HEM,24,11,L363_HAEMATOPOIETIC_AND_LYMPHOID_TISSUE
CCLE-38-PD-0325901-HEM,24,12,MEG01_HAEMATOPOIETIC_AND_LYMPHOID_TISSUE
CCLE-38-PD-0325901-HEM,24,13,NCO2_HAEMATOPOIETIC_AND_LYMPHOID_TISSUE
CCLE-38-PD-0325901-HEM,24,14,OCIAML5_HAEMATOPOIETIC_AND_LYMPHOID_TISSUE
CCLE-38-PD-0325901-HEM,24,15,RAJI_HAEMATOPOIETIC_AND_LYMPHOID_TISSUE
CCLE-38-PD-0325901-HEM,24,16,SKMM2_HAEMATOPOIETIC_AND_LYMPHOID_TISSUE
CCLE-38-PD-0325901-HEM,24,17,SUDHL4_HAEMATOPOIETIC_AND_LYMPHOID_TISSUE
CCLE-38-PD-0325901-HEM,24,18,SUDHL6_HAEMATOPOIETIC_AND_LYMPHOID_TISSUE
CCLE-38-PD-0325901-HEM,25,1,697_HAEMATOPOIETIC_AND_LYMPHOID_TISSUE
CCLE-38-PD-0325901-HEM,25,2,EM2_HAEMATOPOIETIC_AND_LYMPHOID_TISSUE
CCLE-38-PD-0325901-HEM,25,3,JM1_HAEMATOPOIETIC_AND_LYMPHOID_TISSUE
CCLE-38-PD-0325901-HEM,25,4,KMM1_HAEMATOPOIETIC_AND_LYMPHOID_TISSUE
CCLE-38-PD-0325901-HEM,25,5,KMS26_HAEMATOPOIETIC_AND_LYMPHOID_TISSUE
CCLE-38-PD-0325901-HEM,25,6,KO52_HAEMATOPOIETIC_AND_LYMPHOID_TISSUE
CCLE-38-PD-0325901-HEM,25,7,KU812_HAEMATOPOIETIC_AND_LYMPHOID_TISSUE
CCLE-38-PD-0325901-HEM,25,8,L363_HAEMATOPOIETIC_AND_LYMPHOID_TISSUE
CCLE-38-PD-0325901-HEM,25,9,MEG01_HAEMATOPOIETIC_AND_LYMPHOID_TISSUE
CCLE-38-PD-0325901-HEM,25,10,MOLP8_HAEMATOPOIETIC_AND_LYMPHOID_TISSUE
CCLE-38-PD-0325901-HEM,25,11,OPM2_HAEMATOPOIETIC_AND_LYMPHOID_TISSUE
CCLE-38-PD-0325901-HEM,25,12,RAJI_HAEMATOPOIETIC_AND_LYMPHOID_TISSUE
CCLE-38-PD-0325901-HEM,25,13,SUDHL10_HAEMATOPOIETIC_AND_LYMPHOID_TISSUE
CCLE-38-PD-0325901-HEM,25,14,SUDHL4_HAEMATOPOIETIC_AND_LYMPHOID_TISSUE
CCLE-38-PD-0325901-HEM,25,15,SUDHL6_HAEMATOPOIETIC_AND_LYMPHOID_TISSUE
CCLE-38-PD-0325901-HEM,25,16,SUPT1_HAEMATOPOIETIC_AND_LYMPHOID_TISSUE
CCLE-38-PD-0325901-HEM,25,17,TOLEDO_HAEMATOPOIETIC_AND_LYMPHOID_TISSUE
CCLE-38-PD-0325901-HEM,25,18,U937_HAEMATOPOIETIC_AND_LYMPHOID_TISSUE
CCLE-38-PD-0325901-HEM,26,1,BL41_HAEMATOPOIETIC_AND_LYMPHOID_TISSUE
CCLE-38-PD-0325901-HEM,26,2,DOHH2_HAEMATOPOIETIC_AND_LYMPHOID_TISSUE
CCLE-38-PD-0325901-HEM,26,3,F36P_HAEMATOPOIETIC_AND_LYMPHOID_TISSUE
CCLE-38-PD-0325901-HEM,26,4,HDMYZ_HAEMATOPOIETIC_AND_LYMPHOID_TISSUE
CCLE-38-PD-0325901-HEM,26,5,HUT78_HAEMATOPOIETIC_AND_LYMPHOID_TISSUE
CCLE-38-PD-0325901-HEM,26,6,JM1_HAEMATOPOIETIC_AND_LYMPHOID_TISSUE
CCLE-38-PD-0325901-HEM,26,7,KARPAS299_HAEMATOPOIETIC_AND_LYMPHOID_TISSUE
CCLE-38-PD-0325901-HEM,26,8,KARPAS620_HAEMATOPOIETIC_AND_LYMPHOID_TISSUE
CCLE-38-PD-0325901-HEM,26,9,KASUMI2_HAEMATOPOIETIC_AND_LYMPHOID_TISSUE
CCLE-38-PD-0325901-HEM,26,10,KHM1B_HAEMATOPOIETIC_AND_LYMPHOID_TISSUE
CCLE-38-PD-0325901-HEM,26,11,KMS26_HAEMATOPOIETIC_AND_LYMPHOID_TISSUE
CCLE-38-PD-0325901-HEM,26,12,MJ_HAEMATOPOIETIC_AND_LYMPHOID_TISSUE
CCLE-38-PD-0325901-HEM,26,13,OCIAML2_HAEMATOPOIETIC_AND_LYMPHOID_TISSUE
CCLE-38-PD-0325901-HEM,26,14,OCIAML5_HAEMATOPOIETIC_AND_LYMPHOID_TISSUE
CCLE-38-PD-0325901-HEM,26,15,P31FUJ_HAEMATOPOIETIC_AND_LYMPHOID_TISSUE
CCLE-38-PD-0325901-HEM,26,16,SUDHL4_HAEMATOPOIETIC_AND_LYMPHOID_TISSUE
CCLE-38-PD-0325901-HEM,26,17,SUDHL6_HAEMATOPOIETIC_AND_LYMPHOID_TISSUE
CCLE-38-PD-0325901-HEM,26,18,SUDHL8_HAEMATOPOIETIC_AND_LYMPHOID_TISSUE
CCLE-38-PD-0325901-HEM,27,1,697_HAEMATOPOIETIC_AND_LYMPHOID_TISSUE
CCLE-38-PD-0325901-HEM,27,2,AMO1_HAEMATOPOIETIC_AND_LYMPHOID_TISSUE
CCLE-38-PD-0325901-HEM,27,3,CI1_HAEMATOPOIETIC_AND_LYMPHOID_TISSUE
CCLE-38-PD-0325901-HEM,27,4,HH_HAEMATOPOIETIC_AND_LYMPHOID_TISSUE
CCLE-38-PD-0325901-HEM,27,5,JM1_HAEMATOPOIETIC_AND_LYMPHOID_TISSUE
CCLE-38-PD-0325901-HEM,27,6,KMS26_HAEMATOPOIETIC_AND_LYMPHOID_TISSUE
CCLE-38-PD-0325901-HEM,27,7,KU812_HAEMATOPOIETIC_AND_LYMPHOID_TISSUE
CCLE-38-PD-0325901-HEM,27,8,LP1_HAEMATOPOIETIC_AND_LYMPHOID_TISSUE
CCLE-38-PD-0325901-HEM,27,9,MC116_HAEMATOPOIETIC_AND_LYMPHOID_TISSUE
CCLE-38-PD-0325901-HEM,27,10,MEG01_HAEMATOPOIETIC_AND_LYMPHOID_TISSUE
CCLE-38-PD-0325901-HEM,27,11,OCIAML5_HAEMATOPOIETIC_AND_LYMPHOID_TISSUE
CCLE-38-PD-0325901-HEM,27,12,P12ICHIKAWA_HAEMATOPOIETIC_AND_LYMPHOID_TISSUE
CCLE-38-PD-0325901-HEM,27,13,P3HR1_HAEMATOPOIETIC_AND_LYMPHOID_TISSUE
CCLE-38-PD-0325901-HEM,27,14,RPMI8402_HAEMATOPOIETIC_AND_LYMPHOID_TISSUE
CCLE-38-PD-0325901-HEM,27,15,SUDHL10_HAEMATOPOIETIC_AND_LYMPHOID_TISSUE
CCLE-38-PD-0325901-HEM,27,16,SUDHL4_HAEMATOPOIETIC_AND_LYMPHOID_TISSUE
CCLE-38-PD-0325901-HEM,27,17,SUPM2_HAEMATOPOIETIC_AND_LYMPHOID_TISSUE
CCLE-38-PD-0325901-HEM,27,18,TOLEDO_HAEMATOPOIETIC_AND_LYMPHOID_TISSUE
CCLE-38-PD-0325901-HEM,28,1,ALLSIL_HAEMATOPOIETIC_AND_LYMPHOID_TISSUE
CCLE-38-PD-0325901-HEM,28,2,BDCM_HAEMATOPOIETIC_AND_LYMPHOID_TISSUE
CCLE-38-PD-0325901-HEM,28,3,BL41_HAEMATOPOIETIC_AND_LYMPHOID_TISSUE
CCLE-38-PD-0325901-HEM,28,4,DOHH2_HAEMATOPOIETIC_AND_LYMPHOID_TISSUE
CCLE-38-PD-0325901-HEM,28,5,F36P_HAEMATOPOIETIC_AND_LYMPHOID_TISSUE
CCLE-38-PD-0325901-HEM,28,6,KARPAS620_HAEMATOPOIETIC_AND_LYMPHOID_TISSUE
CCLE-38-PD-0325901-HEM,28,7,KCL22_HAEMATOPOIETIC_AND_LYMPHOID_TISSUE
CCLE-38-PD-0325901-HEM,28,8,KMS11_HAEMATOPOIETIC_AND_LYMPHOID_TISSUE
CCLE-38-PD-0325901-HEM,28,9,KMS12BM_HAEMATOPOIETIC_AND_LYMPHOID_TISSUE
CCLE-38-PD-0325901-HEM,28,10,KMS26_HAEMATOPOIETIC_AND_LYMPHOID_TISSUE
CCLE-38-PD-0325901-HEM,28,11,MC116_HAEMATOPOIETIC_AND_LYMPHOID_TISSUE
CCLE-38-PD-0325901-HEM,28,12,MJ_HAEMATOPOIETIC_AND_LYMPHOID_TISSUE
CCLE-38-PD-0325901-HEM,28,13,MOLT16_HAEMATOPOIETIC_AND_LYMPHOID_TISSUE
CCLE-38-PD-0325901-HEM,28,14,OCIAML5_HAEMATOPOIETIC_AND_LYMPHOID_TISSUE
CCLE-38-PD-0325901-HEM,28,15,P12ICHIKAWA_HAEMATOPOIETIC_AND_LYMPHOID_TISSUE
CCLE-38-PD-0325901-HEM,28,16,RAJI_HAEMATOPOIETIC_AND_LYMPHOID_TISSUE
CCLE-38-PD-0325901-HEM,28,17,SUDHL4_HAEMATOPOIETIC_AND_LYMPHOID_TISSUE
CCLE-38-PD-0325901-HEM,28,18,SUDHL6_HAEMATOPOIETIC_AND_LYMPHOID_TISSUE
CCLE-38-PD-0325901-HEM,29,1,697_HAEMATOPOIETIC_AND_LYMPHOID_TISSUE
CCLE-38-PD-0325901-HEM,29,2,AMO1_HAEMATOPOIETIC_AND_LYMPHOID_TISSUE
CCLE-38-PD-0325901-HEM,29,3,CI1_HAEMATOPOIETIC_AND_LYMPHOID_TISSUE
CCLE-38-PD-0325901-HEM,29,4,DEL_HAEMATOPOIETIC_AND_LYMPHOID_TISSUE
CCLE-38-PD-0325901-HEM,29,5,DOHH2_HAEMATOPOIETIC_AND_LYMPHOID_TISSUE
CCLE-38-PD-0325901-HEM,29,6,F36P_HAEMATOPOIETIC_AND_LYMPHOID_TISSUE
CCLE-38-PD-0325901-HEM,29,7,HDMYZ_HAEMATOPOIETIC_AND_LYMPHOID_TISSUE
CCLE-38-PD-0325901-HEM,29,8,JM1_HAEMATOPOIETIC_AND_LYMPHOID_TISSUE
CCLE-38-PD-0325901-HEM,29,9,KCL22_HAEMATOPOIETIC_AND_LYMPHOID_TISSUE
CCLE-38-PD-0325901-HEM,29,10,KMS12BM_HAEMATOPOIETIC_AND_LYMPHOID_TISSUE
CCLE-38-PD-0325901-HEM,29,11,L363_HAEMATOPOIETIC_AND_LYMPHOID_TISSUE
CCLE-38-PD-0325901-HEM,29,12,MINO_HAEMATOPOIETIC_AND_LYMPHOID_TISSUE
CCLE-38-PD-0325901-HEM,29,13,MOLP8_HAEMATOPOIETIC_AND_LYMPHOID_TISSUE
CCLE-38-PD-0325901-HEM,29,14,OCIAML2_HAEMATOPOIETIC_AND_LYMPHOID_TISSUE
CCLE-38-PD-0325901-HEM,29,15,P31FUJ_HAEMATOPOIETIC_AND_LYMPHOID_TISSUE
CCLE-38-PD-0325901-HEM,29,16,RPMI8402_HAEMATOPOIETIC_AND_LYMPHOID_TISSUE
CCLE-38-PD-0325901-HEM,29,17,SIGM5_HAEMATOPOIETIC_AND_LYMPHOID_TISSUE
CCLE-38-PD-0325901-HEM,29,18,SUPM2_HAEMATOPOIETIC_AND_LYMPHOID_TISSUE
CCLE-38-PD-0325901-HEM,30,1,697_HAEMATOPOIETIC_AND_LYMPHOID_TISSUE
CCLE-38-PD-0325901-HEM,30,2,ALLSIL_HAEMATOPOIETIC_AND_LYMPHOID_TISSUE
CCLE-38-PD-0325901-HEM,30,3,AMO1_HAEMATOPOIETIC_AND_LYMPHOID_TISSUE
CCLE-38-PD-0325901-HEM,30,4,DOHH2_HAEMATOPOIETIC_AND_LYMPHOID_TISSUE
CCLE-38-PD-0325901-HEM,30,5,GRANTA519_HAEMATOPOIETIC_AND_LYMPHOID_TISSUE
CCLE-38-PD-0325901-HEM,30,6,HDMYZ_HAEMATOPOIETIC_AND_LYMPHOID_TISSUE
CCLE-38-PD-0325901-HEM,30,7,JURKAT_HAEMATOPOIETIC_AND_LYMPHOID_TISSUE
CCLE-38-PD-0325901-HEM,30,8,KASUMI2_HAEMATOPOIETIC_AND_LYMPHOID_TISSUE
CCLE-38-PD-0325901-HEM,30,9,KMM1_HAEMATOPOIETIC_AND_LYMPHOID_TISSUE
CCLE-38-PD-0325901-HEM,30,10,KU812_HAEMATOPOIETIC_AND_LYMPHOID_TISSUE
CCLE-38-PD-0325901-HEM,30,11,L363_HAEMATOPOIETIC_AND_LYMPHOID_TISSUE
CCLE-38-PD-0325901-HEM,30,12,L428_HAEMATOPOIETIC_AND_LYMPHOID_TISSUE
CCLE-38-PD-0325901-HEM,30,13,P12ICHIKAWA_HAEMATOPOIETIC_AND_LYMPHOID_TISSUE
CCLE-38-PD-0325901-HEM,30,14,REH_HAEMATOPOIETIC_AND_LYMPHOID_TISSUE
CCLE-38-PD-0325901-HEM,30,15,RPMI8402_HAEMATOPOIETIC_AND_LYMPHOID_TISSUE
CCLE-38-PD-0325901-HEM,30,16,SUDHL6_HAEMATOPOIETIC_AND_LYMPHOID_TISSUE
CCLE-38-PD-0325901-HEM,30,17,SUPT1_HAEMATOPOIETIC_AND_LYMPHOID_TISSUE
CCLE-38-PD-0325901-HEM,30,18,TOLEDO_HAEMATOPOIETIC_AND_LYMPHOID_TISSUE
CCLE-38-PD-0325901-HEM,31,1,BDCM_HAEMATOPOIETIC_AND_LYMPHOID_TISSUE
CCLE-38-PD-0325901-HEM,31,2,CI1_HAEMATOPOIETIC_AND_LYMPHOID_TISSUE
CCLE-38-PD-0325901-HEM,31,3,DOHH2_HAEMATOPOIETIC_AND_LYMPHOID_TISSUE
CCLE-38-PD-0325901-HEM,31,4,GRANTA519_HAEMATOPOIETIC_AND_LYMPHOID_TISSUE
CCLE-38-PD-0325901-HEM,31,5,HH_HAEMATOPOIETIC_AND_LYMPHOID_TISSUE
CCLE-38-PD-0325901-HEM,31,6,HT_HAEMATOPOIETIC_AND_LYMPHOID_TISSUE
CCLE-38-PD-0325901-HEM,31,7,JM1_HAEMATOPOIETIC_AND_LYMPHOID_TISSUE
CCLE-38-PD-0325901-HEM,31,8,KARPAS299_HAEMATOPOIETIC_AND_LYMPHOID_TISSUE
CCLE-38-PD-0325901-HEM,31,9,KASUMI2_HAEMATOPOIETIC_AND_LYMPHOID_TISSUE
CCLE-38-PD-0325901-HEM,31,10,KG1_HAEMATOPOIETIC_AND_LYMPHOID_TISSUE
CCLE-38-PD-0325901-HEM,31,11,KMS26_HAEMATOPOIETIC_AND_LYMPHOID_TISSUE
CCLE-38-PD-0325901-HEM,31,12,LP1_HAEMATOPOIETIC_AND_LYMPHOID_TISSUE
CCLE-38-PD-0325901-HEM,31,13,OCIAML2_HAEMATOPOIETIC_AND_LYMPHOID_TISSUE
CCLE-38-PD-0325901-HEM,31,14,OPM2_HAEMATOPOIETIC_AND_LYMPHOID_TISSUE
CCLE-38-PD-0325901-HEM,31,15,P12ICHIKAWA_HAEMATOPOIETIC_AND_LYMPHOID_TISSUE
CCLE-38-PD-0325901-HEM,31,16,PFEIFFER_HAEMATOPOIETIC_AND_LYMPHOID_TISSUE
CCLE-38-PD-0325901-HEM,31,17,SIGM5_HAEMATOPOIETIC_AND_LYMPHOID_TISSUE
CCLE-38-PD-0325901-HEM,31,18,SKMM2_HAEMATOPOIETIC_AND_LYMPHOID_TISSUE
CCLE-38-PD-0325901-HEM,32,1,ALLSIL_HAEMATOPOIETIC_AND_LYMPHOID_TISSUE
CCLE-38-PD-0325901-HEM,32,2,BL41_HAEMATOPOIETIC_AND_LYMPHOID_TISSUE
CCLE-38-PD-0325901-HEM,32,3,BL70_HAEMATOPOIETIC_AND_LYMPHOID_TISSUE
CCLE-38-PD-0325901-HEM,32,4,DEL_HAEMATOPOIETIC_AND_LYMPHOID_TISSUE
CCLE-38-PD-0325901-HEM,32,5,HUT78_HAEMATOPOIETIC_AND_LYMPHOID_TISSUE
CCLE-38-PD-0325901-HEM,32,6,JURKAT_HAEMATOPOIETIC_AND_LYMPHOID_TISSUE
CCLE-38-PD-0325901-HEM,32,7,KARPAS620_HAEMATOPOIETIC_AND_LYMPHOID_TISSUE
CCLE-38-PD-0325901-HEM,32,8,KASUMI2_HAEMATOPOIETIC_AND_LYMPHOID_TISSUE
CCLE-38-PD-0325901-HEM,32,9,KMS26_HAEMATOPOIETIC_AND_LYMPHOID_TISSUE
CCLE-38-PD-0325901-HEM,32,10,LP1_HAEMATOPOIETIC_AND_LYMPHOID_TISSUE
CCLE-38-PD-0325901-HEM,32,11,MJ_HAEMATOPOIETIC_AND_LYMPHOID_TISSUE
CCLE-38-PD-0325901-HEM,32,12,P12ICHIKAWA_HAEMATOPOIETIC_AND_LYMPHOID_TISSUE
CCLE-38-PD-0325901-HEM,32,13,P31FUJ_HAEMATOPOIETIC_AND_LYMPHOID_TISSUE
CCLE-38-PD-0325901-HEM,32,14,P3HR1_HAEMATOPOIETIC_AND_LYMPHOID_TISSUE
CCLE-38-PD-0325901-HEM,32,15,PFEIFFER_HAEMATOPOIETIC_AND_LYMPHOID_TISSUE
CCLE-38-PD-0325901-HEM,32,16,REH_HAEMATOPOIETIC_AND_LYMPHOID_TISSUE
CCLE-38-PD-0325901-HEM,32,17,SUDHL10_HAEMATOPOIETIC_AND_LYMPHOID_TISSUE
CCLE-38-PD-0325901-HEM,32,18,SUDHL6_HAEMATOPOIETIC_AND_LYMPHOID_TISSUE
CCLE-38-PD-0325901-HEM,33,1,AMO1_HAEMATOPOIETIC_AND_LYMPHOID_TISSUE
CCLE-38-PD-0325901-HEM,33,2,BDCM_HAEMATOPOIETIC_AND_LYMPHOID_TISSUE
CCLE-38-PD-0325901-HEM,33,3,BL41_HAEMATOPOIETIC_AND_LYMPHOID_TISSUE
CCLE-38-PD-0325901-HEM,33,4,CI1_HAEMATOPOIETIC_AND_LYMPHOID_TISSUE
CCLE-38-PD-0325901-HEM,33,5,DEL_HAEMATOPOIETIC_AND_LYMPHOID_TISSUE
CCLE-38-PD-0325901-HEM,33,6,EM2_HAEMATOPOIETIC_AND_LYMPHOID_TISSUE
CCLE-38-PD-0325901-HEM,33,7,HH_HAEMATOPOIETIC_AND_LYMPHOID_TISSUE
CCLE-38-PD-0325901-HEM,33,8,HT_HAEMATOPOIETIC_AND_LYMPHOID_TISSUE
CCLE-38-PD-0325901-HEM,33,9,KG1_HAEMATOPOIETIC_AND_LYMPHOID_TISSUE
CCLE-38-PD-0325901-HEM,33,10,L428_HAEMATOPOIETIC_AND_LYMPHOID_TISSUE
CCLE-38-PD-0325901-HEM,33,11,MC116_HAEMATOPOIETIC_AND_LYMPHOID_TISSUE
CCLE-38-PD-0325901-HEM,33,12,MEG01_HAEMATOPOIETIC_AND_LYMPHOID_TISSUE
CCLE-38-PD-0325901-HEM,33,13,MINO_HAEMATOPOIETIC_AND_LYMPHOID_TISSUE
CCLE-38-PD-0325901-HEM,33,14,OCIAML2_HAEMATOPOIETIC_AND_LYMPHOID_TISSUE
CCLE-38-PD-0325901-HEM,33,15,PFEIFFER_HAEMATOPOIETIC_AND_LYMPHOID_TISSUE
CCLE-38-PD-0325901-HEM,33,16,REH_HAEMATOPOIETIC_AND_LYMPHOID_TISSUE
CCLE-38-PD-0325901-HEM,33,17,SIGM5_HAEMATOPOIETIC_AND_LYMPHOID_TISSUE
CCLE-38-PD-0325901-HEM,33,18,SUDHL4_HAEMATOPOIETIC_AND_LYMPHOID_TISSUE
CCLE-38-PD-0325901-HEM,34,1,HT_HAEMATOPOIETIC_AND_LYMPHOID_TISSUE
CCLE-38-PD-0325901-HEM,34,2,HUT78_HAEMATOPOIETIC_AND_LYMPHOID_TISSUE
CCLE-38-PD-0325901-HEM,34,3,JVM3_HAEMATOPOIETIC_AND_LYMPHOID_TISSUE
CCLE-38-PD-0325901-HEM,34,4,KARPAS620_HAEMATOPOIETIC_AND_LYMPHOID_TISSUE
CCLE-38-PD-0325901-HEM,34,5,KCL22_HAEMATOPOIETIC_AND_LYMPHOID_TISSUE
CCLE-38-PD-0325901-HEM,34,6,KMS11_HAEMATOPOIETIC_AND_LYMPHOID_TISSUE
CCLE-38-PD-0325901-HEM,34,7,L428_HAEMATOPOIETIC_AND_LYMPHOID_TISSUE
CCLE-38-PD-0325901-HEM,34,8,LP1_HAEMATOPOIETIC_AND_LYMPHOID_TISSUE
CCLE-38-PD-0325901-HEM,34,9,MJ_HAEMATOPOIETIC_AND_LYMPHOID_TISSUE
CCLE-38-PD-0325901-HEM,34,10,OCIAML5_HAEMATOPOIETIC_AND_LYMPHOID_TISSUE
CCLE-38-PD-0325901-HEM,34,11,P3HR1_HAEMATOPOIETIC_AND_LYMPHOID_TISSUE
CCLE-38-PD-0325901-HEM,34,12,RPMI8402_HAEMATOPOIETIC_AND_LYMPHOID_TISSUE
CCLE-38-PD-0325901-HEM,34,13,SIGM5_HAEMATOPOIETIC_AND_LYMPHOID_TISSUE
CCLE-38-PD-0325901-HEM,34,14,SUDHL10_HAEMATOPOIETIC_AND_LYMPHOID_TISSUE
CCLE-38-PD-0325901-HEM,34,15,SUDHL8_HAEMATOPOIETIC_AND_LYMPHOID_TISSUE
CCLE-38-PD-0325901-HEM,34,16,SUPM2_HAEMATOPOIETIC_AND_LYMPHOID_TISSUE
CCLE-38-PD-0325901-HEM,34,17,TOLEDO_HAEMATOPOIETIC_AND_LYMPHOID_TISSUE
CCLE-38-PD-0325901-HEM,34,18,U937_HAEMATOPOIETIC_AND_LYMPHOID_TISSUE
CCLE-38-PD-0325901-HEM,35,1,AMO1_HAEMATOPOIETIC_AND_LYMPHOID_TISSUE
CCLE-38-PD-0325901-HEM,35,2,HDMYZ_HAEMATOPOIETIC_AND_LYMPHOID_TISSUE
CCLE-38-PD-0325901-HEM,35,3,JM1_HAEMATOPOIETIC_AND_LYMPHOID_TISSUE
CCLE-38-PD-0325901-HEM,35,4,KASUMI2_HAEMATOPOIETIC_AND_LYMPHOID_TISSUE
CCLE-38-PD-0325901-HEM,35,5,KMS26_HAEMATOPOIETIC_AND_LYMPHOID_TISSUE
CCLE-38-PD-0325901-HEM,35,6,KMS34_HAEMATOPOIETIC_AND_LYMPHOID_TISSUE
CCLE-38-PD-0325901-HEM,35,7,L363_HAEMATOPOIETIC_AND_LYMPHOID_TISSUE
CCLE-38-PD-0325901-HEM,35,8,LP1_HAEMATOPOIETIC_AND_LYMPHOID_TISSUE
CCLE-38-PD-0325901-HEM,35,9,MC116_HAEMATOPOIETIC_AND_LYMPHOID_TISSUE
CCLE-38-PD-0325901-HEM,35,10,MEG01_HAEMATOPOIETIC_AND_LYMPHOID_TISSUE
CCLE-38-PD-0325901-HEM,35,11,MINO_HAEMATOPOIETIC_AND_LYMPHOID_TISSUE
CCLE-38-PD-0325901-HEM,35,12,MOLP8_HAEMATOPOIETIC_AND_LYMPHOID_TISSUE
CCLE-38-PD-0325901-HEM,35,13,P12ICHIKAWA_HAEMATOPOIETIC_AND_LYMPHOID_TISSUE
CCLE-38-PD-0325901-HEM,35,14,PFEIFFER_HAEMATOPOIETIC_AND_LYMPHOID_TISSUE
CCLE-38-PD-0325901-HEM,35,15,REH_HAEMATOPOIETIC_AND_LYMPHOID_TISSUE
CCLE-38-PD-0325901-HEM,35,16,SIGM5_HAEMATOPOIETIC_AND_LYMPHOID_TISSUE
CCLE-38-PD-0325901-HEM,35,17,SUDHL4_HAEMATOPOIETIC_AND_LYMPHOID_TISSUE
CCLE-38-PD-0325901-HEM,35,18,TOLEDO_HAEMATOPOIETIC_AND_LYMPHOID_TISSUE
CCLE-38-PD-0325901-HEM,36,1,BDCM_HAEMATOPOIETIC_AND_LYMPHOID_TISSUE
CCLE-38-PD-0325901-HEM,36,2,BL41_HAEMATOPOIETIC_AND_LYMPHOID_TISSUE
CCLE-38-PD-0325901-HEM,36,3,CI1_HAEMATOPOIETIC_AND_LYMPHOID_TISSUE
CCLE-38-PD-0325901-HEM,36,4,HH_HAEMATOPOIETIC_AND_LYMPHOID_TISSUE
CCLE-38-PD-0325901-HEM,36,5,JM1_HAEMATOPOIETIC_AND_LYMPHOID_TISSUE
CCLE-38-PD-0325901-HEM,36,6,KASUMI2_HAEMATOPOIETIC_AND_LYMPHOID_TISSUE
CCLE-38-PD-0325901-HEM,36,7,KG1_HAEMATOPOIETIC_AND_LYMPHOID_TISSUE
CCLE-38-PD-0325901-HEM,36,8,KMS26_HAEMATOPOIETIC_AND_LYMPHOID_TISSUE
CCLE-38-PD-0325901-HEM,36,9,L363_HAEMATOPOIETIC_AND_LYMPHOID_TISSUE
CCLE-38-PD-0325901-HEM,36,10,LP1_HAEMATOPOIETIC_AND_LYMPHOID_TISSUE
CCLE-38-PD-0325901-HEM,36,11,MINO_HAEMATOPOIETIC_AND_LYMPHOID_TISSUE
CCLE-38-PD-0325901-HEM,36,12,MOLT16_HAEMATOPOIETIC_AND_LYMPHOID_TISSUE
CCLE-38-PD-0325901-HEM,36,13,NCO2_HAEMATOPOIETIC_AND_LYMPHOID_TISSUE
CCLE-38-PD-0325901-HEM,36,14,OCIAML2_HAEMATOPOIETIC_AND_LYMPHOID_TISSUE
CCLE-38-PD-0325901-HEM,36,15,RPMI8402_HAEMATOPOIETIC_AND_LYMPHOID_TISSUE
CCLE-38-PD-0325901-HEM,36,16,SKMM2_HAEMATOPOIETIC_AND_LYMPHOID_TISSUE
CCLE-38-PD-0325901-HEM,36,17,SUDHL10_HAEMATOPOIETIC_AND_LYMPHOID_TISSUE
CCLE-38-PD-0325901-HEM,36,18,SUDHL4_HAEMATOPOIETIC_AND_LYMPHOID_TISSUE
CCLE-38-PD-0325901-HEM,37,1,697_HAEMATOPOIETIC_AND_LYMPHOID_TISSUE
CCLE-38-PD-0325901-HEM,37,2,AMO1_HAEMATOPOIETIC_AND_LYMPHOID_TISSUE
CCLE-38-PD-0325901-HEM,37,3,BL41_HAEMATOPOIETIC_AND_LYMPHOID_TISSUE
CCLE-38-PD-0325901-HEM,37,4,EM2_HAEMATOPOIETIC_AND_LYMPHOID_TISSUE
CCLE-38-PD-0325901-HEM,37,5,HDMYZ_HAEMATOPOIETIC_AND_LYMPHOID_TISSUE
CCLE-38-PD-0325901-HEM,37,6,KARPAS620_HAEMATOPOIETIC_AND_LYMPHOID_TISSUE
CCLE-38-PD-0325901-HEM,37,7,KHM1B_HAEMATOPOIETIC_AND_LYMPHOID_TISSUE
CCLE-38-PD-0325901-HEM,37,8,KMS12BM_HAEMATOPOIETIC_AND_LYMPHOID_TISSUE
CCLE-38-PD-0325901-HEM,37,9,KMS26_HAEMATOPOIETIC_AND_LYMPHOID_TISSUE
CCLE-38-PD-0325901-HEM,37,10,MC116_HAEMATOPOIETIC_AND_LYMPHOID_TISSUE
CCLE-38-PD-0325901-HEM,37,11,MEG01_HAEMATOPOIETIC_AND_LYMPHOID_TISSUE
CCLE-38-PD-0325901-HEM,37,12,MJ_HAEMATOPOIETIC_AND_LYMPHOID_TISSUE
CCLE-38-PD-0325901-HEM,37,13,MOLT16_HAEMATOPOIETIC_AND_LYMPHOID_TISSUE
CCLE-38-PD-0325901-HEM,37,14,OPM2_HAEMATOPOIETIC_AND_LYMPHOID_TISSUE
CCLE-38-PD-0325901-HEM,37,15,PFEIFFER_HAEMATOPOIETIC_AND_LYMPHOID_TISSUE
CCLE-38-PD-0325901-HEM,37,16,SUDHL4_HAEMATOPOIETIC_AND_LYMPHOID_TISSUE
CCLE-38-PD-0325901-HEM,37,17,SUPT1_HAEMATOPOIETIC_AND_LYMPHOID_TISSUE
CCLE-38-PD-0325901-HEM,37,18,TOLEDO_HAEMATOPOIETIC_AND_LYMPHOID_TISSUE
CCLE-38-PD-0325901-HEM,38,1,697_HAEMATOPOIETIC_AND_LYMPHOID_TISSUE
CCLE-38-PD-0325901-HEM,38,2,AMO1_HAEMATOPOIETIC_AND_LYMPHOID_TISSUE
CCLE-38-PD-0325901-HEM,38,3,CI1_HAEMATOPOIETIC_AND_LYMPHOID_TISSUE
CCLE-38-PD-0325901-HEM,38,4,EM2_HAEMATOPOIETIC_AND_LYMPHOID_TISSUE
CCLE-38-PD-0325901-HEM,38,5,HH_HAEMATOPOIETIC_AND_LYMPHOID_TISSUE
CCLE-38-PD-0325901-HEM,38,6,HT_HAEMATOPOIETIC_AND_LYMPHOID_TISSUE
CCLE-38-PD-0325901-HEM,38,7,KARPAS299_HAEMATOPOIETIC_AND_LYMPHOID_TISSUE
CCLE-38-PD-0325901-HEM,38,8,KG1_HAEMATOPOIETIC_AND_LYMPHOID_TISSUE
CCLE-38-PD-0325901-HEM,38,9,KMS34_HAEMATOPOIETIC_AND_LYMPHOID_TISSUE
CCLE-38-PD-0325901-HEM,38,10,KO52_HAEMATOPOIETIC_AND_LYMPHOID_TISSUE
CCLE-38-PD-0325901-HEM,38,11,L363_HAEMATOPOIETIC_AND_LYMPHOID_TISSUE
CCLE-38-PD-0325901-HEM,38,12,MEG01_HAEMATOPOIETIC_AND_LYMPHOID_TISSUE
CCLE-38-PD-0325901-HEM,38,13,MINO_HAEMATOPOIETIC_AND_LYMPHOID_TISSUE
CCLE-38-PD-0325901-HEM,38,14,NCO2_HAEMATOPOIETIC_AND_LYMPHOID_TISSUE
CCLE-38-PD-0325901-HEM,38,15,RAJI_HAEMATOPOIETIC_AND_LYMPHOID_TISSUE
CCLE-38-PD-0325901-HEM,38,16,RPMI8402_HAEMATOPOIETIC_AND_LYMPHOID_TISSUE
CCLE-38-PD-0325901-HEM,38,17,SIGM5_HAEMATOPOIETIC_AND_LYMPHOID_TISSUE
CCLE-38-PD-0325901-HEM,38,18,U937_HAEMATOPOIETIC_AND_LYMPHOID_TISSUE
CCLE-38-PD-0325901-HEM,39,1,DOHH2_HAEMATOPOIETIC_AND_LYMPHOID_TISSUE
CCLE-38-PD-0325901-HEM,39,2,EM2_HAEMATOPOIETIC_AND_LYMPHOID_TISSUE
CCLE-38-PD-0325901-HEM,39,3,F36P_HAEMATOPOIETIC_AND_LYMPHOID_TISSUE
CCLE-38-PD-0325901-HEM,39,4,HUT78_HAEMATOPOIETIC_AND_LYMPHOID_TISSUE
CCLE-38-PD-0325901-HEM,39,5,KARPAS299_HAEMATOPOIETIC_AND_LYMPHOID_TISSUE
CCLE-38-PD-0325901-HEM,39,6,KCL22_HAEMATOPOIETIC_AND_LYMPHOID_TISSUE
CCLE-38-PD-0325901-HEM,39,7,KMM1_HAEMATOPOIETIC_AND_LYMPHOID_TISSUE
CCLE-38-PD-0325901-HEM,39,8,KMS12BM_HAEMATOPOIETIC_AND_LYMPHOID_TISSUE
CCLE-38-PD-0325901-HEM,39,9,KO52_HAEMATOPOIETIC_AND_LYMPHOID_TISSUE
CCLE-38-PD-0325901-HEM,39,10,L363_HAEMATOPOIETIC_AND_LYMPHOID_TISSUE
CCLE-38-PD-0325901-HEM,39,11,MINO_HAEMATOPOIETIC_AND_LYMPHOID_TISSUE
CCLE-38-PD-0325901-HEM,39,12,NCO2_HAEMATOPOIETIC_AND_LYMPHOID_TISSUE
CCLE-38-PD-0325901-HEM,39,13,OPM2_HAEMATOPOIETIC_AND_LYMPHOID_TISSUE
CCLE-38-PD-0325901-HEM,39,14,PFEIFFER_HAEMATOPOIETIC_AND_LYMPHOID_TISSUE
CCLE-38-PD-0325901-HEM,39,15,RAJI_HAEMATOPOIETIC_AND_LYMPHOID_TISSUE
CCLE-38-PD-0325901-HEM,39,16,RPMI8402_HAEMATOPOIETIC_AND_LYMPHOID_TISSUE
CCLE-38-PD-0325901-HEM,39,17,SUDHL10_HAEMATOPOIETIC_AND_LYMPHOID_TISSUE
CCLE-38-PD-0325901-HEM,39,18,SUDHL8_HAEMATOPOIETIC_AND_LYMPHOID_TISSUE
CCLE-38-PD-0325901-HEM,40,1,BDCM_HAEMATOPOIETIC_AND_LYMPHOID_TISSUE
CCLE-38-PD-0325901-HEM,40,2,CI1_HAEMATOPOIETIC_AND_LYMPHOID_TISSUE
CCLE-38-PD-0325901-HEM,40,3,EM2_HAEMATOPOIETIC_AND_LYMPHOID_TISSUE
CCLE-38-PD-0325901-HEM,40,4,F36P_HAEMATOPOIETIC_AND_LYMPHOID_TISSUE
CCLE-38-PD-0325901-HEM,40,5,HT_HAEMATOPOIETIC_AND_LYMPHOID_TISSUE
CCLE-38-PD-0325901-HEM,40,6,JM1_HAEMATOPOIETIC_AND_LYMPHOID_TISSUE
CCLE-38-PD-0325901-HEM,40,7,KARPAS620_HAEMATOPOIETIC_AND_LYMPHOID_TISSUE
CCLE-38-PD-0325901-HEM,40,8,KG1_HAEMATOPOIETIC_AND_LYMPHOID_TISSUE
CCLE-38-PD-0325901-HEM,40,9,KMS12BM_HAEMATOPOIETIC_AND_LYMPHOID_TISSUE
CCLE-38-PD-0325901-HEM,40,10,KO52_HAEMATOPOIETIC_AND_LYMPHOID_TISSUE
CCLE-38-PD-0325901-HEM,40,11,MEG01_HAEMATOPOIETIC_AND_LYMPHOID_TISSUE
CCLE-38-PD-0325901-HEM,40,12,MINO_HAEMATOPOIETIC_AND_LYMPHOID_TISSUE
CCLE-38-PD-0325901-HEM,40,13,MOLT16_HAEMATOPOIETIC_AND_LYMPHOID_TISSUE
CCLE-38-PD-0325901-HEM,40,14,OPM2_HAEMATOPOIETIC_AND_LYMPHOID_TISSUE
CCLE-38-PD-0325901-HEM,40,15,P31FUJ_HAEMATOPOIETIC_AND_LYMPHOID_TISSUE
CCLE-38-PD-0325901-HEM,40,16,P3HR1_HAEMATOPOIETIC_AND_LYMPHOID_TISSUE
CCLE-38-PD-0325901-HEM,40,17,PFEIFFER_HAEMATOPOIETIC_AND_LYMPHOID_TISSUE
CCLE-38-PD-0325901-HEM,40,18,SUDHL8_HAEMATOPOIETIC_AND_LYMPHOID_TISSUE
CCLE-38-PD-0325901-HEM,41,1,CI1_HAEMATOPOIETIC_AND_LYMPHOID_TISSUE
CCLE-38-PD-0325901-HEM,41,2,DEL_HAEMATOPOIETIC_AND_LYMPHOID_TISSUE
CCLE-38-PD-0325901-HEM,41,3,GRANTA519_HAEMATOPOIETIC_AND_LYMPHOID_TISSUE
CCLE-38-PD-0325901-HEM,41,4,HH_HAEMATOPOIETIC_AND_LYMPHOID_TISSUE
CCLE-38-PD-0325901-HEM,41,5,HUT78_HAEMATOPOIETIC_AND_LYMPHOID_TISSUE
CCLE-38-PD-0325901-HEM,41,6,JM1_HAEMATOPOIETIC_AND_LYMPHOID_TISSUE
CCLE-38-PD-0325901-HEM,41,7,JVM3_HAEMATOPOIETIC_AND_LYMPHOID_TISSUE
CCLE-38-PD-0325901-HEM,41,8,KARPAS299_HAEMATOPOIETIC_AND_LYMPHOID_TISSUE
CCLE-38-PD-0325901-HEM,41,9,KCL22_HAEMATOPOIETIC_AND_LYMPHOID_TISSUE
CCLE-38-PD-0325901-HEM,41,10,KHM1B_HAEMATOPOIETIC_AND_LYMPHOID_TISSUE
CCLE-38-PD-0325901-HEM,41,11,KMS26_HAEMATOPOIETIC_AND_LYMPHOID_TISSUE
CCLE-38-PD-0325901-HEM,41,12,KMS34_HAEMATOPOIETIC_AND_LYMPHOID_TISSUE
CCLE-38-PD-0325901-HEM,41,13,KU812_HAEMATOPOIETIC_AND_LYMPHOID_TISSUE
CCLE-38-PD-0325901-HEM,41,14,L363_HAEMATOPOIETIC_AND_LYMPHOID_TISSUE
CCLE-38-PD-0325901-HEM,41,15,MC116_HAEMATOPOIETIC_AND_LYMPHOID_TISSUE
CCLE-38-PD-0325901-HEM,41,16,MEG01_HAEMATOPOIETIC_AND_LYMPHOID_TISSUE
CCLE-38-PD-0325901-HEM,41,17,SUDHL4_HAEMATOPOIETIC_AND_LYMPHOID_TISSUE
CCLE-38-PD-0325901-HEM,41,18,SUPT1_HAEMATOPOIETIC_AND_LYMPHOID_TISSUE
CCLE-38-PD-0325901-HEM,42,1,697_HAEMATOPOIETIC_AND_LYMPHOID_TISSUE
CCLE-38-PD-0325901-HEM,42,2,BDCM_HAEMATOPOIETIC_AND_LYMPHOID_TISSUE
CCLE-38-PD-0325901-HEM,42,3,DEL_HAEMATOPOIETIC_AND_LYMPHOID_TISSUE
CCLE-38-PD-0325901-HEM,42,4,HT_HAEMATOPOIETIC_AND_LYMPHOID_TISSUE
CCLE-38-PD-0325901-HEM,42,5,JURKAT_HAEMATOPOIETIC_AND_LYMPHOID_TISSUE
CCLE-38-PD-0325901-HEM,42,6,JVM3_HAEMATOPOIETIC_AND_LYMPHOID_TISSUE
CCLE-38-PD-0325901-HEM,42,7,KARPAS299_HAEMATOPOIETIC_AND_LYMPHOID_TISSUE
CCLE-38-PD-0325901-HEM,42,8,KMM1_HAEMATOPOIETIC_AND_LYMPHOID_TISSUE
CCLE-38-PD-0325901-HEM,42,9,MC116_HAEMATOPOIETIC_AND_LYMPHOID_TISSUE
CCLE-38-PD-0325901-HEM,42,10,MEG01_HAEMATOPOIETIC_AND_LYMPHOID_TISSUE
CCLE-38-PD-0325901-HEM,42,11,OCIAML2_HAEMATOPOIETIC_AND_LYMPHOID_TISSUE
CCLE-38-PD-0325901-HEM,42,12,OCIAML5_HAEMATOPOIETIC_AND_LYMPHOID_TISSUE
CCLE-38-PD-0325901-HEM,42,13,OPM2_HAEMATOPOIETIC_AND_LYMPHOID_TISSUE
CCLE-38-PD-0325901-HEM,42,14,P31FUJ_HAEMATOPOIETIC_AND_LYMPHOID_TISSUE
CCLE-38-PD-0325901-HEM,42,15,SIGM5_HAEMATOPOIETIC_AND_LYMPHOID_TISSUE
CCLE-38-PD-0325901-HEM,42,16,SUDHL10_HAEMATOPOIETIC_AND_LYMPHOID_TISSUE
CCLE-38-PD-0325901-HEM,42,17,SUDHL6_HAEMATOPOIETIC_AND_LYMPHOID_TISSUE
CCLE-38-PD-0325901-HEM,42,18,U937_HAEMATOPOIETIC_AND_LYMPHOID_TISSUE
CCLE-38-PD-0325901-HEM,43,1,697_HAEMATOPOIETIC_AND_LYMPHOID_TISSUE
CCLE-38-PD-0325901-HEM,43,2,AMO1_HAEMATOPOIETIC_AND_LYMPHOID_TISSUE
CCLE-38-PD-0325901-HEM,43,3,BDCM_HAEMATOPOIETIC_AND_LYMPHOID_TISSUE
CCLE-38-PD-0325901-HEM,43,4,BL70_HAEMATOPOIETIC_AND_LYMPHOID_TISSUE
CCLE-38-PD-0325901-HEM,43,5,HUT78_HAEMATOPOIETIC_AND_LYMPHOID_TISSUE
CCLE-38-PD-0325901-HEM,43,6,JURKAT_HAEMATOPOIETIC_AND_LYMPHOID_TISSUE
CCLE-38-PD-0325901-HEM,43,7,KHM1B_HAEMATOPOIETIC_AND_LYMPHOID_TISSUE
CCLE-38-PD-0325901-HEM,43,8,KU812_HAEMATOPOIETIC_AND_LYMPHOID_TISSUE
CCLE-38-PD-0325901-HEM,43,9,L428_HAEMATOPOIETIC_AND_LYMPHOID_TISSUE
CCLE-38-PD-0325901-HEM,43,10,MC116_HAEMATOPOIETIC_AND_LYMPHOID_TISSUE
CCLE-38-PD-0325901-HEM,43,11,MINO_HAEMATOPOIETIC_AND_LYMPHOID_TISSUE
CCLE-38-PD-0325901-HEM,43,12,MOLP8_HAEMATOPOIETIC_AND_LYMPHOID_TISSUE
CCLE-38-PD-0325901-HEM,43,13,MOLT16_HAEMATOPOIETIC_AND_LYMPHOID_TISSUE
CCLE-38-PD-0325901-HEM,43,14,P31FUJ_HAEMATOPOIETIC_AND_LYMPHOID_TISSUE
CCLE-38-PD-0325901-HEM,43,15,P3HR1_HAEMATOPOIETIC_AND_LYMPHOID_TISSUE
CCLE-38-PD-0325901-HEM,43,16,REH_HAEMATOPOIETIC_AND_LYMPHOID_TISSUE
CCLE-38-PD-0325901-HEM,43,17,SUDHL8_HAEMATOPOIETIC_AND_LYMPHOID_TISSUE
CCLE-38-PD-0325901-HEM,43,18,SUPT1_HAEMATOPOIETIC_AND_LYMPHOID_TISSUE
CCLE-38-PD-0325901-HEM,44,1,ALLSIL_HAEMATOPOIETIC_AND_LYMPHOID_TISSUE
CCLE-38-PD-0325901-HEM,44,2,BDCM_HAEMATOPOIETIC_AND_LYMPHOID_TISSUE
CCLE-38-PD-0325901-HEM,44,3,BL41_HAEMATOPOIETIC_AND_LYMPHOID_TISSUE
CCLE-38-PD-0325901-HEM,44,4,HDMYZ_HAEMATOPOIETIC_AND_LYMPHOID_TISSUE
CCLE-38-PD-0325901-HEM,44,5,HT_HAEMATOPOIETIC_AND_LYMPHOID_TISSUE
CCLE-38-PD-0325901-HEM,44,6,KARPAS620_HAEMATOPOIETIC_AND_LYMPHOID_TISSUE
CCLE-38-PD-0325901-HEM,44,7,KCL22_HAEMATOPOIETIC_AND_LYMPHOID_TISSUE
CCLE-38-PD-0325901-HEM,44,8,KHM1B_HAEMATOPOIETIC_AND_LYMPHOID_TISSUE
CCLE-38-PD-0325901-HEM,44,9,KMM1_HAEMATOPOIETIC_AND_LYMPHOID_TISSUE
CCLE-38-PD-0325901-HEM,44,10,KMS12BM_HAEMATOPOIETIC_AND_LYMPHOID_TISSUE
CCLE-38-PD-0325901-HEM,44,11,KO52_HAEMATOPOIETIC_AND_LYMPHOID_TISSUE
CCLE-38-PD-0325901-HEM,44,12,MC116_HAEMATOPOIETIC_AND_LYMPHOID_TISSUE
CCLE-38-PD-0325901-HEM,44,13,OCIAML5_HAEMATOPOIETIC_AND_LYMPHOID_TISSUE
CCLE-38-PD-0325901-HEM,44,14,P31FUJ_HAEMATOPOIETIC_AND_LYMPHOID_TISSUE
CCLE-38-PD-0325901-HEM,44,15,RPMI8402_HAEMATOPOIETIC_AND_LYMPHOID_TISSUE
CCLE-38-PD-0325901-HEM,44,16,SKMM2_HAEMATOPOIETIC_AND_LYMPHOID_TISSUE
CCLE-38-PD-0325901-HEM,44,17,SUDHL8_HAEMATOPOIETIC_AND_LYMPHOID_TISSUE
CCLE-38-PD-0325901-HEM,44,18,U937_HAEMATOPOIETIC_AND_LYMPHOID_TISSUE
CCLE-38-PD-0325901-HEM,45,1,ALLSIL_HAEMATOPOIETIC_AND_LYMPHOID_TISSUE
CCLE-38-PD-0325901-HEM,45,2,AMO1_HAEMATOPOIETIC_AND_LYMPHOID_TISSUE
CCLE-38-PD-0325901-HEM,45,3,EM2_HAEMATOPOIETIC_AND_LYMPHOID_TISSUE
CCLE-38-PD-0325901-HEM,45,4,JURKAT_HAEMATOPOIETIC_AND_LYMPHOID_TISSUE
CCLE-38-PD-0325901-HEM,45,5,JVM3_HAEMATOPOIETIC_AND_LYMPHOID_TISSUE
CCLE-38-PD-0325901-HEM,45,6,KMM1_HAEMATOPOIETIC_AND_LYMPHOID_TISSUE
CCLE-38-PD-0325901-HEM,45,7,KMS12BM_HAEMATOPOIETIC_AND_LYMPHOID_TISSUE
CCLE-38-PD-0325901-HEM,45,8,KMS34_HAEMATOPOIETIC_AND_LYMPHOID_TISSUE
CCLE-38-PD-0325901-HEM,45,9,LP1_HAEMATOPOIETIC_AND_LYMPHOID_TISSUE
CCLE-38-PD-0325901-HEM,45,10,MEG01_HAEMATOPOIETIC_AND_LYMPHOID_TISSUE
CCLE-38-PD-0325901-HEM,45,11,MINO_HAEMATOPOIETIC_AND_LYMPHOID_TISSUE
CCLE-38-PD-0325901-HEM,45,12,MOLT16_HAEMATOPOIETIC_AND_LYMPHOID_TISSUE
CCLE-38-PD-0325901-HEM,45,13,OCIAML2_HAEMATOPOIETIC_AND_LYMPHOID_TISSUE
CCLE-38-PD-0325901-HEM,45,14,OCIAML5_HAEMATOPOIETIC_AND_LYMPHOID_TISSUE
CCLE-38-PD-0325901-HEM,45,15,P31FUJ_HAEMATOPOIETIC_AND_LYMPHOID_TISSUE
CCLE-38-PD-0325901-HEM,45,16,SUDHL6_HAEMATOPOIETIC_AND_LYMPHOID_TISSUE
CCLE-38-PD-0325901-HEM,45,17,SUPT1_HAEMATOPOIETIC_AND_LYMPHOID_TISSUE
CCLE-38-PD-0325901-HEM,45,18,U937_HAEMATOPOIETIC_AND_LYMPHOID_TISSUE
CCLE-38-PD-0325901-HEM,46,1,697_HAEMATOPOIETIC_AND_LYMPHOID_TISSUE
CCLE-38-PD-0325901-HEM,46,2,ALLSIL_HAEMATOPOIETIC_AND_LYMPHOID_TISSUE
CCLE-38-PD-0325901-HEM,46,3,AMO1_HAEMATOPOIETIC_AND_LYMPHOID_TISSUE
CCLE-38-PD-0325901-HEM,46,4,DEL_HAEMATOPOIETIC_AND_LYMPHOID_TISSUE
CCLE-38-PD-0325901-HEM,46,5,HDMYZ_HAEMATOPOIETIC_AND_LYMPHOID_TISSUE
CCLE-38-PD-0325901-HEM,46,6,HH_HAEMATOPOIETIC_AND_LYMPHOID_TISSUE
CCLE-38-PD-0325901-HEM,46,7,HT_HAEMATOPOIETIC_AND_LYMPHOID_TISSUE
CCLE-38-PD-0325901-HEM,46,8,KASUMI2_HAEMATOPOIETIC_AND_LYMPHOID_TISSUE
CCLE-38-PD-0325901-HEM,46,9,KG1_HAEMATOPOIETIC_AND_LYMPHOID_TISSUE
CCLE-38-PD-0325901-HEM,46,10,L363_HAEMATOPOIETIC_AND_LYMPHOID_TISSUE
CCLE-38-PD-0325901-HEM,46,11,L428_HAEMATOPOIETIC_AND_LYMPHOID_TISSUE
CCLE-38-PD-0325901-HEM,46,12,MJ_HAEMATOPOIETIC_AND_LYMPHOID_TISSUE
CCLE-38-PD-0325901-HEM,46,13,MOLP8_HAEMATOPOIETIC_AND_LYMPHOID_TISSUE
CCLE-38-PD-0325901-HEM,46,14,NCO2_HAEMATOPOIETIC_AND_LYMPHOID_TISSUE
CCLE-38-PD-0325901-HEM,46,15,PFEIFFER_HAEMATOPOIETIC_AND_LYMPHOID_TISSUE
CCLE-38-PD-0325901-HEM,46,16,REH_HAEMATOPOIETIC_AND_LYMPHOID_TISSUE
CCLE-38-PD-0325901-HEM,46,17,SUDHL4_HAEMATOPOIETIC_AND_LYMPHOID_TISSUE
CCLE-38-PD-0325901-HEM,46,18,SUPT1_HAEMATOPOIETIC_AND_LYMPHOID_TISSUE
CCLE-38-PD-0325901-HEM,47,1,697_HAEMATOPOIETIC_AND_LYMPHOID_TISSUE
CCLE-38-PD-0325901-HEM,47,2,HDMYZ_HAEMATOPOIETIC_AND_LYMPHOID_TISSUE
CCLE-38-PD-0325901-HEM,47,3,HUT78_HAEMATOPOIETIC_AND_LYMPHOID_TISSUE
CCLE-38-PD-0325901-HEM,47,4,KG1_HAEMATOPOIETIC_AND_LYMPHOID_TISSUE
CCLE-38-PD-0325901-HEM,47,5,L363_HAEMATOPOIETIC_AND_LYMPHOID_TISSUE
CCLE-38-PD-0325901-HEM,47,6,MC116_HAEMATOPOIETIC_AND_LYMPHOID_TISSUE
CCLE-38-PD-0325901-HEM,47,7,MEG01_HAEMATOPOIETIC_AND_LYMPHOID_TISSUE
CCLE-38-PD-0325901-HEM,47,8,MJ_HAEMATOPOIETIC_AND_LYMPHOID_TISSUE
CCLE-38-PD-0325901-HEM,47,9,MOLP8_HAEMATOPOIETIC_AND_LYMPHOID_TISSUE
CCLE-38-PD-0325901-HEM,47,10,NCO2_HAEMATOPOIETIC_AND_LYMPHOID_TISSUE
CCLE-38-PD-0325901-HEM,47,11,P31FUJ_HAEMATOPOIETIC_AND_LYMPHOID_TISSUE
CCLE-38-PD-0325901-HEM,47,12,RAJI_HAEMATOPOIETIC_AND_LYMPHOID_TISSUE
CCLE-38-PD-0325901-HEM,47,13,RPMI8402_HAEMATOPOIETIC_AND_LYMPHOID_TISSUE
CCLE-38-PD-0325901-HEM,47,14,SIGM5_HAEMATOPOIETIC_AND_LYMPHOID_TISSUE
CCLE-38-PD-0325901-HEM,47,15,SKMM2_HAEMATOPOIETIC_AND_LYMPHOID_TISSUE
CCLE-38-PD-0325901-HEM,47,16,SUDHL8_HAEMATOPOIETIC_AND_LYMPHOID_TISSUE
CCLE-38-PD-0325901-HEM,47,17,SUPM2_HAEMATOPOIETIC_AND_LYMPHOID_TISSUE
CCLE-38-PD-0325901-HEM,47,18,TOLEDO_HAEMATOPOIETIC_AND_LYMPHOID_TISSUE
CCLE-38-PD-0325901-HEM,48,1,697_HAEMATOPOIETIC_AND_LYMPHOID_TISSUE
CCLE-38-PD-0325901-HEM,48,2,AMO1_HAEMATOPOIETIC_AND_LYMPHOID_TISSUE
CCLE-38-PD-0325901-HEM,48,3,BL70_HAEMATOPOIETIC_AND_LYMPHOID_TISSUE
CCLE-38-PD-0325901-HEM,48,4,DOHH2_HAEMATOPOIETIC_AND_LYMPHOID_TISSUE
CCLE-38-PD-0325901-HEM,48,5,GRANTA519_HAEMATOPOIETIC_AND_LYMPHOID_TISSUE
CCLE-38-PD-0325901-HEM,48,6,HT_HAEMATOPOIETIC_AND_LYMPHOID_TISSUE
CCLE-38-PD-0325901-HEM,48,7,KARPAS299_HAEMATOPOIETIC_AND_LYMPHOID_TISSUE
CCLE-38-PD-0325901-HEM,48,8,KARPAS620_HAEMATOPOIETIC_AND_LYMPHOID_TISSUE
CCLE-38-PD-0325901-HEM,48,9,KMM1_HAEMATOPOIETIC_AND_LYMPHOID_TISSUE
CCLE-38-PD-0325901-HEM,48,10,KMS34_HAEMATOPOIETIC_AND_LYMPHOID_TISSUE
CCLE-38-PD-0325901-HEM,48,11,L363_HAEMATOPOIETIC_AND_LYMPHOID_TISSUE
CCLE-38-PD-0325901-HEM,48,12,MJ_HAEMATOPOIETIC_AND_LYMPHOID_TISSUE
CCLE-38-PD-0325901-HEM,48,13,OCIAML5_HAEMATOPOIETIC_AND_LYMPHOID_TISSUE
CCLE-38-PD-0325901-HEM,48,14,OPM2_HAEMATOPOIETIC_AND_LYMPHOID_TISSUE
CCLE-38-PD-0325901-HEM,48,15,RAJI_HAEMATOPOIETIC_AND_LYMPHOID_TISSUE
CCLE-38-PD-0325901-HEM,48,16,SIGM5_HAEMATOPOIETIC_AND_LYMPHOID_TISSUE
CCLE-38-PD-0325901-HEM,48,17,SUDHL8_HAEMATOPOIETIC_AND_LYMPHOID_TISSUE
CCLE-38-PD-0325901-HEM,48,18,U937_HAEMATOPOIETIC_AND_LYMPHOID_TISSUE
CCLE-38-PD-0325901-HEM,49,1,AMO1_HAEMATOPOIETIC_AND_LYMPHOID_TISSUE
CCLE-38-PD-0325901-HEM,49,2,BL70_HAEMATOPOIETIC_AND_LYMPHOID_TISSUE
CCLE-38-PD-0325901-HEM,49,3,CI1_HAEMATOPOIETIC_AND_LYMPHOID_TISSUE
CCLE-38-PD-0325901-HEM,49,4,DEL_HAEMATOPOIETIC_AND_LYMPHOID_TISSUE
CCLE-38-PD-0325901-HEM,49,5,EM2_HAEMATOPOIETIC_AND_LYMPHOID_TISSUE
CCLE-38-PD-0325901-HEM,49,6,F36P_HAEMATOPOIETIC_AND_LYMPHOID_TISSUE
CCLE-38-PD-0325901-HEM,49,7,GRANTA519_HAEMATOPOIETIC_AND_LYMPHOID_TISSUE
CCLE-38-PD-0325901-HEM,49,8,HUT78_HAEMATOPOIETIC_AND_LYMPHOID_TISSUE
CCLE-38-PD-0325901-HEM,49,9,KG1_HAEMATOPOIETIC_AND_LYMPHOID_TISSUE
CCLE-38-PD-0325901-HEM,49,10,KMM1_HAEMATOPOIETIC_AND_LYMPHOID_TISSUE
CCLE-38-PD-0325901-HEM,49,11,KMS11_HAEMATOPOIETIC_AND_LYMPHOID_TISSUE
CCLE-38-PD-0325901-HEM,49,12,KMS12BM_HAEMATOPOIETIC_AND_LYMPHOID_TISSUE
CCLE-38-PD-0325901-HEM,49,13,KMS26_HAEMATOPOIETIC_AND_LYMPHOID_TISSUE
CCLE-38-PD-0325901-HEM,49,14,L363_HAEMATOPOIETIC_AND_LYMPHOID_TISSUE
CCLE-38-PD-0325901-HEM,49,15,OCIAML2_HAEMATOPOIETIC_AND_LYMPHOID_TISSUE
CCLE-38-PD-0325901-HEM,49,16,P3HR1_HAEMATOPOIETIC_AND_LYMPHOID_TISSUE
CCLE-38-PD-0325901-HEM,49,17,REH_HAEMATOPOIETIC_AND_LYMPHOID_TISSUE
CCLE-38-PD-0325901-HEM,49,18,SUDHL4_HAEMATOPOIETIC_AND_LYMPHOID_TISSUE
CCLE-38-PD-0325901-HEM,50,1,697_HAEMATOPOIETIC_AND_LYMPHOID_TISSUE
CCLE-38-PD-0325901-HEM,50,2,BL70_HAEMATOPOIETIC_AND_LYMPHOID_TISSUE
CCLE-38-PD-0325901-HEM,50,3,GRANTA519_HAEMATOPOIETIC_AND_LYMPHOID_TISSUE
CCLE-38-PD-0325901-HEM,50,4,HH_HAEMATOPOIETIC_AND_LYMPHOID_TISSUE
CCLE-38-PD-0325901-HEM,50,5,KARPAS299_HAEMATOPOIETIC_AND_LYMPHOID_TISSUE
CCLE-38-PD-0325901-HEM,50,6,KASUMI2_HAEMATOPOIETIC_AND_LYMPHOID_TISSUE
CCLE-38-PD-0325901-HEM,50,7,KHM1B_HAEMATOPOIETIC_AND_LYMPHOID_TISSUE
CCLE-38-PD-0325901-HEM,50,8,KMS11_HAEMATOPOIETIC_AND_LYMPHOID_TISSUE
CCLE-38-PD-0325901-HEM,50,9,MJ_HAEMATOPOIETIC_AND_LYMPHOID_TISSUE
CCLE-38-PD-0325901-HEM,50,10,MOLP8_HAEMATOPOIETIC_AND_LYMPHOID_TISSUE
CCLE-38-PD-0325901-HEM,50,11,MOLT16_HAEMATOPOIETIC_AND_LYMPHOID_TISSUE
CCLE-38-PD-0325901-HEM,50,12,NCO2_HAEMATOPOIETIC_AND_LYMPHOID_TISSUE
CCLE-38-PD-0325901-HEM,50,13,P12ICHIKAWA_HAEMATOPOIETIC_AND_LYMPHOID_TISSUE
CCLE-38-PD-0325901-HEM,50,14,P3HR1_HAEMATOPOIETIC_AND_LYMPHOID_TISSUE
CCLE-38-PD-0325901-HEM,50,15,REH_HAEMATOPOIETIC_AND_LYMPHOID_TISSUE
CCLE-38-PD-0325901-HEM,50,16,SIGM5_HAEMATOPOIETIC_AND_LYMPHOID_TISSUE
CCLE-38-PD-0325901-HEM,50,17,TOLEDO_HAEMATOPOIETIC_AND_LYMPHOID_TISSUE
CCLE-38-PD-0325901-HEM,50,18,U937_HAEMATOPOIETIC_AND_LYMPHOID_TISSUE
CCLE-38-PD-0325901-HEM,51,1,BL41_HAEMATOPOIETIC_AND_LYMPHOID_TISSUE
CCLE-38-PD-0325901-HEM,51,2,EM2_HAEMATOPOIETIC_AND_LYMPHOID_TISSUE
CCLE-38-PD-0325901-HEM,51,3,HT_HAEMATOPOIETIC_AND_LYMPHOID_TISSUE
CCLE-38-PD-0325901-HEM,51,4,KARPAS299_HAEMATOPOIETIC_AND_LYMPHOID_TISSUE
CCLE-38-PD-0325901-HEM,51,5,KHM1B_HAEMATOPOIETIC_AND_LYMPHOID_TISSUE
CCLE-38-PD-0325901-HEM,51,6,L428_HAEMATOPOIETIC_AND_LYMPHOID_TISSUE
CCLE-38-PD-0325901-HEM,51,7,P31FUJ_HAEMATOPOIETIC_AND_LYMPHOID_TISSUE
CCLE-38-PD-0325901-HEM,51,8,PFEIFFER_HAEMATOPOIETIC_AND_LYMPHOID_TISSUE
CCLE-38-PD-0325901-HEM,51,9,RAJI_HAEMATOPOIETIC_AND_LYMPHOID_TISSUE
CCLE-38-PD-0325901-HEM,51,10,REH_HAEMATOPOIETIC_AND_LYMPHOID_TISSUE
CCLE-38-PD-0325901-HEM,51,11,RPMI8402_HAEMATOPOIETIC_AND_LYMPHOID_TISSUE
CCLE-38-PD-0325901-HEM,51,12,SKMM2_HAEMATOPOIETIC_AND_LYMPHOID_TISSUE
CCLE-38-PD-0325901-HEM,51,13,SUDHL10_HAEMATOPOIETIC_AND_LYMPHOID_TISSUE
CCLE-38-PD-0325901-HEM,51,14,SUDHL4_HAEMATOPOIETIC_AND_LYMPHOID_TISSUE
CCLE-38-PD-0325901-HEM,51,15,SUDHL6_HAEMATOPOIETIC_AND_LYMPHOID_TISSUE
CCLE-38-PD-0325901-HEM,51,16,SUDHL8_HAEMATOPOIETIC_AND_LYMPHOID_TISSUE
CCLE-38-PD-0325901-HEM,51,17,SUPM2_HAEMATOPOIETIC_AND_LYMPHOID_TISSUE
CCLE-38-PD-0325901-HEM,51,18,TOLEDO_HAEMATOPOIETIC_AND_LYMPHOID_TISSUE
CCLE-38-PD-0325901-HEM,52,1,697_HAEMATOPOIETIC_AND_LYMPHOID_TISSUE
CCLE-38-PD-0325901-HEM,52,2,CI1_HAEMATOPOIETIC_AND_LYMPHOID_TISSUE
CCLE-38-PD-0325901-HEM,52,3,F36P_HAEMATOPOIETIC_AND_LYMPHOID_TISSUE
CCLE-38-PD-0325901-HEM,52,4,GRANTA519_HAEMATOPOIETIC_AND_LYMPHOID_TISSUE
CCLE-38-PD-0325901-HEM,52,5,HDMYZ_HAEMATOPOIETIC_AND_LYMPHOID_TISSUE
CCLE-38-PD-0325901-HEM,52,6,KASUMI2_HAEMATOPOIETIC_AND_LYMPHOID_TISSUE
CCLE-38-PD-0325901-HEM,52,7,KG1_HAEMATOPOIETIC_AND_LYMPHOID_TISSUE
CCLE-38-PD-0325901-HEM,52,8,KMM1_HAEMATOPOIETIC_AND_LYMPHOID_TISSUE
CCLE-38-PD-0325901-HEM,52,9,KMS11_HAEMATOPOIETIC_AND_LYMPHOID_TISSUE
CCLE-38-PD-0325901-HEM,52,10,KU812_HAEMATOPOIETIC_AND_LYMPHOID_TISSUE
CCLE-38-PD-0325901-HEM,52,11,LP1_HAEMATOPOIETIC_AND_LYMPHOID_TISSUE
CCLE-38-PD-0325901-HEM,52,12,MINO_HAEMATOPOIETIC_AND_LYMPHOID_TISSUE
CCLE-38-PD-0325901-HEM,52,13,NCO2_HAEMATOPOIETIC_AND_LYMPHOID_TISSUE
CCLE-38-PD-0325901-HEM,52,14,OCIAML2_HAEMATOPOIETIC_AND_LYMPHOID_TISSUE
CCLE-38-PD-0325901-HEM,52,15,SKMM2_HAEMATOPOIETIC_AND_LYMPHOID_TISSUE
CCLE-38-PD-0325901-HEM,52,16,SUDHL4_HAEMATOPOIETIC_AND_LYMPHOID_TISSUE
CCLE-38-PD-0325901-HEM,52,17,SUPT1_HAEMATOPOIETIC_AND_LYMPHOID_TISSUE
CCLE-38-PD-0325901-HEM,52,18,U937_HAEMATOPOIETIC_AND_LYMPHOID_TISSUE
CCLE-38-PD-0325901-HEM,53,1,697_HAEMATOPOIETIC_AND_LYMPHOID_TISSUE
CCLE-38-PD-0325901-HEM,53,2,BL70_HAEMATOPOIETIC_AND_LYMPHOID_TISSUE
CCLE-38-PD-0325901-HEM,53,3,GRANTA519_HAEMATOPOIETIC_AND_LYMPHOID_TISSUE
CCLE-38-PD-0325901-HEM,53,4,HH_HAEMATOPOIETIC_AND_LYMPHOID_TISSUE
CCLE-38-PD-0325901-HEM,53,5,HT_HAEMATOPOIETIC_AND_LYMPHOID_TISSUE
CCLE-38-PD-0325901-HEM,53,6,JM1_HAEMATOPOIETIC_AND_LYMPHOID_TISSUE
CCLE-38-PD-0325901-HEM,53,7,JURKAT_HAEMATOPOIETIC_AND_LYMPHOID_TISSUE
CCLE-38-PD-0325901-HEM,53,8,KCL22_HAEMATOPOIETIC_AND_LYMPHOID_TISSUE
CCLE-38-PD-0325901-HEM,53,9,KMM1_HAEMATOPOIETIC_AND_LYMPHOID_TISSUE
CCLE-38-PD-0325901-HEM,53,10,KMS26_HAEMATOPOIETIC_AND_LYMPHOID_TISSUE
CCLE-38-PD-0325901-HEM,53,11,MEG01_HAEMATOPOIETIC_AND_LYMPHOID_TISSUE
CCLE-38-PD-0325901-HEM,53,12,MINO_HAEMATOPOIETIC_AND_LYMPHOID_TISSUE
CCLE-38-PD-0325901-HEM,53,13,OPM2_HAEMATOPOIETIC_AND_LYMPHOID_TISSUE
CCLE-38-PD-0325901-HEM,53,14,P3HR1_HAEMATOPOIETIC_AND_LYMPHOID_TISSUE
CCLE-38-PD-0325901-HEM,53,15,PFEIFFER_HAEMATOPOIETIC_AND_LYMPHOID_TISSUE
CCLE-38-PD-0325901-HEM,53,16,REH_HAEMATOPOIETIC_AND_LYMPHOID_TISSUE
CCLE-38-PD-0325901-HEM,53,17,RPMI8402_HAEMATOPOIETIC_AND_LYMPHOID_TISSUE
CCLE-38-PD-0325901-HEM,53,18,SUDHL8_HAEMATOPOIETIC_AND_LYMPHOID_TISSUE
CCLE-38-PD-0325901-HEM,54,1,BL41_HAEMATOPOIETIC_AND_LYMPHOID_TISSUE
CCLE-38-PD-0325901-HEM,54,2,EM2_HAEMATOPOIETIC_AND_LYMPHOID_TISSUE
CCLE-38-PD-0325901-HEM,54,3,HDMYZ_HAEMATOPOIETIC_AND_LYMPHOID_TISSUE
CCLE-38-PD-0325901-HEM,54,4,JM1_HAEMATOPOIETIC_AND_LYMPHOID_TISSUE
CCLE-38-PD-0325901-HEM,54,5,KG1_HAEMATOPOIETIC_AND_LYMPHOID_TISSUE
CCLE-38-PD-0325901-HEM,54,6,KMM1_HAEMATOPOIETIC_AND_LYMPHOID_TISSUE
CCLE-38-PD-0325901-HEM,54,7,KMS34_HAEMATOPOIETIC_AND_LYMPHOID_TISSUE
CCLE-38-PD-0325901-HEM,54,8,L428_HAEMATOPOIETIC_AND_LYMPHOID_TISSUE
CCLE-38-PD-0325901-HEM,54,9,MINO_HAEMATOPOIETIC_AND_LYMPHOID_TISSUE
CCLE-38-PD-0325901-HEM,54,10,MJ_HAEMATOPOIETIC_AND_LYMPHOID_TISSUE
CCLE-38-PD-0325901-HEM,54,11,NCO2_HAEMATOPOIETIC_AND_LYMPHOID_TISSUE
CCLE-38-PD-0325901-HEM,54,12,OCIAML2_HAEMATOPOIETIC_AND_LYMPHOID_TISSUE
CCLE-38-PD-0325901-HEM,54,13,OPM2_HAEMATOPOIETIC_AND_LYMPHOID_TISSUE
CCLE-38-PD-0325901-HEM,54,14,P12ICHIKAWA_HAEMATOPOIETIC_AND_LYMPHOID_TISSUE
CCLE-38-PD-0325901-HEM,54,15,PFEIFFER_HAEMATOPOIETIC_AND_LYMPHOID_TISSUE
CCLE-38-PD-0325901-HEM,54,16,RAJI_HAEMATOPOIETIC_AND_LYMPHOID_TISSUE
CCLE-38-PD-0325901-HEM,54,17,SUDHL10_HAEMATOPOIETIC_AND_LYMPHOID_TISSUE
CCLE-38-PD-0325901-HEM,54,18,TOLEDO_HAEMATOPOIETIC_AND_LYMPHOID_TISSUE
CCLE-38-PD-0325901-HEM,55,1,697_HAEMATOPOIETIC_AND_LYMPHOID_TISSUE
CCLE-38-PD-0325901-HEM,55,2,AMO1_HAEMATOPOIETIC_AND_LYMPHOID_TISSUE
CCLE-38-PD-0325901-HEM,55,3,GRANTA519_HAEMATOPOIETIC_AND_LYMPHOID_TISSUE
CCLE-38-PD-0325901-HEM,55,4,HDMYZ_HAEMATOPOIETIC_AND_LYMPHOID_TISSUE
CCLE-38-PD-0325901-HEM,55,5,HUT78_HAEMATOPOIETIC_AND_LYMPHOID_TISSUE
CCLE-38-PD-0325901-HEM,55,6,KARPAS299_HAEMATOPOIETIC_AND_LYMPHOID_TISSUE
CCLE-38-PD-0325901-HEM,55,7,KASUMI2_HAEMATOPOIETIC_AND_LYMPHOID_TISSUE
CCLE-38-PD-0325901-HEM,55,8,KU812_HAEMATOPOIETIC_AND_LYMPHOID_TISSUE
CCLE-38-PD-0325901-HEM,55,9,L363_HAEMATOPOIETIC_AND_LYMPHOID_TISSUE
CCLE-38-PD-0325901-HEM,55,10,MEG01_HAEMATOPOIETIC_AND_LYMPHOID_TISSUE
CCLE-38-PD-0325901-HEM,55,11,MJ_HAEMATOPOIETIC_AND_LYMPHOID_TISSUE
CCLE-38-PD-0325901-HEM,55,12,OCIAML2_HAEMATOPOIETIC_AND_LYMPHOID_TISSUE
CCLE-38-PD-0325901-HEM,55,13,PFEIFFER_HAEMATOPOIETIC_AND_LYMPHOID_TISSUE
CCLE-38-PD-0325901-HEM,55,14,RPMI8402_HAEMATOPOIETIC_AND_LYMPHOID_TISSUE
CCLE-38-PD-0325901-HEM,55,15,SUDHL10_HAEMATOPOIETIC_AND_LYMPHOID_TISSUE
CCLE-38-PD-0325901-HEM,55,16,SUPM2_HAEMATOPOIETIC_AND_LYMPHOID_TISSUE
CCLE-38-PD-0325901-HEM,55,17,TOLEDO_HAEMATOPOIETIC_AND_LYMPHOID_TISSUE
CCLE-38-PD-0325901-HEM,55,18,U937_HAEMATOPOIETIC_AND_LYMPHOID_TISSUE
CCLE-38-PD-0325901-HEM,56,1,697_HAEMATOPOIETIC_AND_LYMPHOID_TISSUE
CCLE-38-PD-0325901-HEM,56,2,BL70_HAEMATOPOIETIC_AND_LYMPHOID_TISSUE
CCLE-38-PD-0325901-HEM,56,3,CI1_HAEMATOPOIETIC_AND_LYMPHOID_TISSUE
CCLE-38-PD-0325901-HEM,56,4,DEL_HAEMATOPOIETIC_AND_LYMPHOID_TISSUE
CCLE-38-PD-0325901-HEM,56,5,HDMYZ_HAEMATOPOIETIC_AND_LYMPHOID_TISSUE
CCLE-38-PD-0325901-HEM,56,6,HUT78_HAEMATOPOIETIC_AND_LYMPHOID_TISSUE
CCLE-38-PD-0325901-HEM,56,7,KARPAS299_HAEMATOPOIETIC_AND_LYMPHOID_TISSUE
CCLE-38-PD-0325901-HEM,56,8,KCL22_HAEMATOPOIETIC_AND_LYMPHOID_TISSUE
CCLE-38-PD-0325901-HEM,56,9,KHM1B_HAEMATOPOIETIC_AND_LYMPHOID_TISSUE
CCLE-38-PD-0325901-HEM,56,10,KMS12BM_HAEMATOPOIETIC_AND_LYMPHOID_TISSUE
CCLE-38-PD-0325901-HEM,56,11,KMS26_HAEMATOPOIETIC_AND_LYMPHOID_TISSUE
CCLE-38-PD-0325901-HEM,56,12,KMS34_HAEMATOPOIETIC_AND_LYMPHOID_TISSUE
CCLE-38-PD-0325901-HEM,56,13,MJ_HAEMATOPOIETIC_AND_LYMPHOID_TISSUE
CCLE-38-PD-0325901-HEM,56,14,P31FUJ_HAEMATOPOIETIC_AND_LYMPHOID_TISSUE
CCLE-38-PD-0325901-HEM,56,15,SIGM5_HAEMATOPOIETIC_AND_LYMPHOID_TISSUE
CCLE-38-PD-0325901-HEM,56,16,SUDHL6_HAEMATOPOIETIC_AND_LYMPHOID_TISSUE
CCLE-38-PD-0325901-HEM,56,17,SUPT1_HAEMATOPOIETIC_AND_LYMPHOID_TISSUE
CCLE-38-PD-0325901-HEM,56,18,U937_HAEMATOPOIETIC_AND_LYMPHOID_TISSUE
CCLE-38-PD-0325901-HEM,57,1,697_HAEMATOPOIETIC_AND_LYMPHOID_TISSUE
CCLE-38-PD-0325901-HEM,57,2,AMO1_HAEMATOPOIETIC_AND_LYMPHOID_TISSUE
CCLE-38-PD-0325901-HEM,57,3,BL70_HAEMATOPOIETIC_AND_LYMPHOID_TISSUE
CCLE-38-PD-0325901-HEM,57,4,GRANTA519_HAEMATOPOIETIC_AND_LYMPHOID_TISSUE
CCLE-38-PD-0325901-HEM,57,5,HDMYZ_HAEMATOPOIETIC_AND_LYMPHOID_TISSUE
CCLE-38-PD-0325901-HEM,57,6,JVM3_HAEMATOPOIETIC_AND_LYMPHOID_TISSUE
CCLE-38-PD-0325901-HEM,57,7,KASUMI2_HAEMATOPOIETIC_AND_LYMPHOID_TISSUE
CCLE-38-PD-0325901-HEM,57,8,KCL22_HAEMATOPOIETIC_AND_LYMPHOID_TISSUE
CCLE-38-PD-0325901-HEM,57,9,KHM1B_HAEMATOPOIETIC_AND_LYMPHOID_TISSUE
CCLE-38-PD-0325901-HEM,57,10,KMS12BM_HAEMATOPOIETIC_AND_LYMPHOID_TISSUE
CCLE-38-PD-0325901-HEM,57,11,MEG01_HAEMATOPOIETIC_AND_LYMPHOID_TISSUE
CCLE-38-PD-0325901-HEM,57,12,MINO_HAEMATOPOIETIC_AND_LYMPHOID_TISSUE
CCLE-38-PD-0325901-HEM,57,13,MJ_HAEMATOPOIETIC_AND_LYMPHOID_TISSUE
CCLE-38-PD-0325901-HEM,57,14,NCO2_HAEMATOPOIETIC_AND_LYMPHOID_TISSUE
CCLE-38-PD-0325901-HEM,57,15,OCIAML5_HAEMATOPOIETIC_AND_LYMPHOID_TISSUE
CCLE-38-PD-0325901-HEM,57,16,P12ICHIKAWA_HAEMATOPOIETIC_AND_LYMPHOID_TISSUE
CCLE-38-PD-0325901-HEM,57,17,SKMM2_HAEMATOPOIETIC_AND_LYMPHOID_TISSUE
CCLE-38-PD-0325901-HEM,57,18,SUPT1_HAEMATOPOIETIC_AND_LYMPHOID_TISSUE
CCLE-38-PD-0325901-HEM,58,1,AMO1_HAEMATOPOIETIC_AND_LYMPHOID_TISSUE
CCLE-38-PD-0325901-HEM,58,2,BL41_HAEMATOPOIETIC_AND_LYMPHOID_TISSUE
CCLE-38-PD-0325901-HEM,58,3,BL70_HAEMATOPOIETIC_AND_LYMPHOID_TISSUE
CCLE-38-PD-0325901-HEM,58,4,JM1_HAEMATOPOIETIC_AND_LYMPHOID_TISSUE
CCLE-38-PD-0325901-HEM,58,5,JURKAT_HAEMATOPOIETIC_AND_LYMPHOID_TISSUE
CCLE-38-PD-0325901-HEM,58,6,KG1_HAEMATOPOIETIC_AND_LYMPHOID_TISSUE
CCLE-38-PD-0325901-HEM,58,7,KMM1_HAEMATOPOIETIC_AND_LYMPHOID_TISSUE
CCLE-38-PD-0325901-HEM,58,8,KMS26_HAEMATOPOIETIC_AND_LYMPHOID_TISSUE
CCLE-38-PD-0325901-HEM,58,9,MC116_HAEMATOPOIETIC_AND_LYMPHOID_TISSUE
CCLE-38-PD-0325901-HEM,58,10,MOLP8_HAEMATOPOIETIC_AND_LYMPHOID_TISSUE
CCLE-38-PD-0325901-HEM,58,11,OCIAML2_HAEMATOPOIETIC_AND_LYMPHOID_TISSUE
CCLE-38-PD-0325901-HEM,58,12,OCIAML5_HAEMATOPOIETIC_AND_LYMPHOID_TISSUE
CCLE-38-PD-0325901-HEM,58,13,OPM2_HAEMATOPOIETIC_AND_LYMPHOID_TISSUE
CCLE-38-PD-0325901-HEM,58,14,PFEIFFER_HAEMATOPOIETIC_AND_LYMPHOID_TISSUE
CCLE-38-PD-0325901-HEM,58,15,SKMM2_HAEMATOPOIETIC_AND_LYMPHOID_TISSUE
CCLE-38-PD-0325901-HEM,58,16,SUDHL10_HAEMATOPOIETIC_AND_LYMPHOID_TISSUE
CCLE-38-PD-0325901-HEM,58,17,SUPT1_HAEMATOPOIETIC_AND_LYMPHOID_TISSUE
CCLE-38-PD-0325901-HEM,58,18,U937_HAEMATOPOIETIC_AND_LYMPHOID_TISSUE
CCLE-38-PD-0325901-HEM,59,1,697_HAEMATOPOIETIC_AND_LYMPHOID_TISSUE
CCLE-38-PD-0325901-HEM,59,2,AMO1_HAEMATOPOIETIC_AND_LYMPHOID_TISSUE
CCLE-38-PD-0325901-HEM,59,3,DOHH2_HAEMATOPOIETIC_AND_LYMPHOID_TISSUE
CCLE-38-PD-0325901-HEM,59,4,HH_HAEMATOPOIETIC_AND_LYMPHOID_TISSUE
CCLE-38-PD-0325901-HEM,59,5,JURKAT_HAEMATOPOIETIC_AND_LYMPHOID_TISSUE
CCLE-38-PD-0325901-HEM,59,6,JVM3_HAEMATOPOIETIC_AND_LYMPHOID_TISSUE
CCLE-38-PD-0325901-HEM,59,7,KCL22_HAEMATOPOIETIC_AND_LYMPHOID_TISSUE
CCLE-38-PD-0325901-HEM,59,8,KHM1B_HAEMATOPOIETIC_AND_LYMPHOID_TISSUE
CCLE-38-PD-0325901-HEM,59,9,KMS34_HAEMATOPOIETIC_AND_LYMPHOID_TISSUE
CCLE-38-PD-0325901-HEM,59,10,LP1_HAEMATOPOIETIC_AND_LYMPHOID_TISSUE
CCLE-38-PD-0325901-HEM,59,11,MINO_HAEMATOPOIETIC_AND_LYMPHOID_TISSUE
CCLE-38-PD-0325901-HEM,59,12,MOLP8_HAEMATOPOIETIC_AND_LYMPHOID_TISSUE
CCLE-38-PD-0325901-HEM,59,13,MOLT16_HAEMATOPOIETIC_AND_LYMPHOID_TISSUE
CCLE-38-PD-0325901-HEM,59,14,P31FUJ_HAEMATOPOIETIC_AND_LYMPHOID_TISSUE
CCLE-38-PD-0325901-HEM,59,15,P3HR1_HAEMATOPOIETIC_AND_LYMPHOID_TISSUE
CCLE-38-PD-0325901-HEM,59,16,SUDHL6_HAEMATOPOIETIC_AND_LYMPHOID_TISSUE
CCLE-38-PD-0325901-HEM,59,17,SUDHL8_HAEMATOPOIETIC_AND_LYMPHOID_TISSUE
CCLE-38-PD-0325901-HEM,59,18,SUPT1_HAEMATOPOIETIC_AND_LYMPHOID_TISSUE
CCLE-38-PD-0325901-HEM,60,1,BL41_HAEMATOPOIETIC_AND_LYMPHOID_TISSUE
CCLE-38-PD-0325901-HEM,60,2,DEL_HAEMATOPOIETIC_AND_LYMPHOID_TISSUE
CCLE-38-PD-0325901-HEM,60,3,EM2_HAEMATOPOIETIC_AND_LYMPHOID_TISSUE
CCLE-38-PD-0325901-HEM,60,4,F36P_HAEMATOPOIETIC_AND_LYMPHOID_TISSUE
CCLE-38-PD-0325901-HEM,60,5,KG1_HAEMATOPOIETIC_AND_LYMPHOID_TISSUE
CCLE-38-PD-0325901-HEM,60,6,KMM1_HAEMATOPOIETIC_AND_LYMPHOID_TISSUE
CCLE-38-PD-0325901-HEM,60,7,KMS11_HAEMATOPOIETIC_AND_LYMPHOID_TISSUE
CCLE-38-PD-0325901-HEM,60,8,KMS12BM_HAEMATOPOIETIC_AND_LYMPHOID_TISSUE
CCLE-38-PD-0325901-HEM,60,9,MINO_HAEMATOPOIETIC_AND_LYMPHOID_TISSUE
CCLE-38-PD-0325901-HEM,60,10,MOLT16_HAEMATOPOIETIC_AND_LYMPHOID_TISSUE
CCLE-38-PD-0325901-HEM,60,11,NCO2_HAEMATOPOIETIC_AND_LYMPHOID_TISSUE
CCLE-38-PD-0325901-HEM,60,12,OPM2_HAEMATOPOIETIC_AND_LYMPHOID_TISSUE
CCLE-38-PD-0325901-HEM,60,13,P12ICHIKAWA_HAEMATOPOIETIC_AND_LYMPHOID_TISSUE
CCLE-38-PD-0325901-HEM,60,14,PFEIFFER_HAEMATOPOIETIC_AND_LYMPHOID_TISSUE
CCLE-38-PD-0325901-HEM,60,15,RAJI_HAEMATOPOIETIC_AND_LYMPHOID_TISSUE
CCLE-38-PD-0325901-HEM,60,16,RPMI8402_HAEMATOPOIETIC_AND_LYMPHOID_TISSUE
CCLE-38-PD-0325901-HEM,60,17,SUDHL6_HAEMATOPOIETIC_AND_LYMPHOID_TISSUE
CCLE-38-PD-0325901-HEM,60,18,U937_HAEMATOPOIETIC_AND_LYMPHOID_TISSUE
CCLE-38-PD-0325901-HEM,61,1,697_HAEMATOPOIETIC_AND_LYMPHOID_TISSUE
CCLE-38-PD-0325901-HEM,61,2,DOHH2_HAEMATOPOIETIC_AND_LYMPHOID_TISSUE
CCLE-38-PD-0325901-HEM,61,3,HH_HAEMATOPOIETIC_AND_LYMPHOID_TISSUE
CCLE-38-PD-0325901-HEM,61,4,JM1_HAEMATOPOIETIC_AND_LYMPHOID_TISSUE
CCLE-38-PD-0325901-HEM,61,5,KARPAS620_HAEMATOPOIETIC_AND_LYMPHOID_TISSUE
CCLE-38-PD-0325901-HEM,61,6,KCL22_HAEMATOPOIETIC_AND_LYMPHOID_TISSUE
CCLE-38-PD-0325901-HEM,61,7,KHM1B_HAEMATOPOIETIC_AND_LYMPHOID_TISSUE
CCLE-38-PD-0325901-HEM,61,8,KMM1_HAEMATOPOIETIC_AND_LYMPHOID_TISSUE
CCLE-38-PD-0325901-HEM,61,9,KMS12BM_HAEMATOPOIETIC_AND_LYMPHOID_TISSUE
CCLE-38-PD-0325901-HEM,61,10,KMS34_HAEMATOPOIETIC_AND_LYMPHOID_TISSUE
CCLE-38-PD-0325901-HEM,61,11,LP1_HAEMATOPOIETIC_AND_LYMPHOID_TISSUE
CCLE-38-PD-0325901-HEM,61,12,MJ_HAEMATOPOIETIC_AND_LYMPHOID_TISSUE
CCLE-38-PD-0325901-HEM,61,13,OCIAML2_HAEMATOPOIETIC_AND_LYMPHOID_TISSUE
CCLE-38-PD-0325901-HEM,61,14,OPM2_HAEMATOPOIETIC_AND_LYMPHOID_TISSUE
CCLE-38-PD-0325901-HEM,61,15,P31FUJ_HAEMATOPOIETIC_AND_LYMPHOID_TISSUE
CCLE-38-PD-0325901-HEM,61,16,SUDHL6_HAEMATOPOIETIC_AND_LYMPHOID_TISSUE
CCLE-38-PD-0325901-HEM,61,17,TOLEDO_HAEMATOPOIETIC_AND_LYMPHOID_TISSUE
CCLE-38-PD-0325901-HEM,61,18,U937_HAEMATOPOIETIC_AND_LYMPHOID_TISSUE
CCLE-38-PD-0325901-HEM,62,1,697_HAEMATOPOIETIC_AND_LYMPHOID_TISSUE
CCLE-38-PD-0325901-HEM,62,2,DEL_HAEMATOPOIETIC_AND_LYMPHOID_TISSUE
CCLE-38-PD-0325901-HEM,62,3,HT_HAEMATOPOIETIC_AND_LYMPHOID_TISSUE
CCLE-38-PD-0325901-HEM,62,4,JM1_HAEMATOPOIETIC_AND_LYMPHOID_TISSUE
CCLE-38-PD-0325901-HEM,62,5,JURKAT_HAEMATOPOIETIC_AND_LYMPHOID_TISSUE
CCLE-38-PD-0325901-HEM,62,6,JVM3_HAEMATOPOIETIC_AND_LYMPHOID_TISSUE
CCLE-38-PD-0325901-HEM,62,7,KARPAS620_HAEMATOPOIETIC_AND_LYMPHOID_TISSUE
CCLE-38-PD-0325901-HEM,62,8,KCL22_HAEMATOPOIETIC_AND_LYMPHOID_TISSUE
CCLE-38-PD-0325901-HEM,62,9,KMM1_HAEMATOPOIETIC_AND_LYMPHOID_TISSUE
CCLE-38-PD-0325901-HEM,62,10,KU812_HAEMATOPOIETIC_AND_LYMPHOID_TISSUE
CCLE-38-PD-0325901-HEM,62,11,LP1_HAEMATOPOIETIC_AND_LYMPHOID_TISSUE
CCLE-38-PD-0325901-HEM,62,12,NCO2_HAEMATOPOIETIC_AND_LYMPHOID_TISSUE
CCLE-38-PD-0325901-HEM,62,13,OCIAML2_HAEMATOPOIETIC_AND_LYMPHOID_TISSUE
CCLE-38-PD-0325901-HEM,62,14,OCIAML5_HAEMATOPOIETIC_AND_LYMPHOID_TISSUE
CCLE-38-PD-0325901-HEM,62,15,P31FUJ_HAEMATOPOIETIC_AND_LYMPHOID_TISSUE
CCLE-38-PD-0325901-HEM,62,16,P3HR1_HAEMATOPOIETIC_AND_LYMPHOID_TISSUE
CCLE-38-PD-0325901-HEM,62,17,SUDHL8_HAEMATOPOIETIC_AND_LYMPHOID_TISSUE
CCLE-38-PD-0325901-HEM,62,18,TOLEDO_HAEMATOPOIETIC_AND_LYMPHOID_TISSUE
CCLE-38-PD-0325901-HEM,63,1,697_HAEMATOPOIETIC_AND_LYMPHOID_TISSUE
CCLE-38-PD-0325901-HEM,63,2,AMO1_HAEMATOPOIETIC_AND_LYMPHOID_TISSUE
CCLE-38-PD-0325901-HEM,63,3,BL41_HAEMATOPOIETIC_AND_LYMPHOID_TISSUE
CCLE-38-PD-0325901-HEM,63,4,DEL_HAEMATOPOIETIC_AND_LYMPHOID_TISSUE
CCLE-38-PD-0325901-HEM,63,5,EM2_HAEMATOPOIETIC_AND_LYMPHOID_TISSUE
CCLE-38-PD-0325901-HEM,63,6,HH_HAEMATOPOIETIC_AND_LYMPHOID_TISSUE
CCLE-38-PD-0325901-HEM,63,7,JURKAT_HAEMATOPOIETIC_AND_LYMPHOID_TISSUE
CCLE-38-PD-0325901-HEM,63,8,JVM3_HAEMATOPOIETIC_AND_LYMPHOID_TISSUE
CCLE-38-PD-0325901-HEM,63,9,KMS12BM_HAEMATOPOIETIC_AND_LYMPHOID_TISSUE
CCLE-38-PD-0325901-HEM,63,10,KMS34_HAEMATOPOIETIC_AND_LYMPHOID_TISSUE
CCLE-38-PD-0325901-HEM,63,11,KU812_HAEMATOPOIETIC_AND_LYMPHOID_TISSUE
CCLE-38-PD-0325901-HEM,63,12,MINO_HAEMATOPOIETIC_AND_LYMPHOID_TISSUE
CCLE-38-PD-0325901-HEM,63,13,MOLT16_HAEMATOPOIETIC_AND_LYMPHOID_TISSUE
CCLE-38-PD-0325901-HEM,63,14,OCIAML2_HAEMATOPOIETIC_AND_LYMPHOID_TISSUE
CCLE-38-PD-0325901-HEM,63,15,OCIAML5_HAEMATOPOIETIC_AND_LYMPHOID_TISSUE
CCLE-38-PD-0325901-HEM,63,16,REH_HAEMATOPOIETIC_AND_LYMPHOID_TISSUE
CCLE-38-PD-0325901-HEM,63,17,SKMM2_HAEMATOPOIETIC_AND_LYMPHOID_TISSUE
CCLE-38-PD-0325901-HEM,63,18,SUDHL8_HAEMATOPOIETIC_AND_LYMPHOID_TISSUE
CCLE-38-PD-0325901-HEM,64,1,BDCM_HAEMATOPOIETIC_AND_LYMPHOID_TISSUE
CCLE-38-PD-0325901-HEM,64,2,BL70_HAEMATOPOIETIC_AND_LYMPHOID_TISSUE
CCLE-38-PD-0325901-HEM,64,3,CI1_HAEMATOPOIETIC_AND_LYMPHOID_TISSUE
CCLE-38-PD-0325901-HEM,64,4,F36P_HAEMATOPOIETIC_AND_LYMPHOID_TISSUE
CCLE-38-PD-0325901-HEM,64,5,HDMYZ_HAEMATOPOIETIC_AND_LYMPHOID_TISSUE
CCLE-38-PD-0325901-HEM,64,6,KG1_HAEMATOPOIETIC_AND_LYMPHOID_TISSUE
CCLE-38-PD-0325901-HEM,64,7,KMS11_HAEMATOPOIETIC_AND_LYMPHOID_TISSUE
CCLE-38-PD-0325901-HEM,64,8,KMS12BM_HAEMATOPOIETIC_AND_LYMPHOID_TISSUE
CCLE-38-PD-0325901-HEM,64,9,KO52_HAEMATOPOIETIC_AND_LYMPHOID_TISSUE
CCLE-38-PD-0325901-HEM,64,10,L363_HAEMATOPOIETIC_AND_LYMPHOID_TISSUE
CCLE-38-PD-0325901-HEM,64,11,L428_HAEMATOPOIETIC_AND_LYMPHOID_TISSUE
CCLE-38-PD-0325901-HEM,64,12,LP1_HAEMATOPOIETIC_AND_LYMPHOID_TISSUE
CCLE-38-PD-0325901-HEM,64,13,MC116_HAEMATOPOIETIC_AND_LYMPHOID_TISSUE
CCLE-38-PD-0325901-HEM,64,14,OPM2_HAEMATOPOIETIC_AND_LYMPHOID_TISSUE
CCLE-38-PD-0325901-HEM,64,15,P3HR1_HAEMATOPOIETIC_AND_LYMPHOID_TISSUE
CCLE-38-PD-0325901-HEM,64,16,RAJI_HAEMATOPOIETIC_AND_LYMPHOID_TISSUE
CCLE-38-PD-0325901-HEM,64,17,SUDHL6_HAEMATOPOIETIC_AND_LYMPHOID_TISSUE
CCLE-38-PD-0325901-HEM,64,18,TOLEDO_HAEMATOPOIETIC_AND_LYMPHOID_TISSUE
CCLE-38-PD-0325901-HEM,65,1,ALLSIL_HAEMATOPOIETIC_AND_LYMPHOID_TISSUE
CCLE-38-PD-0325901-HEM,65,2,DOHH2_HAEMATOPOIETIC_AND_LYMPHOID_TISSUE
CCLE-38-PD-0325901-HEM,65,3,EM2_HAEMATOPOIETIC_AND_LYMPHOID_TISSUE
CCLE-38-PD-0325901-HEM,65,4,HH_HAEMATOPOIETIC_AND_LYMPHOID_TISSUE
CCLE-38-PD-0325901-HEM,65,5,JURKAT_HAEMATOPOIETIC_AND_LYMPHOID_TISSUE
CCLE-38-PD-0325901-HEM,65,6,KARPAS620_HAEMATOPOIETIC_AND_LYMPHOID_TISSUE
CCLE-38-PD-0325901-HEM,65,7,KG1_HAEMATOPOIETIC_AND_LYMPHOID_TISSUE
CCLE-38-PD-0325901-HEM,65,8,KHM1B_HAEMATOPOIETIC_AND_LYMPHOID_TISSUE
CCLE-38-PD-0325901-HEM,65,9,KMS11_HAEMATOPOIETIC_AND_LYMPHOID_TISSUE
CCLE-38-PD-0325901-HEM,65,10,KO52_HAEMATOPOIETIC_AND_LYMPHOID_TISSUE
CCLE-38-PD-0325901-HEM,65,11,L363_HAEMATOPOIETIC_AND_LYMPHOID_TISSUE
CCLE-38-PD-0325901-HEM,65,12,LP1_HAEMATOPOIETIC_AND_LYMPHOID_TISSUE
CCLE-38-PD-0325901-HEM,65,13,MOLT16_HAEMATOPOIETIC_AND_LYMPHOID_TISSUE
CCLE-38-PD-0325901-HEM,65,14,OCIAML5_HAEMATOPOIETIC_AND_LYMPHOID_TISSUE
CCLE-38-PD-0325901-HEM,65,15,P3HR1_HAEMATOPOIETIC_AND_LYMPHOID_TISSUE
CCLE-38-PD-0325901-HEM,65,16,REH_HAEMATOPOIETIC_AND_LYMPHOID_TISSUE
CCLE-38-PD-0325901-HEM,65,17,SIGM5_HAEMATOPOIETIC_AND_LYMPHOID_TISSUE
CCLE-38-PD-0325901-HEM,65,18,SUPM2_HAEMATOPOIETIC_AND_LYMPHOID_TISSUE
CCLE-38-PD-0325901-HEM,66,1,697_HAEMATOPOIETIC_AND_LYMPHOID_TISSUE
CCLE-38-PD-0325901-HEM,66,2,AMO1_HAEMATOPOIETIC_AND_LYMPHOID_TISSUE
CCLE-38-PD-0325901-HEM,66,3,CI1_HAEMATOPOIETIC_AND_LYMPHOID_TISSUE
CCLE-38-PD-0325901-HEM,66,4,HDMYZ_HAEMATOPOIETIC_AND_LYMPHOID_TISSUE
CCLE-38-PD-0325901-HEM,66,5,JURKAT_HAEMATOPOIETIC_AND_LYMPHOID_TISSUE
CCLE-38-PD-0325901-HEM,66,6,KARPAS299_HAEMATOPOIETIC_AND_LYMPHOID_TISSUE
CCLE-38-PD-0325901-HEM,66,7,KHM1B_HAEMATOPOIETIC_AND_LYMPHOID_TISSUE
CCLE-38-PD-0325901-HEM,66,8,KO52_HAEMATOPOIETIC_AND_LYMPHOID_TISSUE
CCLE-38-PD-0325901-HEM,66,9,L363_HAEMATOPOIETIC_AND_LYMPHOID_TISSUE
CCLE-38-PD-0325901-HEM,66,10,MOLP8_HAEMATOPOIETIC_AND_LYMPHOID_TISSUE
CCLE-38-PD-0325901-HEM,66,11,NCO2_HAEMATOPOIETIC_AND_LYMPHOID_TISSUE
CCLE-38-PD-0325901-HEM,66,12,P12ICHIKAWA_HAEMATOPOIETIC_AND_LYMPHOID_TISSUE
CCLE-38-PD-0325901-HEM,66,13,PFEIFFER_HAEMATOPOIETIC_AND_LYMPHOID_TISSUE
CCLE-38-PD-0325901-HEM,66,14,RAJI_HAEMATOPOIETIC_AND_LYMPHOID_TISSUE
CCLE-38-PD-0325901-HEM,66,15,SIGM5_HAEMATOPOIETIC_AND_LYMPHOID_TISSUE
CCLE-38-PD-0325901-HEM,66,16,SUDHL4_HAEMATOPOIETIC_AND_LYMPHOID_TISSUE
CCLE-38-PD-0325901-HEM,66,17,SUDHL8_HAEMATOPOIETIC_AND_LYMPHOID_TISSUE
CCLE-38-PD-0325901-HEM,66,18,TOLEDO_HAEMATOPOIETIC_AND_LYMPHOID_TISSUE
CCLE-38-PD-0325901-HEM,67,1,697_HAEMATOPOIETIC_AND_LYMPHOID_TISSUE
CCLE-38-PD-0325901-HEM,67,2,ALLSIL_HAEMATOPOIETIC_AND_LYMPHOID_TISSUE
CCLE-38-PD-0325901-HEM,67,3,F36P_HAEMATOPOIETIC_AND_LYMPHOID_TISSUE
CCLE-38-PD-0325901-HEM,67,4,GRANTA519_HAEMATOPOIETIC_AND_LYMPHOID_TISSUE
CCLE-38-PD-0325901-HEM,67,5,JURKAT_HAEMATOPOIETIC_AND_LYMPHOID_TISSUE
CCLE-38-PD-0325901-HEM,67,6,KARPAS299_HAEMATOPOIETIC_AND_LYMPHOID_TISSUE
CCLE-38-PD-0325901-HEM,67,7,KU812_HAEMATOPOIETIC_AND_LYMPHOID_TISSUE
CCLE-38-PD-0325901-HEM,67,8,L428_HAEMATOPOIETIC_AND_LYMPHOID_TISSUE
CCLE-38-PD-0325901-HEM,67,9,LP1_HAEMATOPOIETIC_AND_LYMPHOID_TISSUE
CCLE-38-PD-0325901-HEM,67,10,MEG01_HAEMATOPOIETIC_AND_LYMPHOID_TISSUE
CCLE-38-PD-0325901-HEM,67,11,OCIAML2_HAEMATOPOIETIC_AND_LYMPHOID_TISSUE
CCLE-38-PD-0325901-HEM,67,12,OPM2_HAEMATOPOIETIC_AND_LYMPHOID_TISSUE
CCLE-38-PD-0325901-HEM,67,13,P12ICHIKAWA_HAEMATOPOIETIC_AND_LYMPHOID_TISSUE
CCLE-38-PD-0325901-HEM,67,14,P31FUJ_HAEMATOPOIETIC_AND_LYMPHOID_TISSUE
CCLE-38-PD-0325901-HEM,67,15,PFEIFFER_HAEMATOPOIETIC_AND_LYMPHOID_TISSUE
CCLE-38-PD-0325901-HEM,67,16,RAJI_HAEMATOPOIETIC_AND_LYMPHOID_TISSUE
CCLE-38-PD-0325901-HEM,67,17,SUDHL10_HAEMATOPOIETIC_AND_LYMPHOID_TISSUE
CCLE-38-PD-0325901-HEM,67,18,SUPM2_HAEMATOPOIETIC_AND_LYMPHOID_TISSUE
CCLE-38-PD-0325901-HEM,68,1,BL41_HAEMATOPOIETIC_AND_LYMPHOID_TISSUE
CCLE-38-PD-0325901-HEM,68,2,CI1_HAEMATOPOIETIC_AND_LYMPHOID_TISSUE
CCLE-38-PD-0325901-HEM,68,3,EM2_HAEMATOPOIETIC_AND_LYMPHOID_TISSUE
CCLE-38-PD-0325901-HEM,68,4,JURKAT_HAEMATOPOIETIC_AND_LYMPHOID_TISSUE
CCLE-38-PD-0325901-HEM,68,5,JVM3_HAEMATOPOIETIC_AND_LYMPHOID_TISSUE
CCLE-38-PD-0325901-HEM,68,6,KG1_HAEMATOPOIETIC_AND_LYMPHOID_TISSUE
CCLE-38-PD-0325901-HEM,68,7,KMS11_HAEMATOPOIETIC_AND_LYMPHOID_TISSUE
CCLE-38-PD-0325901-HEM,68,8,KMS12BM_HAEMATOPOIETIC_AND_LYMPHOID_TISSUE
CCLE-38-PD-0325901-HEM,68,9,KO52_HAEMATOPOIETIC_AND_LYMPHOID_TISSUE
CCLE-38-PD-0325901-HEM,68,10,MJ_HAEMATOPOIETIC_AND_LYMPHOID_TISSUE
CCLE-38-PD-0325901-HEM,68,11,NCO2_HAEMATOPOIETIC_AND_LYMPHOID_TISSUE
CCLE-38-PD-0325901-HEM,68,12,P3HR1_HAEMATOPOIETIC_AND_LYMPHOID_TISSUE
CCLE-38-PD-0325901-HEM,68,13,PFEIFFER_HAEMATOPOIETIC_AND_LYMPHOID_TISSUE
CCLE-38-PD-0325901-HEM,68,14,SIGM5_HAEMATOPOIETIC_AND_LYMPHOID_TISSUE
CCLE-38-PD-0325901-HEM,68,15,SUPM2_HAEMATOPOIETIC_AND_LYMPHOID_TISSUE
CCLE-38-PD-0325901-HEM,68,16,SUPT1_HAEMATOPOIETIC_AND_LYMPHOID_TISSUE
CCLE-38-PD-0325901-HEM,68,17,TOLEDO_HAEMATOPOIETIC_AND_LYMPHOID_TISSUE
CCLE-38-PD-0325901-HEM,68,18,U937_HAEMATOPOIETIC_AND_LYMPHOID_TISSUE
CCLE-38-PD-0325901-HEM,69,1,697_HAEMATOPOIETIC_AND_LYMPHOID_TISSUE
CCLE-38-PD-0325901-HEM,69,2,ALLSIL_HAEMATOPOIETIC_AND_LYMPHOID_TISSUE
CCLE-38-PD-0325901-HEM,69,3,AMO1_HAEMATOPOIETIC_AND_LYMPHOID_TISSUE
CCLE-38-PD-0325901-HEM,69,4,DEL_HAEMATOPOIETIC_AND_LYMPHOID_TISSUE
CCLE-38-PD-0325901-HEM,69,5,JM1_HAEMATOPOIETIC_AND_LYMPHOID_TISSUE
CCLE-38-PD-0325901-HEM,69,6,KARPAS620_HAEMATOPOIETIC_AND_LYMPHOID_TISSUE
CCLE-38-PD-0325901-HEM,69,7,KASUMI2_HAEMATOPOIETIC_AND_LYMPHOID_TISSUE
CCLE-38-PD-0325901-HEM,69,8,KMS34_HAEMATOPOIETIC_AND_LYMPHOID_TISSUE
CCLE-38-PD-0325901-HEM,69,9,L363_HAEMATOPOIETIC_AND_LYMPHOID_TISSUE
CCLE-38-PD-0325901-HEM,69,10,L428_HAEMATOPOIETIC_AND_LYMPHOID_TISSUE
CCLE-38-PD-0325901-HEM,69,11,MINO_HAEMATOPOIETIC_AND_LYMPHOID_TISSUE
CCLE-38-PD-0325901-HEM,69,12,MJ_HAEMATOPOIETIC_AND_LYMPHOID_TISSUE
CCLE-38-PD-0325901-HEM,69,13,NCO2_HAEMATOPOIETIC_AND_LYMPHOID_TISSUE
CCLE-38-PD-0325901-HEM,69,14,OCIAML2_HAEMATOPOIETIC_AND_LYMPHOID_TISSUE
CCLE-38-PD-0325901-HEM,69,15,PFEIFFER_HAEMATOPOIETIC_AND_LYMPHOID_TISSUE
CCLE-38-PD-0325901-HEM,69,16,SIGM5_HAEMATOPOIETIC_AND_LYMPHOID_TISSUE
CCLE-38-PD-0325901-HEM,69,17,SUDHL8_HAEMATOPOIETIC_AND_LYMPHOID_TISSUE
CCLE-38-PD-0325901-HEM,69,18,TOLEDO_HAEMATOPOIETIC_AND_LYMPHOID_TISSUE
CCLE-38-PD-0325901-HEM,70,1,AMO1_HAEMATOPOIETIC_AND_LYMPHOID_TISSUE
CCLE-38-PD-0325901-HEM,70,2,BDCM_HAEMATOPOIETIC_AND_LYMPHOID_TISSUE
CCLE-38-PD-0325901-HEM,70,3,DOHH2_HAEMATOPOIETIC_AND_LYMPHOID_TISSUE
CCLE-38-PD-0325901-HEM,70,4,HUT78_HAEMATOPOIETIC_AND_LYMPHOID_TISSUE
CCLE-38-PD-0325901-HEM,70,5,JM1_HAEMATOPOIETIC_AND_LYMPHOID_TISSUE
CCLE-38-PD-0325901-HEM,70,6,JVM3_HAEMATOPOIETIC_AND_LYMPHOID_TISSUE
CCLE-38-PD-0325901-HEM,70,7,KARPAS299_HAEMATOPOIETIC_AND_LYMPHOID_TISSUE
CCLE-38-PD-0325901-HEM,70,8,KARPAS620_HAEMATOPOIETIC_AND_LYMPHOID_TISSUE
CCLE-38-PD-0325901-HEM,70,9,KCL22_HAEMATOPOIETIC_AND_LYMPHOID_TISSUE
CCLE-38-PD-0325901-HEM,70,10,KO52_HAEMATOPOIETIC_AND_LYMPHOID_TISSUE
CCLE-38-PD-0325901-HEM,70,11,KU812_HAEMATOPOIETIC_AND_LYMPHOID_TISSUE
CCLE-38-PD-0325901-HEM,70,12,L363_HAEMATOPOIETIC_AND_LYMPHOID_TISSUE
CCLE-38-PD-0325901-HEM,70,13,MC116_HAEMATOPOIETIC_AND_LYMPHOID_TISSUE
CCLE-38-PD-0325901-HEM,70,14,MEG01_HAEMATOPOIETIC_AND_LYMPHOID_TISSUE
CCLE-38-PD-0325901-HEM,70,15,MOLT16_HAEMATOPOIETIC_AND_LYMPHOID_TISSUE
CCLE-38-PD-0325901-HEM,70,16,P31FUJ_HAEMATOPOIETIC_AND_LYMPHOID_TISSUE
CCLE-38-PD-0325901-HEM,70,17,SUDHL6_HAEMATOPOIETIC_AND_LYMPHOID_TISSUE
CCLE-38-PD-0325901-HEM,70,18,SUPM2_HAEMATOPOIETIC_AND_LYMPHOID_TISSUE
CCLE-38-PD-0325901-HEM,71,1,697_HAEMATOPOIETIC_AND_LYMPHOID_TISSUE
CCLE-38-PD-0325901-HEM,71,2,AMO1_HAEMATOPOIETIC_AND_LYMPHOID_TISSUE
CCLE-38-PD-0325901-HEM,71,3,BL70_HAEMATOPOIETIC_AND_LYMPHOID_TISSUE
CCLE-38-PD-0325901-HEM,71,4,JM1_HAEMATOPOIETIC_AND_LYMPHOID_TISSUE
CCLE-38-PD-0325901-HEM,71,5,KARPAS299_HAEMATOPOIETIC_AND_LYMPHOID_TISSUE
CCLE-38-PD-0325901-HEM,71,6,KARPAS620_HAEMATOPOIETIC_AND_LYMPHOID_TISSUE
CCLE-38-PD-0325901-HEM,71,7,KMM1_HAEMATOPOIETIC_AND_LYMPHOID_TISSUE
CCLE-38-PD-0325901-HEM,71,8,KMS11_HAEMATOPOIETIC_AND_LYMPHOID_TISSUE
CCLE-38-PD-0325901-HEM,71,9,KMS12BM_HAEMATOPOIETIC_AND_LYMPHOID_TISSUE
CCLE-38-PD-0325901-HEM,71,10,LP1_HAEMATOPOIETIC_AND_LYMPHOID_TISSUE
CCLE-38-PD-0325901-HEM,71,11,MEG01_HAEMATOPOIETIC_AND_LYMPHOID_TISSUE
CCLE-38-PD-0325901-HEM,71,12,MINO_HAEMATOPOIETIC_AND_LYMPHOID_TISSUE
CCLE-38-PD-0325901-HEM,71,13,OPM2_HAEMATOPOIETIC_AND_LYMPHOID_TISSUE
CCLE-38-PD-0325901-HEM,71,14,P12ICHIKAWA_HAEMATOPOIETIC_AND_LYMPHOID_TISSUE
CCLE-38-PD-0325901-HEM,71,15,SIGM5_HAEMATOPOIETIC_AND_LYMPHOID_TISSUE
CCLE-38-PD-0325901-HEM,71,16,SKMM2_HAEMATOPOIETIC_AND_LYMPHOID_TISSUE
CCLE-38-PD-0325901-HEM,71,17,SUPT1_HAEMATOPOIETIC_AND_LYMPHOID_TISSUE
CCLE-38-PD-0325901-HEM,71,18,U937_HAEMATOPOIETIC_AND_LYMPHOID_TISSUE
CCLE-38-PD-0325901-HEM,72,1,697_HAEMATOPOIETIC_AND_LYMPHOID_TISSUE
CCLE-38-PD-0325901-HEM,72,2,ALLSIL_HAEMATOPOIETIC_AND_LYMPHOID_TISSUE
CCLE-38-PD-0325901-HEM,72,3,CI1_HAEMATOPOIETIC_AND_LYMPHOID_TISSUE
CCLE-38-PD-0325901-HEM,72,4,DEL_HAEMATOPOIETIC_AND_LYMPHOID_TISSUE
CCLE-38-PD-0325901-HEM,72,5,HUT78_HAEMATOPOIETIC_AND_LYMPHOID_TISSUE
CCLE-38-PD-0325901-HEM,72,6,KASUMI2_HAEMATOPOIETIC_AND_LYMPHOID_TISSUE
CCLE-38-PD-0325901-HEM,72,7,KHM1B_HAEMATOPOIETIC_AND_LYMPHOID_TISSUE
CCLE-38-PD-0325901-HEM,72,8,KMS26_HAEMATOPOIETIC_AND_LYMPHOID_TISSUE
CCLE-38-PD-0325901-HEM,72,9,KO52_HAEMATOPOIETIC_AND_LYMPHOID_TISSUE
CCLE-38-PD-0325901-HEM,72,10,LP1_HAEMATOPOIETIC_AND_LYMPHOID_TISSUE
CCLE-38-PD-0325901-HEM,72,11,OPM2_HAEMATOPOIETIC_AND_LYMPHOID_TISSUE
CCLE-38-PD-0325901-HEM,72,12,RAJI_HAEMATOPOIETIC_AND_LYMPHOID_TISSUE
CCLE-38-PD-0325901-HEM,72,13,REH_HAEMATOPOIETIC_AND_LYMPHOID_TISSUE
CCLE-38-PD-0325901-HEM,72,14,SUDHL10_HAEMATOPOIETIC_AND_LYMPHOID_TISSUE
CCLE-38-PD-0325901-HEM,72,15,SUDHL4_HAEMATOPOIETIC_AND_LYMPHOID_TISSUE
CCLE-38-PD-0325901-HEM,72,16,SUDHL8_HAEMATOPOIETIC_AND_LYMPHOID_TISSUE
CCLE-38-PD-0325901-HEM,72,17,SUPM2_HAEMATOPOIETIC_AND_LYMPHOID_TISSUE
CCLE-38-PD-0325901-HEM,72,18,SUPT1_HAEMATOPOIETIC_AND_LYMPHOID_TISSUE
CCLE-38-PD-0325901-HEM,73,1,BDCM_HAEMATOPOIETIC_AND_LYMPHOID_TISSUE
CCLE-38-PD-0325901-HEM,73,2,BL41_HAEMATOPOIETIC_AND_LYMPHOID_TISSUE
CCLE-38-PD-0325901-HEM,73,3,HDMYZ_HAEMATOPOIETIC_AND_LYMPHOID_TISSUE
CCLE-38-PD-0325901-HEM,73,4,JM1_HAEMATOPOIETIC_AND_LYMPHOID_TISSUE
CCLE-38-PD-0325901-HEM,73,5,JURKAT_HAEMATOPOIETIC_AND_LYMPHOID_TISSUE
CCLE-38-PD-0325901-HEM,73,6,KARPAS620_HAEMATOPOIETIC_AND_LYMPHOID_TISSUE
CCLE-38-PD-0325901-HEM,73,7,KG1_HAEMATOPOIETIC_AND_LYMPHOID_TISSUE
CCLE-38-PD-0325901-HEM,73,8,KHM1B_HAEMATOPOIETIC_AND_LYMPHOID_TISSUE
CCLE-38-PD-0325901-HEM,73,9,KMS11_HAEMATOPOIETIC_AND_LYMPHOID_TISSUE
CCLE-38-PD-0325901-HEM,73,10,KU812_HAEMATOPOIETIC_AND_LYMPHOID_TISSUE
CCLE-38-PD-0325901-HEM,73,11,L363_HAEMATOPOIETIC_AND_LYMPHOID_TISSUE
CCLE-38-PD-0325901-HEM,73,12,MC116_HAEMATOPOIETIC_AND_LYMPHOID_TISSUE
CCLE-38-PD-0325901-HEM,73,13,NCO2_HAEMATOPOIETIC_AND_LYMPHOID_TISSUE
CCLE-38-PD-0325901-HEM,73,14,P31FUJ_HAEMATOPOIETIC_AND_LYMPHOID_TISSUE
CCLE-38-PD-0325901-HEM,73,15,PFEIFFER_HAEMATOPOIETIC_AND_LYMPHOID_TISSUE
CCLE-38-PD-0325901-HEM,73,16,SKMM2_HAEMATOPOIETIC_AND_LYMPHOID_TISSUE
CCLE-38-PD-0325901-HEM,73,17,SUDHL6_HAEMATOPOIETIC_AND_LYMPHOID_TISSUE
CCLE-38-PD-0325901-HEM,73,18,SUPT1_HAEMATOPOIETIC_AND_LYMPHOID_TISSUE
CCLE-38-PD-0325901-HEM,74,1,BL41_HAEMATOPOIETIC_AND_LYMPHOID_TISSUE
CCLE-38-PD-0325901-HEM,74,2,F36P_HAEMATOPOIETIC_AND_LYMPHOID_TISSUE
CCLE-38-PD-0325901-HEM,74,3,HT_HAEMATOPOIETIC_AND_LYMPHOID_TISSUE
CCLE-38-PD-0325901-HEM,74,4,JVM3_HAEMATOPOIETIC_AND_LYMPHOID_TISSUE
CCLE-38-PD-0325901-HEM,74,5,KARPAS620_HAEMATOPOIETIC_AND_LYMPHOID_TISSUE
CCLE-38-PD-0325901-HEM,74,6,KMS11_HAEMATOPOIETIC_AND_LYMPHOID_TISSUE
CCLE-38-PD-0325901-HEM,74,7,KMS12BM_HAEMATOPOIETIC_AND_LYMPHOID_TISSUE
CCLE-38-PD-0325901-HEM,74,8,L363_HAEMATOPOIETIC_AND_LYMPHOID_TISSUE
CCLE-38-PD-0325901-HEM,74,9,MINO_HAEMATOPOIETIC_AND_LYMPHOID_TISSUE
CCLE-38-PD-0325901-HEM,74,10,MJ_HAEMATOPOIETIC_AND_LYMPHOID_TISSUE
CCLE-38-PD-0325901-HEM,74,11,MOLT16_HAEMATOPOIETIC_AND_LYMPHOID_TISSUE
CCLE-38-PD-0325901-HEM,74,12,OCIAML2_HAEMATOPOIETIC_AND_LYMPHOID_TISSUE
CCLE-38-PD-0325901-HEM,74,13,P12ICHIKAWA_HAEMATOPOIETIC_AND_LYMPHOID_TISSUE
CCLE-38-PD-0325901-HEM,74,14,P3HR1_HAEMATOPOIETIC_AND_LYMPHOID_TISSUE
CCLE-38-PD-0325901-HEM,74,15,SIGM5_HAEMATOPOIETIC_AND_LYMPHOID_TISSUE
CCLE-38-PD-0325901-HEM,74,16,SUDHL10_HAEMATOPOIETIC_AND_LYMPHOID_TISSUE
CCLE-38-PD-0325901-HEM,74,17,SUDHL6_HAEMATOPOIETIC_AND_LYMPHOID_TISSUE
CCLE-38-PD-0325901-HEM,74,18,SUPM2_HAEMATOPOIETIC_AND_LYMPHOID_TISSUE
CCLE-38-PD-0325901-HEM,75,1,697_HAEMATOPOIETIC_AND_LYMPHOID_TISSUE
CCLE-38-PD-0325901-HEM,75,2,DEL_HAEMATOPOIETIC_AND_LYMPHOID_TISSUE
CCLE-38-PD-0325901-HEM,75,3,EM2_HAEMATOPOIETIC_AND_LYMPHOID_TISSUE
CCLE-38-PD-0325901-HEM,75,4,F36P_HAEMATOPOIETIC_AND_LYMPHOID_TISSUE
CCLE-38-PD-0325901-HEM,75,5,GRANTA519_HAEMATOPOIETIC_AND_LYMPHOID_TISSUE
CCLE-38-PD-0325901-HEM,75,6,JM1_HAEMATOPOIETIC_AND_LYMPHOID_TISSUE
CCLE-38-PD-0325901-HEM,75,7,JURKAT_HAEMATOPOIETIC_AND_LYMPHOID_TISSUE
CCLE-38-PD-0325901-HEM,75,8,JVM3_HAEMATOPOIETIC_AND_LYMPHOID_TISSUE
CCLE-38-PD-0325901-HEM,75,9,KARPAS620_HAEMATOPOIETIC_AND_LYMPHOID_TISSUE
CCLE-38-PD-0325901-HEM,75,10,KCL22_HAEMATOPOIETIC_AND_LYMPHOID_TISSUE
CCLE-38-PD-0325901-HEM,75,11,KMS26_HAEMATOPOIETIC_AND_LYMPHOID_TISSUE
CCLE-38-PD-0325901-HEM,75,12,LP1_HAEMATOPOIETIC_AND_LYMPHOID_TISSUE
CCLE-38-PD-0325901-HEM,75,13,MC116_HAEMATOPOIETIC_AND_LYMPHOID_TISSUE
CCLE-38-PD-0325901-HEM,75,14,MINO_HAEMATOPOIETIC_AND_LYMPHOID_TISSUE
CCLE-38-PD-0325901-HEM,75,15,MOLT16_HAEMATOPOIETIC_AND_LYMPHOID_TISSUE
CCLE-38-PD-0325901-HEM,75,16,P12ICHIKAWA_HAEMATOPOIETIC_AND_LYMPHOID_TISSUE
CCLE-38-PD-0325901-HEM,75,17,PFEIFFER_HAEMATOPOIETIC_AND_LYMPHOID_TISSUE
CCLE-38-PD-0325901-HEM,75,18,SUDHL4_HAEMATOPOIETIC_AND_LYMPHOID_TISSUE
CCLE-38-PD-0325901-HEM,76,1,AMO1_HAEMATOPOIETIC_AND_LYMPHOID_TISSUE
CCLE-38-PD-0325901-HEM,76,2,DEL_HAEMATOPOIETIC_AND_LYMPHOID_TISSUE
CCLE-38-PD-0325901-HEM,76,3,EM2_HAEMATOPOIETIC_AND_LYMPHOID_TISSUE
CCLE-38-PD-0325901-HEM,76,4,F36P_HAEMATOPOIETIC_AND_LYMPHOID_TISSUE
CCLE-38-PD-0325901-HEM,76,5,GRANTA519_HAEMATOPOIETIC_AND_LYMPHOID_TISSUE
CCLE-38-PD-0325901-HEM,76,6,HH_HAEMATOPOIETIC_AND_LYMPHOID_TISSUE
CCLE-38-PD-0325901-HEM,76,7,HT_HAEMATOPOIETIC_AND_LYMPHOID_TISSUE
CCLE-38-PD-0325901-HEM,76,8,HUT78_HAEMATOPOIETIC_AND_LYMPHOID_TISSUE
CCLE-38-PD-0325901-HEM,76,9,JVM3_HAEMATOPOIETIC_AND_LYMPHOID_TISSUE
CCLE-38-PD-0325901-HEM,76,10,KG1_HAEMATOPOIETIC_AND_LYMPHOID_TISSUE
CCLE-38-PD-0325901-HEM,76,11,KMS11_HAEMATOPOIETIC_AND_LYMPHOID_TISSUE
CCLE-38-PD-0325901-HEM,76,12,KU812_HAEMATOPOIETIC_AND_LYMPHOID_TISSUE
CCLE-38-PD-0325901-HEM,76,13,MOLT16_HAEMATOPOIETIC_AND_LYMPHOID_TISSUE
CCLE-38-PD-0325901-HEM,76,14,OPM2_HAEMATOPOIETIC_AND_LYMPHOID_TISSUE
CCLE-38-PD-0325901-HEM,76,15,P12ICHIKAWA_HAEMATOPOIETIC_AND_LYMPHOID_TISSUE
CCLE-38-PD-0325901-HEM,76,16,P31FUJ_HAEMATOPOIETIC_AND_LYMPHOID_TISSUE
CCLE-38-PD-0325901-HEM,76,17,RPMI8402_HAEMATOPOIETIC_AND_LYMPHOID_TISSUE
CCLE-38-PD-0325901-HEM,76,18,TOLEDO_HAEMATOPOIETIC_AND_LYMPHOID_TISSUE
CCLE-38-PD-0325901-HEM,77,1,ALLSIL_HAEMATOPOIETIC_AND_LYMPHOID_TISSUE
CCLE-38-PD-0325901-HEM,77,2,BL70_HAEMATOPOIETIC_AND_LYMPHOID_TISSUE
CCLE-38-PD-0325901-HEM,77,3,EM2_HAEMATOPOIETIC_AND_LYMPHOID_TISSUE
CCLE-38-PD-0325901-HEM,77,4,F36P_HAEMATOPOIETIC_AND_LYMPHOID_TISSUE
CCLE-38-PD-0325901-HEM,77,5,HDMYZ_HAEMATOPOIETIC_AND_LYMPHOID_TISSUE
CCLE-38-PD-0325901-HEM,77,6,KARPAS620_HAEMATOPOIETIC_AND_LYMPHOID_TISSUE
CCLE-38-PD-0325901-HEM,77,7,KHM1B_HAEMATOPOIETIC_AND_LYMPHOID_TISSUE
CCLE-38-PD-0325901-HEM,77,8,KU812_HAEMATOPOIETIC_AND_LYMPHOID_TISSUE
CCLE-38-PD-0325901-HEM,77,9,L363_HAEMATOPOIETIC_AND_LYMPHOID_TISSUE
CCLE-38-PD-0325901-HEM,77,10,LP1_HAEMATOPOIETIC_AND_LYMPHOID_TISSUE
CCLE-38-PD-0325901-HEM,77,11,MEG01_HAEMATOPOIETIC_AND_LYMPHOID_TISSUE
CCLE-38-PD-0325901-HEM,77,12,MJ_HAEMATOPOIETIC_AND_LYMPHOID_TISSUE
CCLE-38-PD-0325901-HEM,77,13,OPM2_HAEMATOPOIETIC_AND_LYMPHOID_TISSUE
CCLE-38-PD-0325901-HEM,77,14,P31FUJ_HAEMATOPOIETIC_AND_LYMPHOID_TISSUE
CCLE-38-PD-0325901-HEM,77,15,PFEIFFER_HAEMATOPOIETIC_AND_LYMPHOID_TISSUE
CCLE-38-PD-0325901-HEM,77,16,SIGM5_HAEMATOPOIETIC_AND_LYMPHOID_TISSUE
CCLE-38-PD-0325901-HEM,77,17,SUDHL4_HAEMATOPOIETIC_AND_LYMPHOID_TISSUE
CCLE-38-PD-0325901-HEM,77,18,SUDHL8_HAEMATOPOIETIC_AND_LYMPHOID_TISSUE
CCLE-38-PD-0325901-HEM,78,1,697_HAEMATOPOIETIC_AND_LYMPHOID_TISSUE
CCLE-38-PD-0325901-HEM,78,2,AMO1_HAEMATOPOIETIC_AND_LYMPHOID_TISSUE
CCLE-38-PD-0325901-HEM,78,3,BDCM_HAEMATOPOIETIC_AND_LYMPHOID_TISSUE
CCLE-38-PD-0325901-HEM,78,4,HH_HAEMATOPOIETIC_AND_LYMPHOID_TISSUE
CCLE-38-PD-0325901-HEM,78,5,HT_HAEMATOPOIETIC_AND_LYMPHOID_TISSUE
CCLE-38-PD-0325901-HEM,78,6,KG1_HAEMATOPOIETIC_AND_LYMPHOID_TISSUE
CCLE-38-PD-0325901-HEM,78,7,KMM1_HAEMATOPOIETIC_AND_LYMPHOID_TISSUE
CCLE-38-PD-0325901-HEM,78,8,KMS11_HAEMATOPOIETIC_AND_LYMPHOID_TISSUE
CCLE-38-PD-0325901-HEM,78,9,KMS26_HAEMATOPOIETIC_AND_LYMPHOID_TISSUE
CCLE-38-PD-0325901-HEM,78,10,KMS34_HAEMATOPOIETIC_AND_LYMPHOID_TISSUE
CCLE-38-PD-0325901-HEM,78,11,KO52_HAEMATOPOIETIC_AND_LYMPHOID_TISSUE
CCLE-38-PD-0325901-HEM,78,12,L363_HAEMATOPOIETIC_AND_LYMPHOID_TISSUE
CCLE-38-PD-0325901-HEM,78,13,MEG01_HAEMATOPOIETIC_AND_LYMPHOID_TISSUE
CCLE-38-PD-0325901-HEM,78,14,OCIAML2_HAEMATOPOIETIC_AND_LYMPHOID_TISSUE
CCLE-38-PD-0325901-HEM,78,15,P12ICHIKAWA_HAEMATOPOIETIC_AND_LYMPHOID_TISSUE
CCLE-38-PD-0325901-HEM,78,16,RPMI8402_HAEMATOPOIETIC_AND_LYMPHOID_TISSUE
CCLE-38-PD-0325901-HEM,78,17,SUDHL6_HAEMATOPOIETIC_AND_LYMPHOID_TISSUE
CCLE-38-PD-0325901-HEM,78,18,TOLEDO_HAEMATOPOIETIC_AND_LYMPHOID_TISSUE
CCLE-38-PD-0325901-HEM,79,1,HH_HAEMATOPOIETIC_AND_LYMPHOID_TISSUE
CCLE-38-PD-0325901-HEM,79,2,JM1_HAEMATOPOIETIC_AND_LYMPHOID_TISSUE
CCLE-38-PD-0325901-HEM,79,3,JURKAT_HAEMATOPOIETIC_AND_LYMPHOID_TISSUE
CCLE-38-PD-0325901-HEM,79,4,JVM3_HAEMATOPOIETIC_AND_LYMPHOID_TISSUE
CCLE-38-PD-0325901-HEM,79,5,KARPAS299_HAEMATOPOIETIC_AND_LYMPHOID_TISSUE
CCLE-38-PD-0325901-HEM,79,6,KHM1B_HAEMATOPOIETIC_AND_LYMPHOID_TISSUE
CCLE-38-PD-0325901-HEM,79,7,KMM1_HAEMATOPOIETIC_AND_LYMPHOID_TISSUE
CCLE-38-PD-0325901-HEM,79,8,KMS11_HAEMATOPOIETIC_AND_LYMPHOID_TISSUE
CCLE-38-PD-0325901-HEM,79,9,KMS26_HAEMATOPOIETIC_AND_LYMPHOID_TISSUE
CCLE-38-PD-0325901-HEM,79,10,MINO_HAEMATOPOIETIC_AND_LYMPHOID_TISSUE
CCLE-38-PD-0325901-HEM,79,11,MOLT16_HAEMATOPOIETIC_AND_LYMPHOID_TISSUE
CCLE-38-PD-0325901-HEM,79,12,OCIAML5_HAEMATOPOIETIC_AND_LYMPHOID_TISSUE
CCLE-38-PD-0325901-HEM,79,13,OPM2_HAEMATOPOIETIC_AND_LYMPHOID_TISSUE
CCLE-38-PD-0325901-HEM,79,14,P31FUJ_HAEMATOPOIETIC_AND_LYMPHOID_TISSUE
CCLE-38-PD-0325901-HEM,79,15,P3HR1_HAEMATOPOIETIC_AND_LYMPHOID_TISSUE
CCLE-38-PD-0325901-HEM,79,16,SKMM2_HAEMATOPOIETIC_AND_LYMPHOID_TISSUE
CCLE-38-PD-0325901-HEM,79,17,SUPT1_HAEMATOPOIETIC_AND_LYMPHOID_TISSUE
CCLE-38-PD-0325901-HEM,79,18,U937_HAEMATOPOIETIC_AND_LYMPHOID_TISSUE
CCLE-38-PD-0325901-HEM,80,1,697_HAEMATOPOIETIC_AND_LYMPHOID_TISSUE
CCLE-38-PD-0325901-HEM,80,2,BL70_HAEMATOPOIETIC_AND_LYMPHOID_TISSUE
CCLE-38-PD-0325901-HEM,80,3,GRANTA519_HAEMATOPOIETIC_AND_LYMPHOID_TISSUE
CCLE-38-PD-0325901-HEM,80,4,HH_HAEMATOPOIETIC_AND_LYMPHOID_TISSUE
CCLE-38-PD-0325901-HEM,80,5,HUT78_HAEMATOPOIETIC_AND_LYMPHOID_TISSUE
CCLE-38-PD-0325901-HEM,80,6,JM1_HAEMATOPOIETIC_AND_LYMPHOID_TISSUE
CCLE-38-PD-0325901-HEM,80,7,JVM3_HAEMATOPOIETIC_AND_LYMPHOID_TISSUE
CCLE-38-PD-0325901-HEM,80,8,KCL22_HAEMATOPOIETIC_AND_LYMPHOID_TISSUE
CCLE-38-PD-0325901-HEM,80,9,KG1_HAEMATOPOIETIC_AND_LYMPHOID_TISSUE
CCLE-38-PD-0325901-HEM,80,10,KHM1B_HAEMATOPOIETIC_AND_LYMPHOID_TISSUE
CCLE-38-PD-0325901-HEM,80,11,KMS26_HAEMATOPOIETIC_AND_LYMPHOID_TISSUE
CCLE-38-PD-0325901-HEM,80,12,KU812_HAEMATOPOIETIC_AND_LYMPHOID_TISSUE
CCLE-38-PD-0325901-HEM,80,13,L428_HAEMATOPOIETIC_AND_LYMPHOID_TISSUE
CCLE-38-PD-0325901-HEM,80,14,MC116_HAEMATOPOIETIC_AND_LYMPHOID_TISSUE
CCLE-38-PD-0325901-HEM,80,15,P31FUJ_HAEMATOPOIETIC_AND_LYMPHOID_TISSUE
CCLE-38-PD-0325901-HEM,80,16,PFEIFFER_HAEMATOPOIETIC_AND_LYMPHOID_TISSUE
CCLE-38-PD-0325901-HEM,80,17,SIGM5_HAEMATOPOIETIC_AND_LYMPHOID_TISSUE
CCLE-38-PD-0325901-HEM,80,18,U937_HAEMATOPOIETIC_AND_LYMPHOID_TISSUE
CCLE-38-PD-0325901-HEM,81,1,BDCM_HAEMATOPOIETIC_AND_LYMPHOID_TISSUE
CCLE-38-PD-0325901-HEM,81,2,DOHH2_HAEMATOPOIETIC_AND_LYMPHOID_TISSUE
CCLE-38-PD-0325901-HEM,81,3,F36P_HAEMATOPOIETIC_AND_LYMPHOID_TISSUE
CCLE-38-PD-0325901-HEM,81,4,GRANTA519_HAEMATOPOIETIC_AND_LYMPHOID_TISSUE
CCLE-38-PD-0325901-HEM,81,5,HUT78_HAEMATOPOIETIC_AND_LYMPHOID_TISSUE
CCLE-38-PD-0325901-HEM,81,6,JM1_HAEMATOPOIETIC_AND_LYMPHOID_TISSUE
CCLE-38-PD-0325901-HEM,81,7,KO52_HAEMATOPOIETIC_AND_LYMPHOID_TISSUE
CCLE-38-PD-0325901-HEM,81,8,KU812_HAEMATOPOIETIC_AND_LYMPHOID_TISSUE
CCLE-38-PD-0325901-HEM,81,9,L363_HAEMATOPOIETIC_AND_LYMPHOID_TISSUE
CCLE-38-PD-0325901-HEM,81,10,LP1_HAEMATOPOIETIC_AND_LYMPHOID_TISSUE
CCLE-38-PD-0325901-HEM,81,11,MJ_HAEMATOPOIETIC_AND_LYMPHOID_TISSUE
CCLE-38-PD-0325901-HEM,81,12,MOLP8_HAEMATOPOIETIC_AND_LYMPHOID_TISSUE
CCLE-38-PD-0325901-HEM,81,13,MOLT16_HAEMATOPOIETIC_AND_LYMPHOID_TISSUE
CCLE-38-PD-0325901-HEM,81,14,NCO2_HAEMATOPOIETIC_AND_LYMPHOID_TISSUE
CCLE-38-PD-0325901-HEM,81,15,P12ICHIKAWA_HAEMATOPOIETIC_AND_LYMPHOID_TISSUE
CCLE-38-PD-0325901-HEM,81,16,REH_HAEMATOPOIETIC_AND_LYMPHOID_TISSUE
CCLE-38-PD-0325901-HEM,81,17,SUDHL10_HAEMATOPOIETIC_AND_LYMPHOID_TISSUE
CCLE-38-PD-0325901-HEM,81,18,U937_HAEMATOPOIETIC_AND_LYMPHOID_TISSUE
CCLE-38-PD-0325901-HEM,82,1,ALLSIL_HAEMATOPOIETIC_AND_LYMPHOID_TISSUE
CCLE-38-PD-0325901-HEM,82,2,BDCM_HAEMATOPOIETIC_AND_LYMPHOID_TISSUE
CCLE-38-PD-0325901-HEM,82,3,EM2_HAEMATOPOIETIC_AND_LYMPHOID_TISSUE
CCLE-38-PD-0325901-HEM,82,4,GRANTA519_HAEMATOPOIETIC_AND_LYMPHOID_TISSUE
CCLE-38-PD-0325901-HEM,82,5,JVM3_HAEMATOPOIETIC_AND_LYMPHOID_TISSUE
CCLE-38-PD-0325901-HEM,82,6,KARPAS299_HAEMATOPOIETIC_AND_LYMPHOID_TISSUE
CCLE-38-PD-0325901-HEM,82,7,KASUMI2_HAEMATOPOIETIC_AND_LYMPHOID_TISSUE
CCLE-38-PD-0325901-HEM,82,8,KMM1_HAEMATOPOIETIC_AND_LYMPHOID_TISSUE
CCLE-38-PD-0325901-HEM,82,9,KMS11_HAEMATOPOIETIC_AND_LYMPHOID_TISSUE
CCLE-38-PD-0325901-HEM,82,10,L363_HAEMATOPOIETIC_AND_LYMPHOID_TISSUE
CCLE-38-PD-0325901-HEM,82,11,L428_HAEMATOPOIETIC_AND_LYMPHOID_TISSUE
CCLE-38-PD-0325901-HEM,82,12,OCIAML2_HAEMATOPOIETIC_AND_LYMPHOID_TISSUE
CCLE-38-PD-0325901-HEM,82,13,OCIAML5_HAEMATOPOIETIC_AND_LYMPHOID_TISSUE
CCLE-38-PD-0325901-HEM,82,14,P12ICHIKAWA_HAEMATOPOIETIC_AND_LYMPHOID_TISSUE
CCLE-38-PD-0325901-HEM,82,15,SKMM2_HAEMATOPOIETIC_AND_LYMPHOID_TISSUE
CCLE-38-PD-0325901-HEM,82,16,SUDHL4_HAEMATOPOIETIC_AND_LYMPHOID_TISSUE
CCLE-38-PD-0325901-HEM,82,17,SUPM2_HAEMATOPOIETIC_AND_LYMPHOID_TISSUE
CCLE-38-PD-0325901-HEM,82,18,SUPT1_HAEMATOPOIETIC_AND_LYMPHOID_TISSUE
CCLE-38-PD-0325901-HEM,83,1,AMO1_HAEMATOPOIETIC_AND_LYMPHOID_TISSUE
CCLE-38-PD-0325901-HEM,83,2,BL41_HAEMATOPOIETIC_AND_LYMPHOID_TISSUE
CCLE-38-PD-0325901-HEM,83,3,DOHH2_HAEMATOPOIETIC_AND_LYMPHOID_TISSUE
CCLE-38-PD-0325901-HEM,83,4,HT_HAEMATOPOIETIC_AND_LYMPHOID_TISSUE
CCLE-38-PD-0325901-HEM,83,5,JURKAT_HAEMATOPOIETIC_AND_LYMPHOID_TISSUE
CCLE-38-PD-0325901-HEM,83,6,KU812_HAEMATOPOIETIC_AND_LYMPHOID_TISSUE
CCLE-38-PD-0325901-HEM,83,7,L428_HAEMATOPOIETIC_AND_LYMPHOID_TISSUE
CCLE-38-PD-0325901-HEM,83,8,NCO2_HAEMATOPOIETIC_AND_LYMPHOID_TISSUE
CCLE-38-PD-0325901-HEM,83,9,PFEIFFER_HAEMATOPOIETIC_AND_LYMPHOID_TISSUE
CCLE-38-PD-0325901-HEM,83,10,RAJI_HAEMATOPOIETIC_AND_LYMPHOID_TISSUE
CCLE-38-PD-0325901-HEM,83,11,RPMI8402_HAEMATOPOIETIC_AND_LYMPHOID_TISSUE
CCLE-38-PD-0325901-HEM,83,12,SKMM2_HAEMATOPOIETIC_AND_LYMPHOID_TISSUE
CCLE-38-PD-0325901-HEM,83,13,SUDHL10_HAEMATOPOIETIC_AND_LYMPHOID_TISSUE
CCLE-38-PD-0325901-HEM,83,14,SUDHL4_HAEMATOPOIETIC_AND_LYMPHOID_TISSUE
CCLE-38-PD-0325901-HEM,83,15,SUDHL6_HAEMATOPOIETIC_AND_LYMPHOID_TISSUE
CCLE-38-PD-0325901-HEM,83,16,SUPM2_HAEMATOPOIETIC_AND_LYMPHOID_TISSUE
CCLE-38-PD-0325901-HEM,83,17,TOLEDO_HAEMATOPOIETIC_AND_LYMPHOID_TISSUE
CCLE-38-PD-0325901-HEM,83,18,U937_HAEMATOPOIETIC_AND_LYMPHOID_TISSUE
CCLE-38-PD-0325901-HEM,84,1,BDCM_HAEMATOPOIETIC_AND_LYMPHOID_TISSUE
CCLE-38-PD-0325901-HEM,84,2,CI1_HAEMATOPOIETIC_AND_LYMPHOID_TISSUE
CCLE-38-PD-0325901-HEM,84,3,DOHH2_HAEMATOPOIETIC_AND_LYMPHOID_TISSUE
CCLE-38-PD-0325901-HEM,84,4,F36P_HAEMATOPOIETIC_AND_LYMPHOID_TISSUE
CCLE-38-PD-0325901-HEM,84,5,JVM3_HAEMATOPOIETIC_AND_LYMPHOID_TISSUE
CCLE-38-PD-0325901-HEM,84,6,KASUMI2_HAEMATOPOIETIC_AND_LYMPHOID_TISSUE
CCLE-38-PD-0325901-HEM,84,7,KCL22_HAEMATOPOIETIC_AND_LYMPHOID_TISSUE
CCLE-38-PD-0325901-HEM,84,8,KU812_HAEMATOPOIETIC_AND_LYMPHOID_TISSUE
CCLE-38-PD-0325901-HEM,84,9,L363_HAEMATOPOIETIC_AND_LYMPHOID_TISSUE
CCLE-38-PD-0325901-HEM,84,10,MC116_HAEMATOPOIETIC_AND_LYMPHOID_TISSUE
CCLE-38-PD-0325901-HEM,84,11,MINO_HAEMATOPOIETIC_AND_LYMPHOID_TISSUE
CCLE-38-PD-0325901-HEM,84,12,NCO2_HAEMATOPOIETIC_AND_LYMPHOID_TISSUE
CCLE-38-PD-0325901-HEM,84,13,OCIAML2_HAEMATOPOIETIC_AND_LYMPHOID_TISSUE
CCLE-38-PD-0325901-HEM,84,14,OPM2_HAEMATOPOIETIC_AND_LYMPHOID_TISSUE
CCLE-38-PD-0325901-HEM,84,15,P31FUJ_HAEMATOPOIETIC_AND_LYMPHOID_TISSUE
CCLE-38-PD-0325901-HEM,84,16,SIGM5_HAEMATOPOIETIC_AND_LYMPHOID_TISSUE
CCLE-38-PD-0325901-HEM,84,17,SUDHL10_HAEMATOPOIETIC_AND_LYMPHOID_TISSUE
CCLE-38-PD-0325901-HEM,84,18,SUPT1_HAEMATOPOIETIC_AND_LYMPHOID_TISSUE
CCLE-38-PD-0325901-HEM,85,1,AMO1_HAEMATOPOIETIC_AND_LYMPHOID_TISSUE
CCLE-38-PD-0325901-HEM,85,2,F36P_HAEMATOPOIETIC_AND_LYMPHOID_TISSUE
CCLE-38-PD-0325901-HEM,85,3,HUT78_HAEMATOPOIETIC_AND_LYMPHOID_TISSUE
CCLE-38-PD-0325901-HEM,85,4,KARPAS299_HAEMATOPOIETIC_AND_LYMPHOID_TISSUE
CCLE-38-PD-0325901-HEM,85,5,KARPAS620_HAEMATOPOIETIC_AND_LYMPHOID_TISSUE
CCLE-38-PD-0325901-HEM,85,6,KCL22_HAEMATOPOIETIC_AND_LYMPHOID_TISSUE
CCLE-38-PD-0325901-HEM,85,7,KHM1B_HAEMATOPOIETIC_AND_LYMPHOID_TISSUE
CCLE-38-PD-0325901-HEM,85,8,KMM1_HAEMATOPOIETIC_AND_LYMPHOID_TISSUE
CCLE-38-PD-0325901-HEM,85,9,KMS11_HAEMATOPOIETIC_AND_LYMPHOID_TISSUE
CCLE-38-PD-0325901-HEM,85,10,KO52_HAEMATOPOIETIC_AND_LYMPHOID_TISSUE
CCLE-38-PD-0325901-HEM,85,11,KU812_HAEMATOPOIETIC_AND_LYMPHOID_TISSUE
CCLE-38-PD-0325901-HEM,85,12,LP1_HAEMATOPOIETIC_AND_LYMPHOID_TISSUE
CCLE-38-PD-0325901-HEM,85,13,MEG01_HAEMATOPOIETIC_AND_LYMPHOID_TISSUE
CCLE-38-PD-0325901-HEM,85,14,MOLP8_HAEMATOPOIETIC_AND_LYMPHOID_TISSUE
CCLE-38-PD-0325901-HEM,85,15,OCIAML2_HAEMATOPOIETIC_AND_LYMPHOID_TISSUE
CCLE-38-PD-0325901-HEM,85,16,OCIAML5_HAEMATOPOIETIC_AND_LYMPHOID_TISSUE
CCLE-38-PD-0325901-HEM,85,17,P31FUJ_HAEMATOPOIETIC_AND_LYMPHOID_TISSUE
CCLE-38-PD-0325901-HEM,85,18,SUDHL8_HAEMATOPOIETIC_AND_LYMPHOID_TISSUE
CCLE-38-PD-0325901-HEM,86,1,AMO1_HAEMATOPOIETIC_AND_LYMPHOID_TISSUE
CCLE-38-PD-0325901-HEM,86,2,BDCM_HAEMATOPOIETIC_AND_LYMPHOID_TISSUE
CCLE-38-PD-0325901-HEM,86,3,BL70_HAEMATOPOIETIC_AND_LYMPHOID_TISSUE
CCLE-38-PD-0325901-HEM,86,4,F36P_HAEMATOPOIETIC_AND_LYMPHOID_TISSUE
CCLE-38-PD-0325901-HEM,86,5,GRANTA519_HAEMATOPOIETIC_AND_LYMPHOID_TISSUE
CCLE-38-PD-0325901-HEM,86,6,HDMYZ_HAEMATOPOIETIC_AND_LYMPHOID_TISSUE
CCLE-38-PD-0325901-HEM,86,7,HH_HAEMATOPOIETIC_AND_LYMPHOID_TISSUE
CCLE-38-PD-0325901-HEM,86,8,HT_HAEMATOPOIETIC_AND_LYMPHOID_TISSUE
CCLE-38-PD-0325901-HEM,86,9,JM1_HAEMATOPOIETIC_AND_LYMPHOID_TISSUE
CCLE-38-PD-0325901-HEM,86,10,JVM3_HAEMATOPOIETIC_AND_LYMPHOID_TISSUE
CCLE-38-PD-0325901-HEM,86,11,KMS11_HAEMATOPOIETIC_AND_LYMPHOID_TISSUE
CCLE-38-PD-0325901-HEM,86,12,KMS12BM_HAEMATOPOIETIC_AND_LYMPHOID_TISSUE
CCLE-38-PD-0325901-HEM,86,13,L428_HAEMATOPOIETIC_AND_LYMPHOID_TISSUE
CCLE-38-PD-0325901-HEM,86,14,LP1_HAEMATOPOIETIC_AND_LYMPHOID_TISSUE
CCLE-38-PD-0325901-HEM,86,15,MEG01_HAEMATOPOIETIC_AND_LYMPHOID_TISSUE
CCLE-38-PD-0325901-HEM,86,16,MINO_HAEMATOPOIETIC_AND_LYMPHOID_TISSUE
CCLE-38-PD-0325901-HEM,86,17,REH_HAEMATOPOIETIC_AND_LYMPHOID_TISSUE
CCLE-38-PD-0325901-HEM,86,18,SUDHL6_HAEMATOPOIETIC_AND_LYMPHOID_TISSUE
CCLE-38-PD-0325901-HEM,87,1,AMO1_HAEMATOPOIETIC_AND_LYMPHOID_TISSUE
CCLE-38-PD-0325901-HEM,87,2,BL41_HAEMATOPOIETIC_AND_LYMPHOID_TISSUE
CCLE-38-PD-0325901-HEM,87,3,BL70_HAEMATOPOIETIC_AND_LYMPHOID_TISSUE
CCLE-38-PD-0325901-HEM,87,4,EM2_HAEMATOPOIETIC_AND_LYMPHOID_TISSUE
CCLE-38-PD-0325901-HEM,87,5,GRANTA519_HAEMATOPOIETIC_AND_LYMPHOID_TISSUE
CCLE-38-PD-0325901-HEM,87,6,HUT78_HAEMATOPOIETIC_AND_LYMPHOID_TISSUE
CCLE-38-PD-0325901-HEM,87,7,JM1_HAEMATOPOIETIC_AND_LYMPHOID_TISSUE
CCLE-38-PD-0325901-HEM,87,8,JURKAT_HAEMATOPOIETIC_AND_LYMPHOID_TISSUE
CCLE-38-PD-0325901-HEM,87,9,KG1_HAEMATOPOIETIC_AND_LYMPHOID_TISSUE
CCLE-38-PD-0325901-HEM,87,10,KHM1B_HAEMATOPOIETIC_AND_LYMPHOID_TISSUE
CCLE-38-PD-0325901-HEM,87,11,KMM1_HAEMATOPOIETIC_AND_LYMPHOID_TISSUE
CCLE-38-PD-0325901-HEM,87,12,KMS11_HAEMATOPOIETIC_AND_LYMPHOID_TISSUE
CCLE-38-PD-0325901-HEM,87,13,KMS12BM_HAEMATOPOIETIC_AND_LYMPHOID_TISSUE
CCLE-38-PD-0325901-HEM,87,14,KMS34_HAEMATOPOIETIC_AND_LYMPHOID_TISSUE
CCLE-38-PD-0325901-HEM,87,15,L363_HAEMATOPOIETIC_AND_LYMPHOID_TISSUE
CCLE-38-PD-0325901-HEM,87,16,L428_HAEMATOPOIETIC_AND_LYMPHOID_TISSUE
CCLE-38-PD-0325901-HEM,87,17,LP1_HAEMATOPOIETIC_AND_LYMPHOID_TISSUE
CCLE-38-PD-0325901-HEM,87,18,P31FUJ_HAEMATOPOIETIC_AND_LYMPHOID_TISSUE
CCLE-38-PD-0325901-HEM,88,1,AMO1_HAEMATOPOIETIC_AND_LYMPHOID_TISSUE
CCLE-38-PD-0325901-HEM,88,2,CI1_HAEMATOPOIETIC_AND_LYMPHOID_TISSUE
CCLE-38-PD-0325901-HEM,88,3,DEL_HAEMATOPOIETIC_AND_LYMPHOID_TISSUE
CCLE-38-PD-0325901-HEM,88,4,F36P_HAEMATOPOIETIC_AND_LYMPHOID_TISSUE
CCLE-38-PD-0325901-HEM,88,5,GRANTA519_HAEMATOPOIETIC_AND_LYMPHOID_TISSUE
CCLE-38-PD-0325901-HEM,88,6,JVM3_HAEMATOPOIETIC_AND_LYMPHOID_TISSUE
CCLE-38-PD-0325901-HEM,88,7,KMS12BM_HAEMATOPOIETIC_AND_LYMPHOID_TISSUE
CCLE-38-PD-0325901-HEM,88,8,KMS34_HAEMATOPOIETIC_AND_LYMPHOID_TISSUE
CCLE-38-PD-0325901-HEM,88,9,KO52_HAEMATOPOIETIC_AND_LYMPHOID_TISSUE
CCLE-38-PD-0325901-HEM,88,10,L363_HAEMATOPOIETIC_AND_LYMPHOID_TISSUE
CCLE-38-PD-0325901-HEM,88,11,L428_HAEMATOPOIETIC_AND_LYMPHOID_TISSUE
CCLE-38-PD-0325901-HEM,88,12,MINO_HAEMATOPOIETIC_AND_LYMPHOID_TISSUE
CCLE-38-PD-0325901-HEM,88,13,MOLT16_HAEMATOPOIETIC_AND_LYMPHOID_TISSUE
CCLE-38-PD-0325901-HEM,88,14,OCIAML2_HAEMATOPOIETIC_AND_LYMPHOID_TISSUE
CCLE-38-PD-0325901-HEM,88,15,OCIAML5_HAEMATOPOIETIC_AND_LYMPHOID_TISSUE
CCLE-38-PD-0325901-HEM,88,16,OPM2_HAEMATOPOIETIC_AND_LYMPHOID_TISSUE
CCLE-38-PD-0325901-HEM,88,17,P12ICHIKAWA_HAEMATOPOIETIC_AND_LYMPHOID_TISSUE
CCLE-38-PD-0325901-HEM,88,18,RPMI8402_HAEMATOPOIETIC_AND_LYMPHOID_TISSUE
CCLE-38-PD-0325901-HEM,89,1,697_HAEMATOPOIETIC_AND_LYMPHOID_TISSUE
CCLE-38-PD-0325901-HEM,89,2,BDCM_HAEMATOPOIETIC_AND_LYMPHOID_TISSUE
CCLE-38-PD-0325901-HEM,89,3,BL70_HAEMATOPOIETIC_AND_LYMPHOID_TISSUE
CCLE-38-PD-0325901-HEM,89,4,HH_HAEMATOPOIETIC_AND_LYMPHOID_TISSUE
CCLE-38-PD-0325901-HEM,89,5,JVM3_HAEMATOPOIETIC_AND_LYMPHOID_TISSUE
CCLE-38-PD-0325901-HEM,89,6,KG1_HAEMATOPOIETIC_AND_LYMPHOID_TISSUE
CCLE-38-PD-0325901-HEM,89,7,KO52_HAEMATOPOIETIC_AND_LYMPHOID_TISSUE
CCLE-38-PD-0325901-HEM,89,8,MINO_HAEMATOPOIETIC_AND_LYMPHOID_TISSUE
CCLE-38-PD-0325901-HEM,89,9,OCIAML5_HAEMATOPOIETIC_AND_LYMPHOID_TISSUE
CCLE-38-PD-0325901-HEM,89,10,OPM2_HAEMATOPOIETIC_AND_LYMPHOID_TISSUE
CCLE-38-PD-0325901-HEM,89,11,P31FUJ_HAEMATOPOIETIC_AND_LYMPHOID_TISSUE
CCLE-38-PD-0325901-HEM,89,12,P3HR1_HAEMATOPOIETIC_AND_LYMPHOID_TISSUE
CCLE-38-PD-0325901-HEM,89,13,REH_HAEMATOPOIETIC_AND_LYMPHOID_TISSUE
CCLE-38-PD-0325901-HEM,89,14,SKMM2_HAEMATOPOIETIC_AND_LYMPHOID_TISSUE
CCLE-38-PD-0325901-HEM,89,15,SUDHL6_HAEMATOPOIETIC_AND_LYMPHOID_TISSUE
CCLE-38-PD-0325901-HEM,89,16,SUDHL8_HAEMATOPOIETIC_AND_LYMPHOID_TISSUE
CCLE-38-PD-0325901-HEM,89,17,SUPM2_HAEMATOPOIETIC_AND_LYMPHOID_TISSUE
CCLE-38-PD-0325901-HEM,89,18,SUPT1_HAEMATOPOIETIC_AND_LYMPHOID_TISSUE
CCLE-38-PD-0325901-HEM,90,1,BL41_HAEMATOPOIETIC_AND_LYMPHOID_TISSUE
CCLE-38-PD-0325901-HEM,90,2,CI1_HAEMATOPOIETIC_AND_LYMPHOID_TISSUE
CCLE-38-PD-0325901-HEM,90,3,EM2_HAEMATOPOIETIC_AND_LYMPHOID_TISSUE
CCLE-38-PD-0325901-HEM,90,4,GRANTA519_HAEMATOPOIETIC_AND_LYMPHOID_TISSUE
CCLE-38-PD-0325901-HEM,90,5,HDMYZ_HAEMATOPOIETIC_AND_LYMPHOID_TISSUE
CCLE-38-PD-0325901-HEM,90,6,HH_HAEMATOPOIETIC_AND_LYMPHOID_TISSUE
CCLE-38-PD-0325901-HEM,90,7,KARPAS620_HAEMATOPOIETIC_AND_LYMPHOID_TISSUE
CCLE-38-PD-0325901-HEM,90,8,KASUMI2_HAEMATOPOIETIC_AND_LYMPHOID_TISSUE
CCLE-38-PD-0325901-HEM,90,9,KHM1B_HAEMATOPOIETIC_AND_LYMPHOID_TISSUE
CCLE-38-PD-0325901-HEM,90,10,KMS11_HAEMATOPOIETIC_AND_LYMPHOID_TISSUE
CCLE-38-PD-0325901-HEM,90,11,KO52_HAEMATOPOIETIC_AND_LYMPHOID_TISSUE
CCLE-38-PD-0325901-HEM,90,12,KU812_HAEMATOPOIETIC_AND_LYMPHOID_TISSUE
CCLE-38-PD-0325901-HEM,90,13,L428_HAEMATOPOIETIC_AND_LYMPHOID_TISSUE
CCLE-38-PD-0325901-HEM,90,14,LP1_HAEMATOPOIETIC_AND_LYMPHOID_TISSUE
CCLE-38-PD-0325901-HEM,90,15,MC116_HAEMATOPOIETIC_AND_LYMPHOID_TISSUE
CCLE-38-PD-0325901-HEM,90,16,MEG01_HAEMATOPOIETIC_AND_LYMPHOID_TISSUE
CCLE-38-PD-0325901-HEM,90,17,MOLT16_HAEMATOPOIETIC_AND_LYMPHOID_TISSUE
CCLE-38-PD-0325901-HEM,90,18,SIGM5_HAEMATOPOIETIC_AND_LYMPHOID_TISSUE
CCLE-38-PD-0325901-HEM,91,1,ALLSIL_HAEMATOPOIETIC_AND_LYMPHOID_TISSUE
CCLE-38-PD-0325901-HEM,91,2,F36P_HAEMATOPOIETIC_AND_LYMPHOID_TISSUE
CCLE-38-PD-0325901-HEM,91,3,GRANTA519_HAEMATOPOIETIC_AND_LYMPHOID_TISSUE
CCLE-38-PD-0325901-HEM,91,4,HDMYZ_HAEMATOPOIETIC_AND_LYMPHOID_TISSUE
CCLE-38-PD-0325901-HEM,91,5,HH_HAEMATOPOIETIC_AND_LYMPHOID_TISSUE
CCLE-38-PD-0325901-HEM,91,6,JVM3_HAEMATOPOIETIC_AND_LYMPHOID_TISSUE
CCLE-38-PD-0325901-HEM,91,7,KARPAS299_HAEMATOPOIETIC_AND_LYMPHOID_TISSUE
CCLE-38-PD-0325901-HEM,91,8,KARPAS620_HAEMATOPOIETIC_AND_LYMPHOID_TISSUE
CCLE-38-PD-0325901-HEM,91,9,KHM1B_HAEMATOPOIETIC_AND_LYMPHOID_TISSUE
CCLE-38-PD-0325901-HEM,91,10,KO52_HAEMATOPOIETIC_AND_LYMPHOID_TISSUE
CCLE-38-PD-0325901-HEM,91,11,KU812_HAEMATOPOIETIC_AND_LYMPHOID_TISSUE
CCLE-38-PD-0325901-HEM,91,12,MEG01_HAEMATOPOIETIC_AND_LYMPHOID_TISSUE
CCLE-38-PD-0325901-HEM,91,13,MOLP8_HAEMATOPOIETIC_AND_LYMPHOID_TISSUE
CCLE-38-PD-0325901-HEM,91,14,OCIAML5_HAEMATOPOIETIC_AND_LYMPHOID_TISSUE
CCLE-38-PD-0325901-HEM,91,15,OPM2_HAEMATOPOIETIC_AND_LYMPHOID_TISSUE
CCLE-38-PD-0325901-HEM,91,16,P31FUJ_HAEMATOPOIETIC_AND_LYMPHOID_TISSUE
CCLE-38-PD-0325901-HEM,91,17,PFEIFFER_HAEMATOPOIETIC_AND_LYMPHOID_TISSUE
CCLE-38-PD-0325901-HEM,91,18,SUPT1_HAEMATOPOIETIC_AND_LYMPHOID_TISSUE
CCLE-38-PD-0325901-HEM,92,1,HDMYZ_HAEMATOPOIETIC_AND_LYMPHOID_TISSUE
CCLE-38-PD-0325901-HEM,92,2,JM1_HAEMATOPOIETIC_AND_LYMPHOID_TISSUE
CCLE-38-PD-0325901-HEM,92,3,JURKAT_HAEMATOPOIETIC_AND_LYMPHOID_TISSUE
CCLE-38-PD-0325901-HEM,92,4,KARPAS299_HAEMATOPOIETIC_AND_LYMPHOID_TISSUE
CCLE-38-PD-0325901-HEM,92,5,KARPAS620_HAEMATOPOIETIC_AND_LYMPHOID_TISSUE
CCLE-38-PD-0325901-HEM,92,6,KCL22_HAEMATOPOIETIC_AND_LYMPHOID_TISSUE
CCLE-38-PD-0325901-HEM,92,7,KMS11_HAEMATOPOIETIC_AND_LYMPHOID_TISSUE
CCLE-38-PD-0325901-HEM,92,8,KMS12BM_HAEMATOPOIETIC_AND_LYMPHOID_TISSUE
CCLE-38-PD-0325901-HEM,92,9,KO52_HAEMATOPOIETIC_AND_LYMPHOID_TISSUE
CCLE-38-PD-0325901-HEM,92,10,L363_HAEMATOPOIETIC_AND_LYMPHOID_TISSUE
CCLE-38-PD-0325901-HEM,92,11,L428_HAEMATOPOIETIC_AND_LYMPHOID_TISSUE
CCLE-38-PD-0325901-HEM,92,12,MEG01_HAEMATOPOIETIC_AND_LYMPHOID_TISSUE
CCLE-38-PD-0325901-HEM,92,13,MINO_HAEMATOPOIETIC_AND_LYMPHOID_TISSUE
CCLE-38-PD-0325901-HEM,92,14,P3HR1_HAEMATOPOIETIC_AND_LYMPHOID_TISSUE
CCLE-38-PD-0325901-HEM,92,15,REH_HAEMATOPOIETIC_AND_LYMPHOID_TISSUE
CCLE-38-PD-0325901-HEM,92,16,RPMI8402_HAEMATOPOIETIC_AND_LYMPHOID_TISSUE
CCLE-38-PD-0325901-HEM,92,17,SUPT1_HAEMATOPOIETIC_AND_LYMPHOID_TISSUE
CCLE-38-PD-0325901-HEM,92,18,U937_HAEMATOPOIETIC_AND_LYMPHOID_TISSUE
CCLE-38-PD-0325901-HEM,93,1,697_HAEMATOPOIETIC_AND_LYMPHOID_TISSUE
CCLE-38-PD-0325901-HEM,93,2,BL70_HAEMATOPOIETIC_AND_LYMPHOID_TISSUE
CCLE-38-PD-0325901-HEM,93,3,DEL_HAEMATOPOIETIC_AND_LYMPHOID_TISSUE
CCLE-38-PD-0325901-HEM,93,4,HDMYZ_HAEMATOPOIETIC_AND_LYMPHOID_TISSUE
CCLE-38-PD-0325901-HEM,93,5,HH_HAEMATOPOIETIC_AND_LYMPHOID_TISSUE
CCLE-38-PD-0325901-HEM,93,6,HUT78_HAEMATOPOIETIC_AND_LYMPHOID_TISSUE
CCLE-38-PD-0325901-HEM,93,7,JVM3_HAEMATOPOIETIC_AND_LYMPHOID_TISSUE
CCLE-38-PD-0325901-HEM,93,8,KHM1B_HAEMATOPOIETIC_AND_LYMPHOID_TISSUE
CCLE-38-PD-0325901-HEM,93,9,KMS34_HAEMATOPOIETIC_AND_LYMPHOID_TISSUE
CCLE-38-PD-0325901-HEM,93,10,L428_HAEMATOPOIETIC_AND_LYMPHOID_TISSUE
CCLE-38-PD-0325901-HEM,93,11,MC116_HAEMATOPOIETIC_AND_LYMPHOID_TISSUE
CCLE-38-PD-0325901-HEM,93,12,MJ_HAEMATOPOIETIC_AND_LYMPHOID_TISSUE
CCLE-38-PD-0325901-HEM,93,13,MOLT16_HAEMATOPOIETIC_AND_LYMPHOID_TISSUE
CCLE-38-PD-0325901-HEM,93,14,NCO2_HAEMATOPOIETIC_AND_LYMPHOID_TISSUE
CCLE-38-PD-0325901-HEM,93,15,OPM2_HAEMATOPOIETIC_AND_LYMPHOID_TISSUE
CCLE-38-PD-0325901-HEM,93,16,P31FUJ_HAEMATOPOIETIC_AND_LYMPHOID_TISSUE
CCLE-38-PD-0325901-HEM,93,17,RAJI_HAEMATOPOIETIC_AND_LYMPHOID_TISSUE
CCLE-38-PD-0325901-HEM,93,18,SKMM2_HAEMATOPOIETIC_AND_LYMPHOID_TISSUE
CCLE-38-PD-0325901-HEM,94,1,BDCM_HAEMATOPOIETIC_AND_LYMPHOID_TISSUE
CCLE-38-PD-0325901-HEM,94,2,DOHH2_HAEMATOPOIETIC_AND_LYMPHOID_TISSUE
CCLE-38-PD-0325901-HEM,94,3,HUT78_HAEMATOPOIETIC_AND_LYMPHOID_TISSUE
CCLE-38-PD-0325901-HEM,94,4,JM1_HAEMATOPOIETIC_AND_LYMPHOID_TISSUE
CCLE-38-PD-0325901-HEM,94,5,KARPAS299_HAEMATOPOIETIC_AND_LYMPHOID_TISSUE
CCLE-38-PD-0325901-HEM,94,6,KG1_HAEMATOPOIETIC_AND_LYMPHOID_TISSUE
CCLE-38-PD-0325901-HEM,94,7,KHM1B_HAEMATOPOIETIC_AND_LYMPHOID_TISSUE
CCLE-38-PD-0325901-HEM,94,8,KMS11_HAEMATOPOIETIC_AND_LYMPHOID_TISSUE
CCLE-38-PD-0325901-HEM,94,9,MC116_HAEMATOPOIETIC_AND_LYMPHOID_TISSUE
CCLE-38-PD-0325901-HEM,94,10,MOLT16_HAEMATOPOIETIC_AND_LYMPHOID_TISSUE
CCLE-38-PD-0325901-HEM,94,11,OCIAML5_HAEMATOPOIETIC_AND_LYMPHOID_TISSUE
CCLE-38-PD-0325901-HEM,94,12,OPM2_HAEMATOPOIETIC_AND_LYMPHOID_TISSUE
CCLE-38-PD-0325901-HEM,94,13,P31FUJ_HAEMATOPOIETIC_AND_LYMPHOID_TISSUE
CCLE-38-PD-0325901-HEM,94,14,RAJI_HAEMATOPOIETIC_AND_LYMPHOID_TISSUE
CCLE-38-PD-0325901-HEM,94,15,RPMI8402_HAEMATOPOIETIC_AND_LYMPHOID_TISSUE
CCLE-38-PD-0325901-HEM,94,16,SUDHL6_HAEMATOPOIETIC_AND_LYMPHOID_TISSUE
CCLE-38-PD-0325901-HEM,94,17,TOLEDO_HAEMATOPOIETIC_AND_LYMPHOID_TISSUE
CCLE-38-PD-0325901-HEM,94,18,U937_HAEMATOPOIETIC_AND_LYMPHOID_TISSUE
CCLE-38-PD-0325901-HEM,95,1,ALLSIL_HAEMATOPOIETIC_AND_LYMPHOID_TISSUE
CCLE-38-PD-0325901-HEM,95,2,BL70_HAEMATOPOIETIC_AND_LYMPHOID_TISSUE
CCLE-38-PD-0325901-HEM,95,3,DOHH2_HAEMATOPOIETIC_AND_LYMPHOID_TISSUE
CCLE-38-PD-0325901-HEM,95,4,JM1_HAEMATOPOIETIC_AND_LYMPHOID_TISSUE
CCLE-38-PD-0325901-HEM,95,5,KMS11_HAEMATOPOIETIC_AND_LYMPHOID_TISSUE
CCLE-38-PD-0325901-HEM,95,6,KMS12BM_HAEMATOPOIETIC_AND_LYMPHOID_TISSUE
CCLE-38-PD-0325901-HEM,95,7,KU812_HAEMATOPOIETIC_AND_LYMPHOID_TISSUE
CCLE-38-PD-0325901-HEM,95,8,L363_HAEMATOPOIETIC_AND_LYMPHOID_TISSUE
CCLE-38-PD-0325901-HEM,95,9,MC116_HAEMATOPOIETIC_AND_LYMPHOID_TISSUE
CCLE-38-PD-0325901-HEM,95,10,MJ_HAEMATOPOIETIC_AND_LYMPHOID_TISSUE
CCLE-38-PD-0325901-HEM,95,11,OCIAML5_HAEMATOPOIETIC_AND_LYMPHOID_TISSUE
CCLE-38-PD-0325901-HEM,95,12,OPM2_HAEMATOPOIETIC_AND_LYMPHOID_TISSUE
CCLE-38-PD-0325901-HEM,95,13,P12ICHIKAWA_HAEMATOPOIETIC_AND_LYMPHOID_TISSUE
CCLE-38-PD-0325901-HEM,95,14,P3HR1_HAEMATOPOIETIC_AND_LYMPHOID_TISSUE
CCLE-38-PD-0325901-HEM,95,15,PFEIFFER_HAEMATOPOIETIC_AND_LYMPHOID_TISSUE
CCLE-38-PD-0325901-HEM,95,16,SIGM5_HAEMATOPOIETIC_AND_LYMPHOID_TISSUE
CCLE-38-PD-0325901-HEM,95,17,SUDHL10_HAEMATOPOIETIC_AND_LYMPHOID_TISSUE
CCLE-38-PD-0325901-HEM,95,18,SUDHL8_HAEMATOPOIETIC_AND_LYMPHOID_TISSUE
CCLE-38-PD-0325901-HEM,96,1,AMO1_HAEMATOPOIETIC_AND_LYMPHOID_TISSUE
CCLE-38-PD-0325901-HEM,96,2,BDCM_HAEMATOPOIETIC_AND_LYMPHOID_TISSUE
CCLE-38-PD-0325901-HEM,96,3,BL41_HAEMATOPOIETIC_AND_LYMPHOID_TISSUE
CCLE-38-PD-0325901-HEM,96,4,BL70_HAEMATOPOIETIC_AND_LYMPHOID_TISSUE
CCLE-38-PD-0325901-HEM,96,5,DOHH2_HAEMATOPOIETIC_AND_LYMPHOID_TISSUE
CCLE-38-PD-0325901-HEM,96,6,GRANTA519_HAEMATOPOIETIC_AND_LYMPHOID_TISSUE
CCLE-38-PD-0325901-HEM,96,7,KARPAS299_HAEMATOPOIETIC_AND_LYMPHOID_TISSUE
CCLE-38-PD-0325901-HEM,96,8,KU812_HAEMATOPOIETIC_AND_LYMPHOID_TISSUE
CCLE-38-PD-0325901-HEM,96,9,MC116_HAEMATOPOIETIC_AND_LYMPHOID_TISSUE
CCLE-38-PD-0325901-HEM,96,10,MEG01_HAEMATOPOIETIC_AND_LYMPHOID_TISSUE
CCLE-38-PD-0325901-HEM,96,11,MOLT16_HAEMATOPOIETIC_AND_LYMPHOID_TISSUE
CCLE-38-PD-0325901-HEM,96,12,OCIAML5_HAEMATOPOIETIC_AND_LYMPHOID_TISSUE
CCLE-38-PD-0325901-HEM,96,13,REH_HAEMATOPOIETIC_AND_LYMPHOID_TISSUE
CCLE-38-PD-0325901-HEM,96,14,SKMM2_HAEMATOPOIETIC_AND_LYMPHOID_TISSUE
CCLE-38-PD-0325901-HEM,96,15,SUDHL4_HAEMATOPOIETIC_AND_LYMPHOID_TISSUE
CCLE-38-PD-0325901-HEM,96,16,SUDHL6_HAEMATOPOIETIC_AND_LYMPHOID_TISSUE
CCLE-38-PD-0325901-HEM,96,17,SUDHL8_HAEMATOPOIETIC_AND_LYMPHOID_TISSUE
CCLE-38-PD-0325901-HEM,96,18,TOLEDO_HAEMATOPOIETIC_AND_LYMPHOID_TISSUE
CCLE-38-PD-0325901-HEM,97,1,DEL_HAEMATOPOIETIC_AND_LYMPHOID_TISSUE
CCLE-38-PD-0325901-HEM,97,2,EM2_HAEMATOPOIETIC_AND_LYMPHOID_TISSUE
CCLE-38-PD-0325901-HEM,97,3,GRANTA519_HAEMATOPOIETIC_AND_LYMPHOID_TISSUE
CCLE-38-PD-0325901-HEM,97,4,HH_HAEMATOPOIETIC_AND_LYMPHOID_TISSUE
CCLE-38-PD-0325901-HEM,97,5,JURKAT_HAEMATOPOIETIC_AND_LYMPHOID_TISSUE
CCLE-38-PD-0325901-HEM,97,6,JVM3_HAEMATOPOIETIC_AND_LYMPHOID_TISSUE
CCLE-38-PD-0325901-HEM,97,7,KMM1_HAEMATOPOIETIC_AND_LYMPHOID_TISSUE
CCLE-38-PD-0325901-HEM,97,8,KMS11_HAEMATOPOIETIC_AND_LYMPHOID_TISSUE
CCLE-38-PD-0325901-HEM,97,9,KMS12BM_HAEMATOPOIETIC_AND_LYMPHOID_TISSUE
CCLE-38-PD-0325901-HEM,97,10,KO52_HAEMATOPOIETIC_AND_LYMPHOID_TISSUE
CCLE-38-PD-0325901-HEM,97,11,KU812_HAEMATOPOIETIC_AND_LYMPHOID_TISSUE
CCLE-38-PD-0325901-HEM,97,12,MEG01_HAEMATOPOIETIC_AND_LYMPHOID_TISSUE
CCLE-38-PD-0325901-HEM,97,13,MINO_HAEMATOPOIETIC_AND_LYMPHOID_TISSUE
CCLE-38-PD-0325901-HEM,97,14,MOLT16_HAEMATOPOIETIC_AND_LYMPHOID_TISSUE
CCLE-38-PD-0325901-HEM,97,15,P12ICHIKAWA_HAEMATOPOIETIC_AND_LYMPHOID_TISSUE
CCLE-38-PD-0325901-HEM,97,16,RAJI_HAEMATOPOIETIC_AND_LYMPHOID_TISSUE
CCLE-38-PD-0325901-HEM,97,17,RPMI8402_HAEMATOPOIETIC_AND_LYMPHOID_TISSUE
CCLE-38-PD-0325901-HEM,97,18,U937_HAEMATOPOIETIC_AND_LYMPHOID_TISSUE
CCLE-38-PD-0325901-HEM,98,1,AMO1_HAEMATOPOIETIC_AND_LYMPHOID_TISSUE
CCLE-38-PD-0325901-HEM,98,2,DEL_HAEMATOPOIETIC_AND_LYMPHOID_TISSUE
CCLE-38-PD-0325901-HEM,98,3,EM2_HAEMATOPOIETIC_AND_LYMPHOID_TISSUE
CCLE-38-PD-0325901-HEM,98,4,F36P_HAEMATOPOIETIC_AND_LYMPHOID_TISSUE
CCLE-38-PD-0325901-HEM,98,5,GRANTA519_HAEMATOPOIETIC_AND_LYMPHOID_TISSUE
CCLE-38-PD-0325901-HEM,98,6,HH_HAEMATOPOIETIC_AND_LYMPHOID_TISSUE
CCLE-38-PD-0325901-HEM,98,7,KASUMI2_HAEMATOPOIETIC_AND_LYMPHOID_TISSUE
CCLE-38-PD-0325901-HEM,98,8,KG1_HAEMATOPOIETIC_AND_LYMPHOID_TISSUE
CCLE-38-PD-0325901-HEM,98,9,KHM1B_HAEMATOPOIETIC_AND_LYMPHOID_TISSUE
CCLE-38-PD-0325901-HEM,98,10,L428_HAEMATOPOIETIC_AND_LYMPHOID_TISSUE
CCLE-38-PD-0325901-HEM,98,11,MOLT16_HAEMATOPOIETIC_AND_LYMPHOID_TISSUE
CCLE-38-PD-0325901-HEM,98,12,OCIAML5_HAEMATOPOIETIC_AND_LYMPHOID_TISSUE
CCLE-38-PD-0325901-HEM,98,13,OPM2_HAEMATOPOIETIC_AND_LYMPHOID_TISSUE
CCLE-38-PD-0325901-HEM,98,14,REH_HAEMATOPOIETIC_AND_LYMPHOID_TISSUE
CCLE-38-PD-0325901-HEM,98,15,SIGM5_HAEMATOPOIETIC_AND_LYMPHOID_TISSUE
CCLE-38-PD-0325901-HEM,98,16,SKMM2_HAEMATOPOIETIC_AND_LYMPHOID_TISSUE
CCLE-38-PD-0325901-HEM,98,17,SUPM2_HAEMATOPOIETIC_AND_LYMPHOID_TISSUE
CCLE-38-PD-0325901-HEM,98,18,TOLEDO_HAEMATOPOIETIC_AND_LYMPHOID_TISSUE
CCLE-38-PD-0325901-HEM,99,1,697_HAEMATOPOIETIC_AND_LYMPHOID_TISSUE
CCLE-38-PD-0325901-HEM,99,2,ALLSIL_HAEMATOPOIETIC_AND_LYMPHOID_TISSUE
CCLE-38-PD-0325901-HEM,99,3,BDCM_HAEMATOPOIETIC_AND_LYMPHOID_TISSUE
CCLE-38-PD-0325901-HEM,99,4,CI1_HAEMATOPOIETIC_AND_LYMPHOID_TISSUE
CCLE-38-PD-0325901-HEM,99,5,GRANTA519_HAEMATOPOIETIC_AND_LYMPHOID_TISSUE
CCLE-38-PD-0325901-HEM,99,6,HDMYZ_HAEMATOPOIETIC_AND_LYMPHOID_TISSUE
CCLE-38-PD-0325901-HEM,99,7,KARPAS620_HAEMATOPOIETIC_AND_LYMPHOID_TISSUE
CCLE-38-PD-0325901-HEM,99,8,KASUMI2_HAEMATOPOIETIC_AND_LYMPHOID_TISSUE
CCLE-38-PD-0325901-HEM,99,9,KCL22_HAEMATOPOIETIC_AND_LYMPHOID_TISSUE
CCLE-38-PD-0325901-HEM,99,10,KHM1B_HAEMATOPOIETIC_AND_LYMPHOID_TISSUE
CCLE-38-PD-0325901-HEM,99,11,KMS11_HAEMATOPOIETIC_AND_LYMPHOID_TISSUE
CCLE-38-PD-0325901-HEM,99,12,KMS12BM_HAEMATOPOIETIC_AND_LYMPHOID_TISSUE
CCLE-38-PD-0325901-HEM,99,13,KO52_HAEMATOPOIETIC_AND_LYMPHOID_TISSUE
CCLE-38-PD-0325901-HEM,99,14,KU812_HAEMATOPOIETIC_AND_LYMPHOID_TISSUE
CCLE-38-PD-0325901-HEM,99,15,L428_HAEMATOPOIETIC_AND_LYMPHOID_TISSUE
CCLE-38-PD-0325901-HEM,99,16,MC116_HAEMATOPOIETIC_AND_LYMPHOID_TISSUE
CCLE-38-PD-0325901-HEM,99,17,RPMI8402_HAEMATOPOIETIC_AND_LYMPHOID_TISSUE
CCLE-38-PD-0325901-HEM,99,18,SKMM2_HAEMATOPOIETIC_AND_LYMPHOID_TISSUE
CCLE-38-PD-0325901-HEM,100,1,697_HAEMATOPOIETIC_AND_LYMPHOID_TISSUE
CCLE-38-PD-0325901-HEM,100,2,BL41_HAEMATOPOIETIC_AND_LYMPHOID_TISSUE
CCLE-38-PD-0325901-HEM,100,3,BL70_HAEMATOPOIETIC_AND_LYMPHOID_TISSUE
CCLE-38-PD-0325901-HEM,100,4,F36P_HAEMATOPOIETIC_AND_LYMPHOID_TISSUE
CCLE-38-PD-0325901-HEM,100,5,HT_HAEMATOPOIETIC_AND_LYMPHOID_TISSUE
CCLE-38-PD-0325901-HEM,100,6,KASUMI2_HAEMATOPOIETIC_AND_LYMPHOID_TISSUE
CCLE-38-PD-0325901-HEM,100,7,KG1_HAEMATOPOIETIC_AND_LYMPHOID_TISSUE
CCLE-38-PD-0325901-HEM,100,8,KMM1_HAEMATOPOIETIC_AND_LYMPHOID_TISSUE
CCLE-38-PD-0325901-HEM,100,9,MJ_HAEMATOPOIETIC_AND_LYMPHOID_TISSUE
CCLE-38-PD-0325901-HEM,100,10,MOLP8_HAEMATOPOIETIC_AND_LYMPHOID_TISSUE
CCLE-38-PD-0325901-HEM,100,11,OCIAML5_HAEMATOPOIETIC_AND_LYMPHOID_TISSUE
CCLE-38-PD-0325901-HEM,100,12,P12ICHIKAWA_HAEMATOPOIETIC_AND_LYMPHOID_TISSUE
CCLE-38-PD-0325901-HEM,100,13,P31FUJ_HAEMATOPOIETIC_AND_LYMPHOID_TISSUE
CCLE-38-PD-0325901-HEM,100,14,P3HR1_HAEMATOPOIETIC_AND_LYMPHOID_TISSUE
CCLE-38-PD-0325901-HEM,100,15,REH_HAEMATOPOIETIC_AND_LYMPHOID_TISSUE
CCLE-38-PD-0325901-HEM,100,16,RPMI8402_HAEMATOPOIETIC_AND_LYMPHOID_TISSUE
CCLE-38-PD-0325901-HEM,100,17,SIGM5_HAEMATOPOIETIC_AND_LYMPHOID_TISSUE
CCLE-38-PD-0325901-HEM,100,18,U937_HAEMATOPOIETIC_AND_LYMPHOID_TISSUE
CCLE-51-PLX4720-SKIN,1,1,A2058_SKIN
CCLE-51-PLX4720-SKIN,1,2,COLO679_SKIN
CCLE-51-PLX4720-SKIN,1,3,COLO741_SKIN
CCLE-51-PLX4720-SKIN,1,4,G361_SKIN
CCLE-51-PLX4720-SKIN,1,5,HS695T_SKIN
CCLE-51-PLX4720-SKIN,1,6,HS852T_SKIN
CCLE-51-PLX4720-SKIN,1,7,HS939T_SKIN
CCLE-51-PLX4720-SKIN,1,8,HT144_SKIN
CCLE-51-PLX4720-SKIN,1,9,MALME3M_SKIN
CCLE-51-PLX4720-SKIN,1,10,MDAMB435S_SKIN
CCLE-51-PLX4720-SKIN,1,11,MELHO_SKIN
CCLE-51-PLX4720-SKIN,1,12,RPMI7951_SKIN
CCLE-51-PLX4720-SKIN,1,13,SKMEL24_SKIN
CCLE-51-PLX4720-SKIN,1,14,SKMEL5_SKIN
CCLE-51-PLX4720-SKIN,1,15,UACC257_SKIN
CCLE-51-PLX4720-SKIN,1,16,UACC62_SKIN
CCLE-51-PLX4720-SKIN,1,17,WM1799_SKIN
CCLE-51-PLX4720-SKIN,1,18,WM88_SKIN
CCLE-51-PLX4720-SKIN,2,1,A2058_SKIN
CCLE-51-PLX4720-SKIN,2,2,COLO741_SKIN
CCLE-51-PLX4720-SKIN,2,3,HS695T_SKIN
CCLE-51-PLX4720-SKIN,2,4,HS852T_SKIN
CCLE-51-PLX4720-SKIN,2,5,HS895T_SKIN
CCLE-51-PLX4720-SKIN,2,6,HS936T_SKIN
CCLE-51-PLX4720-SKIN,2,7,HS939T_SKIN
CCLE-51-PLX4720-SKIN,2,8,HS944T_SKIN
CCLE-51-PLX4720-SKIN,2,9,IPC298_SKIN
CCLE-51-PLX4720-SKIN,2,10,K029AX_SKIN
CCLE-51-PLX4720-SKIN,2,11,LOXIMVI_SKIN
CCLE-51-PLX4720-SKIN,2,12,MDAMB435S_SKIN
CCLE-51-PLX4720-SKIN,2,13,RPMI7951_SKIN
CCLE-51-PLX4720-SKIN,2,14,SKMEL30_SKIN
CCLE-51-PLX4720-SKIN,2,15,SKMEL31_SKIN
CCLE-51-PLX4720-SKIN,2,16,SKMEL5_SKIN
CCLE-51-PLX4720-SKIN,2,17,UACC257_SKIN
CCLE-51-PLX4720-SKIN,2,18,WM793_SKIN
CCLE-51-PLX4720-SKIN,3,1,A2058_SKIN
CCLE-51-PLX4720-SKIN,3,2,C32_SKIN
CCLE-51-PLX4720-SKIN,3,3,COLO679_SKIN
CCLE-51-PLX4720-SKIN,3,4,COLO741_SKIN
CCLE-51-PLX4720-SKIN,3,5,G361_SKIN
CCLE-51-PLX4720-SKIN,3,6,HS852T_SKIN
CCLE-51-PLX4720-SKIN,3,7,HS939T_SKIN
CCLE-51-PLX4720-SKIN,3,8,HS944T_SKIN
CCLE-51-PLX4720-SKIN,3,9,IPC298_SKIN
CCLE-51-PLX4720-SKIN,3,10,MALME3M_SKIN
CCLE-51-PLX4720-SKIN,3,11,MDAMB435S_SKIN
CCLE-51-PLX4720-SKIN,3,12,MELHO_SKIN
CCLE-51-PLX4720-SKIN,3,13,MEWO_SKIN
CCLE-51-PLX4720-SKIN,3,14,RPMI7951_SKIN
CCLE-51-PLX4720-SKIN,3,15,SKMEL31_SKIN
CCLE-51-PLX4720-SKIN,3,16,SKMEL5_SKIN
CCLE-51-PLX4720-SKIN,3,17,WM1799_SKIN
CCLE-51-PLX4720-SKIN,3,18,WM793_SKIN
CCLE-51-PLX4720-SKIN,4,1,A375_SKIN
CCLE-51-PLX4720-SKIN,4,2,C32_SKIN
CCLE-51-PLX4720-SKIN,4,3,COLO679_SKIN
CCLE-51-PLX4720-SKIN,4,4,COLO741_SKIN
CCLE-51-PLX4720-SKIN,4,5,HS695T_SKIN
CCLE-51-PLX4720-SKIN,4,6,HS852T_SKIN
CCLE-51-PLX4720-SKIN,4,7,HS895T_SKIN
CCLE-51-PLX4720-SKIN,4,8,HS936T_SKIN
CCLE-51-PLX4720-SKIN,4,9,HS944T_SKIN
CCLE-51-PLX4720-SKIN,4,10,K029AX_SKIN
CCLE-51-PLX4720-SKIN,4,11,LOXIMVI_SKIN
CCLE-51-PLX4720-SKIN,4,12,MDAMB435S_SKIN
CCLE-51-PLX4720-SKIN,4,13,RVH421_SKIN
CCLE-51-PLX4720-SKIN,4,14,SKMEL31_SKIN
CCLE-51-PLX4720-SKIN,4,15,UACC62_SKIN
CCLE-51-PLX4720-SKIN,4,16,WM1799_SKIN
CCLE-51-PLX4720-SKIN,4,17,WM793_SKIN
CCLE-51-PLX4720-SKIN,4,18,WM983B_SKIN
CCLE-51-PLX4720-SKIN,5,1,C32_SKIN
CCLE-51-PLX4720-SKIN,5,2,COLO679_SKIN
CCLE-51-PLX4720-SKIN,5,3,COLO741_SKIN
CCLE-51-PLX4720-SKIN,5,4,G361_SKIN
CCLE-51-PLX4720-SKIN,5,5,HS895T_SKIN
CCLE-51-PLX4720-SKIN,5,6,HS936T_SKIN
CCLE-51-PLX4720-SKIN,5,7,HS944T_SKIN
CCLE-51-PLX4720-SKIN,5,8,HT144_SKIN
CCLE-51-PLX4720-SKIN,5,9,LOXIMVI_SKIN
CCLE-51-PLX4720-SKIN,5,10,MALME3M_SKIN
CCLE-51-PLX4720-SKIN,5,11,MDAMB435S_SKIN
CCLE-51-PLX4720-SKIN,5,12,MELHO_SKIN
CCLE-51-PLX4720-SKIN,5,13,MEWO_SKIN
CCLE-51-PLX4720-SKIN,5,14,SKMEL24_SKIN
CCLE-51-PLX4720-SKIN,5,15,SKMEL30_SKIN
CCLE-51-PLX4720-SKIN,5,16,SKMEL31_SKIN
CCLE-51-PLX4720-SKIN,5,17,SKMEL5_SKIN
CCLE-51-PLX4720-SKIN,5,18,WM983B_SKIN
CCLE-51-PLX4720-SKIN,6,1,A2058_SKIN
CCLE-51-PLX4720-SKIN,6,2,A375_SKIN
CCLE-51-PLX4720-SKIN,6,3,C32_SKIN
CCLE-51-PLX4720-SKIN,6,4,COLO679_SKIN
CCLE-51-PLX4720-SKIN,6,5,COLO741_SKIN
CCLE-51-PLX4720-SKIN,6,6,G361_SKIN
CCLE-51-PLX4720-SKIN,6,7,HS695T_SKIN
CCLE-51-PLX4720-SKIN,6,8,HS895T_SKIN
CCLE-51-PLX4720-SKIN,6,9,HS939T_SKIN
CCLE-51-PLX4720-SKIN,6,10,LOXIMVI_SKIN
CCLE-51-PLX4720-SKIN,6,11,MALME3M_SKIN
CCLE-51-PLX4720-SKIN,6,12,MDAMB435S_SKIN
CCLE-51-PLX4720-SKIN,6,13,MEWO_SKIN
CCLE-51-PLX4720-SKIN,6,14,RVH421_SKIN
CCLE-51-PLX4720-SKIN,6,15,SKMEL24_SKIN
CCLE-51-PLX4720-SKIN,6,16,SKMEL31_SKIN
CCLE-51-PLX4720-SKIN,6,17,UACC257_SKIN
CCLE-51-PLX4720-SKIN,6,18,WM1799_SKIN
CCLE-51-PLX4720-SKIN,7,1,A375_SKIN
CCLE-51-PLX4720-SKIN,7,2,C32_SKIN
CCLE-51-PLX4720-SKIN,7,3,COLO741_SKIN
CCLE-51-PLX4720-SKIN,7,4,G361_SKIN
CCLE-51-PLX4720-SKIN,7,5,HS852T_SKIN
CCLE-51-PLX4720-SKIN,7,6,HS895T_SKIN
CCLE-51-PLX4720-SKIN,7,7,HS936T_SKIN
CCLE-51-PLX4720-SKIN,7,8,HS944T_SKIN
CCLE-51-PLX4720-SKIN,7,9,HT144_SKIN
CCLE-51-PLX4720-SKIN,7,10,IPC298_SKIN
CCLE-51-PLX4720-SKIN,7,11,K029AX_SKIN
CCLE-51-PLX4720-SKIN,7,12,RPMI7951_SKIN
CCLE-51-PLX4720-SKIN,7,13,RVH421_SKIN
CCLE-51-PLX4720-SKIN,7,14,SKMEL24_SKIN
CCLE-51-PLX4720-SKIN,7,15,SKMEL5_SKIN
CCLE-51-PLX4720-SKIN,7,16,UACC257_SKIN
CCLE-51-PLX4720-SKIN,7,17,WM1799_SKIN
CCLE-51-PLX4720-SKIN,7,18,WM88_SKIN
CCLE-51-PLX4720-SKIN,8,1,A2058_SKIN
CCLE-51-PLX4720-SKIN,8,2,A375_SKIN
CCLE-51-PLX4720-SKIN,8,3,G361_SKIN
CCLE-51-PLX4720-SKIN,8,4,HS695T_SKIN
CCLE-51-PLX4720-SKIN,8,5,HS852T_SKIN
CCLE-51-PLX4720-SKIN,8,6,HS895T_SKIN
CCLE-51-PLX4720-SKIN,8,7,HS936T_SKIN
CCLE-51-PLX4720-SKIN,8,8,HS939T_SKIN
CCLE-51-PLX4720-SKIN,8,9,HS944T_SKIN
CCLE-51-PLX4720-SKIN,8,10,K029AX_SKIN
CCLE-51-PLX4720-SKIN,8,11,MELHO_SKIN
CCLE-51-PLX4720-SKIN,8,12,RPMI7951_SKIN
CCLE-51-PLX4720-SKIN,8,13,SKMEL24_SKIN
CCLE-51-PLX4720-SKIN,8,14,SKMEL31_SKIN
CCLE-51-PLX4720-SKIN,8,15,UACC257_SKIN
CCLE-51-PLX4720-SKIN,8,16,WM1799_SKIN
CCLE-51-PLX4720-SKIN,8,17,WM793_SKIN
CCLE-51-PLX4720-SKIN,8,18,WM983B_SKIN
CCLE-51-PLX4720-SKIN,9,1,A2058_SKIN
CCLE-51-PLX4720-SKIN,9,2,G361_SKIN
CCLE-51-PLX4720-SKIN,9,3,HS695T_SKIN
CCLE-51-PLX4720-SKIN,9,4,HS895T_SKIN
CCLE-51-PLX4720-SKIN,9,5,HS936T_SKIN
CCLE-51-PLX4720-SKIN,9,6,HS939T_SKIN
CCLE-51-PLX4720-SKIN,9,7,IPC298_SKIN
CCLE-51-PLX4720-SKIN,9,8,K029AX_SKIN
CCLE-51-PLX4720-SKIN,9,9,MDAMB435S_SKIN
CCLE-51-PLX4720-SKIN,9,10,MELHO_SKIN
CCLE-51-PLX4720-SKIN,9,11,RPMI7951_SKIN
CCLE-51-PLX4720-SKIN,9,12,RVH421_SKIN
CCLE-51-PLX4720-SKIN,9,13,SKMEL24_SKIN
CCLE-51-PLX4720-SKIN,9,14,SKMEL31_SKIN
CCLE-51-PLX4720-SKIN,9,15,UACC257_SKIN
CCLE-51-PLX4720-SKIN,9,16,UACC62_SKIN
CCLE-51-PLX4720-SKIN,9,17,WM88_SKIN
CCLE-51-PLX4720-SKIN,9,18,WM983B_SKIN
CCLE-51-PLX4720-SKIN,10,1,C32_SKIN
CCLE-51-PLX4720-SKIN,10,2,G361_SKIN
CCLE-51-PLX4720-SKIN,10,3,HS895T_SKIN
CCLE-51-PLX4720-SKIN,10,4,HS936T_SKIN
CCLE-51-PLX4720-SKIN,10,5,HS939T_SKIN
CCLE-51-PLX4720-SKIN,10,6,HS944T_SKIN
CCLE-51-PLX4720-SKIN,10,7,LOXIMVI_SKIN
CCLE-51-PLX4720-SKIN,10,8,MALME3M_SKIN
CCLE-51-PLX4720-SKIN,10,9,MDAMB435S_SKIN
CCLE-51-PLX4720-SKIN,10,10,MELHO_SKIN
CCLE-51-PLX4720-SKIN,10,11,RVH421_SKIN
CCLE-51-PLX4720-SKIN,10,12,SKMEL30_SKIN
CCLE-51-PLX4720-SKIN,10,13,SKMEL5_SKIN
CCLE-51-PLX4720-SKIN,10,14,UACC257_SKIN
CCLE-51-PLX4720-SKIN,10,15,UACC62_SKIN
CCLE-51-PLX4720-SKIN,10,16,WM1799_SKIN
CCLE-51-PLX4720-SKIN,10,17,WM793_SKIN
CCLE-51-PLX4720-SKIN,10,18,WM983B_SKIN
CCLE-51-PLX4720-SKIN,11,1,A2058_SKIN
CCLE-51-PLX4720-SKIN,11,2,A375_SKIN
CCLE-51-PLX4720-SKIN,11,3,COLO741_SKIN
CCLE-51-PLX4720-SKIN,11,4,G361_SKIN
CCLE-51-PLX4720-SKIN,11,5,HS852T_SKIN
CCLE-51-PLX4720-SKIN,11,6,HS936T_SKIN
CCLE-51-PLX4720-SKIN,11,7,HS939T_SKIN
CCLE-51-PLX4720-SKIN,11,8,HT144_SKIN
CCLE-51-PLX4720-SKIN,11,9,K029AX_SKIN
CCLE-51-PLX4720-SKIN,11,10,LOXIMVI_SKIN
CCLE-51-PLX4720-SKIN,11,11,MALME3M_SKIN
CCLE-51-PLX4720-SKIN,11,12,MDAMB435S_SKIN
CCLE-51-PLX4720-SKIN,11,13,MEWO_SKIN
CCLE-51-PLX4720-SKIN,11,14,RPMI7951_SKIN
CCLE-51-PLX4720-SKIN,11,15,RVH421_SKIN
CCLE-51-PLX4720-SKIN,11,16,UACC257_SKIN
CCLE-51-PLX4720-SKIN,11,17,WM1799_SKIN
CCLE-51-PLX4720-SKIN,11,18,WM793_SKIN
CCLE-51-PLX4720-SKIN,12,1,C32_SKIN
CCLE-51-PLX4720-SKIN,12,2,COLO741_SKIN
CCLE-51-PLX4720-SKIN,12,3,HS695T_SKIN
CCLE-51-PLX4720-SKIN,12,4,HS939T_SKIN
CCLE-51-PLX4720-SKIN,12,5,HS944T_SKIN
CCLE-51-PLX4720-SKIN,12,6,HT144_SKIN
CCLE-51-PLX4720-SKIN,12,7,IPC298_SKIN
CCLE-51-PLX4720-SKIN,12,8,K029AX_SKIN
CCLE-51-PLX4720-SKIN,12,9,LOXIMVI_SKIN
CCLE-51-PLX4720-SKIN,12,10,MALME3M_SKIN
CCLE-51-PLX4720-SKIN,12,11,MEWO_SKIN
CCLE-51-PLX4720-SKIN,12,12,RPMI7951_SKIN
CCLE-51-PLX4720-SKIN,12,13,RVH421_SKIN
CCLE-51-PLX4720-SKIN,12,14,SKMEL24_SKIN
CCLE-51-PLX4720-SKIN,12,15,SKMEL5_SKIN
CCLE-51-PLX4720-SKIN,12,16,UACC257_SKIN
CCLE-51-PLX4720-SKIN,12,17,UACC62_SKIN
CCLE-51-PLX4720-SKIN,12,18,WM88_SKIN
CCLE-51-PLX4720-SKIN,13,1,A2058_SKIN
CCLE-51-PLX4720-SKIN,13,2,A375_SKIN
CCLE-51-PLX4720-SKIN,13,3,C32_SKIN
CCLE-51-PLX4720-SKIN,13,4,COLO679_SKIN
CCLE-51-PLX4720-SKIN,13,5,COLO741_SKIN
CCLE-51-PLX4720-SKIN,13,6,HS852T_SKIN
CCLE-51-PLX4720-SKIN,13,7,HS895T_SKIN
CCLE-51-PLX4720-SKIN,13,8,HS936T_SKIN
CCLE-51-PLX4720-SKIN,13,9,HS944T_SKIN
CCLE-51-PLX4720-SKIN,13,10,IPC298_SKIN
CCLE-51-PLX4720-SKIN,13,11,K029AX_SKIN
CCLE-51-PLX4720-SKIN,13,12,MALME3M_SKIN
CCLE-51-PLX4720-SKIN,13,13,MELHO_SKIN
CCLE-51-PLX4720-SKIN,13,14,RPMI7951_SKIN
CCLE-51-PLX4720-SKIN,13,15,SKMEL31_SKIN
CCLE-51-PLX4720-SKIN,13,16,SKMEL5_SKIN
CCLE-51-PLX4720-SKIN,13,17,UACC62_SKIN
CCLE-51-PLX4720-SKIN,13,18,WM88_SKIN
CCLE-51-PLX4720-SKIN,14,1,C32_SKIN
CCLE-51-PLX4720-SKIN,14,2,COLO679_SKIN
CCLE-51-PLX4720-SKIN,14,3,COLO741_SKIN
CCLE-51-PLX4720-SKIN,14,4,G361_SKIN
CCLE-51-PLX4720-SKIN,14,5,HS695T_SKIN
CCLE-51-PLX4720-SKIN,14,6,HS939T_SKIN
CCLE-51-PLX4720-SKIN,14,7,K029AX_SKIN
CCLE-51-PLX4720-SKIN,14,8,LOXIMVI_SKIN
CCLE-51-PLX4720-SKIN,14,9,MDAMB435S_SKIN
CCLE-51-PLX4720-SKIN,14,10,MELHO_SKIN
CCLE-51-PLX4720-SKIN,14,11,RPMI7951_SKIN
CCLE-51-PLX4720-SKIN,14,12,SKMEL24_SKIN
CCLE-51-PLX4720-SKIN,14,13,SKMEL30_SKIN
CCLE-51-PLX4720-SKIN,14,14,SKMEL31_SKIN
CCLE-51-PLX4720-SKIN,14,15,UACC257_SKIN
CCLE-51-PLX4720-SKIN,14,16,UACC62_SKIN
CCLE-51-PLX4720-SKIN,14,17,WM793_SKIN
CCLE-51-PLX4720-SKIN,14,18,WM88_SKIN
CCLE-51-PLX4720-SKIN,15,1,A375_SKIN
CCLE-51-PLX4720-SKIN,15,2,COLO679_SKIN
CCLE-51-PLX4720-SKIN,15,3,HS695T_SKIN
CCLE-51-PLX4720-SKIN,15,4,HS936T_SKIN
CCLE-51-PLX4720-SKIN,15,5,HS939T_SKIN
CCLE-51-PLX4720-SKIN,15,6,K029AX_SKIN
CCLE-51-PLX4720-SKIN,15,7,LOXIMVI_SKIN
CCLE-51-PLX4720-SKIN,15,8,MALME3M_SKIN
CCLE-51-PLX4720-SKIN,15,9,MDAMB435S_SKIN
CCLE-51-PLX4720-SKIN,15,10,MELHO_SKIN
CCLE-51-PLX4720-SKIN,15,11,MEWO_SKIN
CCLE-51-PLX4720-SKIN,15,12,RPMI7951_SKIN
CCLE-51-PLX4720-SKIN,15,13,RVH421_SKIN
CCLE-51-PLX4720-SKIN,15,14,SKMEL31_SKIN
CCLE-51-PLX4720-SKIN,15,15,SKMEL5_SKIN
CCLE-51-PLX4720-SKIN,15,16,UACC257_SKIN
CCLE-51-PLX4720-SKIN,15,17,WM793_SKIN
CCLE-51-PLX4720-SKIN,15,18,WM88_SKIN
CCLE-51-PLX4720-SKIN,16,1,A2058_SKIN
CCLE-51-PLX4720-SKIN,16,2,A375_SKIN
CCLE-51-PLX4720-SKIN,16,3,COLO679_SKIN
CCLE-51-PLX4720-SKIN,16,4,HS852T_SKIN
CCLE-51-PLX4720-SKIN,16,5,HS936T_SKIN
CCLE-51-PLX4720-SKIN,16,6,HS939T_SKIN
CCLE-51-PLX4720-SKIN,16,7,IPC298_SKIN
CCLE-51-PLX4720-SKIN,16,8,LOXIMVI_SKIN
CCLE-51-PLX4720-SKIN,16,9,MALME3M_SKIN
CCLE-51-PLX4720-SKIN,16,10,MDAMB435S_SKIN
CCLE-51-PLX4720-SKIN,16,11,MELHO_SKIN
CCLE-51-PLX4720-SKIN,16,12,MEWO_SKIN
CCLE-51-PLX4720-SKIN,16,13,RPMI7951_SKIN
CCLE-51-PLX4720-SKIN,16,14,SKMEL31_SKIN
CCLE-51-PLX4720-SKIN,16,15,SKMEL5_SKIN
CCLE-51-PLX4720-SKIN,16,16,UACC62_SKIN
CCLE-51-PLX4720-SKIN,16,17,WM88_SKIN
CCLE-51-PLX4720-SKIN,16,18,WM983B_SKIN
CCLE-51-PLX4720-SKIN,17,1,A2058_SKIN
CCLE-51-PLX4720-SKIN,17,2,COLO679_SKIN
CCLE-51-PLX4720-SKIN,17,3,HS695T_SKIN
CCLE-51-PLX4720-SKIN,17,4,HS852T_SKIN
CCLE-51-PLX4720-SKIN,17,5,HS936T_SKIN
CCLE-51-PLX4720-SKIN,17,6,K029AX_SKIN
CCLE-51-PLX4720-SKIN,17,7,LOXIMVI_SKIN
CCLE-51-PLX4720-SKIN,17,8,MELHO_SKIN
CCLE-51-PLX4720-SKIN,17,9,MEWO_SKIN
CCLE-51-PLX4720-SKIN,17,10,RPMI7951_SKIN
CCLE-51-PLX4720-SKIN,17,11,SKMEL24_SKIN
CCLE-51-PLX4720-SKIN,17,12,SKMEL30_SKIN
CCLE-51-PLX4720-SKIN,17,13,SKMEL31_SKIN
CCLE-51-PLX4720-SKIN,17,14,SKMEL5_SKIN
CCLE-51-PLX4720-SKIN,17,15,UACC62_SKIN
CCLE-51-PLX4720-SKIN,17,16,WM1799_SKIN
CCLE-51-PLX4720-SKIN,17,17,WM88_SKIN
CCLE-51-PLX4720-SKIN,17,18,WM983B_SKIN
CCLE-51-PLX4720-SKIN,18,1,COLO679_SKIN
CCLE-51-PLX4720-SKIN,18,2,G361_SKIN
CCLE-51-PLX4720-SKIN,18,3,HS695T_SKIN
CCLE-51-PLX4720-SKIN,18,4,HS852T_SKIN
CCLE-51-PLX4720-SKIN,18,5,HS936T_SKIN
CCLE-51-PLX4720-SKIN,18,6,HS939T_SKIN
CCLE-51-PLX4720-SKIN,18,7,HS944T_SKIN
CCLE-51-PLX4720-SKIN,18,8,HT144_SKIN
CCLE-51-PLX4720-SKIN,18,9,K029AX_SKIN
CCLE-51-PLX4720-SKIN,18,10,LOXIMVI_SKIN
CCLE-51-PLX4720-SKIN,18,11,RVH421_SKIN
CCLE-51-PLX4720-SKIN,18,12,SKMEL24_SKIN
CCLE-51-PLX4720-SKIN,18,13,SKMEL30_SKIN
CCLE-51-PLX4720-SKIN,18,14,SKMEL5_SKIN
CCLE-51-PLX4720-SKIN,18,15,UACC62_SKIN
CCLE-51-PLX4720-SKIN,18,16,WM793_SKIN
CCLE-51-PLX4720-SKIN,18,17,WM88_SKIN
CCLE-51-PLX4720-SKIN,18,18,WM983B_SKIN
CCLE-51-PLX4720-SKIN,19,1,A2058_SKIN
CCLE-51-PLX4720-SKIN,19,2,A375_SKIN
CCLE-51-PLX4720-SKIN,19,3,COLO679_SKIN
CCLE-51-PLX4720-SKIN,19,4,COLO741_SKIN
CCLE-51-PLX4720-SKIN,19,5,G361_SKIN
CCLE-51-PLX4720-SKIN,19,6,HS695T_SKIN
CCLE-51-PLX4720-SKIN,19,7,HS852T_SKIN
CCLE-51-PLX4720-SKIN,19,8,HS895T_SKIN
CCLE-51-PLX4720-SKIN,19,9,HT144_SKIN
CCLE-51-PLX4720-SKIN,19,10,IPC298_SKIN
CCLE-51-PLX4720-SKIN,19,11,LOXIMVI_SKIN
CCLE-51-PLX4720-SKIN,19,12,MALME3M_SKIN
CCLE-51-PLX4720-SKIN,19,13,MDAMB435S_SKIN
CCLE-51-PLX4720-SKIN,19,14,MEWO_SKIN
CCLE-51-PLX4720-SKIN,19,15,RVH421_SKIN
CCLE-51-PLX4720-SKIN,19,16,SKMEL31_SKIN
CCLE-51-PLX4720-SKIN,19,17,UACC62_SKIN
CCLE-51-PLX4720-SKIN,19,18,WM983B_SKIN
CCLE-51-PLX4720-SKIN,20,1,A2058_SKIN
CCLE-51-PLX4720-SKIN,20,2,A375_SKIN
CCLE-51-PLX4720-SKIN,20,3,COLO679_SKIN
CCLE-51-PLX4720-SKIN,20,4,G361_SKIN
CCLE-51-PLX4720-SKIN,20,5,HS695T_SKIN
CCLE-51-PLX4720-SKIN,20,6,HS852T_SKIN
CCLE-51-PLX4720-SKIN,20,7,HS895T_SKIN
CCLE-51-PLX4720-SKIN,20,8,HS944T_SKIN
CCLE-51-PLX4720-SKIN,20,9,HT144_SKIN
CCLE-51-PLX4720-SKIN,20,10,K029AX_SKIN
CCLE-51-PLX4720-SKIN,20,11,MDAMB435S_SKIN
CCLE-51-PLX4720-SKIN,20,12,RVH421_SKIN
CCLE-51-PLX4720-SKIN,20,13,SKMEL24_SKIN
CCLE-51-PLX4720-SKIN,20,14,SKMEL31_SKIN
CCLE-51-PLX4720-SKIN,20,15,SKMEL5_SKIN
CCLE-51-PLX4720-SKIN,20,16,UACC257_SKIN
CCLE-51-PLX4720-SKIN,20,17,WM793_SKIN
CCLE-51-PLX4720-SKIN,20,18,WM88_SKIN
CCLE-51-PLX4720-SKIN,21,1,A2058_SKIN
CCLE-51-PLX4720-SKIN,21,2,A375_SKIN
CCLE-51-PLX4720-SKIN,21,3,COLO679_SKIN
CCLE-51-PLX4720-SKIN,21,4,HS695T_SKIN
CCLE-51-PLX4720-SKIN,21,5,HS852T_SKIN
CCLE-51-PLX4720-SKIN,21,6,HS895T_SKIN
CCLE-51-PLX4720-SKIN,21,7,HS944T_SKIN
CCLE-51-PLX4720-SKIN,21,8,HT144_SKIN
CCLE-51-PLX4720-SKIN,21,9,IPC298_SKIN
CCLE-51-PLX4720-SKIN,21,10,K029AX_SKIN
CCLE-51-PLX4720-SKIN,21,11,MDAMB435S_SKIN
CCLE-51-PLX4720-SKIN,21,12,MELHO_SKIN
CCLE-51-PLX4720-SKIN,21,13,RVH421_SKIN
CCLE-51-PLX4720-SKIN,21,14,SKMEL30_SKIN
CCLE-51-PLX4720-SKIN,21,15,SKMEL31_SKIN
CCLE-51-PLX4720-SKIN,21,16,UACC257_SKIN
CCLE-51-PLX4720-SKIN,21,17,UACC62_SKIN
CCLE-51-PLX4720-SKIN,21,18,WM793_SKIN
CCLE-51-PLX4720-SKIN,22,1,A2058_SKIN
CCLE-51-PLX4720-SKIN,22,2,HS852T_SKIN
CCLE-51-PLX4720-SKIN,22,3,HS895T_SKIN
CCLE-51-PLX4720-SKIN,22,4,HS944T_SKIN
CCLE-51-PLX4720-SKIN,22,5,HT144_SKIN
CCLE-51-PLX4720-SKIN,22,6,K029AX_SKIN
CCLE-51-PLX4720-SKIN,22,7,LOXIMVI_SKIN
CCLE-51-PLX4720-SKIN,22,8,MELHO_SKIN
CCLE-51-PLX4720-SKIN,22,9,MEWO_SKIN
CCLE-51-PLX4720-SKIN,22,10,RPMI7951_SKIN
CCLE-51-PLX4720-SKIN,22,11,RVH421_SKIN
CCLE-51-PLX4720-SKIN,22,12,SKMEL30_SKIN
CCLE-51-PLX4720-SKIN,22,13,SKMEL31_SKIN
CCLE-51-PLX4720-SKIN,22,14,SKMEL5_SKIN
CCLE-51-PLX4720-SKIN,22,15,UACC257_SKIN
CCLE-51-PLX4720-SKIN,22,16,UACC62_SKIN
CCLE-51-PLX4720-SKIN,22,17,WM793_SKIN
CCLE-51-PLX4720-SKIN,22,18,WM983B_SKIN
CCLE-51-PLX4720-SKIN,23,1,COLO741_SKIN
CCLE-51-PLX4720-SKIN,23,2,G361_SKIN
CCLE-51-PLX4720-SKIN,23,3,HS695T_SKIN
CCLE-51-PLX4720-SKIN,23,4,HS852T_SKIN
CCLE-51-PLX4720-SKIN,23,5,HS936T_SKIN
CCLE-51-PLX4720-SKIN,23,6,HS939T_SKIN
CCLE-51-PLX4720-SKIN,23,7,HS944T_SKIN
CCLE-51-PLX4720-SKIN,23,8,HT144_SKIN
CCLE-51-PLX4720-SKIN,23,9,IPC298_SKIN
CCLE-51-PLX4720-SKIN,23,10,K029AX_SKIN
CCLE-51-PLX4720-SKIN,23,11,LOXIMVI_SKIN
CCLE-51-PLX4720-SKIN,23,12,MELHO_SKIN
CCLE-51-PLX4720-SKIN,23,13,RVH421_SKIN
CCLE-51-PLX4720-SKIN,23,14,SKMEL31_SKIN
CCLE-51-PLX4720-SKIN,23,15,SKMEL5_SKIN
CCLE-51-PLX4720-SKIN,23,16,UACC62_SKIN
CCLE-51-PLX4720-SKIN,23,17,WM1799_SKIN
CCLE-51-PLX4720-SKIN,23,18,WM88_SKIN
CCLE-51-PLX4720-SKIN,24,1,A375_SKIN
CCLE-51-PLX4720-SKIN,24,2,COLO679_SKIN
CCLE-51-PLX4720-SKIN,24,3,COLO741_SKIN
CCLE-51-PLX4720-SKIN,24,4,G361_SKIN
CCLE-51-PLX4720-SKIN,24,5,HS695T_SKIN
CCLE-51-PLX4720-SKIN,24,6,HS852T_SKIN
CCLE-51-PLX4720-SKIN,24,7,HS895T_SKIN
CCLE-51-PLX4720-SKIN,24,8,HS939T_SKIN
CCLE-51-PLX4720-SKIN,24,9,K029AX_SKIN
CCLE-51-PLX4720-SKIN,24,10,MALME3M_SKIN
CCLE-51-PLX4720-SKIN,24,11,MDAMB435S_SKIN
CCLE-51-PLX4720-SKIN,24,12,MELHO_SKIN
CCLE-51-PLX4720-SKIN,24,13,MEWO_SKIN
CCLE-51-PLX4720-SKIN,24,14,SKMEL30_SKIN
CCLE-51-PLX4720-SKIN,24,15,SKMEL31_SKIN
CCLE-51-PLX4720-SKIN,24,16,UACC257_SKIN
CCLE-51-PLX4720-SKIN,24,17,UACC62_SKIN
CCLE-51-PLX4720-SKIN,24,18,WM1799_SKIN
CCLE-51-PLX4720-SKIN,25,1,A2058_SKIN
CCLE-51-PLX4720-SKIN,25,2,C32_SKIN
CCLE-51-PLX4720-SKIN,25,3,COLO679_SKIN
CCLE-51-PLX4720-SKIN,25,4,G361_SKIN
CCLE-51-PLX4720-SKIN,25,5,HS695T_SKIN
CCLE-51-PLX4720-SKIN,25,6,HS895T_SKIN
CCLE-51-PLX4720-SKIN,25,7,HS939T_SKIN
CCLE-51-PLX4720-SKIN,25,8,HT144_SKIN
CCLE-51-PLX4720-SKIN,25,9,LOXIMVI_SKIN
CCLE-51-PLX4720-SKIN,25,10,MALME3M_SKIN
CCLE-51-PLX4720-SKIN,25,11,MDAMB435S_SKIN
CCLE-51-PLX4720-SKIN,25,12,MEWO_SKIN
CCLE-51-PLX4720-SKIN,25,13,RVH421_SKIN
CCLE-51-PLX4720-SKIN,25,14,SKMEL31_SKIN
CCLE-51-PLX4720-SKIN,25,15,WM1799_SKIN
CCLE-51-PLX4720-SKIN,25,16,WM793_SKIN
CCLE-51-PLX4720-SKIN,25,17,WM88_SKIN
CCLE-51-PLX4720-SKIN,25,18,WM983B_SKIN
CCLE-51-PLX4720-SKIN,26,1,A375_SKIN
CCLE-51-PLX4720-SKIN,26,2,COLO679_SKIN
CCLE-51-PLX4720-SKIN,26,3,COLO741_SKIN
CCLE-51-PLX4720-SKIN,26,4,G361_SKIN
CCLE-51-PLX4720-SKIN,26,5,HS852T_SKIN
CCLE-51-PLX4720-SKIN,26,6,HS936T_SKIN
CCLE-51-PLX4720-SKIN,26,7,HS939T_SKIN
CCLE-51-PLX4720-SKIN,26,8,HS944T_SKIN
CCLE-51-PLX4720-SKIN,26,9,IPC298_SKIN
CCLE-51-PLX4720-SKIN,26,10,K029AX_SKIN
CCLE-51-PLX4720-SKIN,26,11,MDAMB435S_SKIN
CCLE-51-PLX4720-SKIN,26,12,MELHO_SKIN
CCLE-51-PLX4720-SKIN,26,13,RPMI7951_SKIN
CCLE-51-PLX4720-SKIN,26,14,SKMEL24_SKIN
CCLE-51-PLX4720-SKIN,26,15,SKMEL5_SKIN
CCLE-51-PLX4720-SKIN,26,16,WM1799_SKIN
CCLE-51-PLX4720-SKIN,26,17,WM793_SKIN
CCLE-51-PLX4720-SKIN,26,18,WM88_SKIN
CCLE-51-PLX4720-SKIN,27,1,A2058_SKIN
CCLE-51-PLX4720-SKIN,27,2,A375_SKIN
CCLE-51-PLX4720-SKIN,27,3,COLO679_SKIN
CCLE-51-PLX4720-SKIN,27,4,COLO741_SKIN
CCLE-51-PLX4720-SKIN,27,5,G361_SKIN
CCLE-51-PLX4720-SKIN,27,6,HS695T_SKIN
CCLE-51-PLX4720-SKIN,27,7,HS895T_SKIN
CCLE-51-PLX4720-SKIN,27,8,HS944T_SKIN
CCLE-51-PLX4720-SKIN,27,9,HT144_SKIN
CCLE-51-PLX4720-SKIN,27,10,K029AX_SKIN
CCLE-51-PLX4720-SKIN,27,11,LOXIMVI_SKIN
CCLE-51-PLX4720-SKIN,27,12,MDAMB435S_SKIN
CCLE-51-PLX4720-SKIN,27,13,MELHO_SKIN
CCLE-51-PLX4720-SKIN,27,14,RPMI7951_SKIN
CCLE-51-PLX4720-SKIN,27,15,SKMEL24_SKIN
CCLE-51-PLX4720-SKIN,27,16,SKMEL31_SKIN
CCLE-51-PLX4720-SKIN,27,17,SKMEL5_SKIN
CCLE-51-PLX4720-SKIN,27,18,WM983B_SKIN
CCLE-51-PLX4720-SKIN,28,1,A2058_SKIN
CCLE-51-PLX4720-SKIN,28,2,C32_SKIN
CCLE-51-PLX4720-SKIN,28,3,COLO679_SKIN
CCLE-51-PLX4720-SKIN,28,4,HS895T_SKIN
CCLE-51-PLX4720-SKIN,28,5,HS936T_SKIN
CCLE-51-PLX4720-SKIN,28,6,HS939T_SKIN
CCLE-51-PLX4720-SKIN,28,7,HS944T_SKIN
CCLE-51-PLX4720-SKIN,28,8,HT144_SKIN
CCLE-51-PLX4720-SKIN,28,9,IPC298_SKIN
CCLE-51-PLX4720-SKIN,28,10,K029AX_SKIN
CCLE-51-PLX4720-SKIN,28,11,MDAMB435S_SKIN
CCLE-51-PLX4720-SKIN,28,12,MELHO_SKIN
CCLE-51-PLX4720-SKIN,28,13,SKMEL5_SKIN
CCLE-51-PLX4720-SKIN,28,14,UACC257_SKIN
CCLE-51-PLX4720-SKIN,28,15,UACC62_SKIN
CCLE-51-PLX4720-SKIN,28,16,WM1799_SKIN
CCLE-51-PLX4720-SKIN,28,17,WM88_SKIN
CCLE-51-PLX4720-SKIN,28,18,WM983B_SKIN
CCLE-51-PLX4720-SKIN,29,1,A2058_SKIN
CCLE-51-PLX4720-SKIN,29,2,A375_SKIN
CCLE-51-PLX4720-SKIN,29,3,COLO741_SKIN
CCLE-51-PLX4720-SKIN,29,4,G361_SKIN
CCLE-51-PLX4720-SKIN,29,5,HS852T_SKIN
CCLE-51-PLX4720-SKIN,29,6,HS936T_SKIN
CCLE-51-PLX4720-SKIN,29,7,HS944T_SKIN
CCLE-51-PLX4720-SKIN,29,8,HT144_SKIN
CCLE-51-PLX4720-SKIN,29,9,K029AX_SKIN
CCLE-51-PLX4720-SKIN,29,10,LOXIMVI_SKIN
CCLE-51-PLX4720-SKIN,29,11,MALME3M_SKIN
CCLE-51-PLX4720-SKIN,29,12,MDAMB435S_SKIN
CCLE-51-PLX4720-SKIN,29,13,MELHO_SKIN
CCLE-51-PLX4720-SKIN,29,14,MEWO_SKIN
CCLE-51-PLX4720-SKIN,29,15,RVH421_SKIN
CCLE-51-PLX4720-SKIN,29,16,SKMEL24_SKIN
CCLE-51-PLX4720-SKIN,29,17,UACC62_SKIN
CCLE-51-PLX4720-SKIN,29,18,WM1799_SKIN
CCLE-51-PLX4720-SKIN,30,1,A2058_SKIN
CCLE-51-PLX4720-SKIN,30,2,A375_SKIN
CCLE-51-PLX4720-SKIN,30,3,C32_SKIN
CCLE-51-PLX4720-SKIN,30,4,COLO741_SKIN
CCLE-51-PLX4720-SKIN,30,5,HS895T_SKIN
CCLE-51-PLX4720-SKIN,30,6,HS936T_SKIN
CCLE-51-PLX4720-SKIN,30,7,HS939T_SKIN
CCLE-51-PLX4720-SKIN,30,8,HT144_SKIN
CCLE-51-PLX4720-SKIN,30,9,LOXIMVI_SKIN
CCLE-51-PLX4720-SKIN,30,10,MALME3M_SKIN
CCLE-51-PLX4720-SKIN,30,11,MELHO_SKIN
CCLE-51-PLX4720-SKIN,30,12,RVH421_SKIN
CCLE-51-PLX4720-SKIN,30,13,SKMEL24_SKIN
CCLE-51-PLX4720-SKIN,30,14,SKMEL30_SKIN
CCLE-51-PLX4720-SKIN,30,15,UACC257_SKIN
CCLE-51-PLX4720-SKIN,30,16,UACC62_SKIN
CCLE-51-PLX4720-SKIN,30,17,WM1799_SKIN
CCLE-51-PLX4720-SKIN,30,18,WM983B_SKIN
CCLE-51-PLX4720-SKIN,31,1,A375_SKIN
CCLE-51-PLX4720-SKIN,31,2,C32_SKIN
CCLE-51-PLX4720-SKIN,31,3,COLO741_SKIN
CCLE-51-PLX4720-SKIN,31,4,HS852T_SKIN
CCLE-51-PLX4720-SKIN,31,5,HS936T_SKIN
CCLE-51-PLX4720-SKIN,31,6,HS939T_SKIN
CCLE-51-PLX4720-SKIN,31,7,HS944T_SKIN
CCLE-51-PLX4720-SKIN,31,8,HT144_SKIN
CCLE-51-PLX4720-SKIN,31,9,K029AX_SKIN
CCLE-51-PLX4720-SKIN,31,10,LOXIMVI_SKIN
CCLE-51-PLX4720-SKIN,31,11,MALME3M_SKIN
CCLE-51-PLX4720-SKIN,31,12,MDAMB435S_SKIN
CCLE-51-PLX4720-SKIN,31,13,MELHO_SKIN
CCLE-51-PLX4720-SKIN,31,14,MEWO_SKIN
CCLE-51-PLX4720-SKIN,31,15,SKMEL24_SKIN
CCLE-51-PLX4720-SKIN,31,16,SKMEL30_SKIN
CCLE-51-PLX4720-SKIN,31,17,SKMEL31_SKIN
CCLE-51-PLX4720-SKIN,31,18,SKMEL5_SKIN
CCLE-51-PLX4720-SKIN,32,1,A2058_SKIN
CCLE-51-PLX4720-SKIN,32,2,COLO679_SKIN
CCLE-51-PLX4720-SKIN,32,3,HS695T_SKIN
CCLE-51-PLX4720-SKIN,32,4,HS852T_SKIN
CCLE-51-PLX4720-SKIN,32,5,HS936T_SKIN
CCLE-51-PLX4720-SKIN,32,6,HS939T_SKIN
CCLE-51-PLX4720-SKIN,32,7,HS944T_SKIN
CCLE-51-PLX4720-SKIN,32,8,IPC298_SKIN
CCLE-51-PLX4720-SKIN,32,9,LOXIMVI_SKIN
CCLE-51-PLX4720-SKIN,32,10,MDAMB435S_SKIN
CCLE-51-PLX4720-SKIN,32,11,MELHO_SKIN
CCLE-51-PLX4720-SKIN,32,12,MEWO_SKIN
CCLE-51-PLX4720-SKIN,32,13,RVH421_SKIN
CCLE-51-PLX4720-SKIN,32,14,SKMEL31_SKIN
CCLE-51-PLX4720-SKIN,32,15,SKMEL5_SKIN
CCLE-51-PLX4720-SKIN,32,16,UACC257_SKIN
CCLE-51-PLX4720-SKIN,32,17,UACC62_SKIN
CCLE-51-PLX4720-SKIN,32,18,WM88_SKIN
CCLE-51-PLX4720-SKIN,33,1,A2058_SKIN
CCLE-51-PLX4720-SKIN,33,2,A375_SKIN
CCLE-51-PLX4720-SKIN,33,3,C32_SKIN
CCLE-51-PLX4720-SKIN,33,4,COLO679_SKIN
CCLE-51-PLX4720-SKIN,33,5,HS895T_SKIN
CCLE-51-PLX4720-SKIN,33,6,HS939T_SKIN
CCLE-51-PLX4720-SKIN,33,7,HT144_SKIN
CCLE-51-PLX4720-SKIN,33,8,IPC298_SKIN
CCLE-51-PLX4720-SKIN,33,9,MELHO_SKIN
CCLE-51-PLX4720-SKIN,33,10,MEWO_SKIN
CCLE-51-PLX4720-SKIN,33,11,RPMI7951_SKIN
CCLE-51-PLX4720-SKIN,33,12,RVH421_SKIN
CCLE-51-PLX4720-SKIN,33,13,SKMEL24_SKIN
CCLE-51-PLX4720-SKIN,33,14,SKMEL30_SKIN
CCLE-51-PLX4720-SKIN,33,15,SKMEL5_SKIN
CCLE-51-PLX4720-SKIN,33,16,UACC257_SKIN
CCLE-51-PLX4720-SKIN,33,17,UACC62_SKIN
CCLE-51-PLX4720-SKIN,33,18,WM983B_SKIN
CCLE-51-PLX4720-SKIN,34,1,A375_SKIN
CCLE-51-PLX4720-SKIN,34,2,COLO679_SKIN
CCLE-51-PLX4720-SKIN,34,3,G361_SKIN
CCLE-51-PLX4720-SKIN,34,4,HS695T_SKIN
CCLE-51-PLX4720-SKIN,34,5,HS852T_SKIN
CCLE-51-PLX4720-SKIN,34,6,HS895T_SKIN
CCLE-51-PLX4720-SKIN,34,7,HS936T_SKIN
CCLE-51-PLX4720-SKIN,34,8,HS944T_SKIN
CCLE-51-PLX4720-SKIN,34,9,HT144_SKIN
CCLE-51-PLX4720-SKIN,34,10,K029AX_SKIN
CCLE-51-PLX4720-SKIN,34,11,MELHO_SKIN
CCLE-51-PLX4720-SKIN,34,12,MEWO_SKIN
CCLE-51-PLX4720-SKIN,34,13,RVH421_SKIN
CCLE-51-PLX4720-SKIN,34,14,SKMEL5_SKIN
CCLE-51-PLX4720-SKIN,34,15,UACC257_SKIN
CCLE-51-PLX4720-SKIN,34,16,UACC62_SKIN
CCLE-51-PLX4720-SKIN,34,17,WM88_SKIN
CCLE-51-PLX4720-SKIN,34,18,WM983B_SKIN
CCLE-51-PLX4720-SKIN,35,1,COLO679_SKIN
CCLE-51-PLX4720-SKIN,35,2,G361_SKIN
CCLE-51-PLX4720-SKIN,35,3,HS695T_SKIN
CCLE-51-PLX4720-SKIN,35,4,HS852T_SKIN
CCLE-51-PLX4720-SKIN,35,5,HS936T_SKIN
CCLE-51-PLX4720-SKIN,35,6,HS944T_SKIN
CCLE-51-PLX4720-SKIN,35,7,HT144_SKIN
CCLE-51-PLX4720-SKIN,35,8,K029AX_SKIN
CCLE-51-PLX4720-SKIN,35,9,LOXIMVI_SKIN
CCLE-51-PLX4720-SKIN,35,10,MELHO_SKIN
CCLE-51-PLX4720-SKIN,35,11,SKMEL24_SKIN
CCLE-51-PLX4720-SKIN,35,12,SKMEL30_SKIN
CCLE-51-PLX4720-SKIN,35,13,SKMEL5_SKIN
CCLE-51-PLX4720-SKIN,35,14,UACC62_SKIN
CCLE-51-PLX4720-SKIN,35,15,WM1799_SKIN
CCLE-51-PLX4720-SKIN,35,16,WM793_SKIN
CCLE-51-PLX4720-SKIN,35,17,WM88_SKIN
CCLE-51-PLX4720-SKIN,35,18,WM983B_SKIN
CCLE-51-PLX4720-SKIN,36,1,A375_SKIN
CCLE-51-PLX4720-SKIN,36,2,COLO679_SKIN
CCLE-51-PLX4720-SKIN,36,3,COLO741_SKIN
CCLE-51-PLX4720-SKIN,36,4,HS695T_SKIN
CCLE-51-PLX4720-SKIN,36,5,HS852T_SKIN
CCLE-51-PLX4720-SKIN,36,6,HS936T_SKIN
CCLE-51-PLX4720-SKIN,36,7,HT144_SKIN
CCLE-51-PLX4720-SKIN,36,8,IPC298_SKIN
CCLE-51-PLX4720-SKIN,36,9,LOXIMVI_SKIN
CCLE-51-PLX4720-SKIN,36,10,MALME3M_SKIN
CCLE-51-PLX4720-SKIN,36,11,MDAMB435S_SKIN
CCLE-51-PLX4720-SKIN,36,12,MELHO_SKIN
CCLE-51-PLX4720-SKIN,36,13,RVH421_SKIN
CCLE-51-PLX4720-SKIN,36,14,SKMEL30_SKIN
CCLE-51-PLX4720-SKIN,36,15,SKMEL31_SKIN
CCLE-51-PLX4720-SKIN,36,16,UACC257_SKIN
CCLE-51-PLX4720-SKIN,36,17,UACC62_SKIN
CCLE-51-PLX4720-SKIN,36,18,WM1799_SKIN
CCLE-51-PLX4720-SKIN,37,1,COLO679_SKIN
CCLE-51-PLX4720-SKIN,37,2,COLO741_SKIN
CCLE-51-PLX4720-SKIN,37,3,G361_SKIN
CCLE-51-PLX4720-SKIN,37,4,HS695T_SKIN
CCLE-51-PLX4720-SKIN,37,5,HS936T_SKIN
CCLE-51-PLX4720-SKIN,37,6,HS939T_SKIN
CCLE-51-PLX4720-SKIN,37,7,HS944T_SKIN
CCLE-51-PLX4720-SKIN,37,8,IPC298_SKIN
CCLE-51-PLX4720-SKIN,37,9,K029AX_SKIN
CCLE-51-PLX4720-SKIN,37,10,LOXIMVI_SKIN
CCLE-51-PLX4720-SKIN,37,11,MELHO_SKIN
CCLE-51-PLX4720-SKIN,37,12,MEWO_SKIN
CCLE-51-PLX4720-SKIN,37,13,RPMI7951_SKIN
CCLE-51-PLX4720-SKIN,37,14,SKMEL24_SKIN
CCLE-51-PLX4720-SKIN,37,15,SKMEL31_SKIN
CCLE-51-PLX4720-SKIN,37,16,UACC62_SKIN
CCLE-51-PLX4720-SKIN,37,17,WM1799_SKIN
CCLE-51-PLX4720-SKIN,37,18,WM793_SKIN
CCLE-51-PLX4720-SKIN,38,1,A2058_SKIN
CCLE-51-PLX4720-SKIN,38,2,A375_SKIN
CCLE-51-PLX4720-SKIN,38,3,C32_SKIN
CCLE-51-PLX4720-SKIN,38,4,COLO679_SKIN
CCLE-51-PLX4720-SKIN,38,5,G361_SKIN
CCLE-51-PLX4720-SKIN,38,6,HS695T_SKIN
CCLE-51-PLX4720-SKIN,38,7,HS852T_SKIN
CCLE-51-PLX4720-SKIN,38,8,HS939T_SKIN
CCLE-51-PLX4720-SKIN,38,9,IPC298_SKIN
CCLE-51-PLX4720-SKIN,38,10,K029AX_SKIN
CCLE-51-PLX4720-SKIN,38,11,MDAMB435S_SKIN
CCLE-51-PLX4720-SKIN,38,12,MEWO_SKIN
CCLE-51-PLX4720-SKIN,38,13,RVH421_SKIN
CCLE-51-PLX4720-SKIN,38,14,SKMEL24_SKIN
CCLE-51-PLX4720-SKIN,38,15,SKMEL30_SKIN
CCLE-51-PLX4720-SKIN,38,16,UACC62_SKIN
CCLE-51-PLX4720-SKIN,38,17,WM1799_SKIN
CCLE-51-PLX4720-SKIN,38,18,WM88_SKIN
CCLE-51-PLX4720-SKIN,39,1,A375_SKIN
CCLE-51-PLX4720-SKIN,39,2,COLO679_SKIN
CCLE-51-PLX4720-SKIN,39,3,COLO741_SKIN
CCLE-51-PLX4720-SKIN,39,4,HS852T_SKIN
CCLE-51-PLX4720-SKIN,39,5,HS895T_SKIN
CCLE-51-PLX4720-SKIN,39,6,HS936T_SKIN
CCLE-51-PLX4720-SKIN,39,7,HS944T_SKIN
CCLE-51-PLX4720-SKIN,39,8,HT144_SKIN
CCLE-51-PLX4720-SKIN,39,9,IPC298_SKIN
CCLE-51-PLX4720-SKIN,39,10,LOXIMVI_SKIN
CCLE-51-PLX4720-SKIN,39,11,MELHO_SKIN
CCLE-51-PLX4720-SKIN,39,12,MEWO_SKIN
CCLE-51-PLX4720-SKIN,39,13,SKMEL24_SKIN
CCLE-51-PLX4720-SKIN,39,14,SKMEL30_SKIN
CCLE-51-PLX4720-SKIN,39,15,UACC62_SKIN
CCLE-51-PLX4720-SKIN,39,16,WM1799_SKIN
CCLE-51-PLX4720-SKIN,39,17,WM793_SKIN
CCLE-51-PLX4720-SKIN,39,18,WM88_SKIN
CCLE-51-PLX4720-SKIN,40,1,A375_SKIN
CCLE-51-PLX4720-SKIN,40,2,C32_SKIN
CCLE-51-PLX4720-SKIN,40,3,COLO679_SKIN
CCLE-51-PLX4720-SKIN,40,4,HS852T_SKIN
CCLE-51-PLX4720-SKIN,40,5,HS895T_SKIN
CCLE-51-PLX4720-SKIN,40,6,HS939T_SKIN
CCLE-51-PLX4720-SKIN,40,7,HS944T_SKIN
CCLE-51-PLX4720-SKIN,40,8,IPC298_SKIN
CCLE-51-PLX4720-SKIN,40,9,K029AX_SKIN
CCLE-51-PLX4720-SKIN,40,10,MALME3M_SKIN
CCLE-51-PLX4720-SKIN,40,11,MELHO_SKIN
CCLE-51-PLX4720-SKIN,40,12,RPMI7951_SKIN
CCLE-51-PLX4720-SKIN,40,13,SKMEL24_SKIN
CCLE-51-PLX4720-SKIN,40,14,SKMEL30_SKIN
CCLE-51-PLX4720-SKIN,40,15,UACC257_SKIN
CCLE-51-PLX4720-SKIN,40,16,UACC62_SKIN
CCLE-51-PLX4720-SKIN,40,17,WM1799_SKIN
CCLE-51-PLX4720-SKIN,40,18,WM88_SKIN
CCLE-51-PLX4720-SKIN,41,1,A2058_SKIN
CCLE-51-PLX4720-SKIN,41,2,C32_SKIN
CCLE-51-PLX4720-SKIN,41,3,COLO679_SKIN
CCLE-51-PLX4720-SKIN,41,4,HS695T_SKIN
CCLE-51-PLX4720-SKIN,41,5,HS852T_SKIN
CCLE-51-PLX4720-SKIN,41,6,HS895T_SKIN
CCLE-51-PLX4720-SKIN,41,7,HS944T_SKIN
CCLE-51-PLX4720-SKIN,41,8,HT144_SKIN
CCLE-51-PLX4720-SKIN,41,9,K029AX_SKIN
CCLE-51-PLX4720-SKIN,41,10,LOXIMVI_SKIN
CCLE-51-PLX4720-SKIN,41,11,MELHO_SKIN
CCLE-51-PLX4720-SKIN,41,12,MEWO_SKIN
CCLE-51-PLX4720-SKIN,41,13,RPMI7951_SKIN
CCLE-51-PLX4720-SKIN,41,14,RVH421_SKIN
CCLE-51-PLX4720-SKIN,41,15,SKMEL30_SKIN
CCLE-51-PLX4720-SKIN,41,16,SKMEL5_SKIN
CCLE-51-PLX4720-SKIN,41,17,WM1799_SKIN
CCLE-51-PLX4720-SKIN,41,18,WM88_SKIN
CCLE-51-PLX4720-SKIN,42,1,A2058_SKIN
CCLE-51-PLX4720-SKIN,42,2,A375_SKIN
CCLE-51-PLX4720-SKIN,42,3,G361_SKIN
CCLE-51-PLX4720-SKIN,42,4,HS852T_SKIN
CCLE-51-PLX4720-SKIN,42,5,HS895T_SKIN
CCLE-51-PLX4720-SKIN,42,6,HS936T_SKIN
CCLE-51-PLX4720-SKIN,42,7,HT144_SKIN
CCLE-51-PLX4720-SKIN,42,8,IPC298_SKIN
CCLE-51-PLX4720-SKIN,42,9,LOXIMVI_SKIN
CCLE-51-PLX4720-SKIN,42,10,MALME3M_SKIN
CCLE-51-PLX4720-SKIN,42,11,MDAMB435S_SKIN
CCLE-51-PLX4720-SKIN,42,12,MELHO_SKIN
CCLE-51-PLX4720-SKIN,42,13,MEWO_SKIN
CCLE-51-PLX4720-SKIN,42,14,RPMI7951_SKIN
CCLE-51-PLX4720-SKIN,42,15,RVH421_SKIN
CCLE-51-PLX4720-SKIN,42,16,SKMEL30_SKIN
CCLE-51-PLX4720-SKIN,42,17,SKMEL31_SKIN
CCLE-51-PLX4720-SKIN,42,18,SKMEL5_SKIN
CCLE-51-PLX4720-SKIN,43,1,A2058_SKIN
CCLE-51-PLX4720-SKIN,43,2,A375_SKIN
CCLE-51-PLX4720-SKIN,43,3,C32_SKIN
CCLE-51-PLX4720-SKIN,43,4,COLO741_SKIN
CCLE-51-PLX4720-SKIN,43,5,G361_SKIN
CCLE-51-PLX4720-SKIN,43,6,HS695T_SKIN
CCLE-51-PLX4720-SKIN,43,7,HS852T_SKIN
CCLE-51-PLX4720-SKIN,43,8,HS936T_SKIN
CCLE-51-PLX4720-SKIN,43,9,HS939T_SKIN
CCLE-51-PLX4720-SKIN,43,10,LOXIMVI_SKIN
CCLE-51-PLX4720-SKIN,43,11,MALME3M_SKIN
CCLE-51-PLX4720-SKIN,43,12,MELHO_SKIN
CCLE-51-PLX4720-SKIN,43,13,MEWO_SKIN
CCLE-51-PLX4720-SKIN,43,14,RPMI7951_SKIN
CCLE-51-PLX4720-SKIN,43,15,SKMEL24_SKIN
CCLE-51-PLX4720-SKIN,43,16,SKMEL30_SKIN
CCLE-51-PLX4720-SKIN,43,17,SKMEL31_SKIN
CCLE-51-PLX4720-SKIN,43,18,WM1799_SKIN
CCLE-51-PLX4720-SKIN,44,1,A2058_SKIN
CCLE-51-PLX4720-SKIN,44,2,A375_SKIN
CCLE-51-PLX4720-SKIN,44,3,C32_SKIN
CCLE-51-PLX4720-SKIN,44,4,COLO679_SKIN
CCLE-51-PLX4720-SKIN,44,5,COLO741_SKIN
CCLE-51-PLX4720-SKIN,44,6,G361_SKIN
CCLE-51-PLX4720-SKIN,44,7,HS695T_SKIN
CCLE-51-PLX4720-SKIN,44,8,HS936T_SKIN
CCLE-51-PLX4720-SKIN,44,9,HS939T_SKIN
CCLE-51-PLX4720-SKIN,44,10,HS944T_SKIN
CCLE-51-PLX4720-SKIN,44,11,IPC298_SKIN
CCLE-51-PLX4720-SKIN,44,12,MDAMB435S_SKIN
CCLE-51-PLX4720-SKIN,44,13,MEWO_SKIN
CCLE-51-PLX4720-SKIN,44,14,RVH421_SKIN
CCLE-51-PLX4720-SKIN,44,15,SKMEL30_SKIN
CCLE-51-PLX4720-SKIN,44,16,SKMEL31_SKIN
CCLE-51-PLX4720-SKIN,44,17,UACC257_SKIN
CCLE-51-PLX4720-SKIN,44,18,UACC62_SKIN
CCLE-51-PLX4720-SKIN,45,1,A375_SKIN
CCLE-51-PLX4720-SKIN,45,2,C32_SKIN
CCLE-51-PLX4720-SKIN,45,3,G361_SKIN
CCLE-51-PLX4720-SKIN,45,4,HS695T_SKIN
CCLE-51-PLX4720-SKIN,45,5,HS852T_SKIN
CCLE-51-PLX4720-SKIN,45,6,HS895T_SKIN
CCLE-51-PLX4720-SKIN,45,7,HS936T_SKIN
CCLE-51-PLX4720-SKIN,45,8,HS944T_SKIN
CCLE-51-PLX4720-SKIN,45,9,HT144_SKIN
CCLE-51-PLX4720-SKIN,45,10,IPC298_SKIN
CCLE-51-PLX4720-SKIN,45,11,MALME3M_SKIN
CCLE-51-PLX4720-SKIN,45,12,MEWO_SKIN
CCLE-51-PLX4720-SKIN,45,13,RVH421_SKIN
CCLE-51-PLX4720-SKIN,45,14,SKMEL24_SKIN
CCLE-51-PLX4720-SKIN,45,15,SKMEL5_SKIN
CCLE-51-PLX4720-SKIN,45,16,UACC62_SKIN
CCLE-51-PLX4720-SKIN,45,17,WM793_SKIN
CCLE-51-PLX4720-SKIN,45,18,WM88_SKIN
CCLE-51-PLX4720-SKIN,46,1,A2058_SKIN
CCLE-51-PLX4720-SKIN,46,2,A375_SKIN
CCLE-51-PLX4720-SKIN,46,3,C32_SKIN
CCLE-51-PLX4720-SKIN,46,4,COLO741_SKIN
CCLE-51-PLX4720-SKIN,46,5,HS695T_SKIN
CCLE-51-PLX4720-SKIN,46,6,HS895T_SKIN
CCLE-51-PLX4720-SKIN,46,7,HS939T_SKIN
CCLE-51-PLX4720-SKIN,46,8,HS944T_SKIN
CCLE-51-PLX4720-SKIN,46,9,HT144_SKIN
CCLE-51-PLX4720-SKIN,46,10,IPC298_SKIN
CCLE-51-PLX4720-SKIN,46,11,MALME3M_SKIN
CCLE-51-PLX4720-SKIN,46,12,MDAMB435S_SKIN
CCLE-51-PLX4720-SKIN,46,13,MEWO_SKIN
CCLE-51-PLX4720-SKIN,46,14,RVH421_SKIN
CCLE-51-PLX4720-SKIN,46,15,SKMEL31_SKIN
CCLE-51-PLX4720-SKIN,46,16,SKMEL5_SKIN
CCLE-51-PLX4720-SKIN,46,17,WM1799_SKIN
CCLE-51-PLX4720-SKIN,46,18,WM793_SKIN
CCLE-51-PLX4720-SKIN,47,1,A2058_SKIN
CCLE-51-PLX4720-SKIN,47,2,COLO679_SKIN
CCLE-51-PLX4720-SKIN,47,3,HS695T_SKIN
CCLE-51-PLX4720-SKIN,47,4,HS852T_SKIN
CCLE-51-PLX4720-SKIN,47,5,HS895T_SKIN
CCLE-51-PLX4720-SKIN,47,6,HS936T_SKIN
CCLE-51-PLX4720-SKIN,47,7,IPC298_SKIN
CCLE-51-PLX4720-SKIN,47,8,K029AX_SKIN
CCLE-51-PLX4720-SKIN,47,9,MALME3M_SKIN
CCLE-51-PLX4720-SKIN,47,10,MDAMB435S_SKIN
CCLE-51-PLX4720-SKIN,47,11,MELHO_SKIN
CCLE-51-PLX4720-SKIN,47,12,RPMI7951_SKIN
CCLE-51-PLX4720-SKIN,47,13,SKMEL30_SKIN
CCLE-51-PLX4720-SKIN,47,14,SKMEL31_SKIN
CCLE-51-PLX4720-SKIN,47,15,SKMEL5_SKIN
CCLE-51-PLX4720-SKIN,47,16,UACC62_SKIN
CCLE-51-PLX4720-SKIN,47,17,WM1799_SKIN
CCLE-51-PLX4720-SKIN,47,18,WM793_SKIN
CCLE-51-PLX4720-SKIN,48,1,A2058_SKIN
CCLE-51-PLX4720-SKIN,48,2,A375_SKIN
CCLE-51-PLX4720-SKIN,48,3,G361_SKIN
CCLE-51-PLX4720-SKIN,48,4,HS852T_SKIN
CCLE-51-PLX4720-SKIN,48,5,HS895T_SKIN
CCLE-51-PLX4720-SKIN,48,6,HT144_SKIN
CCLE-51-PLX4720-SKIN,48,7,K029AX_SKIN
CCLE-51-PLX4720-SKIN,48,8,LOXIMVI_SKIN
CCLE-51-PLX4720-SKIN,48,9,MELHO_SKIN
CCLE-51-PLX4720-SKIN,48,10,RPMI7951_SKIN
CCLE-51-PLX4720-SKIN,48,11,RVH421_SKIN
CCLE-51-PLX4720-SKIN,48,12,SKMEL30_SKIN
CCLE-51-PLX4720-SKIN,48,13,SKMEL31_SKIN
CCLE-51-PLX4720-SKIN,48,14,SKMEL5_SKIN
CCLE-51-PLX4720-SKIN,48,15,UACC62_SKIN
CCLE-51-PLX4720-SKIN,48,16,WM1799_SKIN
CCLE-51-PLX4720-SKIN,48,17,WM88_SKIN
CCLE-51-PLX4720-SKIN,48,18,WM983B_SKIN
CCLE-51-PLX4720-SKIN,49,1,A2058_SKIN
CCLE-51-PLX4720-SKIN,49,2,C32_SKIN
CCLE-51-PLX4720-SKIN,49,3,COLO741_SKIN
CCLE-51-PLX4720-SKIN,49,4,HS852T_SKIN
CCLE-51-PLX4720-SKIN,49,5,HS895T_SKIN
CCLE-51-PLX4720-SKIN,49,6,HS936T_SKIN
CCLE-51-PLX4720-SKIN,49,7,HS944T_SKIN
CCLE-51-PLX4720-SKIN,49,8,IPC298_SKIN
CCLE-51-PLX4720-SKIN,49,9,K029AX_SKIN
CCLE-51-PLX4720-SKIN,49,10,LOXIMVI_SKIN
CCLE-51-PLX4720-SKIN,49,11,MALME3M_SKIN
CCLE-51-PLX4720-SKIN,49,12,MDAMB435S_SKIN
CCLE-51-PLX4720-SKIN,49,13,MELHO_SKIN
CCLE-51-PLX4720-SKIN,49,14,SKMEL24_SKIN
CCLE-51-PLX4720-SKIN,49,15,UACC257_SKIN
CCLE-51-PLX4720-SKIN,49,16,UACC62_SKIN
CCLE-51-PLX4720-SKIN,49,17,WM88_SKIN
CCLE-51-PLX4720-SKIN,49,18,WM983B_SKIN
CCLE-51-PLX4720-SKIN,50,1,COLO679_SKIN
CCLE-51-PLX4720-SKIN,50,2,COLO741_SKIN
CCLE-51-PLX4720-SKIN,50,3,HS695T_SKIN
CCLE-51-PLX4720-SKIN,50,4,HS895T_SKIN
CCLE-51-PLX4720-SKIN,50,5,HS939T_SKIN
CCLE-51-PLX4720-SKIN,50,6,HS944T_SKIN
CCLE-51-PLX4720-SKIN,50,7,HT144_SKIN
CCLE-51-PLX4720-SKIN,50,8,IPC298_SKIN
CCLE-51-PLX4720-SKIN,50,9,LOXIMVI_SKIN
CCLE-51-PLX4720-SKIN,50,10,MALME3M_SKIN
CCLE-51-PLX4720-SKIN,50,11,MELHO_SKIN
CCLE-51-PLX4720-SKIN,50,12,RPMI7951_SKIN
CCLE-51-PLX4720-SKIN,50,13,SKMEL24_SKIN
CCLE-51-PLX4720-SKIN,50,14,SKMEL30_SKIN
CCLE-51-PLX4720-SKIN,50,15,SKMEL5_SKIN
CCLE-51-PLX4720-SKIN,50,16,UACC257_SKIN
CCLE-51-PLX4720-SKIN,50,17,UACC62_SKIN
CCLE-51-PLX4720-SKIN,50,18,WM983B_SKIN
CCLE-51-PLX4720-SKIN,51,1,A2058_SKIN
CCLE-51-PLX4720-SKIN,51,2,A375_SKIN
CCLE-51-PLX4720-SKIN,51,3,COLO741_SKIN
CCLE-51-PLX4720-SKIN,51,4,G361_SKIN
CCLE-51-PLX4720-SKIN,51,5,HS852T_SKIN
CCLE-51-PLX4720-SKIN,51,6,HS936T_SKIN
CCLE-51-PLX4720-SKIN,51,7,HS939T_SKIN
CCLE-51-PLX4720-SKIN,51,8,HS944T_SKIN
CCLE-51-PLX4720-SKIN,51,9,HT144_SKIN
CCLE-51-PLX4720-SKIN,51,10,IPC298_SKIN
CCLE-51-PLX4720-SKIN,51,11,MALME3M_SKIN
CCLE-51-PLX4720-SKIN,51,12,MDAMB435S_SKIN
CCLE-51-PLX4720-SKIN,51,13,MELHO_SKIN
CCLE-51-PLX4720-SKIN,51,14,RPMI7951_SKIN
CCLE-51-PLX4720-SKIN,51,15,SKMEL24_SKIN
CCLE-51-PLX4720-SKIN,51,16,UACC257_SKIN
CCLE-51-PLX4720-SKIN,51,17,UACC62_SKIN
CCLE-51-PLX4720-SKIN,51,18,WM1799_SKIN
CCLE-51-PLX4720-SKIN,52,1,G361_SKIN
CCLE-51-PLX4720-SKIN,52,2,HS695T_SKIN
CCLE-51-PLX4720-SKIN,52,3,HS852T_SKIN
CCLE-51-PLX4720-SKIN,52,4,HS936T_SKIN
CCLE-51-PLX4720-SKIN,52,5,HS944T_SKIN
CCLE-51-PLX4720-SKIN,52,6,HT144_SKIN
CCLE-51-PLX4720-SKIN,52,7,IPC298_SKIN
CCLE-51-PLX4720-SKIN,52,8,K029AX_SKIN
CCLE-51-PLX4720-SKIN,52,9,MDAMB435S_SKIN
CCLE-51-PLX4720-SKIN,52,10,MELHO_SKIN
CCLE-51-PLX4720-SKIN,52,11,MEWO_SKIN
CCLE-51-PLX4720-SKIN,52,12,RPMI7951_SKIN
CCLE-51-PLX4720-SKIN,52,13,RVH421_SKIN
CCLE-51-PLX4720-SKIN,52,14,SKMEL24_SKIN
CCLE-51-PLX4720-SKIN,52,15,SKMEL31_SKIN
CCLE-51-PLX4720-SKIN,52,16,UACC62_SKIN
CCLE-51-PLX4720-SKIN,52,17,WM1799_SKIN
CCLE-51-PLX4720-SKIN,52,18,WM983B_SKIN
CCLE-51-PLX4720-SKIN,53,1,A375_SKIN
CCLE-51-PLX4720-SKIN,53,2,C32_SKIN
CCLE-51-PLX4720-SKIN,53,3,COLO679_SKIN
CCLE-51-PLX4720-SKIN,53,4,G361_SKIN
CCLE-51-PLX4720-SKIN,53,5,HS852T_SKIN
CCLE-51-PLX4720-SKIN,53,6,HS936T_SKIN
CCLE-51-PLX4720-SKIN,53,7,IPC298_SKIN
CCLE-51-PLX4720-SKIN,53,8,LOXIMVI_SKIN
CCLE-51-PLX4720-SKIN,53,9,MALME3M_SKIN
CCLE-51-PLX4720-SKIN,53,10,MEWO_SKIN
CCLE-51-PLX4720-SKIN,53,11,RPMI7951_SKIN
CCLE-51-PLX4720-SKIN,53,12,RVH421_SKIN
CCLE-51-PLX4720-SKIN,53,13,SKMEL30_SKIN
CCLE-51-PLX4720-SKIN,53,14,SKMEL31_SKIN
CCLE-51-PLX4720-SKIN,53,15,UACC257_SKIN
CCLE-51-PLX4720-SKIN,53,16,WM793_SKIN
CCLE-51-PLX4720-SKIN,53,17,WM88_SKIN
CCLE-51-PLX4720-SKIN,53,18,WM983B_SKIN
CCLE-51-PLX4720-SKIN,54,1,A2058_SKIN
CCLE-51-PLX4720-SKIN,54,2,A375_SKIN
CCLE-51-PLX4720-SKIN,54,3,COLO679_SKIN
CCLE-51-PLX4720-SKIN,54,4,COLO741_SKIN
CCLE-51-PLX4720-SKIN,54,5,HS852T_SKIN
CCLE-51-PLX4720-SKIN,54,6,HS895T_SKIN
CCLE-51-PLX4720-SKIN,54,7,HT144_SKIN
CCLE-51-PLX4720-SKIN,54,8,LOXIMVI_SKIN
CCLE-51-PLX4720-SKIN,54,9,MALME3M_SKIN
CCLE-51-PLX4720-SKIN,54,10,MDAMB435S_SKIN
CCLE-51-PLX4720-SKIN,54,11,MELHO_SKIN
CCLE-51-PLX4720-SKIN,54,12,MEWO_SKIN
CCLE-51-PLX4720-SKIN,54,13,RPMI7951_SKIN
CCLE-51-PLX4720-SKIN,54,14,SKMEL24_SKIN
CCLE-51-PLX4720-SKIN,54,15,SKMEL30_SKIN
CCLE-51-PLX4720-SKIN,54,16,SKMEL31_SKIN
CCLE-51-PLX4720-SKIN,54,17,UACC62_SKIN
CCLE-51-PLX4720-SKIN,54,18,WM793_SKIN
CCLE-51-PLX4720-SKIN,55,1,A2058_SKIN
CCLE-51-PLX4720-SKIN,55,2,A375_SKIN
CCLE-51-PLX4720-SKIN,55,3,COLO679_SKIN
CCLE-51-PLX4720-SKIN,55,4,COLO741_SKIN
CCLE-51-PLX4720-SKIN,55,5,HS936T_SKIN
CCLE-51-PLX4720-SKIN,55,6,HT144_SKIN
CCLE-51-PLX4720-SKIN,55,7,IPC298_SKIN
CCLE-51-PLX4720-SKIN,55,8,K029AX_SKIN
CCLE-51-PLX4720-SKIN,55,9,LOXIMVI_SKIN
CCLE-51-PLX4720-SKIN,55,10,MALME3M_SKIN
CCLE-51-PLX4720-SKIN,55,11,MEWO_SKIN
CCLE-51-PLX4720-SKIN,55,12,RPMI7951_SKIN
CCLE-51-PLX4720-SKIN,55,13,SKMEL24_SKIN
CCLE-51-PLX4720-SKIN,55,14,SKMEL31_SKIN
CCLE-51-PLX4720-SKIN,55,15,SKMEL5_SKIN
CCLE-51-PLX4720-SKIN,55,16,UACC257_SKIN
CCLE-51-PLX4720-SKIN,55,17,UACC62_SKIN
CCLE-51-PLX4720-SKIN,55,18,WM1799_SKIN
CCLE-51-PLX4720-SKIN,56,1,A2058_SKIN
CCLE-51-PLX4720-SKIN,56,2,A375_SKIN
CCLE-51-PLX4720-SKIN,56,3,C32_SKIN
CCLE-51-PLX4720-SKIN,56,4,HS852T_SKIN
CCLE-51-PLX4720-SKIN,56,5,HS895T_SKIN
CCLE-51-PLX4720-SKIN,56,6,HS936T_SKIN
CCLE-51-PLX4720-SKIN,56,7,HS939T_SKIN
CCLE-51-PLX4720-SKIN,56,8,HS944T_SKIN
CCLE-51-PLX4720-SKIN,56,9,HT144_SKIN
CCLE-51-PLX4720-SKIN,56,10,LOXIMVI_SKIN
CCLE-51-PLX4720-SKIN,56,11,MALME3M_SKIN
CCLE-51-PLX4720-SKIN,56,12,RVH421_SKIN
CCLE-51-PLX4720-SKIN,56,13,SKMEL24_SKIN
CCLE-51-PLX4720-SKIN,56,14,SKMEL30_SKIN
CCLE-51-PLX4720-SKIN,56,15,SKMEL31_SKIN
CCLE-51-PLX4720-SKIN,56,16,SKMEL5_SKIN
CCLE-51-PLX4720-SKIN,56,17,UACC62_SKIN
CCLE-51-PLX4720-SKIN,56,18,WM983B_SKIN
CCLE-51-PLX4720-SKIN,57,1,C32_SKIN
CCLE-51-PLX4720-SKIN,57,2,COLO679_SKIN
CCLE-51-PLX4720-SKIN,57,3,COLO741_SKIN
CCLE-51-PLX4720-SKIN,57,4,G361_SKIN
CCLE-51-PLX4720-SKIN,57,5,HS852T_SKIN
CCLE-51-PLX4720-SKIN,57,6,HS895T_SKIN
CCLE-51-PLX4720-SKIN,57,7,HS939T_SKIN
CCLE-51-PLX4720-SKIN,57,8,HT144_SKIN
CCLE-51-PLX4720-SKIN,57,9,IPC298_SKIN
CCLE-51-PLX4720-SKIN,57,10,MDAMB435S_SKIN
CCLE-51-PLX4720-SKIN,57,11,SKMEL24_SKIN
CCLE-51-PLX4720-SKIN,57,12,SKMEL31_SKIN
CCLE-51-PLX4720-SKIN,57,13,SKMEL5_SKIN
CCLE-51-PLX4720-SKIN,57,14,UACC62_SKIN
CCLE-51-PLX4720-SKIN,57,15,WM1799_SKIN
CCLE-51-PLX4720-SKIN,57,16,WM793_SKIN
CCLE-51-PLX4720-SKIN,57,17,WM88_SKIN
CCLE-51-PLX4720-SKIN,57,18,WM983B_SKIN
CCLE-51-PLX4720-SKIN,58,1,A2058_SKIN
CCLE-51-PLX4720-SKIN,58,2,COLO679_SKIN
CCLE-51-PLX4720-SKIN,58,3,COLO741_SKIN
CCLE-51-PLX4720-SKIN,58,4,HS895T_SKIN
CCLE-51-PLX4720-SKIN,58,5,HS939T_SKIN
CCLE-51-PLX4720-SKIN,58,6,IPC298_SKIN
CCLE-51-PLX4720-SKIN,58,7,K029AX_SKIN
CCLE-51-PLX4720-SKIN,58,8,MALME3M_SKIN
CCLE-51-PLX4720-SKIN,58,9,MELHO_SKIN
CCLE-51-PLX4720-SKIN,58,10,RPMI7951_SKIN
CCLE-51-PLX4720-SKIN,58,11,RVH421_SKIN
CCLE-51-PLX4720-SKIN,58,12,SKMEL24_SKIN
CCLE-51-PLX4720-SKIN,58,13,SKMEL30_SKIN
CCLE-51-PLX4720-SKIN,58,14,SKMEL31_SKIN
CCLE-51-PLX4720-SKIN,58,15,UACC257_SKIN
CCLE-51-PLX4720-SKIN,58,16,UACC62_SKIN
CCLE-51-PLX4720-SKIN,58,17,WM793_SKIN
CCLE-51-PLX4720-SKIN,58,18,WM88_SKIN
CCLE-51-PLX4720-SKIN,59,1,C32_SKIN
CCLE-51-PLX4720-SKIN,59,2,COLO679_SKIN
CCLE-51-PLX4720-SKIN,59,3,HS852T_SKIN
CCLE-51-PLX4720-SKIN,59,4,HS895T_SKIN
CCLE-51-PLX4720-SKIN,59,5,HS936T_SKIN
CCLE-51-PLX4720-SKIN,59,6,HS939T_SKIN
CCLE-51-PLX4720-SKIN,59,7,HT144_SKIN
CCLE-51-PLX4720-SKIN,59,8,MALME3M_SKIN
CCLE-51-PLX4720-SKIN,59,9,MEWO_SKIN
CCLE-51-PLX4720-SKIN,59,10,RPMI7951_SKIN
CCLE-51-PLX4720-SKIN,59,11,RVH421_SKIN
CCLE-51-PLX4720-SKIN,59,12,SKMEL30_SKIN
CCLE-51-PLX4720-SKIN,59,13,SKMEL31_SKIN
CCLE-51-PLX4720-SKIN,59,14,SKMEL5_SKIN
CCLE-51-PLX4720-SKIN,59,15,UACC257_SKIN
CCLE-51-PLX4720-SKIN,59,16,WM1799_SKIN
CCLE-51-PLX4720-SKIN,59,17,WM793_SKIN
CCLE-51-PLX4720-SKIN,59,18,WM88_SKIN
CCLE-51-PLX4720-SKIN,60,1,A375_SKIN
CCLE-51-PLX4720-SKIN,60,2,C32_SKIN
CCLE-51-PLX4720-SKIN,60,3,COLO679_SKIN
CCLE-51-PLX4720-SKIN,60,4,COLO741_SKIN
CCLE-51-PLX4720-SKIN,60,5,HS852T_SKIN
CCLE-51-PLX4720-SKIN,60,6,HS944T_SKIN
CCLE-51-PLX4720-SKIN,60,7,K029AX_SKIN
CCLE-51-PLX4720-SKIN,60,8,LOXIMVI_SKIN
CCLE-51-PLX4720-SKIN,60,9,MALME3M_SKIN
CCLE-51-PLX4720-SKIN,60,10,MELHO_SKIN
CCLE-51-PLX4720-SKIN,60,11,RPMI7951_SKIN
CCLE-51-PLX4720-SKIN,60,12,SKMEL30_SKIN
CCLE-51-PLX4720-SKIN,60,13,SKMEL31_SKIN
CCLE-51-PLX4720-SKIN,60,14,SKMEL5_SKIN
CCLE-51-PLX4720-SKIN,60,15,UACC257_SKIN
CCLE-51-PLX4720-SKIN,60,16,WM1799_SKIN
CCLE-51-PLX4720-SKIN,60,17,WM793_SKIN
CCLE-51-PLX4720-SKIN,60,18,WM983B_SKIN
CCLE-51-PLX4720-SKIN,61,1,A375_SKIN
CCLE-51-PLX4720-SKIN,61,2,C32_SKIN
CCLE-51-PLX4720-SKIN,61,3,COLO741_SKIN
CCLE-51-PLX4720-SKIN,61,4,G361_SKIN
CCLE-51-PLX4720-SKIN,61,5,HS695T_SKIN
CCLE-51-PLX4720-SKIN,61,6,HS852T_SKIN
CCLE-51-PLX4720-SKIN,61,7,HS936T_SKIN
CCLE-51-PLX4720-SKIN,61,8,HS944T_SKIN
CCLE-51-PLX4720-SKIN,61,9,K029AX_SKIN
CCLE-51-PLX4720-SKIN,61,10,LOXIMVI_SKIN
CCLE-51-PLX4720-SKIN,61,11,MALME3M_SKIN
CCLE-51-PLX4720-SKIN,61,12,MDAMB435S_SKIN
CCLE-51-PLX4720-SKIN,61,13,MEWO_SKIN
CCLE-51-PLX4720-SKIN,61,14,SKMEL24_SKIN
CCLE-51-PLX4720-SKIN,61,15,SKMEL31_SKIN
CCLE-51-PLX4720-SKIN,61,16,SKMEL5_SKIN
CCLE-51-PLX4720-SKIN,61,17,UACC257_SKIN
CCLE-51-PLX4720-SKIN,61,18,WM983B_SKIN
CCLE-51-PLX4720-SKIN,62,1,COLO679_SKIN
CCLE-51-PLX4720-SKIN,62,2,G361_SKIN
CCLE-51-PLX4720-SKIN,62,3,HS852T_SKIN
CCLE-51-PLX4720-SKIN,62,4,HS895T_SKIN
CCLE-51-PLX4720-SKIN,62,5,HS936T_SKIN
CCLE-51-PLX4720-SKIN,62,6,HS944T_SKIN
CCLE-51-PLX4720-SKIN,62,7,HT144_SKIN
CCLE-51-PLX4720-SKIN,62,8,MALME3M_SKIN
CCLE-51-PLX4720-SKIN,62,9,MDAMB435S_SKIN
CCLE-51-PLX4720-SKIN,62,10,MELHO_SKIN
CCLE-51-PLX4720-SKIN,62,11,RPMI7951_SKIN
CCLE-51-PLX4720-SKIN,62,12,RVH421_SKIN
CCLE-51-PLX4720-SKIN,62,13,SKMEL24_SKIN
CCLE-51-PLX4720-SKIN,62,14,SKMEL31_SKIN
CCLE-51-PLX4720-SKIN,62,15,SKMEL5_SKIN
CCLE-51-PLX4720-SKIN,62,16,UACC257_SKIN
CCLE-51-PLX4720-SKIN,62,17,UACC62_SKIN
CCLE-51-PLX4720-SKIN,62,18,WM983B_SKIN
CCLE-51-PLX4720-SKIN,63,1,A2058_SKIN
CCLE-51-PLX4720-SKIN,63,2,A375_SKIN
CCLE-51-PLX4720-SKIN,63,3,COLO679_SKIN
CCLE-51-PLX4720-SKIN,63,4,COLO741_SKIN
CCLE-51-PLX4720-SKIN,63,5,HS695T_SKIN
CCLE-51-PLX4720-SKIN,63,6,HS852T_SKIN
CCLE-51-PLX4720-SKIN,63,7,HS939T_SKIN
CCLE-51-PLX4720-SKIN,63,8,HS944T_SKIN
CCLE-51-PLX4720-SKIN,63,9,HT144_SKIN
CCLE-51-PLX4720-SKIN,63,10,K029AX_SKIN
CCLE-51-PLX4720-SKIN,63,11,LOXIMVI_SKIN
CCLE-51-PLX4720-SKIN,63,12,MEWO_SKIN
CCLE-51-PLX4720-SKIN,63,13,RPMI7951_SKIN
CCLE-51-PLX4720-SKIN,63,14,SKMEL24_SKIN
CCLE-51-PLX4720-SKIN,63,15,SKMEL31_SKIN
CCLE-51-PLX4720-SKIN,63,16,SKMEL5_SKIN
CCLE-51-PLX4720-SKIN,63,17,WM1799_SKIN
CCLE-51-PLX4720-SKIN,63,18,WM88_SKIN
CCLE-51-PLX4720-SKIN,64,1,A2058_SKIN
CCLE-51-PLX4720-SKIN,64,2,A375_SKIN
CCLE-51-PLX4720-SKIN,64,3,G361_SKIN
CCLE-51-PLX4720-SKIN,64,4,HS852T_SKIN
CCLE-51-PLX4720-SKIN,64,5,HS895T_SKIN
CCLE-51-PLX4720-SKIN,64,6,HS939T_SKIN
CCLE-51-PLX4720-SKIN,64,7,IPC298_SKIN
CCLE-51-PLX4720-SKIN,64,8,K029AX_SKIN
CCLE-51-PLX4720-SKIN,64,9,LOXIMVI_SKIN
CCLE-51-PLX4720-SKIN,64,10,MALME3M_SKIN
CCLE-51-PLX4720-SKIN,64,11,MDAMB435S_SKIN
CCLE-51-PLX4720-SKIN,64,12,RPMI7951_SKIN
CCLE-51-PLX4720-SKIN,64,13,SKMEL31_SKIN
CCLE-51-PLX4720-SKIN,64,14,UACC257_SKIN
CCLE-51-PLX4720-SKIN,64,15,UACC62_SKIN
CCLE-51-PLX4720-SKIN,64,16,WM1799_SKIN
CCLE-51-PLX4720-SKIN,64,17,WM793_SKIN
CCLE-51-PLX4720-SKIN,64,18,WM88_SKIN
CCLE-51-PLX4720-SKIN,65,1,A375_SKIN
CCLE-51-PLX4720-SKIN,65,2,G361_SKIN
CCLE-51-PLX4720-SKIN,65,3,HS695T_SKIN
CCLE-51-PLX4720-SKIN,65,4,HS852T_SKIN
CCLE-51-PLX4720-SKIN,65,5,HS895T_SKIN
CCLE-51-PLX4720-SKIN,65,6,HS936T_SKIN
CCLE-51-PLX4720-SKIN,65,7,HS944T_SKIN
CCLE-51-PLX4720-SKIN,65,8,HT144_SKIN
CCLE-51-PLX4720-SKIN,65,9,IPC298_SKIN
CCLE-51-PLX4720-SKIN,65,10,K029AX_SKIN
CCLE-51-PLX4720-SKIN,65,11,MALME3M_SKIN
CCLE-51-PLX4720-SKIN,65,12,MEWO_SKIN
CCLE-51-PLX4720-SKIN,65,13,SKMEL24_SKIN
CCLE-51-PLX4720-SKIN,65,14,SKMEL30_SKIN
CCLE-51-PLX4720-SKIN,65,15,SKMEL5_SKIN
CCLE-51-PLX4720-SKIN,65,16,WM793_SKIN
CCLE-51-PLX4720-SKIN,65,17,WM88_SKIN
CCLE-51-PLX4720-SKIN,65,18,WM983B_SKIN
CCLE-51-PLX4720-SKIN,66,1,A2058_SKIN
CCLE-51-PLX4720-SKIN,66,2,A375_SKIN
CCLE-51-PLX4720-SKIN,66,3,COLO679_SKIN
CCLE-51-PLX4720-SKIN,66,4,COLO741_SKIN
CCLE-51-PLX4720-SKIN,66,5,HS852T_SKIN
CCLE-51-PLX4720-SKIN,66,6,HS939T_SKIN
CCLE-51-PLX4720-SKIN,66,7,HT144_SKIN
CCLE-51-PLX4720-SKIN,66,8,IPC298_SKIN
CCLE-51-PLX4720-SKIN,66,9,K029AX_SKIN
CCLE-51-PLX4720-SKIN,66,10,LOXIMVI_SKIN
CCLE-51-PLX4720-SKIN,66,11,MALME3M_SKIN
CCLE-51-PLX4720-SKIN,66,12,MELHO_SKIN
CCLE-51-PLX4720-SKIN,66,13,MEWO_SKIN
CCLE-51-PLX4720-SKIN,66,14,RPMI7951_SKIN
CCLE-51-PLX4720-SKIN,66,15,RVH421_SKIN
CCLE-51-PLX4720-SKIN,66,16,SKMEL31_SKIN
CCLE-51-PLX4720-SKIN,66,17,UACC257_SKIN
CCLE-51-PLX4720-SKIN,66,18,WM88_SKIN
CCLE-51-PLX4720-SKIN,67,1,A2058_SKIN
CCLE-51-PLX4720-SKIN,67,2,C32_SKIN
CCLE-51-PLX4720-SKIN,67,3,COLO679_SKIN
CCLE-51-PLX4720-SKIN,67,4,COLO741_SKIN
CCLE-51-PLX4720-SKIN,67,5,HS852T_SKIN
CCLE-51-PLX4720-SKIN,67,6,HS936T_SKIN
CCLE-51-PLX4720-SKIN,67,7,IPC298_SKIN
CCLE-51-PLX4720-SKIN,67,8,K029AX_SKIN
CCLE-51-PLX4720-SKIN,67,9,LOXIMVI_SKIN
CCLE-51-PLX4720-SKIN,67,10,MDAMB435S_SKIN
CCLE-51-PLX4720-SKIN,67,11,MEWO_SKIN
CCLE-51-PLX4720-SKIN,67,12,RPMI7951_SKIN
CCLE-51-PLX4720-SKIN,67,13,SKMEL24_SKIN
CCLE-51-PLX4720-SKIN,67,14,SKMEL30_SKIN
CCLE-51-PLX4720-SKIN,67,15,SKMEL31_SKIN
CCLE-51-PLX4720-SKIN,67,16,WM1799_SKIN
CCLE-51-PLX4720-SKIN,67,17,WM793_SKIN
CCLE-51-PLX4720-SKIN,67,18,WM983B_SKIN
CCLE-51-PLX4720-SKIN,68,1,A2058_SKIN
CCLE-51-PLX4720-SKIN,68,2,A375_SKIN
CCLE-51-PLX4720-SKIN,68,3,COLO679_SKIN
CCLE-51-PLX4720-SKIN,68,4,COLO741_SKIN
CCLE-51-PLX4720-SKIN,68,5,G361_SKIN
CCLE-51-PLX4720-SKIN,68,6,HS895T_SKIN
CCLE-51-PLX4720-SKIN,68,7,HS936T_SKIN
CCLE-51-PLX4720-SKIN,68,8,HS939T_SKIN
CCLE-51-PLX4720-SKIN,68,9,HS944T_SKIN
CCLE-51-PLX4720-SKIN,68,10,IPC298_SKIN
CCLE-51-PLX4720-SKIN,68,11,K029AX_SKIN
CCLE-51-PLX4720-SKIN,68,12,MALME3M_SKIN
CCLE-51-PLX4720-SKIN,68,13,MELHO_SKIN
CCLE-51-PLX4720-SKIN,68,14,MEWO_SKIN
CCLE-51-PLX4720-SKIN,68,15,RVH421_SKIN
CCLE-51-PLX4720-SKIN,68,16,SKMEL24_SKIN
CCLE-51-PLX4720-SKIN,68,17,UACC62_SKIN
CCLE-51-PLX4720-SKIN,68,18,WM1799_SKIN
CCLE-51-PLX4720-SKIN,69,1,A375_SKIN
CCLE-51-PLX4720-SKIN,69,2,COLO679_SKIN
CCLE-51-PLX4720-SKIN,69,3,G361_SKIN
CCLE-51-PLX4720-SKIN,69,4,HS695T_SKIN
CCLE-51-PLX4720-SKIN,69,5,HS939T_SKIN
CCLE-51-PLX4720-SKIN,69,6,IPC298_SKIN
CCLE-51-PLX4720-SKIN,69,7,K029AX_SKIN
CCLE-51-PLX4720-SKIN,69,8,LOXIMVI_SKIN
CCLE-51-PLX4720-SKIN,69,9,MALME3M_SKIN
CCLE-51-PLX4720-SKIN,69,10,MDAMB435S_SKIN
CCLE-51-PLX4720-SKIN,69,11,MEWO_SKIN
CCLE-51-PLX4720-SKIN,69,12,SKMEL24_SKIN
CCLE-51-PLX4720-SKIN,69,13,SKMEL30_SKIN
CCLE-51-PLX4720-SKIN,69,14,SKMEL31_SKIN
CCLE-51-PLX4720-SKIN,69,15,SKMEL5_SKIN
CCLE-51-PLX4720-SKIN,69,16,WM1799_SKIN
CCLE-51-PLX4720-SKIN,69,17,WM88_SKIN
CCLE-51-PLX4720-SKIN,69,18,WM983B_SKIN
CCLE-51-PLX4720-SKIN,70,1,A375_SKIN
CCLE-51-PLX4720-SKIN,70,2,COLO679_SKIN
CCLE-51-PLX4720-SKIN,70,3,COLO741_SKIN
CCLE-51-PLX4720-SKIN,70,4,HS695T_SKIN
CCLE-51-PLX4720-SKIN,70,5,HS852T_SKIN
CCLE-51-PLX4720-SKIN,70,6,HS895T_SKIN
CCLE-51-PLX4720-SKIN,70,7,HS936T_SKIN
CCLE-51-PLX4720-SKIN,70,8,HS939T_SKIN
CCLE-51-PLX4720-SKIN,70,9,IPC298_SKIN
CCLE-51-PLX4720-SKIN,70,10,K029AX_SKIN
CCLE-51-PLX4720-SKIN,70,11,MALME3M_SKIN
CCLE-51-PLX4720-SKIN,70,12,MEWO_SKIN
CCLE-51-PLX4720-SKIN,70,13,RPMI7951_SKIN
CCLE-51-PLX4720-SKIN,70,14,SKMEL24_SKIN
CCLE-51-PLX4720-SKIN,70,15,SKMEL30_SKIN
CCLE-51-PLX4720-SKIN,70,16,WM1799_SKIN
CCLE-51-PLX4720-SKIN,70,17,WM793_SKIN
CCLE-51-PLX4720-SKIN,70,18,WM983B_SKIN
CCLE-51-PLX4720-SKIN,71,1,A2058_SKIN
CCLE-51-PLX4720-SKIN,71,2,A375_SKIN
CCLE-51-PLX4720-SKIN,71,3,COLO679_SKIN
CCLE-51-PLX4720-SKIN,71,4,HS695T_SKIN
CCLE-51-PLX4720-SKIN,71,5,HS852T_SKIN
CCLE-51-PLX4720-SKIN,71,6,HS895T_SKIN
CCLE-51-PLX4720-SKIN,71,7,HS944T_SKIN
CCLE-51-PLX4720-SKIN,71,8,HT144_SKIN
CCLE-51-PLX4720-SKIN,71,9,IPC298_SKIN
CCLE-51-PLX4720-SKIN,71,10,K029AX_SKIN
CCLE-51-PLX4720-SKIN,71,11,LOXIMVI_SKIN
CCLE-51-PLX4720-SKIN,71,12,RVH421_SKIN
CCLE-51-PLX4720-SKIN,71,13,SKMEL30_SKIN
CCLE-51-PLX4720-SKIN,71,14,SKMEL31_SKIN
CCLE-51-PLX4720-SKIN,71,15,UACC257_SKIN
CCLE-51-PLX4720-SKIN,71,16,UACC62_SKIN
CCLE-51-PLX4720-SKIN,71,17,WM88_SKIN
CCLE-51-PLX4720-SKIN,71,18,WM983B_SKIN
CCLE-51-PLX4720-SKIN,72,1,A2058_SKIN
CCLE-51-PLX4720-SKIN,72,2,C32_SKIN
CCLE-51-PLX4720-SKIN,72,3,COLO741_SKIN
CCLE-51-PLX4720-SKIN,72,4,G361_SKIN
CCLE-51-PLX4720-SKIN,72,5,HS852T_SKIN
CCLE-51-PLX4720-SKIN,72,6,HS939T_SKIN
CCLE-51-PLX4720-SKIN,72,7,HS944T_SKIN
CCLE-51-PLX4720-SKIN,72,8,HT144_SKIN
CCLE-51-PLX4720-SKIN,72,9,IPC298_SKIN
CCLE-51-PLX4720-SKIN,72,10,K029AX_SKIN
CCLE-51-PLX4720-SKIN,72,11,MELHO_SKIN
CCLE-51-PLX4720-SKIN,72,12,RPMI7951_SKIN
CCLE-51-PLX4720-SKIN,72,13,RVH421_SKIN
CCLE-51-PLX4720-SKIN,72,14,SKMEL5_SKIN
CCLE-51-PLX4720-SKIN,72,15,UACC257_SKIN
CCLE-51-PLX4720-SKIN,72,16,UACC62_SKIN
CCLE-51-PLX4720-SKIN,72,17,WM793_SKIN
CCLE-51-PLX4720-SKIN,72,18,WM88_SKIN
CCLE-51-PLX4720-SKIN,73,1,A2058_SKIN
CCLE-51-PLX4720-SKIN,73,2,C32_SKIN
CCLE-51-PLX4720-SKIN,73,3,COLO679_SKIN
CCLE-51-PLX4720-SKIN,73,4,COLO741_SKIN
CCLE-51-PLX4720-SKIN,73,5,G361_SKIN
CCLE-51-PLX4720-SKIN,73,6,HS695T_SKIN
CCLE-51-PLX4720-SKIN,73,7,HS936T_SKIN
CCLE-51-PLX4720-SKIN,73,8,K029AX_SKIN
CCLE-51-PLX4720-SKIN,73,9,LOXIMVI_SKIN
CCLE-51-PLX4720-SKIN,73,10,MALME3M_SKIN
CCLE-51-PLX4720-SKIN,73,11,MDAMB435S_SKIN
CCLE-51-PLX4720-SKIN,73,12,MELHO_SKIN
CCLE-51-PLX4720-SKIN,73,13,SKMEL24_SKIN
CCLE-51-PLX4720-SKIN,73,14,SKMEL31_SKIN
CCLE-51-PLX4720-SKIN,73,15,SKMEL5_SKIN
CCLE-51-PLX4720-SKIN,73,16,UACC257_SKIN
CCLE-51-PLX4720-SKIN,73,17,WM88_SKIN
CCLE-51-PLX4720-SKIN,73,18,WM983B_SKIN
CCLE-51-PLX4720-SKIN,74,1,A2058_SKIN
CCLE-51-PLX4720-SKIN,74,2,C32_SKIN
CCLE-51-PLX4720-SKIN,74,3,COLO741_SKIN
CCLE-51-PLX4720-SKIN,74,4,HS695T_SKIN
CCLE-51-PLX4720-SKIN,74,5,HS939T_SKIN
CCLE-51-PLX4720-SKIN,74,6,HS944T_SKIN
CCLE-51-PLX4720-SKIN,74,7,IPC298_SKIN
CCLE-51-PLX4720-SKIN,74,8,MALME3M_SKIN
CCLE-51-PLX4720-SKIN,74,9,MDAMB435S_SKIN
CCLE-51-PLX4720-SKIN,74,10,MEWO_SKIN
CCLE-51-PLX4720-SKIN,74,11,RPMI7951_SKIN
CCLE-51-PLX4720-SKIN,74,12,SKMEL24_SKIN
CCLE-51-PLX4720-SKIN,74,13,SKMEL30_SKIN
CCLE-51-PLX4720-SKIN,74,14,SKMEL5_SKIN
CCLE-51-PLX4720-SKIN,74,15,UACC257_SKIN
CCLE-51-PLX4720-SKIN,74,16,UACC62_SKIN
CCLE-51-PLX4720-SKIN,74,17,WM793_SKIN
CCLE-51-PLX4720-SKIN,74,18,WM983B_SKIN
CCLE-51-PLX4720-SKIN,75,1,C32_SKIN
CCLE-51-PLX4720-SKIN,75,2,COLO679_SKIN
CCLE-51-PLX4720-SKIN,75,3,COLO741_SKIN
CCLE-51-PLX4720-SKIN,75,4,G361_SKIN
CCLE-51-PLX4720-SKIN,75,5,HS852T_SKIN
CCLE-51-PLX4720-SKIN,75,6,HS895T_SKIN
CCLE-51-PLX4720-SKIN,75,7,HS939T_SKIN
CCLE-51-PLX4720-SKIN,75,8,HT144_SKIN
CCLE-51-PLX4720-SKIN,75,9,K029AX_SKIN
CCLE-51-PLX4720-SKIN,75,10,MELHO_SKIN
CCLE-51-PLX4720-SKIN,75,11,MEWO_SKIN
CCLE-51-PLX4720-SKIN,75,12,RPMI7951_SKIN
CCLE-51-PLX4720-SKIN,75,13,RVH421_SKIN
CCLE-51-PLX4720-SKIN,75,14,SKMEL24_SKIN
CCLE-51-PLX4720-SKIN,75,15,SKMEL31_SKIN
CCLE-51-PLX4720-SKIN,75,16,SKMEL5_SKIN
CCLE-51-PLX4720-SKIN,75,17,UACC257_SKIN
CCLE-51-PLX4720-SKIN,75,18,UACC62_SKIN
CCLE-51-PLX4720-SKIN,76,1,A2058_SKIN
CCLE-51-PLX4720-SKIN,76,2,C32_SKIN
CCLE-51-PLX4720-SKIN,76,3,HS695T_SKIN
CCLE-51-PLX4720-SKIN,76,4,HS852T_SKIN
CCLE-51-PLX4720-SKIN,76,5,HS936T_SKIN
CCLE-51-PLX4720-SKIN,76,6,HS939T_SKIN
CCLE-51-PLX4720-SKIN,76,7,HS944T_SKIN
CCLE-51-PLX4720-SKIN,76,8,HT144_SKIN
CCLE-51-PLX4720-SKIN,76,9,IPC298_SKIN
CCLE-51-PLX4720-SKIN,76,10,K029AX_SKIN
CCLE-51-PLX4720-SKIN,76,11,LOXIMVI_SKIN
CCLE-51-PLX4720-SKIN,76,12,MALME3M_SKIN
CCLE-51-PLX4720-SKIN,76,13,MDAMB435S_SKIN
CCLE-51-PLX4720-SKIN,76,14,MELHO_SKIN
CCLE-51-PLX4720-SKIN,76,15,SKMEL31_SKIN
CCLE-51-PLX4720-SKIN,76,16,SKMEL5_SKIN
CCLE-51-PLX4720-SKIN,76,17,UACC257_SKIN
CCLE-51-PLX4720-SKIN,76,18,WM793_SKIN
CCLE-51-PLX4720-SKIN,77,1,A375_SKIN
CCLE-51-PLX4720-SKIN,77,2,COLO741_SKIN
CCLE-51-PLX4720-SKIN,77,3,G361_SKIN
CCLE-51-PLX4720-SKIN,77,4,HS852T_SKIN
CCLE-51-PLX4720-SKIN,77,5,HS895T_SKIN
CCLE-51-PLX4720-SKIN,77,6,HS939T_SKIN
CCLE-51-PLX4720-SKIN,77,7,IPC298_SKIN
CCLE-51-PLX4720-SKIN,77,8,K029AX_SKIN
CCLE-51-PLX4720-SKIN,77,9,LOXIMVI_SKIN
CCLE-51-PLX4720-SKIN,77,10,MDAMB435S_SKIN
CCLE-51-PLX4720-SKIN,77,11,MELHO_SKIN
CCLE-51-PLX4720-SKIN,77,12,RPMI7951_SKIN
CCLE-51-PLX4720-SKIN,77,13,RVH421_SKIN
CCLE-51-PLX4720-SKIN,77,14,SKMEL24_SKIN
CCLE-51-PLX4720-SKIN,77,15,UACC62_SKIN
CCLE-51-PLX4720-SKIN,77,16,WM1799_SKIN
CCLE-51-PLX4720-SKIN,77,17,WM793_SKIN
CCLE-51-PLX4720-SKIN,77,18,WM983B_SKIN
CCLE-51-PLX4720-SKIN,78,1,A2058_SKIN
CCLE-51-PLX4720-SKIN,78,2,A375_SKIN
CCLE-51-PLX4720-SKIN,78,3,C32_SKIN
CCLE-51-PLX4720-SKIN,78,4,COLO679_SKIN
CCLE-51-PLX4720-SKIN,78,5,COLO741_SKIN
CCLE-51-PLX4720-SKIN,78,6,G361_SKIN
CCLE-51-PLX4720-SKIN,78,7,HS895T_SKIN
CCLE-51-PLX4720-SKIN,78,8,HS936T_SKIN
CCLE-51-PLX4720-SKIN,78,9,HS939T_SKIN
CCLE-51-PLX4720-SKIN,78,10,HS944T_SKIN
CCLE-51-PLX4720-SKIN,78,11,LOXIMVI_SKIN
CCLE-51-PLX4720-SKIN,78,12,MALME3M_SKIN
CCLE-51-PLX4720-SKIN,78,13,MEWO_SKIN
CCLE-51-PLX4720-SKIN,78,14,RPMI7951_SKIN
CCLE-51-PLX4720-SKIN,78,15,SKMEL31_SKIN
CCLE-51-PLX4720-SKIN,78,16,UACC62_SKIN
CCLE-51-PLX4720-SKIN,78,17,WM1799_SKIN
CCLE-51-PLX4720-SKIN,78,18,WM983B_SKIN
CCLE-51-PLX4720-SKIN,79,1,A2058_SKIN
CCLE-51-PLX4720-SKIN,79,2,C32_SKIN
CCLE-51-PLX4720-SKIN,79,3,COLO679_SKIN
CCLE-51-PLX4720-SKIN,79,4,COLO741_SKIN
CCLE-51-PLX4720-SKIN,79,5,G361_SKIN
CCLE-51-PLX4720-SKIN,79,6,HS852T_SKIN
CCLE-51-PLX4720-SKIN,79,7,HS936T_SKIN
CCLE-51-PLX4720-SKIN,79,8,HS944T_SKIN
CCLE-51-PLX4720-SKIN,79,9,LOXIMVI_SKIN
CCLE-51-PLX4720-SKIN,79,10,MDAMB435S_SKIN
CCLE-51-PLX4720-SKIN,79,11,MELHO_SKIN
CCLE-51-PLX4720-SKIN,79,12,SKMEL24_SKIN
CCLE-51-PLX4720-SKIN,79,13,SKMEL30_SKIN
CCLE-51-PLX4720-SKIN,79,14,SKMEL31_SKIN
CCLE-51-PLX4720-SKIN,79,15,SKMEL5_SKIN
CCLE-51-PLX4720-SKIN,79,16,UACC257_SKIN
CCLE-51-PLX4720-SKIN,79,17,WM1799_SKIN
CCLE-51-PLX4720-SKIN,79,18,WM88_SKIN
CCLE-51-PLX4720-SKIN,80,1,A2058_SKIN
CCLE-51-PLX4720-SKIN,80,2,C32_SKIN
CCLE-51-PLX4720-SKIN,80,3,COLO679_SKIN
CCLE-51-PLX4720-SKIN,80,4,G361_SKIN
CCLE-51-PLX4720-SKIN,80,5,HS695T_SKIN
CCLE-51-PLX4720-SKIN,80,6,HS852T_SKIN
CCLE-51-PLX4720-SKIN,80,7,HS895T_SKIN
CCLE-51-PLX4720-SKIN,80,8,HS936T_SKIN
CCLE-51-PLX4720-SKIN,80,9,IPC298_SKIN
CCLE-51-PLX4720-SKIN,80,10,LOXIMVI_SKIN
CCLE-51-PLX4720-SKIN,80,11,MALME3M_SKIN
CCLE-51-PLX4720-SKIN,80,12,MELHO_SKIN
CCLE-51-PLX4720-SKIN,80,13,RPMI7951_SKIN
CCLE-51-PLX4720-SKIN,80,14,RVH421_SKIN
CCLE-51-PLX4720-SKIN,80,15,SKMEL30_SKIN
CCLE-51-PLX4720-SKIN,80,16,SKMEL31_SKIN
CCLE-51-PLX4720-SKIN,80,17,UACC62_SKIN
CCLE-51-PLX4720-SKIN,80,18,WM793_SKIN
CCLE-51-PLX4720-SKIN,81,1,A2058_SKIN
CCLE-51-PLX4720-SKIN,81,2,C32_SKIN
CCLE-51-PLX4720-SKIN,81,3,COLO679_SKIN
CCLE-51-PLX4720-SKIN,81,4,COLO741_SKIN
CCLE-51-PLX4720-SKIN,81,5,HS852T_SKIN
CCLE-51-PLX4720-SKIN,81,6,HS895T_SKIN
CCLE-51-PLX4720-SKIN,81,7,HT144_SKIN
CCLE-51-PLX4720-SKIN,81,8,LOXIMVI_SKIN
CCLE-51-PLX4720-SKIN,81,9,MDAMB435S_SKIN
CCLE-51-PLX4720-SKIN,81,10,MELHO_SKIN
CCLE-51-PLX4720-SKIN,81,11,MEWO_SKIN
CCLE-51-PLX4720-SKIN,81,12,RVH421_SKIN
CCLE-51-PLX4720-SKIN,81,13,SKMEL24_SKIN
CCLE-51-PLX4720-SKIN,81,14,SKMEL30_SKIN
CCLE-51-PLX4720-SKIN,81,15,UACC62_SKIN
CCLE-51-PLX4720-SKIN,81,16,WM793_SKIN
CCLE-51-PLX4720-SKIN,81,17,WM88_SKIN
CCLE-51-PLX4720-SKIN,81,18,WM983B_SKIN
CCLE-51-PLX4720-SKIN,82,1,A375_SKIN
CCLE-51-PLX4720-SKIN,82,2,C32_SKIN
CCLE-51-PLX4720-SKIN,82,3,COLO679_SKIN
CCLE-51-PLX4720-SKIN,82,4,HS695T_SKIN
CCLE-51-PLX4720-SKIN,82,5,HS852T_SKIN
CCLE-51-PLX4720-SKIN,82,6,HS936T_SKIN
CCLE-51-PLX4720-SKIN,82,7,HS939T_SKIN
CCLE-51-PLX4720-SKIN,82,8,MALME3M_SKIN
CCLE-51-PLX4720-SKIN,82,9,MDAMB435S_SKIN
CCLE-51-PLX4720-SKIN,82,10,MELHO_SKIN
CCLE-51-PLX4720-SKIN,82,11,MEWO_SKIN
CCLE-51-PLX4720-SKIN,82,12,RPMI7951_SKIN
CCLE-51-PLX4720-SKIN,82,13,RVH421_SKIN
CCLE-51-PLX4720-SKIN,82,14,SKMEL24_SKIN
CCLE-51-PLX4720-SKIN,82,15,SKMEL30_SKIN
CCLE-51-PLX4720-SKIN,82,16,SKMEL31_SKIN
CCLE-51-PLX4720-SKIN,82,17,SKMEL5_SKIN
CCLE-51-PLX4720-SKIN,82,18,WM88_SKIN
CCLE-51-PLX4720-SKIN,83,1,A2058_SKIN
CCLE-51-PLX4720-SKIN,83,2,C32_SKIN
CCLE-51-PLX4720-SKIN,83,3,COLO679_SKIN
CCLE-51-PLX4720-SKIN,83,4,COLO741_SKIN
CCLE-51-PLX4720-SKIN,83,5,HS695T_SKIN
CCLE-51-PLX4720-SKIN,83,6,HS852T_SKIN
CCLE-51-PLX4720-SKIN,83,7,HS895T_SKIN
CCLE-51-PLX4720-SKIN,83,8,HS936T_SKIN
CCLE-51-PLX4720-SKIN,83,9,HS939T_SKIN
CCLE-51-PLX4720-SKIN,83,10,HS944T_SKIN
CCLE-51-PLX4720-SKIN,83,11,IPC298_SKIN
CCLE-51-PLX4720-SKIN,83,12,MELHO_SKIN
CCLE-51-PLX4720-SKIN,83,13,RVH421_SKIN
CCLE-51-PLX4720-SKIN,83,14,SKMEL24_SKIN
CCLE-51-PLX4720-SKIN,83,15,SKMEL30_SKIN
CCLE-51-PLX4720-SKIN,83,16,SKMEL5_SKIN
CCLE-51-PLX4720-SKIN,83,17,UACC257_SKIN
CCLE-51-PLX4720-SKIN,83,18,WM1799_SKIN
CCLE-51-PLX4720-SKIN,84,1,COLO679_SKIN
CCLE-51-PLX4720-SKIN,84,2,COLO741_SKIN
CCLE-51-PLX4720-SKIN,84,3,HS852T_SKIN
CCLE-51-PLX4720-SKIN,84,4,HS944T_SKIN
CCLE-51-PLX4720-SKIN,84,5,HT144_SKIN
CCLE-51-PLX4720-SKIN,84,6,K029AX_SKIN
CCLE-51-PLX4720-SKIN,84,7,MALME3M_SKIN
CCLE-51-PLX4720-SKIN,84,8,MDAMB435S_SKIN
CCLE-51-PLX4720-SKIN,84,9,RPMI7951_SKIN
CCLE-51-PLX4720-SKIN,84,10,RVH421_SKIN
CCLE-51-PLX4720-SKIN,84,11,SKMEL24_SKIN
CCLE-51-PLX4720-SKIN,84,12,SKMEL5_SKIN
CCLE-51-PLX4720-SKIN,84,13,UACC257_SKIN
CCLE-51-PLX4720-SKIN,84,14,UACC62_SKIN
CCLE-51-PLX4720-SKIN,84,15,WM1799_SKIN
CCLE-51-PLX4720-SKIN,84,16,WM793_SKIN
CCLE-51-PLX4720-SKIN,84,17,WM88_SKIN
CCLE-51-PLX4720-SKIN,84,18,WM983B_SKIN
CCLE-51-PLX4720-SKIN,85,1,A375_SKIN
CCLE-51-PLX4720-SKIN,85,2,COLO679_SKIN
CCLE-51-PLX4720-SKIN,85,3,COLO741_SKIN
CCLE-51-PLX4720-SKIN,85,4,HS852T_SKIN
CCLE-51-PLX4720-SKIN,85,5,HS936T_SKIN
CCLE-51-PLX4720-SKIN,85,6,HS944T_SKIN
CCLE-51-PLX4720-SKIN,85,7,IPC298_SKIN
CCLE-51-PLX4720-SKIN,85,8,K029AX_SKIN
CCLE-51-PLX4720-SKIN,85,9,LOXIMVI_SKIN
CCLE-51-PLX4720-SKIN,85,10,MELHO_SKIN
CCLE-51-PLX4720-SKIN,85,11,MEWO_SKIN
CCLE-51-PLX4720-SKIN,85,12,SKMEL24_SKIN
CCLE-51-PLX4720-SKIN,85,13,SKMEL31_SKIN
CCLE-51-PLX4720-SKIN,85,14,SKMEL5_SKIN
CCLE-51-PLX4720-SKIN,85,15,UACC257_SKIN
CCLE-51-PLX4720-SKIN,85,16,UACC62_SKIN
CCLE-51-PLX4720-SKIN,85,17,WM1799_SKIN
CCLE-51-PLX4720-SKIN,85,18,WM983B_SKIN
CCLE-51-PLX4720-SKIN,86,1,A2058_SKIN
CCLE-51-PLX4720-SKIN,86,2,C32_SKIN
CCLE-51-PLX4720-SKIN,86,3,COLO679_SKIN
CCLE-51-PLX4720-SKIN,86,4,HT144_SKIN
CCLE-51-PLX4720-SKIN,86,5,IPC298_SKIN
CCLE-51-PLX4720-SKIN,86,6,LOXIMVI_SKIN
CCLE-51-PLX4720-SKIN,86,7,MALME3M_SKIN
CCLE-51-PLX4720-SKIN,86,8,MDAMB435S_SKIN
CCLE-51-PLX4720-SKIN,86,9,RPMI7951_SKIN
CCLE-51-PLX4720-SKIN,86,10,RVH421_SKIN
CCLE-51-PLX4720-SKIN,86,11,SKMEL24_SKIN
CCLE-51-PLX4720-SKIN,86,12,SKMEL31_SKIN
CCLE-51-PLX4720-SKIN,86,13,SKMEL5_SKIN
CCLE-51-PLX4720-SKIN,86,14,UACC257_SKIN
CCLE-51-PLX4720-SKIN,86,15,UACC62_SKIN
CCLE-51-PLX4720-SKIN,86,16,WM1799_SKIN
CCLE-51-PLX4720-SKIN,86,17,WM793_SKIN
CCLE-51-PLX4720-SKIN,86,18,WM88_SKIN
CCLE-51-PLX4720-SKIN,87,1,A375_SKIN
CCLE-51-PLX4720-SKIN,87,2,C32_SKIN
CCLE-51-PLX4720-SKIN,87,3,G361_SKIN
CCLE-51-PLX4720-SKIN,87,4,HS695T_SKIN
CCLE-51-PLX4720-SKIN,87,5,HS852T_SKIN
CCLE-51-PLX4720-SKIN,87,6,HS895T_SKIN
CCLE-51-PLX4720-SKIN,87,7,HS936T_SKIN
CCLE-51-PLX4720-SKIN,87,8,HS944T_SKIN
CCLE-51-PLX4720-SKIN,87,9,HT144_SKIN
CCLE-51-PLX4720-SKIN,87,10,IPC298_SKIN
CCLE-51-PLX4720-SKIN,87,11,K029AX_SKIN
CCLE-51-PLX4720-SKIN,87,12,MALME3M_SKIN
CCLE-51-PLX4720-SKIN,87,13,MELHO_SKIN
CCLE-51-PLX4720-SKIN,87,14,RPMI7951_SKIN
CCLE-51-PLX4720-SKIN,87,15,RVH421_SKIN
CCLE-51-PLX4720-SKIN,87,16,SKMEL31_SKIN
CCLE-51-PLX4720-SKIN,87,17,SKMEL5_SKIN
CCLE-51-PLX4720-SKIN,87,18,UACC62_SKIN
CCLE-51-PLX4720-SKIN,88,1,A375_SKIN
CCLE-51-PLX4720-SKIN,88,2,COLO741_SKIN
CCLE-51-PLX4720-SKIN,88,3,HS695T_SKIN
CCLE-51-PLX4720-SKIN,88,4,HS852T_SKIN
CCLE-51-PLX4720-SKIN,88,5,HS936T_SKIN
CCLE-51-PLX4720-SKIN,88,6,HS939T_SKIN
CCLE-51-PLX4720-SKIN,88,7,HS944T_SKIN
CCLE-51-PLX4720-SKIN,88,8,HT144_SKIN
CCLE-51-PLX4720-SKIN,88,9,K029AX_SKIN
CCLE-51-PLX4720-SKIN,88,10,MELHO_SKIN
CCLE-51-PLX4720-SKIN,88,11,MEWO_SKIN
CCLE-51-PLX4720-SKIN,88,12,RVH421_SKIN
CCLE-51-PLX4720-SKIN,88,13,SKMEL30_SKIN
CCLE-51-PLX4720-SKIN,88,14,SKMEL31_SKIN
CCLE-51-PLX4720-SKIN,88,15,SKMEL5_SKIN
CCLE-51-PLX4720-SKIN,88,16,UACC257_SKIN
CCLE-51-PLX4720-SKIN,88,17,UACC62_SKIN
CCLE-51-PLX4720-SKIN,88,18,WM1799_SKIN
CCLE-51-PLX4720-SKIN,89,1,A2058_SKIN
CCLE-51-PLX4720-SKIN,89,2,G361_SKIN
CCLE-51-PLX4720-SKIN,89,3,HS695T_SKIN
CCLE-51-PLX4720-SKIN,89,4,HS852T_SKIN
CCLE-51-PLX4720-SKIN,89,5,HS936T_SKIN
CCLE-51-PLX4720-SKIN,89,6,IPC298_SKIN
CCLE-51-PLX4720-SKIN,89,7,MALME3M_SKIN
CCLE-51-PLX4720-SKIN,89,8,MELHO_SKIN
CCLE-51-PLX4720-SKIN,89,9,RPMI7951_SKIN
CCLE-51-PLX4720-SKIN,89,10,RVH421_SKIN
CCLE-51-PLX4720-SKIN,89,11,SKMEL24_SKIN
CCLE-51-PLX4720-SKIN,89,12,SKMEL30_SKIN
CCLE-51-PLX4720-SKIN,89,13,UACC257_SKIN
CCLE-51-PLX4720-SKIN,89,14,UACC62_SKIN
CCLE-51-PLX4720-SKIN,89,15,WM1799_SKIN
CCLE-51-PLX4720-SKIN,89,16,WM793_SKIN
CCLE-51-PLX4720-SKIN,89,17,WM88_SKIN
CCLE-51-PLX4720-SKIN,89,18,WM983B_SKIN
CCLE-51-PLX4720-SKIN,90,1,A375_SKIN
CCLE-51-PLX4720-SKIN,90,2,COLO741_SKIN
CCLE-51-PLX4720-SKIN,90,3,HS895T_SKIN
CCLE-51-PLX4720-SKIN,90,4,HS936T_SKIN
CCLE-51-PLX4720-SKIN,90,5,HS939T_SKIN
CCLE-51-PLX4720-SKIN,90,6,IPC298_SKIN
CCLE-51-PLX4720-SKIN,90,7,K029AX_SKIN
CCLE-51-PLX4720-SKIN,90,8,MALME3M_SKIN
CCLE-51-PLX4720-SKIN,90,9,MELHO_SKIN
CCLE-51-PLX4720-SKIN,90,10,MEWO_SKIN
CCLE-51-PLX4720-SKIN,90,11,SKMEL24_SKIN
CCLE-51-PLX4720-SKIN,90,12,SKMEL30_SKIN
CCLE-51-PLX4720-SKIN,90,13,SKMEL31_SKIN
CCLE-51-PLX4720-SKIN,90,14,SKMEL5_SKIN
CCLE-51-PLX4720-SKIN,90,15,WM1799_SKIN
CCLE-51-PLX4720-SKIN,90,16,WM793_SKIN
CCLE-51-PLX4720-SKIN,90,17,WM88_SKIN
CCLE-51-PLX4720-SKIN,90,18,WM983B_SKIN
CCLE-51-PLX4720-SKIN,91,1,C32_SKIN
CCLE-51-PLX4720-SKIN,91,2,COLO679_SKIN
CCLE-51-PLX4720-SKIN,91,3,COLO741_SKIN
CCLE-51-PLX4720-SKIN,91,4,G361_SKIN
CCLE-51-PLX4720-SKIN,91,5,HS895T_SKIN
CCLE-51-PLX4720-SKIN,91,6,HS936T_SKIN
CCLE-51-PLX4720-SKIN,91,7,HT144_SKIN
CCLE-51-PLX4720-SKIN,91,8,K029AX_SKIN
CCLE-51-PLX4720-SKIN,91,9,LOXIMVI_SKIN
CCLE-51-PLX4720-SKIN,91,10,MALME3M_SKIN
CCLE-51-PLX4720-SKIN,91,11,MDAMB435S_SKIN
CCLE-51-PLX4720-SKIN,91,12,MEWO_SKIN
CCLE-51-PLX4720-SKIN,91,13,RVH421_SKIN
CCLE-51-PLX4720-SKIN,91,14,SKMEL30_SKIN
CCLE-51-PLX4720-SKIN,91,15,SKMEL31_SKIN
CCLE-51-PLX4720-SKIN,91,16,WM1799_SKIN
CCLE-51-PLX4720-SKIN,91,17,WM793_SKIN
CCLE-51-PLX4720-SKIN,91,18,WM88_SKIN
CCLE-51-PLX4720-SKIN,92,1,A2058_SKIN
CCLE-51-PLX4720-SKIN,92,2,C32_SKIN
CCLE-51-PLX4720-SKIN,92,3,COLO741_SKIN
CCLE-51-PLX4720-SKIN,92,4,G361_SKIN
CCLE-51-PLX4720-SKIN,92,5,HS695T_SKIN
CCLE-51-PLX4720-SKIN,92,6,HS852T_SKIN
CCLE-51-PLX4720-SKIN,92,7,HS895T_SKIN
CCLE-51-PLX4720-SKIN,92,8,HT144_SKIN
CCLE-51-PLX4720-SKIN,92,9,LOXIMVI_SKIN
CCLE-51-PLX4720-SKIN,92,10,MELHO_SKIN
CCLE-51-PLX4720-SKIN,92,11,RPMI7951_SKIN
CCLE-51-PLX4720-SKIN,92,12,RVH421_SKIN
CCLE-51-PLX4720-SKIN,92,13,SKMEL30_SKIN
CCLE-51-PLX4720-SKIN,92,14,SKMEL31_SKIN
CCLE-51-PLX4720-SKIN,92,15,SKMEL5_SKIN
CCLE-51-PLX4720-SKIN,92,16,UACC257_SKIN
CCLE-51-PLX4720-SKIN,92,17,UACC62_SKIN
CCLE-51-PLX4720-SKIN,92,18,WM793_SKIN
CCLE-51-PLX4720-SKIN,93,1,A2058_SKIN
CCLE-51-PLX4720-SKIN,93,2,C32_SKIN
CCLE-51-PLX4720-SKIN,93,3,COLO679_SKIN
CCLE-51-PLX4720-SKIN,93,4,G361_SKIN
CCLE-51-PLX4720-SKIN,93,5,HS895T_SKIN
CCLE-51-PLX4720-SKIN,93,6,HS936T_SKIN
CCLE-51-PLX4720-SKIN,93,7,HS939T_SKIN
CCLE-51-PLX4720-SKIN,93,8,HS944T_SKIN
CCLE-51-PLX4720-SKIN,93,9,IPC298_SKIN
CCLE-51-PLX4720-SKIN,93,10,K029AX_SKIN
CCLE-51-PLX4720-SKIN,93,11,LOXIMVI_SKIN
CCLE-51-PLX4720-SKIN,93,12,MALME3M_SKIN
CCLE-51-PLX4720-SKIN,93,13,MELHO_SKIN
CCLE-51-PLX4720-SKIN,93,14,UACC257_SKIN
CCLE-51-PLX4720-SKIN,93,15,WM1799_SKIN
CCLE-51-PLX4720-SKIN,93,16,WM793_SKIN
CCLE-51-PLX4720-SKIN,93,17,WM88_SKIN
CCLE-51-PLX4720-SKIN,93,18,WM983B_SKIN
CCLE-51-PLX4720-SKIN,94,1,A2058_SKIN
CCLE-51-PLX4720-SKIN,94,2,A375_SKIN
CCLE-51-PLX4720-SKIN,94,3,C32_SKIN
CCLE-51-PLX4720-SKIN,94,4,COLO741_SKIN
CCLE-51-PLX4720-SKIN,94,5,G361_SKIN
CCLE-51-PLX4720-SKIN,94,6,HS895T_SKIN
CCLE-51-PLX4720-SKIN,94,7,IPC298_SKIN
CCLE-51-PLX4720-SKIN,94,8,LOXIMVI_SKIN
CCLE-51-PLX4720-SKIN,94,9,MALME3M_SKIN
CCLE-51-PLX4720-SKIN,94,10,MDAMB435S_SKIN
CCLE-51-PLX4720-SKIN,94,11,MELHO_SKIN
CCLE-51-PLX4720-SKIN,94,12,RVH421_SKIN
CCLE-51-PLX4720-SKIN,94,13,SKMEL24_SKIN
CCLE-51-PLX4720-SKIN,94,14,SKMEL30_SKIN
CCLE-51-PLX4720-SKIN,94,15,UACC62_SKIN
CCLE-51-PLX4720-SKIN,94,16,WM1799_SKIN
CCLE-51-PLX4720-SKIN,94,17,WM793_SKIN
CCLE-51-PLX4720-SKIN,94,18,WM88_SKIN
CCLE-51-PLX4720-SKIN,95,1,C32_SKIN
CCLE-51-PLX4720-SKIN,95,2,COLO741_SKIN
CCLE-51-PLX4720-SKIN,95,3,HS852T_SKIN
CCLE-51-PLX4720-SKIN,95,4,HS895T_SKIN
CCLE-51-PLX4720-SKIN,95,5,HS936T_SKIN
CCLE-51-PLX4720-SKIN,95,6,HS939T_SKIN
CCLE-51-PLX4720-SKIN,95,7,IPC298_SKIN
CCLE-51-PLX4720-SKIN,95,8,LOXIMVI_SKIN
CCLE-51-PLX4720-SKIN,95,9,MALME3M_SKIN
CCLE-51-PLX4720-SKIN,95,10,MDAMB435S_SKIN
CCLE-51-PLX4720-SKIN,95,11,RPMI7951_SKIN
CCLE-51-PLX4720-SKIN,95,12,SKMEL30_SKIN
CCLE-51-PLX4720-SKIN,95,13,SKMEL31_SKIN
CCLE-51-PLX4720-SKIN,95,14,SKMEL5_SKIN
CCLE-51-PLX4720-SKIN,95,15,UACC62_SKIN
CCLE-51-PLX4720-SKIN,95,16,WM1799_SKIN
CCLE-51-PLX4720-SKIN,95,17,WM793_SKIN
CCLE-51-PLX4720-SKIN,95,18,WM983B_SKIN
CCLE-51-PLX4720-SKIN,96,1,A2058_SKIN
CCLE-51-PLX4720-SKIN,96,2,COLO679_SKIN
CCLE-51-PLX4720-SKIN,96,3,HS695T_SKIN
CCLE-51-PLX4720-SKIN,96,4,HS895T_SKIN
CCLE-51-PLX4720-SKIN,96,5,HS936T_SKIN
CCLE-51-PLX4720-SKIN,96,6,HT144_SKIN
CCLE-51-PLX4720-SKIN,96,7,IPC298_SKIN
CCLE-51-PLX4720-SKIN,96,8,K029AX_SKIN
CCLE-51-PLX4720-SKIN,96,9,LOXIMVI_SKIN
CCLE-51-PLX4720-SKIN,96,10,MELHO_SKIN
CCLE-51-PLX4720-SKIN,96,11,MEWO_SKIN
CCLE-51-PLX4720-SKIN,96,12,SKMEL24_SKIN
CCLE-51-PLX4720-SKIN,96,13,SKMEL30_SKIN
CCLE-51-PLX4720-SKIN,96,14,UACC257_SKIN
CCLE-51-PLX4720-SKIN,96,15,UACC62_SKIN
CCLE-51-PLX4720-SKIN,96,16,WM793_SKIN
CCLE-51-PLX4720-SKIN,96,17,WM88_SKIN
CCLE-51-PLX4720-SKIN,96,18,WM983B_SKIN
CCLE-51-PLX4720-SKIN,97,1,A375_SKIN
CCLE-51-PLX4720-SKIN,97,2,COLO679_SKIN
CCLE-51-PLX4720-SKIN,97,3,HS852T_SKIN
CCLE-51-PLX4720-SKIN,97,4,HS895T_SKIN
CCLE-51-PLX4720-SKIN,97,5,HS936T_SKIN
CCLE-51-PLX4720-SKIN,97,6,HS939T_SKIN
CCLE-51-PLX4720-SKIN,97,7,HS944T_SKIN
CCLE-51-PLX4720-SKIN,97,8,IPC298_SKIN
CCLE-51-PLX4720-SKIN,97,9,K029AX_SKIN
CCLE-51-PLX4720-SKIN,97,10,MALME3M_SKIN
CCLE-51-PLX4720-SKIN,97,11,MDAMB435S_SKIN
CCLE-51-PLX4720-SKIN,97,12,MEWO_SKIN
CCLE-51-PLX4720-SKIN,97,13,SKMEL30_SKIN
CCLE-51-PLX4720-SKIN,97,14,SKMEL31_SKIN
CCLE-51-PLX4720-SKIN,97,15,SKMEL5_SKIN
CCLE-51-PLX4720-SKIN,97,16,UACC257_SKIN
CCLE-51-PLX4720-SKIN,97,17,UACC62_SKIN
CCLE-51-PLX4720-SKIN,97,18,WM88_SKIN
CCLE-51-PLX4720-SKIN,98,1,A2058_SKIN
CCLE-51-PLX4720-SKIN,98,2,A375_SKIN
CCLE-51-PLX4720-SKIN,98,3,COLO679_SKIN
CCLE-51-PLX4720-SKIN,98,4,HS852T_SKIN
CCLE-51-PLX4720-SKIN,98,5,HS895T_SKIN
CCLE-51-PLX4720-SKIN,98,6,HT144_SKIN
CCLE-51-PLX4720-SKIN,98,7,IPC298_SKIN
CCLE-51-PLX4720-SKIN,98,8,K029AX_SKIN
CCLE-51-PLX4720-SKIN,98,9,LOXIMVI_SKIN
CCLE-51-PLX4720-SKIN,98,10,MDAMB435S_SKIN
CCLE-51-PLX4720-SKIN,98,11,MEWO_SKIN
CCLE-51-PLX4720-SKIN,98,12,RVH421_SKIN
CCLE-51-PLX4720-SKIN,98,13,SKMEL30_SKIN
CCLE-51-PLX4720-SKIN,98,14,SKMEL31_SKIN
CCLE-51-PLX4720-SKIN,98,15,UACC62_SKIN
CCLE-51-PLX4720-SKIN,98,16,WM1799_SKIN
CCLE-51-PLX4720-SKIN,98,17,WM793_SKIN
CCLE-51-PLX4720-SKIN,98,18,WM983B_SKIN
CCLE-51-PLX4720-SKIN,99,1,A375_SKIN
CCLE-51-PLX4720-SKIN,99,2,COLO679_SKIN
CCLE-51-PLX4720-SKIN,99,3,G361_SKIN
CCLE-51-PLX4720-SKIN,99,4,HS695T_SKIN
CCLE-51-PLX4720-SKIN,99,5,HS852T_SKIN
CCLE-51-PLX4720-SKIN,99,6,HS936T_SKIN
CCLE-51-PLX4720-SKIN,99,7,HS944T_SKIN
CCLE-51-PLX4720-SKIN,99,8,HT144_SKIN
CCLE-51-PLX4720-SKIN,99,9,K029AX_SKIN
CCLE-51-PLX4720-SKIN,99,10,LOXIMVI_SKIN
CCLE-51-PLX4720-SKIN,99,11,MALME3M_SKIN
CCLE-51-PLX4720-SKIN,99,12,MDAMB435S_SKIN
CCLE-51-PLX4720-SKIN,99,13,MEWO_SKIN
CCLE-51-PLX4720-SKIN,99,14,RVH421_SKIN
CCLE-51-PLX4720-SKIN,99,15,SKMEL30_SKIN
CCLE-51-PLX4720-SKIN,99,16,SKMEL31_SKIN
CCLE-51-PLX4720-SKIN,99,17,WM793_SKIN
CCLE-51-PLX4720-SKIN,99,18,WM983B_SKIN
CCLE-51-PLX4720-SKIN,100,1,A2058_SKIN
CCLE-51-PLX4720-SKIN,100,2,A375_SKIN
CCLE-51-PLX4720-SKIN,100,3,COLO679_SKIN
CCLE-51-PLX4720-SKIN,100,4,COLO741_SKIN
CCLE-51-PLX4720-SKIN,100,5,HS695T_SKIN
CCLE-51-PLX4720-SKIN,100,6,HS852T_SKIN
CCLE-51-PLX4720-SKIN,100,7,HS895T_SKIN
CCLE-51-PLX4720-SKIN,100,8,HS944T_SKIN
CCLE-51-PLX4720-SKIN,100,9,K029AX_SKIN
CCLE-51-PLX4720-SKIN,100,10,MALME3M_SKIN
CCLE-51-PLX4720-SKIN,100,11,MEWO_SKIN
CCLE-51-PLX4720-SKIN,100,12,SKMEL30_SKIN
CCLE-51-PLX4720-SKIN,100,13,SKMEL31_SKIN
CCLE-51-PLX4720-SKIN,100,14,SKMEL5_SKIN
CCLE-51-PLX4720-SKIN,100,15,UACC257_SKIN
CCLE-51-PLX4720-SKIN,100,16,UACC62_SKIN
CCLE-51-PLX4720-SKIN,100,17,WM1799_SKIN
CCLE-51-PLX4720-SKIN,100,18,WM983B_SKIN
CCLE-58-TAE684-HEM,1,1,ALLSIL_HAEMATOPOIETIC_AND_LYMPHOID_TISSUE
CCLE-58-TAE684-HEM,1,2,AMO1_HAEMATOPOIETIC_AND_LYMPHOID_TISSUE
CCLE-58-TAE684-HEM,1,3,DOHH2_HAEMATOPOIETIC_AND_LYMPHOID_TISSUE
CCLE-58-TAE684-HEM,1,4,F36P_HAEMATOPOIETIC_AND_LYMPHOID_TISSUE
CCLE-58-TAE684-HEM,1,5,HT_HAEMATOPOIETIC_AND_LYMPHOID_TISSUE
CCLE-58-TAE684-HEM,1,6,HUT78_HAEMATOPOIETIC_AND_LYMPHOID_TISSUE
CCLE-58-TAE684-HEM,1,7,KARPAS299_HAEMATOPOIETIC_AND_LYMPHOID_TISSUE
CCLE-58-TAE684-HEM,1,8,KARPAS620_HAEMATOPOIETIC_AND_LYMPHOID_TISSUE
CCLE-58-TAE684-HEM,1,9,KMS11_HAEMATOPOIETIC_AND_LYMPHOID_TISSUE
CCLE-58-TAE684-HEM,1,10,L363_HAEMATOPOIETIC_AND_LYMPHOID_TISSUE
CCLE-58-TAE684-HEM,1,11,MEG01_HAEMATOPOIETIC_AND_LYMPHOID_TISSUE
CCLE-58-TAE684-HEM,1,12,MINO_HAEMATOPOIETIC_AND_LYMPHOID_TISSUE
CCLE-58-TAE684-HEM,1,13,MJ_HAEMATOPOIETIC_AND_LYMPHOID_TISSUE
CCLE-58-TAE684-HEM,1,14,P12ICHIKAWA_HAEMATOPOIETIC_AND_LYMPHOID_TISSUE
CCLE-58-TAE684-HEM,1,15,P31FUJ_HAEMATOPOIETIC_AND_LYMPHOID_TISSUE
CCLE-58-TAE684-HEM,1,16,P3HR1_HAEMATOPOIETIC_AND_LYMPHOID_TISSUE
CCLE-58-TAE684-HEM,1,17,PFEIFFER_HAEMATOPOIETIC_AND_LYMPHOID_TISSUE
CCLE-58-TAE684-HEM,1,18,RPMI8402_HAEMATOPOIETIC_AND_LYMPHOID_TISSUE
CCLE-58-TAE684-HEM,2,1,CI1_HAEMATOPOIETIC_AND_LYMPHOID_TISSUE
CCLE-58-TAE684-HEM,2,2,F36P_HAEMATOPOIETIC_AND_LYMPHOID_TISSUE
CCLE-58-TAE684-HEM,2,3,JM1_HAEMATOPOIETIC_AND_LYMPHOID_TISSUE
CCLE-58-TAE684-HEM,2,4,JURKAT_HAEMATOPOIETIC_AND_LYMPHOID_TISSUE
CCLE-58-TAE684-HEM,2,5,KMS12BM_HAEMATOPOIETIC_AND_LYMPHOID_TISSUE
CCLE-58-TAE684-HEM,2,6,KMS34_HAEMATOPOIETIC_AND_LYMPHOID_TISSUE
CCLE-58-TAE684-HEM,2,7,MEG01_HAEMATOPOIETIC_AND_LYMPHOID_TISSUE
CCLE-58-TAE684-HEM,2,8,MOLT16_HAEMATOPOIETIC_AND_LYMPHOID_TISSUE
CCLE-58-TAE684-HEM,2,9,OCIAML2_HAEMATOPOIETIC_AND_LYMPHOID_TISSUE
CCLE-58-TAE684-HEM,2,10,OCIAML5_HAEMATOPOIETIC_AND_LYMPHOID_TISSUE
CCLE-58-TAE684-HEM,2,11,OPM2_HAEMATOPOIETIC_AND_LYMPHOID_TISSUE
CCLE-58-TAE684-HEM,2,12,P12ICHIKAWA_HAEMATOPOIETIC_AND_LYMPHOID_TISSUE
CCLE-58-TAE684-HEM,2,13,P31FUJ_HAEMATOPOIETIC_AND_LYMPHOID_TISSUE
CCLE-58-TAE684-HEM,2,14,P3HR1_HAEMATOPOIETIC_AND_LYMPHOID_TISSUE
CCLE-58-TAE684-HEM,2,15,SUDHL10_HAEMATOPOIETIC_AND_LYMPHOID_TISSUE
CCLE-58-TAE684-HEM,2,16,SUDHL4_HAEMATOPOIETIC_AND_LYMPHOID_TISSUE
CCLE-58-TAE684-HEM,2,17,SUPM2_HAEMATOPOIETIC_AND_LYMPHOID_TISSUE
CCLE-58-TAE684-HEM,2,18,TOLEDO_HAEMATOPOIETIC_AND_LYMPHOID_TISSUE
CCLE-58-TAE684-HEM,3,1,BL41_HAEMATOPOIETIC_AND_LYMPHOID_TISSUE
CCLE-58-TAE684-HEM,3,2,BL70_HAEMATOPOIETIC_AND_LYMPHOID_TISSUE
CCLE-58-TAE684-HEM,3,3,F36P_HAEMATOPOIETIC_AND_LYMPHOID_TISSUE
CCLE-58-TAE684-HEM,3,4,HDMYZ_HAEMATOPOIETIC_AND_LYMPHOID_TISSUE
CCLE-58-TAE684-HEM,3,5,HH_HAEMATOPOIETIC_AND_LYMPHOID_TISSUE
CCLE-58-TAE684-HEM,3,6,HT_HAEMATOPOIETIC_AND_LYMPHOID_TISSUE
CCLE-58-TAE684-HEM,3,7,KARPAS620_HAEMATOPOIETIC_AND_LYMPHOID_TISSUE
CCLE-58-TAE684-HEM,3,8,KMM1_HAEMATOPOIETIC_AND_LYMPHOID_TISSUE
CCLE-58-TAE684-HEM,3,9,KMS12BM_HAEMATOPOIETIC_AND_LYMPHOID_TISSUE
CCLE-58-TAE684-HEM,3,10,L428_HAEMATOPOIETIC_AND_LYMPHOID_TISSUE
CCLE-58-TAE684-HEM,3,11,MEG01_HAEMATOPOIETIC_AND_LYMPHOID_TISSUE
CCLE-58-TAE684-HEM,3,12,P31FUJ_HAEMATOPOIETIC_AND_LYMPHOID_TISSUE
CCLE-58-TAE684-HEM,3,13,P3HR1_HAEMATOPOIETIC_AND_LYMPHOID_TISSUE
CCLE-58-TAE684-HEM,3,14,RPMI8402_HAEMATOPOIETIC_AND_LYMPHOID_TISSUE
CCLE-58-TAE684-HEM,3,15,SIGM5_HAEMATOPOIETIC_AND_LYMPHOID_TISSUE
CCLE-58-TAE684-HEM,3,16,SKMM2_HAEMATOPOIETIC_AND_LYMPHOID_TISSUE
CCLE-58-TAE684-HEM,3,17,SUDHL8_HAEMATOPOIETIC_AND_LYMPHOID_TISSUE
CCLE-58-TAE684-HEM,3,18,TOLEDO_HAEMATOPOIETIC_AND_LYMPHOID_TISSUE
CCLE-58-TAE684-HEM,4,1,697_HAEMATOPOIETIC_AND_LYMPHOID_TISSUE
CCLE-58-TAE684-HEM,4,2,EM2_HAEMATOPOIETIC_AND_LYMPHOID_TISSUE
CCLE-58-TAE684-HEM,4,3,JURKAT_HAEMATOPOIETIC_AND_LYMPHOID_TISSUE
CCLE-58-TAE684-HEM,4,4,KARPAS620_HAEMATOPOIETIC_AND_LYMPHOID_TISSUE
CCLE-58-TAE684-HEM,4,5,KHM1B_HAEMATOPOIETIC_AND_LYMPHOID_TISSUE
CCLE-58-TAE684-HEM,4,6,KO52_HAEMATOPOIETIC_AND_LYMPHOID_TISSUE
CCLE-58-TAE684-HEM,4,7,L428_HAEMATOPOIETIC_AND_LYMPHOID_TISSUE
CCLE-58-TAE684-HEM,4,8,LP1_HAEMATOPOIETIC_AND_LYMPHOID_TISSUE
CCLE-58-TAE684-HEM,4,9,MEG01_HAEMATOPOIETIC_AND_LYMPHOID_TISSUE
CCLE-58-TAE684-HEM,4,10,MINO_HAEMATOPOIETIC_AND_LYMPHOID_TISSUE
CCLE-58-TAE684-HEM,4,11,MOLP8_HAEMATOPOIETIC_AND_LYMPHOID_TISSUE
CCLE-58-TAE684-HEM,4,12,OCIAML5_HAEMATOPOIETIC_AND_LYMPHOID_TISSUE
CCLE-58-TAE684-HEM,4,13,OPM2_HAEMATOPOIETIC_AND_LYMPHOID_TISSUE
CCLE-58-TAE684-HEM,4,14,P12ICHIKAWA_HAEMATOPOIETIC_AND_LYMPHOID_TISSUE
CCLE-58-TAE684-HEM,4,15,SIGM5_HAEMATOPOIETIC_AND_LYMPHOID_TISSUE
CCLE-58-TAE684-HEM,4,16,SKMM2_HAEMATOPOIETIC_AND_LYMPHOID_TISSUE
CCLE-58-TAE684-HEM,4,17,SUDHL4_HAEMATOPOIETIC_AND_LYMPHOID_TISSUE
CCLE-58-TAE684-HEM,4,18,SUDHL8_HAEMATOPOIETIC_AND_LYMPHOID_TISSUE
CCLE-58-TAE684-HEM,5,1,697_HAEMATOPOIETIC_AND_LYMPHOID_TISSUE
CCLE-58-TAE684-HEM,5,2,GRANTA519_HAEMATOPOIETIC_AND_LYMPHOID_TISSUE
CCLE-58-TAE684-HEM,5,3,HDMYZ_HAEMATOPOIETIC_AND_LYMPHOID_TISSUE
CCLE-58-TAE684-HEM,5,4,JVM3_HAEMATOPOIETIC_AND_LYMPHOID_TISSUE
CCLE-58-TAE684-HEM,5,5,KG1_HAEMATOPOIETIC_AND_LYMPHOID_TISSUE
CCLE-58-TAE684-HEM,5,6,KMS26_HAEMATOPOIETIC_AND_LYMPHOID_TISSUE
CCLE-58-TAE684-HEM,5,7,KU812_HAEMATOPOIETIC_AND_LYMPHOID_TISSUE
CCLE-58-TAE684-HEM,5,8,MC116_HAEMATOPOIETIC_AND_LYMPHOID_TISSUE
CCLE-58-TAE684-HEM,5,9,MEG01_HAEMATOPOIETIC_AND_LYMPHOID_TISSUE
CCLE-58-TAE684-HEM,5,10,P12ICHIKAWA_HAEMATOPOIETIC_AND_LYMPHOID_TISSUE
CCLE-58-TAE684-HEM,5,11,P31FUJ_HAEMATOPOIETIC_AND_LYMPHOID_TISSUE
CCLE-58-TAE684-HEM,5,12,P3HR1_HAEMATOPOIETIC_AND_LYMPHOID_TISSUE
CCLE-58-TAE684-HEM,5,13,REH_HAEMATOPOIETIC_AND_LYMPHOID_TISSUE
CCLE-58-TAE684-HEM,5,14,RPMI8402_HAEMATOPOIETIC_AND_LYMPHOID_TISSUE
CCLE-58-TAE684-HEM,5,15,SIGM5_HAEMATOPOIETIC_AND_LYMPHOID_TISSUE
CCLE-58-TAE684-HEM,5,16,SKMM2_HAEMATOPOIETIC_AND_LYMPHOID_TISSUE
CCLE-58-TAE684-HEM,5,17,SUDHL4_HAEMATOPOIETIC_AND_LYMPHOID_TISSUE
CCLE-58-TAE684-HEM,5,18,TOLEDO_HAEMATOPOIETIC_AND_LYMPHOID_TISSUE
CCLE-58-TAE684-HEM,6,1,BL41_HAEMATOPOIETIC_AND_LYMPHOID_TISSUE
CCLE-58-TAE684-HEM,6,2,CI1_HAEMATOPOIETIC_AND_LYMPHOID_TISSUE
CCLE-58-TAE684-HEM,6,3,DEL_HAEMATOPOIETIC_AND_LYMPHOID_TISSUE
CCLE-58-TAE684-HEM,6,4,EM2_HAEMATOPOIETIC_AND_LYMPHOID_TISSUE
CCLE-58-TAE684-HEM,6,5,HUT78_HAEMATOPOIETIC_AND_LYMPHOID_TISSUE
CCLE-58-TAE684-HEM,6,6,JM1_HAEMATOPOIETIC_AND_LYMPHOID_TISSUE
CCLE-58-TAE684-HEM,6,7,JVM3_HAEMATOPOIETIC_AND_LYMPHOID_TISSUE
CCLE-58-TAE684-HEM,6,8,KARPAS620_HAEMATOPOIETIC_AND_LYMPHOID_TISSUE
CCLE-58-TAE684-HEM,6,9,KHM1B_HAEMATOPOIETIC_AND_LYMPHOID_TISSUE
CCLE-58-TAE684-HEM,6,10,KU812_HAEMATOPOIETIC_AND_LYMPHOID_TISSUE
CCLE-58-TAE684-HEM,6,11,L428_HAEMATOPOIETIC_AND_LYMPHOID_TISSUE
CCLE-58-TAE684-HEM,6,12,MJ_HAEMATOPOIETIC_AND_LYMPHOID_TISSUE
CCLE-58-TAE684-HEM,6,13,OCIAML5_HAEMATOPOIETIC_AND_LYMPHOID_TISSUE
CCLE-58-TAE684-HEM,6,14,P31FUJ_HAEMATOPOIETIC_AND_LYMPHOID_TISSUE
CCLE-58-TAE684-HEM,6,15,SUDHL10_HAEMATOPOIETIC_AND_LYMPHOID_TISSUE
CCLE-58-TAE684-HEM,6,16,SUDHL4_HAEMATOPOIETIC_AND_LYMPHOID_TISSUE
CCLE-58-TAE684-HEM,6,17,SUDHL6_HAEMATOPOIETIC_AND_LYMPHOID_TISSUE
CCLE-58-TAE684-HEM,6,18,TOLEDO_HAEMATOPOIETIC_AND_LYMPHOID_TISSUE
CCLE-58-TAE684-HEM,7,1,697_HAEMATOPOIETIC_AND_LYMPHOID_TISSUE
CCLE-58-TAE684-HEM,7,2,ALLSIL_HAEMATOPOIETIC_AND_LYMPHOID_TISSUE
CCLE-58-TAE684-HEM,7,3,AMO1_HAEMATOPOIETIC_AND_LYMPHOID_TISSUE
CCLE-58-TAE684-HEM,7,4,BL41_HAEMATOPOIETIC_AND_LYMPHOID_TISSUE
CCLE-58-TAE684-HEM,7,5,CI1_HAEMATOPOIETIC_AND_LYMPHOID_TISSUE
CCLE-58-TAE684-HEM,7,6,DEL_HAEMATOPOIETIC_AND_LYMPHOID_TISSUE
CCLE-58-TAE684-HEM,7,7,GRANTA519_HAEMATOPOIETIC_AND_LYMPHOID_TISSUE
CCLE-58-TAE684-HEM,7,8,JVM3_HAEMATOPOIETIC_AND_LYMPHOID_TISSUE
CCLE-58-TAE684-HEM,7,9,KASUMI2_HAEMATOPOIETIC_AND_LYMPHOID_TISSUE
CCLE-58-TAE684-HEM,7,10,KHM1B_HAEMATOPOIETIC_AND_LYMPHOID_TISSUE
CCLE-58-TAE684-HEM,7,11,MEG01_HAEMATOPOIETIC_AND_LYMPHOID_TISSUE
CCLE-58-TAE684-HEM,7,12,MOLP8_HAEMATOPOIETIC_AND_LYMPHOID_TISSUE
CCLE-58-TAE684-HEM,7,13,OPM2_HAEMATOPOIETIC_AND_LYMPHOID_TISSUE
CCLE-58-TAE684-HEM,7,14,RAJI_HAEMATOPOIETIC_AND_LYMPHOID_TISSUE
CCLE-58-TAE684-HEM,7,15,REH_HAEMATOPOIETIC_AND_LYMPHOID_TISSUE
CCLE-58-TAE684-HEM,7,16,SIGM5_HAEMATOPOIETIC_AND_LYMPHOID_TISSUE
CCLE-58-TAE684-HEM,7,17,SKMM2_HAEMATOPOIETIC_AND_LYMPHOID_TISSUE
CCLE-58-TAE684-HEM,7,18,SUDHL10_HAEMATOPOIETIC_AND_LYMPHOID_TISSUE
CCLE-58-TAE684-HEM,8,1,BL41_HAEMATOPOIETIC_AND_LYMPHOID_TISSUE
CCLE-58-TAE684-HEM,8,2,F36P_HAEMATOPOIETIC_AND_LYMPHOID_TISSUE
CCLE-58-TAE684-HEM,8,3,HT_HAEMATOPOIETIC_AND_LYMPHOID_TISSUE
CCLE-58-TAE684-HEM,8,4,JURKAT_HAEMATOPOIETIC_AND_LYMPHOID_TISSUE
CCLE-58-TAE684-HEM,8,5,KARPAS620_HAEMATOPOIETIC_AND_LYMPHOID_TISSUE
CCLE-58-TAE684-HEM,8,6,KASUMI2_HAEMATOPOIETIC_AND_LYMPHOID_TISSUE
CCLE-58-TAE684-HEM,8,7,KMS12BM_HAEMATOPOIETIC_AND_LYMPHOID_TISSUE
CCLE-58-TAE684-HEM,8,8,KMS34_HAEMATOPOIETIC_AND_LYMPHOID_TISSUE
CCLE-58-TAE684-HEM,8,9,KO52_HAEMATOPOIETIC_AND_LYMPHOID_TISSUE
CCLE-58-TAE684-HEM,8,10,KU812_HAEMATOPOIETIC_AND_LYMPHOID_TISSUE
CCLE-58-TAE684-HEM,8,11,L428_HAEMATOPOIETIC_AND_LYMPHOID_TISSUE
CCLE-58-TAE684-HEM,8,12,OPM2_HAEMATOPOIETIC_AND_LYMPHOID_TISSUE
CCLE-58-TAE684-HEM,8,13,P31FUJ_HAEMATOPOIETIC_AND_LYMPHOID_TISSUE
CCLE-58-TAE684-HEM,8,14,REH_HAEMATOPOIETIC_AND_LYMPHOID_TISSUE
CCLE-58-TAE684-HEM,8,15,SIGM5_HAEMATOPOIETIC_AND_LYMPHOID_TISSUE
CCLE-58-TAE684-HEM,8,16,SUPM2_HAEMATOPOIETIC_AND_LYMPHOID_TISSUE
CCLE-58-TAE684-HEM,8,17,SUPT1_HAEMATOPOIETIC_AND_LYMPHOID_TISSUE
CCLE-58-TAE684-HEM,8,18,TOLEDO_HAEMATOPOIETIC_AND_LYMPHOID_TISSUE
CCLE-58-TAE684-HEM,9,1,BDCM_HAEMATOPOIETIC_AND_LYMPHOID_TISSUE
CCLE-58-TAE684-HEM,9,2,CI1_HAEMATOPOIETIC_AND_LYMPHOID_TISSUE
CCLE-58-TAE684-HEM,9,3,DEL_HAEMATOPOIETIC_AND_LYMPHOID_TISSUE
CCLE-58-TAE684-HEM,9,4,DOHH2_HAEMATOPOIETIC_AND_LYMPHOID_TISSUE
CCLE-58-TAE684-HEM,9,5,F36P_HAEMATOPOIETIC_AND_LYMPHOID_TISSUE
CCLE-58-TAE684-HEM,9,6,GRANTA519_HAEMATOPOIETIC_AND_LYMPHOID_TISSUE
CCLE-58-TAE684-HEM,9,7,JURKAT_HAEMATOPOIETIC_AND_LYMPHOID_TISSUE
CCLE-58-TAE684-HEM,9,8,JVM3_HAEMATOPOIETIC_AND_LYMPHOID_TISSUE
CCLE-58-TAE684-HEM,9,9,KARPAS299_HAEMATOPOIETIC_AND_LYMPHOID_TISSUE
CCLE-58-TAE684-HEM,9,10,KASUMI2_HAEMATOPOIETIC_AND_LYMPHOID_TISSUE
CCLE-58-TAE684-HEM,9,11,KMS11_HAEMATOPOIETIC_AND_LYMPHOID_TISSUE
CCLE-58-TAE684-HEM,9,12,L428_HAEMATOPOIETIC_AND_LYMPHOID_TISSUE
CCLE-58-TAE684-HEM,9,13,MINO_HAEMATOPOIETIC_AND_LYMPHOID_TISSUE
CCLE-58-TAE684-HEM,9,14,NCO2_HAEMATOPOIETIC_AND_LYMPHOID_TISSUE
CCLE-58-TAE684-HEM,9,15,P31FUJ_HAEMATOPOIETIC_AND_LYMPHOID_TISSUE
CCLE-58-TAE684-HEM,9,16,PFEIFFER_HAEMATOPOIETIC_AND_LYMPHOID_TISSUE
CCLE-58-TAE684-HEM,9,17,SUPM2_HAEMATOPOIETIC_AND_LYMPHOID_TISSUE
CCLE-58-TAE684-HEM,9,18,TOLEDO_HAEMATOPOIETIC_AND_LYMPHOID_TISSUE
CCLE-58-TAE684-HEM,10,1,697_HAEMATOPOIETIC_AND_LYMPHOID_TISSUE
CCLE-58-TAE684-HEM,10,2,ALLSIL_HAEMATOPOIETIC_AND_LYMPHOID_TISSUE
CCLE-58-TAE684-HEM,10,3,AMO1_HAEMATOPOIETIC_AND_LYMPHOID_TISSUE
CCLE-58-TAE684-HEM,10,4,CI1_HAEMATOPOIETIC_AND_LYMPHOID_TISSUE
CCLE-58-TAE684-HEM,10,5,GRANTA519_HAEMATOPOIETIC_AND_LYMPHOID_TISSUE
CCLE-58-TAE684-HEM,10,6,HUT78_HAEMATOPOIETIC_AND_LYMPHOID_TISSUE
CCLE-58-TAE684-HEM,10,7,JVM3_HAEMATOPOIETIC_AND_LYMPHOID_TISSUE
CCLE-58-TAE684-HEM,10,8,KARPAS299_HAEMATOPOIETIC_AND_LYMPHOID_TISSUE
CCLE-58-TAE684-HEM,10,9,KASUMI2_HAEMATOPOIETIC_AND_LYMPHOID_TISSUE
CCLE-58-TAE684-HEM,10,10,KMM1_HAEMATOPOIETIC_AND_LYMPHOID_TISSUE
CCLE-58-TAE684-HEM,10,11,KMS12BM_HAEMATOPOIETIC_AND_LYMPHOID_TISSUE
CCLE-58-TAE684-HEM,10,12,KU812_HAEMATOPOIETIC_AND_LYMPHOID_TISSUE
CCLE-58-TAE684-HEM,10,13,L428_HAEMATOPOIETIC_AND_LYMPHOID_TISSUE
CCLE-58-TAE684-HEM,10,14,MJ_HAEMATOPOIETIC_AND_LYMPHOID_TISSUE
CCLE-58-TAE684-HEM,10,15,NCO2_HAEMATOPOIETIC_AND_LYMPHOID_TISSUE
CCLE-58-TAE684-HEM,10,16,P3HR1_HAEMATOPOIETIC_AND_LYMPHOID_TISSUE
CCLE-58-TAE684-HEM,10,17,RPMI8402_HAEMATOPOIETIC_AND_LYMPHOID_TISSUE
CCLE-58-TAE684-HEM,10,18,SUDHL8_HAEMATOPOIETIC_AND_LYMPHOID_TISSUE
CCLE-58-TAE684-HEM,11,1,697_HAEMATOPOIETIC_AND_LYMPHOID_TISSUE
CCLE-58-TAE684-HEM,11,2,ALLSIL_HAEMATOPOIETIC_AND_LYMPHOID_TISSUE
CCLE-58-TAE684-HEM,11,3,CI1_HAEMATOPOIETIC_AND_LYMPHOID_TISSUE
CCLE-58-TAE684-HEM,11,4,GRANTA519_HAEMATOPOIETIC_AND_LYMPHOID_TISSUE
CCLE-58-TAE684-HEM,11,5,JURKAT_HAEMATOPOIETIC_AND_LYMPHOID_TISSUE
CCLE-58-TAE684-HEM,11,6,JVM3_HAEMATOPOIETIC_AND_LYMPHOID_TISSUE
CCLE-58-TAE684-HEM,11,7,KARPAS299_HAEMATOPOIETIC_AND_LYMPHOID_TISSUE
CCLE-58-TAE684-HEM,11,8,KARPAS620_HAEMATOPOIETIC_AND_LYMPHOID_TISSUE
CCLE-58-TAE684-HEM,11,9,KMS11_HAEMATOPOIETIC_AND_LYMPHOID_TISSUE
CCLE-58-TAE684-HEM,11,10,KMS12BM_HAEMATOPOIETIC_AND_LYMPHOID_TISSUE
CCLE-58-TAE684-HEM,11,11,KMS34_HAEMATOPOIETIC_AND_LYMPHOID_TISSUE
CCLE-58-TAE684-HEM,11,12,MC116_HAEMATOPOIETIC_AND_LYMPHOID_TISSUE
CCLE-58-TAE684-HEM,11,13,MJ_HAEMATOPOIETIC_AND_LYMPHOID_TISSUE
CCLE-58-TAE684-HEM,11,14,MOLT16_HAEMATOPOIETIC_AND_LYMPHOID_TISSUE
CCLE-58-TAE684-HEM,11,15,SKMM2_HAEMATOPOIETIC_AND_LYMPHOID_TISSUE
CCLE-58-TAE684-HEM,11,16,SUDHL4_HAEMATOPOIETIC_AND_LYMPHOID_TISSUE
CCLE-58-TAE684-HEM,11,17,SUDHL8_HAEMATOPOIETIC_AND_LYMPHOID_TISSUE
CCLE-58-TAE684-HEM,11,18,SUPM2_HAEMATOPOIETIC_AND_LYMPHOID_TISSUE
CCLE-58-TAE684-HEM,12,1,697_HAEMATOPOIETIC_AND_LYMPHOID_TISSUE
CCLE-58-TAE684-HEM,12,2,ALLSIL_HAEMATOPOIETIC_AND_LYMPHOID_TISSUE
CCLE-58-TAE684-HEM,12,3,AMO1_HAEMATOPOIETIC_AND_LYMPHOID_TISSUE
CCLE-58-TAE684-HEM,12,4,BL41_HAEMATOPOIETIC_AND_LYMPHOID_TISSUE
CCLE-58-TAE684-HEM,12,5,BL70_HAEMATOPOIETIC_AND_LYMPHOID_TISSUE
CCLE-58-TAE684-HEM,12,6,DEL_HAEMATOPOIETIC_AND_LYMPHOID_TISSUE
CCLE-58-TAE684-HEM,12,7,DOHH2_HAEMATOPOIETIC_AND_LYMPHOID_TISSUE
CCLE-58-TAE684-HEM,12,8,KMS12BM_HAEMATOPOIETIC_AND_LYMPHOID_TISSUE
CCLE-58-TAE684-HEM,12,9,KMS26_HAEMATOPOIETIC_AND_LYMPHOID_TISSUE
CCLE-58-TAE684-HEM,12,10,KO52_HAEMATOPOIETIC_AND_LYMPHOID_TISSUE
CCLE-58-TAE684-HEM,12,11,OCIAML2_HAEMATOPOIETIC_AND_LYMPHOID_TISSUE
CCLE-58-TAE684-HEM,12,12,PFEIFFER_HAEMATOPOIETIC_AND_LYMPHOID_TISSUE
CCLE-58-TAE684-HEM,12,13,RAJI_HAEMATOPOIETIC_AND_LYMPHOID_TISSUE
CCLE-58-TAE684-HEM,12,14,REH_HAEMATOPOIETIC_AND_LYMPHOID_TISSUE
CCLE-58-TAE684-HEM,12,15,RPMI8402_HAEMATOPOIETIC_AND_LYMPHOID_TISSUE
CCLE-58-TAE684-HEM,12,16,SKMM2_HAEMATOPOIETIC_AND_LYMPHOID_TISSUE
CCLE-58-TAE684-HEM,12,17,SUDHL4_HAEMATOPOIETIC_AND_LYMPHOID_TISSUE
CCLE-58-TAE684-HEM,12,18,SUDHL6_HAEMATOPOIETIC_AND_LYMPHOID_TISSUE
CCLE-58-TAE684-HEM,13,1,AMO1_HAEMATOPOIETIC_AND_LYMPHOID_TISSUE
CCLE-58-TAE684-HEM,13,2,CI1_HAEMATOPOIETIC_AND_LYMPHOID_TISSUE
CCLE-58-TAE684-HEM,13,3,DEL_HAEMATOPOIETIC_AND_LYMPHOID_TISSUE
CCLE-58-TAE684-HEM,13,4,DOHH2_HAEMATOPOIETIC_AND_LYMPHOID_TISSUE
CCLE-58-TAE684-HEM,13,5,JURKAT_HAEMATOPOIETIC_AND_LYMPHOID_TISSUE
CCLE-58-TAE684-HEM,13,6,KASUMI2_HAEMATOPOIETIC_AND_LYMPHOID_TISSUE
CCLE-58-TAE684-HEM,13,7,KMS26_HAEMATOPOIETIC_AND_LYMPHOID_TISSUE
CCLE-58-TAE684-HEM,13,8,KO52_HAEMATOPOIETIC_AND_LYMPHOID_TISSUE
CCLE-58-TAE684-HEM,13,9,L363_HAEMATOPOIETIC_AND_LYMPHOID_TISSUE
CCLE-58-TAE684-HEM,13,10,L428_HAEMATOPOIETIC_AND_LYMPHOID_TISSUE
CCLE-58-TAE684-HEM,13,11,LP1_HAEMATOPOIETIC_AND_LYMPHOID_TISSUE
CCLE-58-TAE684-HEM,13,12,MC116_HAEMATOPOIETIC_AND_LYMPHOID_TISSUE
CCLE-58-TAE684-HEM,13,13,OCIAML2_HAEMATOPOIETIC_AND_LYMPHOID_TISSUE
CCLE-58-TAE684-HEM,13,14,P31FUJ_HAEMATOPOIETIC_AND_LYMPHOID_TISSUE
CCLE-58-TAE684-HEM,13,15,PFEIFFER_HAEMATOPOIETIC_AND_LYMPHOID_TISSUE
CCLE-58-TAE684-HEM,13,16,RPMI8402_HAEMATOPOIETIC_AND_LYMPHOID_TISSUE
CCLE-58-TAE684-HEM,13,17,SIGM5_HAEMATOPOIETIC_AND_LYMPHOID_TISSUE
CCLE-58-TAE684-HEM,13,18,SUPT1_HAEMATOPOIETIC_AND_LYMPHOID_TISSUE
CCLE-58-TAE684-HEM,14,1,AMO1_HAEMATOPOIETIC_AND_LYMPHOID_TISSUE
CCLE-58-TAE684-HEM,14,2,BDCM_HAEMATOPOIETIC_AND_LYMPHOID_TISSUE
CCLE-58-TAE684-HEM,14,3,BL41_HAEMATOPOIETIC_AND_LYMPHOID_TISSUE
CCLE-58-TAE684-HEM,14,4,BL70_HAEMATOPOIETIC_AND_LYMPHOID_TISSUE
CCLE-58-TAE684-HEM,14,5,DEL_HAEMATOPOIETIC_AND_LYMPHOID_TISSUE
CCLE-58-TAE684-HEM,14,6,F36P_HAEMATOPOIETIC_AND_LYMPHOID_TISSUE
CCLE-58-TAE684-HEM,14,7,KASUMI2_HAEMATOPOIETIC_AND_LYMPHOID_TISSUE
CCLE-58-TAE684-HEM,14,8,KG1_HAEMATOPOIETIC_AND_LYMPHOID_TISSUE
CCLE-58-TAE684-HEM,14,9,KMM1_HAEMATOPOIETIC_AND_LYMPHOID_TISSUE
CCLE-58-TAE684-HEM,14,10,KMS11_HAEMATOPOIETIC_AND_LYMPHOID_TISSUE
CCLE-58-TAE684-HEM,14,11,KU812_HAEMATOPOIETIC_AND_LYMPHOID_TISSUE
CCLE-58-TAE684-HEM,14,12,L428_HAEMATOPOIETIC_AND_LYMPHOID_TISSUE
CCLE-58-TAE684-HEM,14,13,MC116_HAEMATOPOIETIC_AND_LYMPHOID_TISSUE
CCLE-58-TAE684-HEM,14,14,MEG01_HAEMATOPOIETIC_AND_LYMPHOID_TISSUE
CCLE-58-TAE684-HEM,14,15,NCO2_HAEMATOPOIETIC_AND_LYMPHOID_TISSUE
CCLE-58-TAE684-HEM,14,16,RPMI8402_HAEMATOPOIETIC_AND_LYMPHOID_TISSUE
CCLE-58-TAE684-HEM,14,17,SUPM2_HAEMATOPOIETIC_AND_LYMPHOID_TISSUE
CCLE-58-TAE684-HEM,14,18,U937_HAEMATOPOIETIC_AND_LYMPHOID_TISSUE
CCLE-58-TAE684-HEM,15,1,AMO1_HAEMATOPOIETIC_AND_LYMPHOID_TISSUE
CCLE-58-TAE684-HEM,15,2,BL41_HAEMATOPOIETIC_AND_LYMPHOID_TISSUE
CCLE-58-TAE684-HEM,15,3,DEL_HAEMATOPOIETIC_AND_LYMPHOID_TISSUE
CCLE-58-TAE684-HEM,15,4,DOHH2_HAEMATOPOIETIC_AND_LYMPHOID_TISSUE
CCLE-58-TAE684-HEM,15,5,KARPAS620_HAEMATOPOIETIC_AND_LYMPHOID_TISSUE
CCLE-58-TAE684-HEM,15,6,KMM1_HAEMATOPOIETIC_AND_LYMPHOID_TISSUE
CCLE-58-TAE684-HEM,15,7,L363_HAEMATOPOIETIC_AND_LYMPHOID_TISSUE
CCLE-58-TAE684-HEM,15,8,L428_HAEMATOPOIETIC_AND_LYMPHOID_TISSUE
CCLE-58-TAE684-HEM,15,9,MC116_HAEMATOPOIETIC_AND_LYMPHOID_TISSUE
CCLE-58-TAE684-HEM,15,10,NCO2_HAEMATOPOIETIC_AND_LYMPHOID_TISSUE
CCLE-58-TAE684-HEM,15,11,OCIAML2_HAEMATOPOIETIC_AND_LYMPHOID_TISSUE
CCLE-58-TAE684-HEM,15,12,OCIAML5_HAEMATOPOIETIC_AND_LYMPHOID_TISSUE
CCLE-58-TAE684-HEM,15,13,OPM2_HAEMATOPOIETIC_AND_LYMPHOID_TISSUE
CCLE-58-TAE684-HEM,15,14,P12ICHIKAWA_HAEMATOPOIETIC_AND_LYMPHOID_TISSUE
CCLE-58-TAE684-HEM,15,15,P31FUJ_HAEMATOPOIETIC_AND_LYMPHOID_TISSUE
CCLE-58-TAE684-HEM,15,16,SKMM2_HAEMATOPOIETIC_AND_LYMPHOID_TISSUE
CCLE-58-TAE684-HEM,15,17,SUPM2_HAEMATOPOIETIC_AND_LYMPHOID_TISSUE
CCLE-58-TAE684-HEM,15,18,U937_HAEMATOPOIETIC_AND_LYMPHOID_TISSUE
CCLE-58-TAE684-HEM,16,1,AMO1_HAEMATOPOIETIC_AND_LYMPHOID_TISSUE
CCLE-58-TAE684-HEM,16,2,BDCM_HAEMATOPOIETIC_AND_LYMPHOID_TISSUE
CCLE-58-TAE684-HEM,16,3,CI1_HAEMATOPOIETIC_AND_LYMPHOID_TISSUE
CCLE-58-TAE684-HEM,16,4,DOHH2_HAEMATOPOIETIC_AND_LYMPHOID_TISSUE
CCLE-58-TAE684-HEM,16,5,EM2_HAEMATOPOIETIC_AND_LYMPHOID_TISSUE
CCLE-58-TAE684-HEM,16,6,HT_HAEMATOPOIETIC_AND_LYMPHOID_TISSUE
CCLE-58-TAE684-HEM,16,7,HUT78_HAEMATOPOIETIC_AND_LYMPHOID_TISSUE
CCLE-58-TAE684-HEM,16,8,KARPAS299_HAEMATOPOIETIC_AND_LYMPHOID_TISSUE
CCLE-58-TAE684-HEM,16,9,KCL22_HAEMATOPOIETIC_AND_LYMPHOID_TISSUE
CCLE-58-TAE684-HEM,16,10,KG1_HAEMATOPOIETIC_AND_LYMPHOID_TISSUE
CCLE-58-TAE684-HEM,16,11,KMS34_HAEMATOPOIETIC_AND_LYMPHOID_TISSUE
CCLE-58-TAE684-HEM,16,12,MJ_HAEMATOPOIETIC_AND_LYMPHOID_TISSUE
CCLE-58-TAE684-HEM,16,13,P12ICHIKAWA_HAEMATOPOIETIC_AND_LYMPHOID_TISSUE
CCLE-58-TAE684-HEM,16,14,P31FUJ_HAEMATOPOIETIC_AND_LYMPHOID_TISSUE
CCLE-58-TAE684-HEM,16,15,PFEIFFER_HAEMATOPOIETIC_AND_LYMPHOID_TISSUE
CCLE-58-TAE684-HEM,16,16,RPMI8402_HAEMATOPOIETIC_AND_LYMPHOID_TISSUE
CCLE-58-TAE684-HEM,16,17,SIGM5_HAEMATOPOIETIC_AND_LYMPHOID_TISSUE
CCLE-58-TAE684-HEM,16,18,SUDHL4_HAEMATOPOIETIC_AND_LYMPHOID_TISSUE
CCLE-58-TAE684-HEM,17,1,ALLSIL_HAEMATOPOIETIC_AND_LYMPHOID_TISSUE
CCLE-58-TAE684-HEM,17,2,AMO1_HAEMATOPOIETIC_AND_LYMPHOID_TISSUE
CCLE-58-TAE684-HEM,17,3,DEL_HAEMATOPOIETIC_AND_LYMPHOID_TISSUE
CCLE-58-TAE684-HEM,17,4,GRANTA519_HAEMATOPOIETIC_AND_LYMPHOID_TISSUE
CCLE-58-TAE684-HEM,17,5,HDMYZ_HAEMATOPOIETIC_AND_LYMPHOID_TISSUE
CCLE-58-TAE684-HEM,17,6,JM1_HAEMATOPOIETIC_AND_LYMPHOID_TISSUE
CCLE-58-TAE684-HEM,17,7,KHM1B_HAEMATOPOIETIC_AND_LYMPHOID_TISSUE
CCLE-58-TAE684-HEM,17,8,KMM1_HAEMATOPOIETIC_AND_LYMPHOID_TISSUE
CCLE-58-TAE684-HEM,17,9,KMS12BM_HAEMATOPOIETIC_AND_LYMPHOID_TISSUE
CCLE-58-TAE684-HEM,17,10,KMS26_HAEMATOPOIETIC_AND_LYMPHOID_TISSUE
CCLE-58-TAE684-HEM,17,11,MC116_HAEMATOPOIETIC_AND_LYMPHOID_TISSUE
CCLE-58-TAE684-HEM,17,12,MEG01_HAEMATOPOIETIC_AND_LYMPHOID_TISSUE
CCLE-58-TAE684-HEM,17,13,MJ_HAEMATOPOIETIC_AND_LYMPHOID_TISSUE
CCLE-58-TAE684-HEM,17,14,MOLP8_HAEMATOPOIETIC_AND_LYMPHOID_TISSUE
CCLE-58-TAE684-HEM,17,15,P12ICHIKAWA_HAEMATOPOIETIC_AND_LYMPHOID_TISSUE
CCLE-58-TAE684-HEM,17,16,RPMI8402_HAEMATOPOIETIC_AND_LYMPHOID_TISSUE
CCLE-58-TAE684-HEM,17,17,SUPT1_HAEMATOPOIETIC_AND_LYMPHOID_TISSUE
CCLE-58-TAE684-HEM,17,18,TOLEDO_HAEMATOPOIETIC_AND_LYMPHOID_TISSUE
CCLE-58-TAE684-HEM,18,1,DEL_HAEMATOPOIETIC_AND_LYMPHOID_TISSUE
CCLE-58-TAE684-HEM,18,2,HH_HAEMATOPOIETIC_AND_LYMPHOID_TISSUE
CCLE-58-TAE684-HEM,18,3,HT_HAEMATOPOIETIC_AND_LYMPHOID_TISSUE
CCLE-58-TAE684-HEM,18,4,KARPAS299_HAEMATOPOIETIC_AND_LYMPHOID_TISSUE
CCLE-58-TAE684-HEM,18,5,KARPAS620_HAEMATOPOIETIC_AND_LYMPHOID_TISSUE
CCLE-58-TAE684-HEM,18,6,KMS12BM_HAEMATOPOIETIC_AND_LYMPHOID_TISSUE
CCLE-58-TAE684-HEM,18,7,KO52_HAEMATOPOIETIC_AND_LYMPHOID_TISSUE
CCLE-58-TAE684-HEM,18,8,KU812_HAEMATOPOIETIC_AND_LYMPHOID_TISSUE
CCLE-58-TAE684-HEM,18,9,LP1_HAEMATOPOIETIC_AND_LYMPHOID_TISSUE
CCLE-58-TAE684-HEM,18,10,MINO_HAEMATOPOIETIC_AND_LYMPHOID_TISSUE
CCLE-58-TAE684-HEM,18,11,MOLP8_HAEMATOPOIETIC_AND_LYMPHOID_TISSUE
CCLE-58-TAE684-HEM,18,12,MOLT16_HAEMATOPOIETIC_AND_LYMPHOID_TISSUE
CCLE-58-TAE684-HEM,18,13,P12ICHIKAWA_HAEMATOPOIETIC_AND_LYMPHOID_TISSUE
CCLE-58-TAE684-HEM,18,14,P31FUJ_HAEMATOPOIETIC_AND_LYMPHOID_TISSUE
CCLE-58-TAE684-HEM,18,15,PFEIFFER_HAEMATOPOIETIC_AND_LYMPHOID_TISSUE
CCLE-58-TAE684-HEM,18,16,RPMI8402_HAEMATOPOIETIC_AND_LYMPHOID_TISSUE
CCLE-58-TAE684-HEM,18,17,SUDHL10_HAEMATOPOIETIC_AND_LYMPHOID_TISSUE
CCLE-58-TAE684-HEM,18,18,TOLEDO_HAEMATOPOIETIC_AND_LYMPHOID_TISSUE
CCLE-58-TAE684-HEM,19,1,CI1_HAEMATOPOIETIC_AND_LYMPHOID_TISSUE
CCLE-58-TAE684-HEM,19,2,EM2_HAEMATOPOIETIC_AND_LYMPHOID_TISSUE
CCLE-58-TAE684-HEM,19,3,HDMYZ_HAEMATOPOIETIC_AND_LYMPHOID_TISSUE
CCLE-58-TAE684-HEM,19,4,JM1_HAEMATOPOIETIC_AND_LYMPHOID_TISSUE
CCLE-58-TAE684-HEM,19,5,KARPAS620_HAEMATOPOIETIC_AND_LYMPHOID_TISSUE
CCLE-58-TAE684-HEM,19,6,KASUMI2_HAEMATOPOIETIC_AND_LYMPHOID_TISSUE
CCLE-58-TAE684-HEM,19,7,KMS12BM_HAEMATOPOIETIC_AND_LYMPHOID_TISSUE
CCLE-58-TAE684-HEM,19,8,KMS26_HAEMATOPOIETIC_AND_LYMPHOID_TISSUE
CCLE-58-TAE684-HEM,19,9,KMS34_HAEMATOPOIETIC_AND_LYMPHOID_TISSUE
CCLE-58-TAE684-HEM,19,10,KU812_HAEMATOPOIETIC_AND_LYMPHOID_TISSUE
CCLE-58-TAE684-HEM,19,11,MEG01_HAEMATOPOIETIC_AND_LYMPHOID_TISSUE
CCLE-58-TAE684-HEM,19,12,MINO_HAEMATOPOIETIC_AND_LYMPHOID_TISSUE
CCLE-58-TAE684-HEM,19,13,MOLT16_HAEMATOPOIETIC_AND_LYMPHOID_TISSUE
CCLE-58-TAE684-HEM,19,14,NCO2_HAEMATOPOIETIC_AND_LYMPHOID_TISSUE
CCLE-58-TAE684-HEM,19,15,OPM2_HAEMATOPOIETIC_AND_LYMPHOID_TISSUE
CCLE-58-TAE684-HEM,19,16,P3HR1_HAEMATOPOIETIC_AND_LYMPHOID_TISSUE
CCLE-58-TAE684-HEM,19,17,RPMI8402_HAEMATOPOIETIC_AND_LYMPHOID_TISSUE
CCLE-58-TAE684-HEM,19,18,TOLEDO_HAEMATOPOIETIC_AND_LYMPHOID_TISSUE
CCLE-58-TAE684-HEM,20,1,697_HAEMATOPOIETIC_AND_LYMPHOID_TISSUE
CCLE-58-TAE684-HEM,20,2,BDCM_HAEMATOPOIETIC_AND_LYMPHOID_TISSUE
CCLE-58-TAE684-HEM,20,3,BL41_HAEMATOPOIETIC_AND_LYMPHOID_TISSUE
CCLE-58-TAE684-HEM,20,4,BL70_HAEMATOPOIETIC_AND_LYMPHOID_TISSUE
CCLE-58-TAE684-HEM,20,5,DEL_HAEMATOPOIETIC_AND_LYMPHOID_TISSUE
CCLE-58-TAE684-HEM,20,6,DOHH2_HAEMATOPOIETIC_AND_LYMPHOID_TISSUE
CCLE-58-TAE684-HEM,20,7,HT_HAEMATOPOIETIC_AND_LYMPHOID_TISSUE
CCLE-58-TAE684-HEM,20,8,HUT78_HAEMATOPOIETIC_AND_LYMPHOID_TISSUE
CCLE-58-TAE684-HEM,20,9,KARPAS620_HAEMATOPOIETIC_AND_LYMPHOID_TISSUE
CCLE-58-TAE684-HEM,20,10,MC116_HAEMATOPOIETIC_AND_LYMPHOID_TISSUE
CCLE-58-TAE684-HEM,20,11,MEG01_HAEMATOPOIETIC_AND_LYMPHOID_TISSUE
CCLE-58-TAE684-HEM,20,12,OCIAML2_HAEMATOPOIETIC_AND_LYMPHOID_TISSUE
CCLE-58-TAE684-HEM,20,13,OCIAML5_HAEMATOPOIETIC_AND_LYMPHOID_TISSUE
CCLE-58-TAE684-HEM,20,14,P31FUJ_HAEMATOPOIETIC_AND_LYMPHOID_TISSUE
CCLE-58-TAE684-HEM,20,15,PFEIFFER_HAEMATOPOIETIC_AND_LYMPHOID_TISSUE
CCLE-58-TAE684-HEM,20,16,SUDHL4_HAEMATOPOIETIC_AND_LYMPHOID_TISSUE
CCLE-58-TAE684-HEM,20,17,SUDHL6_HAEMATOPOIETIC_AND_LYMPHOID_TISSUE
CCLE-58-TAE684-HEM,20,18,SUDHL8_HAEMATOPOIETIC_AND_LYMPHOID_TISSUE
CCLE-58-TAE684-HEM,21,1,EM2_HAEMATOPOIETIC_AND_LYMPHOID_TISSUE
CCLE-58-TAE684-HEM,21,2,HH_HAEMATOPOIETIC_AND_LYMPHOID_TISSUE
CCLE-58-TAE684-HEM,21,3,HT_HAEMATOPOIETIC_AND_LYMPHOID_TISSUE
CCLE-58-TAE684-HEM,21,4,JM1_HAEMATOPOIETIC_AND_LYMPHOID_TISSUE
CCLE-58-TAE684-HEM,21,5,KARPAS299_HAEMATOPOIETIC_AND_LYMPHOID_TISSUE
CCLE-58-TAE684-HEM,21,6,KARPAS620_HAEMATOPOIETIC_AND_LYMPHOID_TISSUE
CCLE-58-TAE684-HEM,21,7,KCL22_HAEMATOPOIETIC_AND_LYMPHOID_TISSUE
CCLE-58-TAE684-HEM,21,8,KG1_HAEMATOPOIETIC_AND_LYMPHOID_TISSUE
CCLE-58-TAE684-HEM,21,9,KHM1B_HAEMATOPOIETIC_AND_LYMPHOID_TISSUE
CCLE-58-TAE684-HEM,21,10,KMS12BM_HAEMATOPOIETIC_AND_LYMPHOID_TISSUE
CCLE-58-TAE684-HEM,21,11,KO52_HAEMATOPOIETIC_AND_LYMPHOID_TISSUE
CCLE-58-TAE684-HEM,21,12,LP1_HAEMATOPOIETIC_AND_LYMPHOID_TISSUE
CCLE-58-TAE684-HEM,21,13,NCO2_HAEMATOPOIETIC_AND_LYMPHOID_TISSUE
CCLE-58-TAE684-HEM,21,14,OCIAML2_HAEMATOPOIETIC_AND_LYMPHOID_TISSUE
CCLE-58-TAE684-HEM,21,15,P3HR1_HAEMATOPOIETIC_AND_LYMPHOID_TISSUE
CCLE-58-TAE684-HEM,21,16,REH_HAEMATOPOIETIC_AND_LYMPHOID_TISSUE
CCLE-58-TAE684-HEM,21,17,RPMI8402_HAEMATOPOIETIC_AND_LYMPHOID_TISSUE
CCLE-58-TAE684-HEM,21,18,SUPT1_HAEMATOPOIETIC_AND_LYMPHOID_TISSUE
CCLE-58-TAE684-HEM,22,1,BL70_HAEMATOPOIETIC_AND_LYMPHOID_TISSUE
CCLE-58-TAE684-HEM,22,2,DEL_HAEMATOPOIETIC_AND_LYMPHOID_TISSUE
CCLE-58-TAE684-HEM,22,3,EM2_HAEMATOPOIETIC_AND_LYMPHOID_TISSUE
CCLE-58-TAE684-HEM,22,4,F36P_HAEMATOPOIETIC_AND_LYMPHOID_TISSUE
CCLE-58-TAE684-HEM,22,5,HH_HAEMATOPOIETIC_AND_LYMPHOID_TISSUE
CCLE-58-TAE684-HEM,22,6,KASUMI2_HAEMATOPOIETIC_AND_LYMPHOID_TISSUE
CCLE-58-TAE684-HEM,22,7,KCL22_HAEMATOPOIETIC_AND_LYMPHOID_TISSUE
CCLE-58-TAE684-HEM,22,8,KHM1B_HAEMATOPOIETIC_AND_LYMPHOID_TISSUE
CCLE-58-TAE684-HEM,22,9,KMM1_HAEMATOPOIETIC_AND_LYMPHOID_TISSUE
CCLE-58-TAE684-HEM,22,10,KMS11_HAEMATOPOIETIC_AND_LYMPHOID_TISSUE
CCLE-58-TAE684-HEM,22,11,L428_HAEMATOPOIETIC_AND_LYMPHOID_TISSUE
CCLE-58-TAE684-HEM,22,12,LP1_HAEMATOPOIETIC_AND_LYMPHOID_TISSUE
CCLE-58-TAE684-HEM,22,13,MINO_HAEMATOPOIETIC_AND_LYMPHOID_TISSUE
CCLE-58-TAE684-HEM,22,14,P3HR1_HAEMATOPOIETIC_AND_LYMPHOID_TISSUE
CCLE-58-TAE684-HEM,22,15,SIGM5_HAEMATOPOIETIC_AND_LYMPHOID_TISSUE
CCLE-58-TAE684-HEM,22,16,SUDHL4_HAEMATOPOIETIC_AND_LYMPHOID_TISSUE
CCLE-58-TAE684-HEM,22,17,SUDHL6_HAEMATOPOIETIC_AND_LYMPHOID_TISSUE
CCLE-58-TAE684-HEM,22,18,SUPM2_HAEMATOPOIETIC_AND_LYMPHOID_TISSUE
CCLE-58-TAE684-HEM,23,1,697_HAEMATOPOIETIC_AND_LYMPHOID_TISSUE
CCLE-58-TAE684-HEM,23,2,AMO1_HAEMATOPOIETIC_AND_LYMPHOID_TISSUE
CCLE-58-TAE684-HEM,23,3,EM2_HAEMATOPOIETIC_AND_LYMPHOID_TISSUE
CCLE-58-TAE684-HEM,23,4,HH_HAEMATOPOIETIC_AND_LYMPHOID_TISSUE
CCLE-58-TAE684-HEM,23,5,KARPAS299_HAEMATOPOIETIC_AND_LYMPHOID_TISSUE
CCLE-58-TAE684-HEM,23,6,KASUMI2_HAEMATOPOIETIC_AND_LYMPHOID_TISSUE
CCLE-58-TAE684-HEM,23,7,KMM1_HAEMATOPOIETIC_AND_LYMPHOID_TISSUE
CCLE-58-TAE684-HEM,23,8,KMS12BM_HAEMATOPOIETIC_AND_LYMPHOID_TISSUE
CCLE-58-TAE684-HEM,23,9,KMS26_HAEMATOPOIETIC_AND_LYMPHOID_TISSUE
CCLE-58-TAE684-HEM,23,10,MEG01_HAEMATOPOIETIC_AND_LYMPHOID_TISSUE
CCLE-58-TAE684-HEM,23,11,MINO_HAEMATOPOIETIC_AND_LYMPHOID_TISSUE
CCLE-58-TAE684-HEM,23,12,MOLP8_HAEMATOPOIETIC_AND_LYMPHOID_TISSUE
CCLE-58-TAE684-HEM,23,13,MOLT16_HAEMATOPOIETIC_AND_LYMPHOID_TISSUE
CCLE-58-TAE684-HEM,23,14,OCIAML2_HAEMATOPOIETIC_AND_LYMPHOID_TISSUE
CCLE-58-TAE684-HEM,23,15,OPM2_HAEMATOPOIETIC_AND_LYMPHOID_TISSUE
CCLE-58-TAE684-HEM,23,16,SIGM5_HAEMATOPOIETIC_AND_LYMPHOID_TISSUE
CCLE-58-TAE684-HEM,23,17,SUDHL10_HAEMATOPOIETIC_AND_LYMPHOID_TISSUE
CCLE-58-TAE684-HEM,23,18,SUPM2_HAEMATOPOIETIC_AND_LYMPHOID_TISSUE
CCLE-58-TAE684-HEM,24,1,BDCM_HAEMATOPOIETIC_AND_LYMPHOID_TISSUE
CCLE-58-TAE684-HEM,24,2,EM2_HAEMATOPOIETIC_AND_LYMPHOID_TISSUE
CCLE-58-TAE684-HEM,24,3,GRANTA519_HAEMATOPOIETIC_AND_LYMPHOID_TISSUE
CCLE-58-TAE684-HEM,24,4,HH_HAEMATOPOIETIC_AND_LYMPHOID_TISSUE
CCLE-58-TAE684-HEM,24,5,JURKAT_HAEMATOPOIETIC_AND_LYMPHOID_TISSUE
CCLE-58-TAE684-HEM,24,6,KMM1_HAEMATOPOIETIC_AND_LYMPHOID_TISSUE
CCLE-58-TAE684-HEM,24,7,KMS26_HAEMATOPOIETIC_AND_LYMPHOID_TISSUE
CCLE-58-TAE684-HEM,24,8,KU812_HAEMATOPOIETIC_AND_LYMPHOID_TISSUE
CCLE-58-TAE684-HEM,24,9,L363_HAEMATOPOIETIC_AND_LYMPHOID_TISSUE
CCLE-58-TAE684-HEM,24,10,L428_HAEMATOPOIETIC_AND_LYMPHOID_TISSUE
CCLE-58-TAE684-HEM,24,11,MOLP8_HAEMATOPOIETIC_AND_LYMPHOID_TISSUE
CCLE-58-TAE684-HEM,24,12,NCO2_HAEMATOPOIETIC_AND_LYMPHOID_TISSUE
CCLE-58-TAE684-HEM,24,13,OPM2_HAEMATOPOIETIC_AND_LYMPHOID_TISSUE
CCLE-58-TAE684-HEM,24,14,P31FUJ_HAEMATOPOIETIC_AND_LYMPHOID_TISSUE
CCLE-58-TAE684-HEM,24,15,RAJI_HAEMATOPOIETIC_AND_LYMPHOID_TISSUE
CCLE-58-TAE684-HEM,24,16,SIGM5_HAEMATOPOIETIC_AND_LYMPHOID_TISSUE
CCLE-58-TAE684-HEM,24,17,SUPM2_HAEMATOPOIETIC_AND_LYMPHOID_TISSUE
CCLE-58-TAE684-HEM,24,18,U937_HAEMATOPOIETIC_AND_LYMPHOID_TISSUE
CCLE-58-TAE684-HEM,25,1,BDCM_HAEMATOPOIETIC_AND_LYMPHOID_TISSUE
CCLE-58-TAE684-HEM,25,2,BL41_HAEMATOPOIETIC_AND_LYMPHOID_TISSUE
CCLE-58-TAE684-HEM,25,3,EM2_HAEMATOPOIETIC_AND_LYMPHOID_TISSUE
CCLE-58-TAE684-HEM,25,4,GRANTA519_HAEMATOPOIETIC_AND_LYMPHOID_TISSUE
CCLE-58-TAE684-HEM,25,5,HT_HAEMATOPOIETIC_AND_LYMPHOID_TISSUE
CCLE-58-TAE684-HEM,25,6,KARPAS299_HAEMATOPOIETIC_AND_LYMPHOID_TISSUE
CCLE-58-TAE684-HEM,25,7,KMS26_HAEMATOPOIETIC_AND_LYMPHOID_TISSUE
CCLE-58-TAE684-HEM,25,8,L363_HAEMATOPOIETIC_AND_LYMPHOID_TISSUE
CCLE-58-TAE684-HEM,25,9,MEG01_HAEMATOPOIETIC_AND_LYMPHOID_TISSUE
CCLE-58-TAE684-HEM,25,10,MJ_HAEMATOPOIETIC_AND_LYMPHOID_TISSUE
CCLE-58-TAE684-HEM,25,11,NCO2_HAEMATOPOIETIC_AND_LYMPHOID_TISSUE
CCLE-58-TAE684-HEM,25,12,OPM2_HAEMATOPOIETIC_AND_LYMPHOID_TISSUE
CCLE-58-TAE684-HEM,25,13,PFEIFFER_HAEMATOPOIETIC_AND_LYMPHOID_TISSUE
CCLE-58-TAE684-HEM,25,14,SIGM5_HAEMATOPOIETIC_AND_LYMPHOID_TISSUE
CCLE-58-TAE684-HEM,25,15,SUDHL10_HAEMATOPOIETIC_AND_LYMPHOID_TISSUE
CCLE-58-TAE684-HEM,25,16,SUDHL4_HAEMATOPOIETIC_AND_LYMPHOID_TISSUE
CCLE-58-TAE684-HEM,25,17,SUDHL6_HAEMATOPOIETIC_AND_LYMPHOID_TISSUE
CCLE-58-TAE684-HEM,25,18,SUDHL8_HAEMATOPOIETIC_AND_LYMPHOID_TISSUE
CCLE-58-TAE684-HEM,26,1,BL41_HAEMATOPOIETIC_AND_LYMPHOID_TISSUE
CCLE-58-TAE684-HEM,26,2,CI1_HAEMATOPOIETIC_AND_LYMPHOID_TISSUE
CCLE-58-TAE684-HEM,26,3,DOHH2_HAEMATOPOIETIC_AND_LYMPHOID_TISSUE
CCLE-58-TAE684-HEM,26,4,HDMYZ_HAEMATOPOIETIC_AND_LYMPHOID_TISSUE
CCLE-58-TAE684-HEM,26,5,HT_HAEMATOPOIETIC_AND_LYMPHOID_TISSUE
CCLE-58-TAE684-HEM,26,6,KARPAS299_HAEMATOPOIETIC_AND_LYMPHOID_TISSUE
CCLE-58-TAE684-HEM,26,7,KASUMI2_HAEMATOPOIETIC_AND_LYMPHOID_TISSUE
CCLE-58-TAE684-HEM,26,8,KCL22_HAEMATOPOIETIC_AND_LYMPHOID_TISSUE
CCLE-58-TAE684-HEM,26,9,KMS11_HAEMATOPOIETIC_AND_LYMPHOID_TISSUE
CCLE-58-TAE684-HEM,26,10,KO52_HAEMATOPOIETIC_AND_LYMPHOID_TISSUE
CCLE-58-TAE684-HEM,26,11,L363_HAEMATOPOIETIC_AND_LYMPHOID_TISSUE
CCLE-58-TAE684-HEM,26,12,LP1_HAEMATOPOIETIC_AND_LYMPHOID_TISSUE
CCLE-58-TAE684-HEM,26,13,MJ_HAEMATOPOIETIC_AND_LYMPHOID_TISSUE
CCLE-58-TAE684-HEM,26,14,OCIAML2_HAEMATOPOIETIC_AND_LYMPHOID_TISSUE
CCLE-58-TAE684-HEM,26,15,SIGM5_HAEMATOPOIETIC_AND_LYMPHOID_TISSUE
CCLE-58-TAE684-HEM,26,16,SUDHL4_HAEMATOPOIETIC_AND_LYMPHOID_TISSUE
CCLE-58-TAE684-HEM,26,17,SUPM2_HAEMATOPOIETIC_AND_LYMPHOID_TISSUE
CCLE-58-TAE684-HEM,26,18,SUPT1_HAEMATOPOIETIC_AND_LYMPHOID_TISSUE
CCLE-58-TAE684-HEM,27,1,697_HAEMATOPOIETIC_AND_LYMPHOID_TISSUE
CCLE-58-TAE684-HEM,27,2,DEL_HAEMATOPOIETIC_AND_LYMPHOID_TISSUE
CCLE-58-TAE684-HEM,27,3,HDMYZ_HAEMATOPOIETIC_AND_LYMPHOID_TISSUE
CCLE-58-TAE684-HEM,27,4,JVM3_HAEMATOPOIETIC_AND_LYMPHOID_TISSUE
CCLE-58-TAE684-HEM,27,5,KASUMI2_HAEMATOPOIETIC_AND_LYMPHOID_TISSUE
CCLE-58-TAE684-HEM,27,6,KG1_HAEMATOPOIETIC_AND_LYMPHOID_TISSUE
CCLE-58-TAE684-HEM,27,7,KMS34_HAEMATOPOIETIC_AND_LYMPHOID_TISSUE
CCLE-58-TAE684-HEM,27,8,L428_HAEMATOPOIETIC_AND_LYMPHOID_TISSUE
CCLE-58-TAE684-HEM,27,9,LP1_HAEMATOPOIETIC_AND_LYMPHOID_TISSUE
CCLE-58-TAE684-HEM,27,10,MINO_HAEMATOPOIETIC_AND_LYMPHOID_TISSUE
CCLE-58-TAE684-HEM,27,11,MJ_HAEMATOPOIETIC_AND_LYMPHOID_TISSUE
CCLE-58-TAE684-HEM,27,12,NCO2_HAEMATOPOIETIC_AND_LYMPHOID_TISSUE
CCLE-58-TAE684-HEM,27,13,OPM2_HAEMATOPOIETIC_AND_LYMPHOID_TISSUE
CCLE-58-TAE684-HEM,27,14,P3HR1_HAEMATOPOIETIC_AND_LYMPHOID_TISSUE
CCLE-58-TAE684-HEM,27,15,PFEIFFER_HAEMATOPOIETIC_AND_LYMPHOID_TISSUE
CCLE-58-TAE684-HEM,27,16,SIGM5_HAEMATOPOIETIC_AND_LYMPHOID_TISSUE
CCLE-58-TAE684-HEM,27,17,SKMM2_HAEMATOPOIETIC_AND_LYMPHOID_TISSUE
CCLE-58-TAE684-HEM,27,18,SUDHL10_HAEMATOPOIETIC_AND_LYMPHOID_TISSUE
CCLE-58-TAE684-HEM,28,1,697_HAEMATOPOIETIC_AND_LYMPHOID_TISSUE
CCLE-58-TAE684-HEM,28,2,ALLSIL_HAEMATOPOIETIC_AND_LYMPHOID_TISSUE
CCLE-58-TAE684-HEM,28,3,BDCM_HAEMATOPOIETIC_AND_LYMPHOID_TISSUE
CCLE-58-TAE684-HEM,28,4,DOHH2_HAEMATOPOIETIC_AND_LYMPHOID_TISSUE
CCLE-58-TAE684-HEM,28,5,EM2_HAEMATOPOIETIC_AND_LYMPHOID_TISSUE
CCLE-58-TAE684-HEM,28,6,HH_HAEMATOPOIETIC_AND_LYMPHOID_TISSUE
CCLE-58-TAE684-HEM,28,7,HT_HAEMATOPOIETIC_AND_LYMPHOID_TISSUE
CCLE-58-TAE684-HEM,28,8,JVM3_HAEMATOPOIETIC_AND_LYMPHOID_TISSUE
CCLE-58-TAE684-HEM,28,9,KARPAS620_HAEMATOPOIETIC_AND_LYMPHOID_TISSUE
CCLE-58-TAE684-HEM,28,10,KMM1_HAEMATOPOIETIC_AND_LYMPHOID_TISSUE
CCLE-58-TAE684-HEM,28,11,KMS12BM_HAEMATOPOIETIC_AND_LYMPHOID_TISSUE
CCLE-58-TAE684-HEM,28,12,LP1_HAEMATOPOIETIC_AND_LYMPHOID_TISSUE
CCLE-58-TAE684-HEM,28,13,MINO_HAEMATOPOIETIC_AND_LYMPHOID_TISSUE
CCLE-58-TAE684-HEM,28,14,OCIAML2_HAEMATOPOIETIC_AND_LYMPHOID_TISSUE
CCLE-58-TAE684-HEM,28,15,RPMI8402_HAEMATOPOIETIC_AND_LYMPHOID_TISSUE
CCLE-58-TAE684-HEM,28,16,SUDHL4_HAEMATOPOIETIC_AND_LYMPHOID_TISSUE
CCLE-58-TAE684-HEM,28,17,TOLEDO_HAEMATOPOIETIC_AND_LYMPHOID_TISSUE
CCLE-58-TAE684-HEM,28,18,U937_HAEMATOPOIETIC_AND_LYMPHOID_TISSUE
CCLE-58-TAE684-HEM,29,1,BDCM_HAEMATOPOIETIC_AND_LYMPHOID_TISSUE
CCLE-58-TAE684-HEM,29,2,BL70_HAEMATOPOIETIC_AND_LYMPHOID_TISSUE
CCLE-58-TAE684-HEM,29,3,GRANTA519_HAEMATOPOIETIC_AND_LYMPHOID_TISSUE
CCLE-58-TAE684-HEM,29,4,JURKAT_HAEMATOPOIETIC_AND_LYMPHOID_TISSUE
CCLE-58-TAE684-HEM,29,5,KARPAS620_HAEMATOPOIETIC_AND_LYMPHOID_TISSUE
CCLE-58-TAE684-HEM,29,6,KCL22_HAEMATOPOIETIC_AND_LYMPHOID_TISSUE
CCLE-58-TAE684-HEM,29,7,KHM1B_HAEMATOPOIETIC_AND_LYMPHOID_TISSUE
CCLE-58-TAE684-HEM,29,8,KMM1_HAEMATOPOIETIC_AND_LYMPHOID_TISSUE
CCLE-58-TAE684-HEM,29,9,KMS11_HAEMATOPOIETIC_AND_LYMPHOID_TISSUE
CCLE-58-TAE684-HEM,29,10,L363_HAEMATOPOIETIC_AND_LYMPHOID_TISSUE
CCLE-58-TAE684-HEM,29,11,LP1_HAEMATOPOIETIC_AND_LYMPHOID_TISSUE
CCLE-58-TAE684-HEM,29,12,MINO_HAEMATOPOIETIC_AND_LYMPHOID_TISSUE
CCLE-58-TAE684-HEM,29,13,MOLP8_HAEMATOPOIETIC_AND_LYMPHOID_TISSUE
CCLE-58-TAE684-HEM,29,14,MOLT16_HAEMATOPOIETIC_AND_LYMPHOID_TISSUE
CCLE-58-TAE684-HEM,29,15,OCIAML5_HAEMATOPOIETIC_AND_LYMPHOID_TISSUE
CCLE-58-TAE684-HEM,29,16,P12ICHIKAWA_HAEMATOPOIETIC_AND_LYMPHOID_TISSUE
CCLE-58-TAE684-HEM,29,17,SIGM5_HAEMATOPOIETIC_AND_LYMPHOID_TISSUE
CCLE-58-TAE684-HEM,29,18,SKMM2_HAEMATOPOIETIC_AND_LYMPHOID_TISSUE
CCLE-58-TAE684-HEM,30,1,BDCM_HAEMATOPOIETIC_AND_LYMPHOID_TISSUE
CCLE-58-TAE684-HEM,30,2,CI1_HAEMATOPOIETIC_AND_LYMPHOID_TISSUE
CCLE-58-TAE684-HEM,30,3,DOHH2_HAEMATOPOIETIC_AND_LYMPHOID_TISSUE
CCLE-58-TAE684-HEM,30,4,HH_HAEMATOPOIETIC_AND_LYMPHOID_TISSUE
CCLE-58-TAE684-HEM,30,5,KARPAS299_HAEMATOPOIETIC_AND_LYMPHOID_TISSUE
CCLE-58-TAE684-HEM,30,6,KCL22_HAEMATOPOIETIC_AND_LYMPHOID_TISSUE
CCLE-58-TAE684-HEM,30,7,KG1_HAEMATOPOIETIC_AND_LYMPHOID_TISSUE
CCLE-58-TAE684-HEM,30,8,KMM1_HAEMATOPOIETIC_AND_LYMPHOID_TISSUE
CCLE-58-TAE684-HEM,30,9,KMS11_HAEMATOPOIETIC_AND_LYMPHOID_TISSUE
CCLE-58-TAE684-HEM,30,10,KMS12BM_HAEMATOPOIETIC_AND_LYMPHOID_TISSUE
CCLE-58-TAE684-HEM,30,11,KMS26_HAEMATOPOIETIC_AND_LYMPHOID_TISSUE
CCLE-58-TAE684-HEM,30,12,L363_HAEMATOPOIETIC_AND_LYMPHOID_TISSUE
CCLE-58-TAE684-HEM,30,13,MEG01_HAEMATOPOIETIC_AND_LYMPHOID_TISSUE
CCLE-58-TAE684-HEM,30,14,MOLT16_HAEMATOPOIETIC_AND_LYMPHOID_TISSUE
CCLE-58-TAE684-HEM,30,15,NCO2_HAEMATOPOIETIC_AND_LYMPHOID_TISSUE
CCLE-58-TAE684-HEM,30,16,OCIAML2_HAEMATOPOIETIC_AND_LYMPHOID_TISSUE
CCLE-58-TAE684-HEM,30,17,P12ICHIKAWA_HAEMATOPOIETIC_AND_LYMPHOID_TISSUE
CCLE-58-TAE684-HEM,30,18,SUDHL4_HAEMATOPOIETIC_AND_LYMPHOID_TISSUE
CCLE-58-TAE684-HEM,31,1,BDCM_HAEMATOPOIETIC_AND_LYMPHOID_TISSUE
CCLE-58-TAE684-HEM,31,2,BL70_HAEMATOPOIETIC_AND_LYMPHOID_TISSUE
CCLE-58-TAE684-HEM,31,3,F36P_HAEMATOPOIETIC_AND_LYMPHOID_TISSUE
CCLE-58-TAE684-HEM,31,4,HT_HAEMATOPOIETIC_AND_LYMPHOID_TISSUE
CCLE-58-TAE684-HEM,31,5,KARPAS299_HAEMATOPOIETIC_AND_LYMPHOID_TISSUE
CCLE-58-TAE684-HEM,31,6,KASUMI2_HAEMATOPOIETIC_AND_LYMPHOID_TISSUE
CCLE-58-TAE684-HEM,31,7,KCL22_HAEMATOPOIETIC_AND_LYMPHOID_TISSUE
CCLE-58-TAE684-HEM,31,8,KHM1B_HAEMATOPOIETIC_AND_LYMPHOID_TISSUE
CCLE-58-TAE684-HEM,31,9,KMS26_HAEMATOPOIETIC_AND_LYMPHOID_TISSUE
CCLE-58-TAE684-HEM,31,10,KMS34_HAEMATOPOIETIC_AND_LYMPHOID_TISSUE
CCLE-58-TAE684-HEM,31,11,KO52_HAEMATOPOIETIC_AND_LYMPHOID_TISSUE
CCLE-58-TAE684-HEM,31,12,MC116_HAEMATOPOIETIC_AND_LYMPHOID_TISSUE
CCLE-58-TAE684-HEM,31,13,MINO_HAEMATOPOIETIC_AND_LYMPHOID_TISSUE
CCLE-58-TAE684-HEM,31,14,P3HR1_HAEMATOPOIETIC_AND_LYMPHOID_TISSUE
CCLE-58-TAE684-HEM,31,15,RAJI_HAEMATOPOIETIC_AND_LYMPHOID_TISSUE
CCLE-58-TAE684-HEM,31,16,SUDHL8_HAEMATOPOIETIC_AND_LYMPHOID_TISSUE
CCLE-58-TAE684-HEM,31,17,SUPM2_HAEMATOPOIETIC_AND_LYMPHOID_TISSUE
CCLE-58-TAE684-HEM,31,18,SUPT1_HAEMATOPOIETIC_AND_LYMPHOID_TISSUE
CCLE-58-TAE684-HEM,32,1,CI1_HAEMATOPOIETIC_AND_LYMPHOID_TISSUE
CCLE-58-TAE684-HEM,32,2,DEL_HAEMATOPOIETIC_AND_LYMPHOID_TISSUE
CCLE-58-TAE684-HEM,32,3,F36P_HAEMATOPOIETIC_AND_LYMPHOID_TISSUE
CCLE-58-TAE684-HEM,32,4,GRANTA519_HAEMATOPOIETIC_AND_LYMPHOID_TISSUE
CCLE-58-TAE684-HEM,32,5,JM1_HAEMATOPOIETIC_AND_LYMPHOID_TISSUE
CCLE-58-TAE684-HEM,32,6,JVM3_HAEMATOPOIETIC_AND_LYMPHOID_TISSUE
CCLE-58-TAE684-HEM,32,7,KHM1B_HAEMATOPOIETIC_AND_LYMPHOID_TISSUE
CCLE-58-TAE684-HEM,32,8,KMS11_HAEMATOPOIETIC_AND_LYMPHOID_TISSUE
CCLE-58-TAE684-HEM,32,9,KMS34_HAEMATOPOIETIC_AND_LYMPHOID_TISSUE
CCLE-58-TAE684-HEM,32,10,KU812_HAEMATOPOIETIC_AND_LYMPHOID_TISSUE
CCLE-58-TAE684-HEM,32,11,MJ_HAEMATOPOIETIC_AND_LYMPHOID_TISSUE
CCLE-58-TAE684-HEM,32,12,OCIAML2_HAEMATOPOIETIC_AND_LYMPHOID_TISSUE
CCLE-58-TAE684-HEM,32,13,P12ICHIKAWA_HAEMATOPOIETIC_AND_LYMPHOID_TISSUE
CCLE-58-TAE684-HEM,32,14,PFEIFFER_HAEMATOPOIETIC_AND_LYMPHOID_TISSUE
CCLE-58-TAE684-HEM,32,15,REH_HAEMATOPOIETIC_AND_LYMPHOID_TISSUE
CCLE-58-TAE684-HEM,32,16,RPMI8402_HAEMATOPOIETIC_AND_LYMPHOID_TISSUE
CCLE-58-TAE684-HEM,32,17,SKMM2_HAEMATOPOIETIC_AND_LYMPHOID_TISSUE
CCLE-58-TAE684-HEM,32,18,U937_HAEMATOPOIETIC_AND_LYMPHOID_TISSUE
CCLE-58-TAE684-HEM,33,1,AMO1_HAEMATOPOIETIC_AND_LYMPHOID_TISSUE
CCLE-58-TAE684-HEM,33,2,HDMYZ_HAEMATOPOIETIC_AND_LYMPHOID_TISSUE
CCLE-58-TAE684-HEM,33,3,HUT78_HAEMATOPOIETIC_AND_LYMPHOID_TISSUE
CCLE-58-TAE684-HEM,33,4,JURKAT_HAEMATOPOIETIC_AND_LYMPHOID_TISSUE
CCLE-58-TAE684-HEM,33,5,KASUMI2_HAEMATOPOIETIC_AND_LYMPHOID_TISSUE
CCLE-58-TAE684-HEM,33,6,KG1_HAEMATOPOIETIC_AND_LYMPHOID_TISSUE
CCLE-58-TAE684-HEM,33,7,KHM1B_HAEMATOPOIETIC_AND_LYMPHOID_TISSUE
CCLE-58-TAE684-HEM,33,8,KMM1_HAEMATOPOIETIC_AND_LYMPHOID_TISSUE
CCLE-58-TAE684-HEM,33,9,KMS34_HAEMATOPOIETIC_AND_LYMPHOID_TISSUE
CCLE-58-TAE684-HEM,33,10,LP1_HAEMATOPOIETIC_AND_LYMPHOID_TISSUE
CCLE-58-TAE684-HEM,33,11,NCO2_HAEMATOPOIETIC_AND_LYMPHOID_TISSUE
CCLE-58-TAE684-HEM,33,12,OCIAML2_HAEMATOPOIETIC_AND_LYMPHOID_TISSUE
CCLE-58-TAE684-HEM,33,13,P3HR1_HAEMATOPOIETIC_AND_LYMPHOID_TISSUE
CCLE-58-TAE684-HEM,33,14,REH_HAEMATOPOIETIC_AND_LYMPHOID_TISSUE
CCLE-58-TAE684-HEM,33,15,SUDHL10_HAEMATOPOIETIC_AND_LYMPHOID_TISSUE
CCLE-58-TAE684-HEM,33,16,SUDHL4_HAEMATOPOIETIC_AND_LYMPHOID_TISSUE
CCLE-58-TAE684-HEM,33,17,SUDHL6_HAEMATOPOIETIC_AND_LYMPHOID_TISSUE
CCLE-58-TAE684-HEM,33,18,SUPM2_HAEMATOPOIETIC_AND_LYMPHOID_TISSUE
CCLE-58-TAE684-HEM,34,1,AMO1_HAEMATOPOIETIC_AND_LYMPHOID_TISSUE
CCLE-58-TAE684-HEM,34,2,BDCM_HAEMATOPOIETIC_AND_LYMPHOID_TISSUE
CCLE-58-TAE684-HEM,34,3,BL41_HAEMATOPOIETIC_AND_LYMPHOID_TISSUE
CCLE-58-TAE684-HEM,34,4,BL70_HAEMATOPOIETIC_AND_LYMPHOID_TISSUE
CCLE-58-TAE684-HEM,34,5,CI1_HAEMATOPOIETIC_AND_LYMPHOID_TISSUE
CCLE-58-TAE684-HEM,34,6,HT_HAEMATOPOIETIC_AND_LYMPHOID_TISSUE
CCLE-58-TAE684-HEM,34,7,JM1_HAEMATOPOIETIC_AND_LYMPHOID_TISSUE
CCLE-58-TAE684-HEM,34,8,KARPAS299_HAEMATOPOIETIC_AND_LYMPHOID_TISSUE
CCLE-58-TAE684-HEM,34,9,KARPAS620_HAEMATOPOIETIC_AND_LYMPHOID_TISSUE
CCLE-58-TAE684-HEM,34,10,KMM1_HAEMATOPOIETIC_AND_LYMPHOID_TISSUE
CCLE-58-TAE684-HEM,34,11,KMS11_HAEMATOPOIETIC_AND_LYMPHOID_TISSUE
CCLE-58-TAE684-HEM,34,12,KO52_HAEMATOPOIETIC_AND_LYMPHOID_TISSUE
CCLE-58-TAE684-HEM,34,13,MINO_HAEMATOPOIETIC_AND_LYMPHOID_TISSUE
CCLE-58-TAE684-HEM,34,14,MOLP8_HAEMATOPOIETIC_AND_LYMPHOID_TISSUE
CCLE-58-TAE684-HEM,34,15,PFEIFFER_HAEMATOPOIETIC_AND_LYMPHOID_TISSUE
CCLE-58-TAE684-HEM,34,16,RAJI_HAEMATOPOIETIC_AND_LYMPHOID_TISSUE
CCLE-58-TAE684-HEM,34,17,REH_HAEMATOPOIETIC_AND_LYMPHOID_TISSUE
CCLE-58-TAE684-HEM,34,18,SIGM5_HAEMATOPOIETIC_AND_LYMPHOID_TISSUE
CCLE-58-TAE684-HEM,35,1,697_HAEMATOPOIETIC_AND_LYMPHOID_TISSUE
CCLE-58-TAE684-HEM,35,2,BL70_HAEMATOPOIETIC_AND_LYMPHOID_TISSUE
CCLE-58-TAE684-HEM,35,3,DOHH2_HAEMATOPOIETIC_AND_LYMPHOID_TISSUE
CCLE-58-TAE684-HEM,35,4,F36P_HAEMATOPOIETIC_AND_LYMPHOID_TISSUE
CCLE-58-TAE684-HEM,35,5,HH_HAEMATOPOIETIC_AND_LYMPHOID_TISSUE
CCLE-58-TAE684-HEM,35,6,HT_HAEMATOPOIETIC_AND_LYMPHOID_TISSUE
CCLE-58-TAE684-HEM,35,7,KARPAS620_HAEMATOPOIETIC_AND_LYMPHOID_TISSUE
CCLE-58-TAE684-HEM,35,8,KG1_HAEMATOPOIETIC_AND_LYMPHOID_TISSUE
CCLE-58-TAE684-HEM,35,9,KHM1B_HAEMATOPOIETIC_AND_LYMPHOID_TISSUE
CCLE-58-TAE684-HEM,35,10,KMM1_HAEMATOPOIETIC_AND_LYMPHOID_TISSUE
CCLE-58-TAE684-HEM,35,11,KMS11_HAEMATOPOIETIC_AND_LYMPHOID_TISSUE
CCLE-58-TAE684-HEM,35,12,KMS26_HAEMATOPOIETIC_AND_LYMPHOID_TISSUE
CCLE-58-TAE684-HEM,35,13,LP1_HAEMATOPOIETIC_AND_LYMPHOID_TISSUE
CCLE-58-TAE684-HEM,35,14,OPM2_HAEMATOPOIETIC_AND_LYMPHOID_TISSUE
CCLE-58-TAE684-HEM,35,15,P31FUJ_HAEMATOPOIETIC_AND_LYMPHOID_TISSUE
CCLE-58-TAE684-HEM,35,16,SUDHL4_HAEMATOPOIETIC_AND_LYMPHOID_TISSUE
CCLE-58-TAE684-HEM,35,17,SUDHL6_HAEMATOPOIETIC_AND_LYMPHOID_TISSUE
CCLE-58-TAE684-HEM,35,18,U937_HAEMATOPOIETIC_AND_LYMPHOID_TISSUE
CCLE-58-TAE684-HEM,36,1,ALLSIL_HAEMATOPOIETIC_AND_LYMPHOID_TISSUE
CCLE-58-TAE684-HEM,36,2,AMO1_HAEMATOPOIETIC_AND_LYMPHOID_TISSUE
CCLE-58-TAE684-HEM,36,3,BL41_HAEMATOPOIETIC_AND_LYMPHOID_TISSUE
CCLE-58-TAE684-HEM,36,4,BL70_HAEMATOPOIETIC_AND_LYMPHOID_TISSUE
CCLE-58-TAE684-HEM,36,5,EM2_HAEMATOPOIETIC_AND_LYMPHOID_TISSUE
CCLE-58-TAE684-HEM,36,6,GRANTA519_HAEMATOPOIETIC_AND_LYMPHOID_TISSUE
CCLE-58-TAE684-HEM,36,7,HH_HAEMATOPOIETIC_AND_LYMPHOID_TISSUE
CCLE-58-TAE684-HEM,36,8,HT_HAEMATOPOIETIC_AND_LYMPHOID_TISSUE
CCLE-58-TAE684-HEM,36,9,JM1_HAEMATOPOIETIC_AND_LYMPHOID_TISSUE
CCLE-58-TAE684-HEM,36,10,KARPAS299_HAEMATOPOIETIC_AND_LYMPHOID_TISSUE
CCLE-58-TAE684-HEM,36,11,KARPAS620_HAEMATOPOIETIC_AND_LYMPHOID_TISSUE
CCLE-58-TAE684-HEM,36,12,LP1_HAEMATOPOIETIC_AND_LYMPHOID_TISSUE
CCLE-58-TAE684-HEM,36,13,MC116_HAEMATOPOIETIC_AND_LYMPHOID_TISSUE
CCLE-58-TAE684-HEM,36,14,OCIAML2_HAEMATOPOIETIC_AND_LYMPHOID_TISSUE
CCLE-58-TAE684-HEM,36,15,P31FUJ_HAEMATOPOIETIC_AND_LYMPHOID_TISSUE
CCLE-58-TAE684-HEM,36,16,SKMM2_HAEMATOPOIETIC_AND_LYMPHOID_TISSUE
CCLE-58-TAE684-HEM,36,17,SUDHL4_HAEMATOPOIETIC_AND_LYMPHOID_TISSUE
CCLE-58-TAE684-HEM,36,18,SUDHL6_HAEMATOPOIETIC_AND_LYMPHOID_TISSUE
CCLE-58-TAE684-HEM,37,1,ALLSIL_HAEMATOPOIETIC_AND_LYMPHOID_TISSUE
CCLE-58-TAE684-HEM,37,2,BDCM_HAEMATOPOIETIC_AND_LYMPHOID_TISSUE
CCLE-58-TAE684-HEM,37,3,CI1_HAEMATOPOIETIC_AND_LYMPHOID_TISSUE
CCLE-58-TAE684-HEM,37,4,DOHH2_HAEMATOPOIETIC_AND_LYMPHOID_TISSUE
CCLE-58-TAE684-HEM,37,5,EM2_HAEMATOPOIETIC_AND_LYMPHOID_TISSUE
CCLE-58-TAE684-HEM,37,6,HH_HAEMATOPOIETIC_AND_LYMPHOID_TISSUE
CCLE-58-TAE684-HEM,37,7,HUT78_HAEMATOPOIETIC_AND_LYMPHOID_TISSUE
CCLE-58-TAE684-HEM,37,8,KARPAS299_HAEMATOPOIETIC_AND_LYMPHOID_TISSUE
CCLE-58-TAE684-HEM,37,9,KG1_HAEMATOPOIETIC_AND_LYMPHOID_TISSUE
CCLE-58-TAE684-HEM,37,10,KMS12BM_HAEMATOPOIETIC_AND_LYMPHOID_TISSUE
CCLE-58-TAE684-HEM,37,11,KO52_HAEMATOPOIETIC_AND_LYMPHOID_TISSUE
CCLE-58-TAE684-HEM,37,12,L428_HAEMATOPOIETIC_AND_LYMPHOID_TISSUE
CCLE-58-TAE684-HEM,37,13,MJ_HAEMATOPOIETIC_AND_LYMPHOID_TISSUE
CCLE-58-TAE684-HEM,37,14,NCO2_HAEMATOPOIETIC_AND_LYMPHOID_TISSUE
CCLE-58-TAE684-HEM,37,15,OCIAML5_HAEMATOPOIETIC_AND_LYMPHOID_TISSUE
CCLE-58-TAE684-HEM,37,16,P3HR1_HAEMATOPOIETIC_AND_LYMPHOID_TISSUE
CCLE-58-TAE684-HEM,37,17,SUPT1_HAEMATOPOIETIC_AND_LYMPHOID_TISSUE
CCLE-58-TAE684-HEM,37,18,TOLEDO_HAEMATOPOIETIC_AND_LYMPHOID_TISSUE
CCLE-58-TAE684-HEM,38,1,DEL_HAEMATOPOIETIC_AND_LYMPHOID_TISSUE
CCLE-58-TAE684-HEM,38,2,DOHH2_HAEMATOPOIETIC_AND_LYMPHOID_TISSUE
CCLE-58-TAE684-HEM,38,3,HDMYZ_HAEMATOPOIETIC_AND_LYMPHOID_TISSUE
CCLE-58-TAE684-HEM,38,4,HH_HAEMATOPOIETIC_AND_LYMPHOID_TISSUE
CCLE-58-TAE684-HEM,38,5,HUT78_HAEMATOPOIETIC_AND_LYMPHOID_TISSUE
CCLE-58-TAE684-HEM,38,6,JURKAT_HAEMATOPOIETIC_AND_LYMPHOID_TISSUE
CCLE-58-TAE684-HEM,38,7,KG1_HAEMATOPOIETIC_AND_LYMPHOID_TISSUE
CCLE-58-TAE684-HEM,38,8,KMM1_HAEMATOPOIETIC_AND_LYMPHOID_TISSUE
CCLE-58-TAE684-HEM,38,9,KMS34_HAEMATOPOIETIC_AND_LYMPHOID_TISSUE
CCLE-58-TAE684-HEM,38,10,LP1_HAEMATOPOIETIC_AND_LYMPHOID_TISSUE
CCLE-58-TAE684-HEM,38,11,MOLP8_HAEMATOPOIETIC_AND_LYMPHOID_TISSUE
CCLE-58-TAE684-HEM,38,12,PFEIFFER_HAEMATOPOIETIC_AND_LYMPHOID_TISSUE
CCLE-58-TAE684-HEM,38,13,RAJI_HAEMATOPOIETIC_AND_LYMPHOID_TISSUE
CCLE-58-TAE684-HEM,38,14,REH_HAEMATOPOIETIC_AND_LYMPHOID_TISSUE
CCLE-58-TAE684-HEM,38,15,RPMI8402_HAEMATOPOIETIC_AND_LYMPHOID_TISSUE
CCLE-58-TAE684-HEM,38,16,SKMM2_HAEMATOPOIETIC_AND_LYMPHOID_TISSUE
CCLE-58-TAE684-HEM,38,17,SUPT1_HAEMATOPOIETIC_AND_LYMPHOID_TISSUE
CCLE-58-TAE684-HEM,38,18,TOLEDO_HAEMATOPOIETIC_AND_LYMPHOID_TISSUE
CCLE-58-TAE684-HEM,39,1,697_HAEMATOPOIETIC_AND_LYMPHOID_TISSUE
CCLE-58-TAE684-HEM,39,2,ALLSIL_HAEMATOPOIETIC_AND_LYMPHOID_TISSUE
CCLE-58-TAE684-HEM,39,3,BL41_HAEMATOPOIETIC_AND_LYMPHOID_TISSUE
CCLE-58-TAE684-HEM,39,4,BL70_HAEMATOPOIETIC_AND_LYMPHOID_TISSUE
CCLE-58-TAE684-HEM,39,5,EM2_HAEMATOPOIETIC_AND_LYMPHOID_TISSUE
CCLE-58-TAE684-HEM,39,6,GRANTA519_HAEMATOPOIETIC_AND_LYMPHOID_TISSUE
CCLE-58-TAE684-HEM,39,7,HDMYZ_HAEMATOPOIETIC_AND_LYMPHOID_TISSUE
CCLE-58-TAE684-HEM,39,8,HT_HAEMATOPOIETIC_AND_LYMPHOID_TISSUE
CCLE-58-TAE684-HEM,39,9,KARPAS299_HAEMATOPOIETIC_AND_LYMPHOID_TISSUE
CCLE-58-TAE684-HEM,39,10,KASUMI2_HAEMATOPOIETIC_AND_LYMPHOID_TISSUE
CCLE-58-TAE684-HEM,39,11,KCL22_HAEMATOPOIETIC_AND_LYMPHOID_TISSUE
CCLE-58-TAE684-HEM,39,12,KMS26_HAEMATOPOIETIC_AND_LYMPHOID_TISSUE
CCLE-58-TAE684-HEM,39,13,L363_HAEMATOPOIETIC_AND_LYMPHOID_TISSUE
CCLE-58-TAE684-HEM,39,14,LP1_HAEMATOPOIETIC_AND_LYMPHOID_TISSUE
CCLE-58-TAE684-HEM,39,15,P12ICHIKAWA_HAEMATOPOIETIC_AND_LYMPHOID_TISSUE
CCLE-58-TAE684-HEM,39,16,P31FUJ_HAEMATOPOIETIC_AND_LYMPHOID_TISSUE
CCLE-58-TAE684-HEM,39,17,RAJI_HAEMATOPOIETIC_AND_LYMPHOID_TISSUE
CCLE-58-TAE684-HEM,39,18,REH_HAEMATOPOIETIC_AND_LYMPHOID_TISSUE
CCLE-58-TAE684-HEM,40,1,BL41_HAEMATOPOIETIC_AND_LYMPHOID_TISSUE
CCLE-58-TAE684-HEM,40,2,DOHH2_HAEMATOPOIETIC_AND_LYMPHOID_TISSUE
CCLE-58-TAE684-HEM,40,3,GRANTA519_HAEMATOPOIETIC_AND_LYMPHOID_TISSUE
CCLE-58-TAE684-HEM,40,4,HT_HAEMATOPOIETIC_AND_LYMPHOID_TISSUE
CCLE-58-TAE684-HEM,40,5,HUT78_HAEMATOPOIETIC_AND_LYMPHOID_TISSUE
CCLE-58-TAE684-HEM,40,6,JVM3_HAEMATOPOIETIC_AND_LYMPHOID_TISSUE
CCLE-58-TAE684-HEM,40,7,KCL22_HAEMATOPOIETIC_AND_LYMPHOID_TISSUE
CCLE-58-TAE684-HEM,40,8,KMS12BM_HAEMATOPOIETIC_AND_LYMPHOID_TISSUE
CCLE-58-TAE684-HEM,40,9,KMS34_HAEMATOPOIETIC_AND_LYMPHOID_TISSUE
CCLE-58-TAE684-HEM,40,10,L363_HAEMATOPOIETIC_AND_LYMPHOID_TISSUE
CCLE-58-TAE684-HEM,40,11,LP1_HAEMATOPOIETIC_AND_LYMPHOID_TISSUE
CCLE-58-TAE684-HEM,40,12,MJ_HAEMATOPOIETIC_AND_LYMPHOID_TISSUE
CCLE-58-TAE684-HEM,40,13,OCIAML2_HAEMATOPOIETIC_AND_LYMPHOID_TISSUE
CCLE-58-TAE684-HEM,40,14,OPM2_HAEMATOPOIETIC_AND_LYMPHOID_TISSUE
CCLE-58-TAE684-HEM,40,15,P3HR1_HAEMATOPOIETIC_AND_LYMPHOID_TISSUE
CCLE-58-TAE684-HEM,40,16,RAJI_HAEMATOPOIETIC_AND_LYMPHOID_TISSUE
CCLE-58-TAE684-HEM,40,17,SIGM5_HAEMATOPOIETIC_AND_LYMPHOID_TISSUE
CCLE-58-TAE684-HEM,40,18,SUDHL8_HAEMATOPOIETIC_AND_LYMPHOID_TISSUE
CCLE-58-TAE684-HEM,41,1,BL41_HAEMATOPOIETIC_AND_LYMPHOID_TISSUE
CCLE-58-TAE684-HEM,41,2,F36P_HAEMATOPOIETIC_AND_LYMPHOID_TISSUE
CCLE-58-TAE684-HEM,41,3,KARPAS299_HAEMATOPOIETIC_AND_LYMPHOID_TISSUE
CCLE-58-TAE684-HEM,41,4,KARPAS620_HAEMATOPOIETIC_AND_LYMPHOID_TISSUE
CCLE-58-TAE684-HEM,41,5,KCL22_HAEMATOPOIETIC_AND_LYMPHOID_TISSUE
CCLE-58-TAE684-HEM,41,6,KG1_HAEMATOPOIETIC_AND_LYMPHOID_TISSUE
CCLE-58-TAE684-HEM,41,7,KMM1_HAEMATOPOIETIC_AND_LYMPHOID_TISSUE
CCLE-58-TAE684-HEM,41,8,L363_HAEMATOPOIETIC_AND_LYMPHOID_TISSUE
CCLE-58-TAE684-HEM,41,9,L428_HAEMATOPOIETIC_AND_LYMPHOID_TISSUE
CCLE-58-TAE684-HEM,41,10,MJ_HAEMATOPOIETIC_AND_LYMPHOID_TISSUE
CCLE-58-TAE684-HEM,41,11,MOLT16_HAEMATOPOIETIC_AND_LYMPHOID_TISSUE
CCLE-58-TAE684-HEM,41,12,OCIAML2_HAEMATOPOIETIC_AND_LYMPHOID_TISSUE
CCLE-58-TAE684-HEM,41,13,OCIAML5_HAEMATOPOIETIC_AND_LYMPHOID_TISSUE
CCLE-58-TAE684-HEM,41,14,RPMI8402_HAEMATOPOIETIC_AND_LYMPHOID_TISSUE
CCLE-58-TAE684-HEM,41,15,SKMM2_HAEMATOPOIETIC_AND_LYMPHOID_TISSUE
CCLE-58-TAE684-HEM,41,16,SUDHL6_HAEMATOPOIETIC_AND_LYMPHOID_TISSUE
CCLE-58-TAE684-HEM,41,17,SUDHL8_HAEMATOPOIETIC_AND_LYMPHOID_TISSUE
CCLE-58-TAE684-HEM,41,18,SUPM2_HAEMATOPOIETIC_AND_LYMPHOID_TISSUE
CCLE-58-TAE684-HEM,42,1,BDCM_HAEMATOPOIETIC_AND_LYMPHOID_TISSUE
CCLE-58-TAE684-HEM,42,2,DEL_HAEMATOPOIETIC_AND_LYMPHOID_TISSUE
CCLE-58-TAE684-HEM,42,3,F36P_HAEMATOPOIETIC_AND_LYMPHOID_TISSUE
CCLE-58-TAE684-HEM,42,4,HT_HAEMATOPOIETIC_AND_LYMPHOID_TISSUE
CCLE-58-TAE684-HEM,42,5,JM1_HAEMATOPOIETIC_AND_LYMPHOID_TISSUE
CCLE-58-TAE684-HEM,42,6,JURKAT_HAEMATOPOIETIC_AND_LYMPHOID_TISSUE
CCLE-58-TAE684-HEM,42,7,KCL22_HAEMATOPOIETIC_AND_LYMPHOID_TISSUE
CCLE-58-TAE684-HEM,42,8,L363_HAEMATOPOIETIC_AND_LYMPHOID_TISSUE
CCLE-58-TAE684-HEM,42,9,LP1_HAEMATOPOIETIC_AND_LYMPHOID_TISSUE
CCLE-58-TAE684-HEM,42,10,MEG01_HAEMATOPOIETIC_AND_LYMPHOID_TISSUE
CCLE-58-TAE684-HEM,42,11,NCO2_HAEMATOPOIETIC_AND_LYMPHOID_TISSUE
CCLE-58-TAE684-HEM,42,12,P12ICHIKAWA_HAEMATOPOIETIC_AND_LYMPHOID_TISSUE
CCLE-58-TAE684-HEM,42,13,PFEIFFER_HAEMATOPOIETIC_AND_LYMPHOID_TISSUE
CCLE-58-TAE684-HEM,42,14,RAJI_HAEMATOPOIETIC_AND_LYMPHOID_TISSUE
CCLE-58-TAE684-HEM,42,15,REH_HAEMATOPOIETIC_AND_LYMPHOID_TISSUE
CCLE-58-TAE684-HEM,42,16,RPMI8402_HAEMATOPOIETIC_AND_LYMPHOID_TISSUE
CCLE-58-TAE684-HEM,42,17,SIGM5_HAEMATOPOIETIC_AND_LYMPHOID_TISSUE
CCLE-58-TAE684-HEM,42,18,SUDHL6_HAEMATOPOIETIC_AND_LYMPHOID_TISSUE
CCLE-58-TAE684-HEM,43,1,697_HAEMATOPOIETIC_AND_LYMPHOID_TISSUE
CCLE-58-TAE684-HEM,43,2,BL70_HAEMATOPOIETIC_AND_LYMPHOID_TISSUE
CCLE-58-TAE684-HEM,43,3,DEL_HAEMATOPOIETIC_AND_LYMPHOID_TISSUE
CCLE-58-TAE684-HEM,43,4,EM2_HAEMATOPOIETIC_AND_LYMPHOID_TISSUE
CCLE-58-TAE684-HEM,43,5,HDMYZ_HAEMATOPOIETIC_AND_LYMPHOID_TISSUE
CCLE-58-TAE684-HEM,43,6,HT_HAEMATOPOIETIC_AND_LYMPHOID_TISSUE
CCLE-58-TAE684-HEM,43,7,HUT78_HAEMATOPOIETIC_AND_LYMPHOID_TISSUE
CCLE-58-TAE684-HEM,43,8,KARPAS299_HAEMATOPOIETIC_AND_LYMPHOID_TISSUE
CCLE-58-TAE684-HEM,43,9,KASUMI2_HAEMATOPOIETIC_AND_LYMPHOID_TISSUE
CCLE-58-TAE684-HEM,43,10,KCL22_HAEMATOPOIETIC_AND_LYMPHOID_TISSUE
CCLE-58-TAE684-HEM,43,11,KMM1_HAEMATOPOIETIC_AND_LYMPHOID_TISSUE
CCLE-58-TAE684-HEM,43,12,KMS34_HAEMATOPOIETIC_AND_LYMPHOID_TISSUE
CCLE-58-TAE684-HEM,43,13,KU812_HAEMATOPOIETIC_AND_LYMPHOID_TISSUE
CCLE-58-TAE684-HEM,43,14,LP1_HAEMATOPOIETIC_AND_LYMPHOID_TISSUE
CCLE-58-TAE684-HEM,43,15,MINO_HAEMATOPOIETIC_AND_LYMPHOID_TISSUE
CCLE-58-TAE684-HEM,43,16,NCO2_HAEMATOPOIETIC_AND_LYMPHOID_TISSUE
CCLE-58-TAE684-HEM,43,17,OCIAML5_HAEMATOPOIETIC_AND_LYMPHOID_TISSUE
CCLE-58-TAE684-HEM,43,18,SUDHL8_HAEMATOPOIETIC_AND_LYMPHOID_TISSUE
CCLE-58-TAE684-HEM,44,1,BL41_HAEMATOPOIETIC_AND_LYMPHOID_TISSUE
CCLE-58-TAE684-HEM,44,2,HDMYZ_HAEMATOPOIETIC_AND_LYMPHOID_TISSUE
CCLE-58-TAE684-HEM,44,3,JM1_HAEMATOPOIETIC_AND_LYMPHOID_TISSUE
CCLE-58-TAE684-HEM,44,4,KHM1B_HAEMATOPOIETIC_AND_LYMPHOID_TISSUE
CCLE-58-TAE684-HEM,44,5,KMS11_HAEMATOPOIETIC_AND_LYMPHOID_TISSUE
CCLE-58-TAE684-HEM,44,6,KU812_HAEMATOPOIETIC_AND_LYMPHOID_TISSUE
CCLE-58-TAE684-HEM,44,7,MINO_HAEMATOPOIETIC_AND_LYMPHOID_TISSUE
CCLE-58-TAE684-HEM,44,8,MJ_HAEMATOPOIETIC_AND_LYMPHOID_TISSUE
CCLE-58-TAE684-HEM,44,9,MOLP8_HAEMATOPOIETIC_AND_LYMPHOID_TISSUE
CCLE-58-TAE684-HEM,44,10,MOLT16_HAEMATOPOIETIC_AND_LYMPHOID_TISSUE
CCLE-58-TAE684-HEM,44,11,NCO2_HAEMATOPOIETIC_AND_LYMPHOID_TISSUE
CCLE-58-TAE684-HEM,44,12,OPM2_HAEMATOPOIETIC_AND_LYMPHOID_TISSUE
CCLE-58-TAE684-HEM,44,13,P31FUJ_HAEMATOPOIETIC_AND_LYMPHOID_TISSUE
CCLE-58-TAE684-HEM,44,14,PFEIFFER_HAEMATOPOIETIC_AND_LYMPHOID_TISSUE
CCLE-58-TAE684-HEM,44,15,RPMI8402_HAEMATOPOIETIC_AND_LYMPHOID_TISSUE
CCLE-58-TAE684-HEM,44,16,SUDHL6_HAEMATOPOIETIC_AND_LYMPHOID_TISSUE
CCLE-58-TAE684-HEM,44,17,SUDHL8_HAEMATOPOIETIC_AND_LYMPHOID_TISSUE
CCLE-58-TAE684-HEM,44,18,U937_HAEMATOPOIETIC_AND_LYMPHOID_TISSUE
CCLE-58-TAE684-HEM,45,1,DOHH2_HAEMATOPOIETIC_AND_LYMPHOID_TISSUE
CCLE-58-TAE684-HEM,45,2,HT_HAEMATOPOIETIC_AND_LYMPHOID_TISSUE
CCLE-58-TAE684-HEM,45,3,JURKAT_HAEMATOPOIETIC_AND_LYMPHOID_TISSUE
CCLE-58-TAE684-HEM,45,4,JVM3_HAEMATOPOIETIC_AND_LYMPHOID_TISSUE
CCLE-58-TAE684-HEM,45,5,KARPAS299_HAEMATOPOIETIC_AND_LYMPHOID_TISSUE
CCLE-58-TAE684-HEM,45,6,KARPAS620_HAEMATOPOIETIC_AND_LYMPHOID_TISSUE
CCLE-58-TAE684-HEM,45,7,KASUMI2_HAEMATOPOIETIC_AND_LYMPHOID_TISSUE
CCLE-58-TAE684-HEM,45,8,KMM1_HAEMATOPOIETIC_AND_LYMPHOID_TISSUE
CCLE-58-TAE684-HEM,45,9,KMS26_HAEMATOPOIETIC_AND_LYMPHOID_TISSUE
CCLE-58-TAE684-HEM,45,10,KO52_HAEMATOPOIETIC_AND_LYMPHOID_TISSUE
CCLE-58-TAE684-HEM,45,11,MINO_HAEMATOPOIETIC_AND_LYMPHOID_TISSUE
CCLE-58-TAE684-HEM,45,12,NCO2_HAEMATOPOIETIC_AND_LYMPHOID_TISSUE
CCLE-58-TAE684-HEM,45,13,SIGM5_HAEMATOPOIETIC_AND_LYMPHOID_TISSUE
CCLE-58-TAE684-HEM,45,14,SUDHL10_HAEMATOPOIETIC_AND_LYMPHOID_TISSUE
CCLE-58-TAE684-HEM,45,15,SUDHL4_HAEMATOPOIETIC_AND_LYMPHOID_TISSUE
CCLE-58-TAE684-HEM,45,16,SUPM2_HAEMATOPOIETIC_AND_LYMPHOID_TISSUE
CCLE-58-TAE684-HEM,45,17,SUPT1_HAEMATOPOIETIC_AND_LYMPHOID_TISSUE
CCLE-58-TAE684-HEM,45,18,U937_HAEMATOPOIETIC_AND_LYMPHOID_TISSUE
CCLE-58-TAE684-HEM,46,1,DEL_HAEMATOPOIETIC_AND_LYMPHOID_TISSUE
CCLE-58-TAE684-HEM,46,2,DOHH2_HAEMATOPOIETIC_AND_LYMPHOID_TISSUE
CCLE-58-TAE684-HEM,46,3,EM2_HAEMATOPOIETIC_AND_LYMPHOID_TISSUE
CCLE-58-TAE684-HEM,46,4,F36P_HAEMATOPOIETIC_AND_LYMPHOID_TISSUE
CCLE-58-TAE684-HEM,46,5,HDMYZ_HAEMATOPOIETIC_AND_LYMPHOID_TISSUE
CCLE-58-TAE684-HEM,46,6,JURKAT_HAEMATOPOIETIC_AND_LYMPHOID_TISSUE
CCLE-58-TAE684-HEM,46,7,JVM3_HAEMATOPOIETIC_AND_LYMPHOID_TISSUE
CCLE-58-TAE684-HEM,46,8,KASUMI2_HAEMATOPOIETIC_AND_LYMPHOID_TISSUE
CCLE-58-TAE684-HEM,46,9,KHM1B_HAEMATOPOIETIC_AND_LYMPHOID_TISSUE
CCLE-58-TAE684-HEM,46,10,KMS34_HAEMATOPOIETIC_AND_LYMPHOID_TISSUE
CCLE-58-TAE684-HEM,46,11,LP1_HAEMATOPOIETIC_AND_LYMPHOID_TISSUE
CCLE-58-TAE684-HEM,46,12,MINO_HAEMATOPOIETIC_AND_LYMPHOID_TISSUE
CCLE-58-TAE684-HEM,46,13,MJ_HAEMATOPOIETIC_AND_LYMPHOID_TISSUE
CCLE-58-TAE684-HEM,46,14,OCIAML2_HAEMATOPOIETIC_AND_LYMPHOID_TISSUE
CCLE-58-TAE684-HEM,46,15,OPM2_HAEMATOPOIETIC_AND_LYMPHOID_TISSUE
CCLE-58-TAE684-HEM,46,16,P3HR1_HAEMATOPOIETIC_AND_LYMPHOID_TISSUE
CCLE-58-TAE684-HEM,46,17,PFEIFFER_HAEMATOPOIETIC_AND_LYMPHOID_TISSUE
CCLE-58-TAE684-HEM,46,18,SIGM5_HAEMATOPOIETIC_AND_LYMPHOID_TISSUE
CCLE-58-TAE684-HEM,47,1,ALLSIL_HAEMATOPOIETIC_AND_LYMPHOID_TISSUE
CCLE-58-TAE684-HEM,47,2,BL70_HAEMATOPOIETIC_AND_LYMPHOID_TISSUE
CCLE-58-TAE684-HEM,47,3,DOHH2_HAEMATOPOIETIC_AND_LYMPHOID_TISSUE
CCLE-58-TAE684-HEM,47,4,HUT78_HAEMATOPOIETIC_AND_LYMPHOID_TISSUE
CCLE-58-TAE684-HEM,47,5,KCL22_HAEMATOPOIETIC_AND_LYMPHOID_TISSUE
CCLE-58-TAE684-HEM,47,6,KMS12BM_HAEMATOPOIETIC_AND_LYMPHOID_TISSUE
CCLE-58-TAE684-HEM,47,7,L363_HAEMATOPOIETIC_AND_LYMPHOID_TISSUE
CCLE-58-TAE684-HEM,47,8,MC116_HAEMATOPOIETIC_AND_LYMPHOID_TISSUE
CCLE-58-TAE684-HEM,47,9,MEG01_HAEMATOPOIETIC_AND_LYMPHOID_TISSUE
CCLE-58-TAE684-HEM,47,10,MINO_HAEMATOPOIETIC_AND_LYMPHOID_TISSUE
CCLE-58-TAE684-HEM,47,11,MOLP8_HAEMATOPOIETIC_AND_LYMPHOID_TISSUE
CCLE-58-TAE684-HEM,47,12,MOLT16_HAEMATOPOIETIC_AND_LYMPHOID_TISSUE
CCLE-58-TAE684-HEM,47,13,P31FUJ_HAEMATOPOIETIC_AND_LYMPHOID_TISSUE
CCLE-58-TAE684-HEM,47,14,RPMI8402_HAEMATOPOIETIC_AND_LYMPHOID_TISSUE
CCLE-58-TAE684-HEM,47,15,SUDHL10_HAEMATOPOIETIC_AND_LYMPHOID_TISSUE
CCLE-58-TAE684-HEM,47,16,SUDHL6_HAEMATOPOIETIC_AND_LYMPHOID_TISSUE
CCLE-58-TAE684-HEM,47,17,TOLEDO_HAEMATOPOIETIC_AND_LYMPHOID_TISSUE
CCLE-58-TAE684-HEM,47,18,U937_HAEMATOPOIETIC_AND_LYMPHOID_TISSUE
CCLE-58-TAE684-HEM,48,1,AMO1_HAEMATOPOIETIC_AND_LYMPHOID_TISSUE
CCLE-58-TAE684-HEM,48,2,BL41_HAEMATOPOIETIC_AND_LYMPHOID_TISSUE
CCLE-58-TAE684-HEM,48,3,BL70_HAEMATOPOIETIC_AND_LYMPHOID_TISSUE
CCLE-58-TAE684-HEM,48,4,DEL_HAEMATOPOIETIC_AND_LYMPHOID_TISSUE
CCLE-58-TAE684-HEM,48,5,HDMYZ_HAEMATOPOIETIC_AND_LYMPHOID_TISSUE
CCLE-58-TAE684-HEM,48,6,HH_HAEMATOPOIETIC_AND_LYMPHOID_TISSUE
CCLE-58-TAE684-HEM,48,7,HT_HAEMATOPOIETIC_AND_LYMPHOID_TISSUE
CCLE-58-TAE684-HEM,48,8,JM1_HAEMATOPOIETIC_AND_LYMPHOID_TISSUE
CCLE-58-TAE684-HEM,48,9,KARPAS620_HAEMATOPOIETIC_AND_LYMPHOID_TISSUE
CCLE-58-TAE684-HEM,48,10,KHM1B_HAEMATOPOIETIC_AND_LYMPHOID_TISSUE
CCLE-58-TAE684-HEM,48,11,KMS11_HAEMATOPOIETIC_AND_LYMPHOID_TISSUE
CCLE-58-TAE684-HEM,48,12,L428_HAEMATOPOIETIC_AND_LYMPHOID_TISSUE
CCLE-58-TAE684-HEM,48,13,MJ_HAEMATOPOIETIC_AND_LYMPHOID_TISSUE
CCLE-58-TAE684-HEM,48,14,P31FUJ_HAEMATOPOIETIC_AND_LYMPHOID_TISSUE
CCLE-58-TAE684-HEM,48,15,SIGM5_HAEMATOPOIETIC_AND_LYMPHOID_TISSUE
CCLE-58-TAE684-HEM,48,16,SUPM2_HAEMATOPOIETIC_AND_LYMPHOID_TISSUE
CCLE-58-TAE684-HEM,48,17,SUPT1_HAEMATOPOIETIC_AND_LYMPHOID_TISSUE
CCLE-58-TAE684-HEM,48,18,TOLEDO_HAEMATOPOIETIC_AND_LYMPHOID_TISSUE
CCLE-58-TAE684-HEM,49,1,697_HAEMATOPOIETIC_AND_LYMPHOID_TISSUE
CCLE-58-TAE684-HEM,49,2,BDCM_HAEMATOPOIETIC_AND_LYMPHOID_TISSUE
CCLE-58-TAE684-HEM,49,3,CI1_HAEMATOPOIETIC_AND_LYMPHOID_TISSUE
CCLE-58-TAE684-HEM,49,4,DOHH2_HAEMATOPOIETIC_AND_LYMPHOID_TISSUE
CCLE-58-TAE684-HEM,49,5,EM2_HAEMATOPOIETIC_AND_LYMPHOID_TISSUE
CCLE-58-TAE684-HEM,49,6,HDMYZ_HAEMATOPOIETIC_AND_LYMPHOID_TISSUE
CCLE-58-TAE684-HEM,49,7,KASUMI2_HAEMATOPOIETIC_AND_LYMPHOID_TISSUE
CCLE-58-TAE684-HEM,49,8,KMS12BM_HAEMATOPOIETIC_AND_LYMPHOID_TISSUE
CCLE-58-TAE684-HEM,49,9,KMS34_HAEMATOPOIETIC_AND_LYMPHOID_TISSUE
CCLE-58-TAE684-HEM,49,10,LP1_HAEMATOPOIETIC_AND_LYMPHOID_TISSUE
CCLE-58-TAE684-HEM,49,11,MC116_HAEMATOPOIETIC_AND_LYMPHOID_TISSUE
CCLE-58-TAE684-HEM,49,12,MJ_HAEMATOPOIETIC_AND_LYMPHOID_TISSUE
CCLE-58-TAE684-HEM,49,13,MOLT16_HAEMATOPOIETIC_AND_LYMPHOID_TISSUE
CCLE-58-TAE684-HEM,49,14,P12ICHIKAWA_HAEMATOPOIETIC_AND_LYMPHOID_TISSUE
CCLE-58-TAE684-HEM,49,15,PFEIFFER_HAEMATOPOIETIC_AND_LYMPHOID_TISSUE
CCLE-58-TAE684-HEM,49,16,RAJI_HAEMATOPOIETIC_AND_LYMPHOID_TISSUE
CCLE-58-TAE684-HEM,49,17,SIGM5_HAEMATOPOIETIC_AND_LYMPHOID_TISSUE
CCLE-58-TAE684-HEM,49,18,SUDHL6_HAEMATOPOIETIC_AND_LYMPHOID_TISSUE
CCLE-58-TAE684-HEM,50,1,697_HAEMATOPOIETIC_AND_LYMPHOID_TISSUE
CCLE-58-TAE684-HEM,50,2,DOHH2_HAEMATOPOIETIC_AND_LYMPHOID_TISSUE
CCLE-58-TAE684-HEM,50,3,F36P_HAEMATOPOIETIC_AND_LYMPHOID_TISSUE
CCLE-58-TAE684-HEM,50,4,HDMYZ_HAEMATOPOIETIC_AND_LYMPHOID_TISSUE
CCLE-58-TAE684-HEM,50,5,HT_HAEMATOPOIETIC_AND_LYMPHOID_TISSUE
CCLE-58-TAE684-HEM,50,6,HUT78_HAEMATOPOIETIC_AND_LYMPHOID_TISSUE
CCLE-58-TAE684-HEM,50,7,JM1_HAEMATOPOIETIC_AND_LYMPHOID_TISSUE
CCLE-58-TAE684-HEM,50,8,KARPAS299_HAEMATOPOIETIC_AND_LYMPHOID_TISSUE
CCLE-58-TAE684-HEM,50,9,KCL22_HAEMATOPOIETIC_AND_LYMPHOID_TISSUE
CCLE-58-TAE684-HEM,50,10,KMS34_HAEMATOPOIETIC_AND_LYMPHOID_TISSUE
CCLE-58-TAE684-HEM,50,11,KO52_HAEMATOPOIETIC_AND_LYMPHOID_TISSUE
CCLE-58-TAE684-HEM,50,12,MC116_HAEMATOPOIETIC_AND_LYMPHOID_TISSUE
CCLE-58-TAE684-HEM,50,13,MEG01_HAEMATOPOIETIC_AND_LYMPHOID_TISSUE
CCLE-58-TAE684-HEM,50,14,MJ_HAEMATOPOIETIC_AND_LYMPHOID_TISSUE
CCLE-58-TAE684-HEM,50,15,MOLT16_HAEMATOPOIETIC_AND_LYMPHOID_TISSUE
CCLE-58-TAE684-HEM,50,16,OCIAML5_HAEMATOPOIETIC_AND_LYMPHOID_TISSUE
CCLE-58-TAE684-HEM,50,17,SUDHL4_HAEMATOPOIETIC_AND_LYMPHOID_TISSUE
CCLE-58-TAE684-HEM,50,18,TOLEDO_HAEMATOPOIETIC_AND_LYMPHOID_TISSUE
CCLE-58-TAE684-HEM,51,1,CI1_HAEMATOPOIETIC_AND_LYMPHOID_TISSUE
CCLE-58-TAE684-HEM,51,2,DEL_HAEMATOPOIETIC_AND_LYMPHOID_TISSUE
CCLE-58-TAE684-HEM,51,3,F36P_HAEMATOPOIETIC_AND_LYMPHOID_TISSUE
CCLE-58-TAE684-HEM,51,4,GRANTA519_HAEMATOPOIETIC_AND_LYMPHOID_TISSUE
CCLE-58-TAE684-HEM,51,5,HH_HAEMATOPOIETIC_AND_LYMPHOID_TISSUE
CCLE-58-TAE684-HEM,51,6,HUT78_HAEMATOPOIETIC_AND_LYMPHOID_TISSUE
CCLE-58-TAE684-HEM,51,7,JURKAT_HAEMATOPOIETIC_AND_LYMPHOID_TISSUE
CCLE-58-TAE684-HEM,51,8,KARPAS299_HAEMATOPOIETIC_AND_LYMPHOID_TISSUE
CCLE-58-TAE684-HEM,51,9,KG1_HAEMATOPOIETIC_AND_LYMPHOID_TISSUE
CCLE-58-TAE684-HEM,51,10,KMM1_HAEMATOPOIETIC_AND_LYMPHOID_TISSUE
CCLE-58-TAE684-HEM,51,11,KMS11_HAEMATOPOIETIC_AND_LYMPHOID_TISSUE
CCLE-58-TAE684-HEM,51,12,KMS26_HAEMATOPOIETIC_AND_LYMPHOID_TISSUE
CCLE-58-TAE684-HEM,51,13,OCIAML2_HAEMATOPOIETIC_AND_LYMPHOID_TISSUE
CCLE-58-TAE684-HEM,51,14,PFEIFFER_HAEMATOPOIETIC_AND_LYMPHOID_TISSUE
CCLE-58-TAE684-HEM,51,15,RAJI_HAEMATOPOIETIC_AND_LYMPHOID_TISSUE
CCLE-58-TAE684-HEM,51,16,SUDHL10_HAEMATOPOIETIC_AND_LYMPHOID_TISSUE
CCLE-58-TAE684-HEM,51,17,SUDHL8_HAEMATOPOIETIC_AND_LYMPHOID_TISSUE
CCLE-58-TAE684-HEM,51,18,SUPM2_HAEMATOPOIETIC_AND_LYMPHOID_TISSUE
CCLE-58-TAE684-HEM,52,1,HT_HAEMATOPOIETIC_AND_LYMPHOID_TISSUE
CCLE-58-TAE684-HEM,52,2,HUT78_HAEMATOPOIETIC_AND_LYMPHOID_TISSUE
CCLE-58-TAE684-HEM,52,3,JVM3_HAEMATOPOIETIC_AND_LYMPHOID_TISSUE
CCLE-58-TAE684-HEM,52,4,KARPAS299_HAEMATOPOIETIC_AND_LYMPHOID_TISSUE
CCLE-58-TAE684-HEM,52,5,KARPAS620_HAEMATOPOIETIC_AND_LYMPHOID_TISSUE
CCLE-58-TAE684-HEM,52,6,KMM1_HAEMATOPOIETIC_AND_LYMPHOID_TISSUE
CCLE-58-TAE684-HEM,52,7,KMS26_HAEMATOPOIETIC_AND_LYMPHOID_TISSUE
CCLE-58-TAE684-HEM,52,8,KMS34_HAEMATOPOIETIC_AND_LYMPHOID_TISSUE
CCLE-58-TAE684-HEM,52,9,KO52_HAEMATOPOIETIC_AND_LYMPHOID_TISSUE
CCLE-58-TAE684-HEM,52,10,LP1_HAEMATOPOIETIC_AND_LYMPHOID_TISSUE
CCLE-58-TAE684-HEM,52,11,MEG01_HAEMATOPOIETIC_AND_LYMPHOID_TISSUE
CCLE-58-TAE684-HEM,52,12,MJ_HAEMATOPOIETIC_AND_LYMPHOID_TISSUE
CCLE-58-TAE684-HEM,52,13,MOLP8_HAEMATOPOIETIC_AND_LYMPHOID_TISSUE
CCLE-58-TAE684-HEM,52,14,OCIAML2_HAEMATOPOIETIC_AND_LYMPHOID_TISSUE
CCLE-58-TAE684-HEM,52,15,OCIAML5_HAEMATOPOIETIC_AND_LYMPHOID_TISSUE
CCLE-58-TAE684-HEM,52,16,P3HR1_HAEMATOPOIETIC_AND_LYMPHOID_TISSUE
CCLE-58-TAE684-HEM,52,17,SKMM2_HAEMATOPOIETIC_AND_LYMPHOID_TISSUE
CCLE-58-TAE684-HEM,52,18,SUDHL4_HAEMATOPOIETIC_AND_LYMPHOID_TISSUE
CCLE-58-TAE684-HEM,53,1,697_HAEMATOPOIETIC_AND_LYMPHOID_TISSUE
CCLE-58-TAE684-HEM,53,2,HH_HAEMATOPOIETIC_AND_LYMPHOID_TISSUE
CCLE-58-TAE684-HEM,53,3,JM1_HAEMATOPOIETIC_AND_LYMPHOID_TISSUE
CCLE-58-TAE684-HEM,53,4,JVM3_HAEMATOPOIETIC_AND_LYMPHOID_TISSUE
CCLE-58-TAE684-HEM,53,5,KASUMI2_HAEMATOPOIETIC_AND_LYMPHOID_TISSUE
CCLE-58-TAE684-HEM,53,6,KMM1_HAEMATOPOIETIC_AND_LYMPHOID_TISSUE
CCLE-58-TAE684-HEM,53,7,KMS26_HAEMATOPOIETIC_AND_LYMPHOID_TISSUE
CCLE-58-TAE684-HEM,53,8,KMS34_HAEMATOPOIETIC_AND_LYMPHOID_TISSUE
CCLE-58-TAE684-HEM,53,9,KU812_HAEMATOPOIETIC_AND_LYMPHOID_TISSUE
CCLE-58-TAE684-HEM,53,10,L363_HAEMATOPOIETIC_AND_LYMPHOID_TISSUE
CCLE-58-TAE684-HEM,53,11,LP1_HAEMATOPOIETIC_AND_LYMPHOID_TISSUE
CCLE-58-TAE684-HEM,53,12,MEG01_HAEMATOPOIETIC_AND_LYMPHOID_TISSUE
CCLE-58-TAE684-HEM,53,13,MJ_HAEMATOPOIETIC_AND_LYMPHOID_TISSUE
CCLE-58-TAE684-HEM,53,14,P12ICHIKAWA_HAEMATOPOIETIC_AND_LYMPHOID_TISSUE
CCLE-58-TAE684-HEM,53,15,P3HR1_HAEMATOPOIETIC_AND_LYMPHOID_TISSUE
CCLE-58-TAE684-HEM,53,16,REH_HAEMATOPOIETIC_AND_LYMPHOID_TISSUE
CCLE-58-TAE684-HEM,53,17,SUPT1_HAEMATOPOIETIC_AND_LYMPHOID_TISSUE
CCLE-58-TAE684-HEM,53,18,TOLEDO_HAEMATOPOIETIC_AND_LYMPHOID_TISSUE
CCLE-58-TAE684-HEM,54,1,ALLSIL_HAEMATOPOIETIC_AND_LYMPHOID_TISSUE
CCLE-58-TAE684-HEM,54,2,BL70_HAEMATOPOIETIC_AND_LYMPHOID_TISSUE
CCLE-58-TAE684-HEM,54,3,CI1_HAEMATOPOIETIC_AND_LYMPHOID_TISSUE
CCLE-58-TAE684-HEM,54,4,GRANTA519_HAEMATOPOIETIC_AND_LYMPHOID_TISSUE
CCLE-58-TAE684-HEM,54,5,HT_HAEMATOPOIETIC_AND_LYMPHOID_TISSUE
CCLE-58-TAE684-HEM,54,6,JM1_HAEMATOPOIETIC_AND_LYMPHOID_TISSUE
CCLE-58-TAE684-HEM,54,7,JURKAT_HAEMATOPOIETIC_AND_LYMPHOID_TISSUE
CCLE-58-TAE684-HEM,54,8,KARPAS299_HAEMATOPOIETIC_AND_LYMPHOID_TISSUE
CCLE-58-TAE684-HEM,54,9,KHM1B_HAEMATOPOIETIC_AND_LYMPHOID_TISSUE
CCLE-58-TAE684-HEM,54,10,KMS11_HAEMATOPOIETIC_AND_LYMPHOID_TISSUE
CCLE-58-TAE684-HEM,54,11,L428_HAEMATOPOIETIC_AND_LYMPHOID_TISSUE
CCLE-58-TAE684-HEM,54,12,MOLT16_HAEMATOPOIETIC_AND_LYMPHOID_TISSUE
CCLE-58-TAE684-HEM,54,13,OCIAML5_HAEMATOPOIETIC_AND_LYMPHOID_TISSUE
CCLE-58-TAE684-HEM,54,14,P3HR1_HAEMATOPOIETIC_AND_LYMPHOID_TISSUE
CCLE-58-TAE684-HEM,54,15,PFEIFFER_HAEMATOPOIETIC_AND_LYMPHOID_TISSUE
CCLE-58-TAE684-HEM,54,16,REH_HAEMATOPOIETIC_AND_LYMPHOID_TISSUE
CCLE-58-TAE684-HEM,54,17,SUDHL10_HAEMATOPOIETIC_AND_LYMPHOID_TISSUE
CCLE-58-TAE684-HEM,54,18,SUDHL6_HAEMATOPOIETIC_AND_LYMPHOID_TISSUE
CCLE-58-TAE684-HEM,55,1,BDCM_HAEMATOPOIETIC_AND_LYMPHOID_TISSUE
CCLE-58-TAE684-HEM,55,2,BL70_HAEMATOPOIETIC_AND_LYMPHOID_TISSUE
CCLE-58-TAE684-HEM,55,3,CI1_HAEMATOPOIETIC_AND_LYMPHOID_TISSUE
CCLE-58-TAE684-HEM,55,4,GRANTA519_HAEMATOPOIETIC_AND_LYMPHOID_TISSUE
CCLE-58-TAE684-HEM,55,5,HDMYZ_HAEMATOPOIETIC_AND_LYMPHOID_TISSUE
CCLE-58-TAE684-HEM,55,6,HT_HAEMATOPOIETIC_AND_LYMPHOID_TISSUE
CCLE-58-TAE684-HEM,55,7,JVM3_HAEMATOPOIETIC_AND_LYMPHOID_TISSUE
CCLE-58-TAE684-HEM,55,8,KMS11_HAEMATOPOIETIC_AND_LYMPHOID_TISSUE
CCLE-58-TAE684-HEM,55,9,KMS12BM_HAEMATOPOIETIC_AND_LYMPHOID_TISSUE
CCLE-58-TAE684-HEM,55,10,KMS26_HAEMATOPOIETIC_AND_LYMPHOID_TISSUE
CCLE-58-TAE684-HEM,55,11,KU812_HAEMATOPOIETIC_AND_LYMPHOID_TISSUE
CCLE-58-TAE684-HEM,55,12,MC116_HAEMATOPOIETIC_AND_LYMPHOID_TISSUE
CCLE-58-TAE684-HEM,55,13,MJ_HAEMATOPOIETIC_AND_LYMPHOID_TISSUE
CCLE-58-TAE684-HEM,55,14,MOLT16_HAEMATOPOIETIC_AND_LYMPHOID_TISSUE
CCLE-58-TAE684-HEM,55,15,OPM2_HAEMATOPOIETIC_AND_LYMPHOID_TISSUE
CCLE-58-TAE684-HEM,55,16,P12ICHIKAWA_HAEMATOPOIETIC_AND_LYMPHOID_TISSUE
CCLE-58-TAE684-HEM,55,17,SIGM5_HAEMATOPOIETIC_AND_LYMPHOID_TISSUE
CCLE-58-TAE684-HEM,55,18,SUPM2_HAEMATOPOIETIC_AND_LYMPHOID_TISSUE
CCLE-58-TAE684-HEM,56,1,ALLSIL_HAEMATOPOIETIC_AND_LYMPHOID_TISSUE
CCLE-58-TAE684-HEM,56,2,AMO1_HAEMATOPOIETIC_AND_LYMPHOID_TISSUE
CCLE-58-TAE684-HEM,56,3,CI1_HAEMATOPOIETIC_AND_LYMPHOID_TISSUE
CCLE-58-TAE684-HEM,56,4,EM2_HAEMATOPOIETIC_AND_LYMPHOID_TISSUE
CCLE-58-TAE684-HEM,56,5,HDMYZ_HAEMATOPOIETIC_AND_LYMPHOID_TISSUE
CCLE-58-TAE684-HEM,56,6,JURKAT_HAEMATOPOIETIC_AND_LYMPHOID_TISSUE
CCLE-58-TAE684-HEM,56,7,JVM3_HAEMATOPOIETIC_AND_LYMPHOID_TISSUE
CCLE-58-TAE684-HEM,56,8,KMM1_HAEMATOPOIETIC_AND_LYMPHOID_TISSUE
CCLE-58-TAE684-HEM,56,9,KMS11_HAEMATOPOIETIC_AND_LYMPHOID_TISSUE
CCLE-58-TAE684-HEM,56,10,KO52_HAEMATOPOIETIC_AND_LYMPHOID_TISSUE
CCLE-58-TAE684-HEM,56,11,MC116_HAEMATOPOIETIC_AND_LYMPHOID_TISSUE
CCLE-58-TAE684-HEM,56,12,REH_HAEMATOPOIETIC_AND_LYMPHOID_TISSUE
CCLE-58-TAE684-HEM,56,13,SIGM5_HAEMATOPOIETIC_AND_LYMPHOID_TISSUE
CCLE-58-TAE684-HEM,56,14,SUDHL10_HAEMATOPOIETIC_AND_LYMPHOID_TISSUE
CCLE-58-TAE684-HEM,56,15,SUDHL6_HAEMATOPOIETIC_AND_LYMPHOID_TISSUE
CCLE-58-TAE684-HEM,56,16,SUDHL8_HAEMATOPOIETIC_AND_LYMPHOID_TISSUE
CCLE-58-TAE684-HEM,56,17,SUPM2_HAEMATOPOIETIC_AND_LYMPHOID_TISSUE
CCLE-58-TAE684-HEM,56,18,SUPT1_HAEMATOPOIETIC_AND_LYMPHOID_TISSUE
CCLE-58-TAE684-HEM,57,1,697_HAEMATOPOIETIC_AND_LYMPHOID_TISSUE
CCLE-58-TAE684-HEM,57,2,BL41_HAEMATOPOIETIC_AND_LYMPHOID_TISSUE
CCLE-58-TAE684-HEM,57,3,CI1_HAEMATOPOIETIC_AND_LYMPHOID_TISSUE
CCLE-58-TAE684-HEM,57,4,HUT78_HAEMATOPOIETIC_AND_LYMPHOID_TISSUE
CCLE-58-TAE684-HEM,57,5,KMS12BM_HAEMATOPOIETIC_AND_LYMPHOID_TISSUE
CCLE-58-TAE684-HEM,57,6,KMS26_HAEMATOPOIETIC_AND_LYMPHOID_TISSUE
CCLE-58-TAE684-HEM,57,7,KMS34_HAEMATOPOIETIC_AND_LYMPHOID_TISSUE
CCLE-58-TAE684-HEM,57,8,LP1_HAEMATOPOIETIC_AND_LYMPHOID_TISSUE
CCLE-58-TAE684-HEM,57,9,MEG01_HAEMATOPOIETIC_AND_LYMPHOID_TISSUE
CCLE-58-TAE684-HEM,57,10,MJ_HAEMATOPOIETIC_AND_LYMPHOID_TISSUE
CCLE-58-TAE684-HEM,57,11,NCO2_HAEMATOPOIETIC_AND_LYMPHOID_TISSUE
CCLE-58-TAE684-HEM,57,12,OCIAML2_HAEMATOPOIETIC_AND_LYMPHOID_TISSUE
CCLE-58-TAE684-HEM,57,13,P12ICHIKAWA_HAEMATOPOIETIC_AND_LYMPHOID_TISSUE
CCLE-58-TAE684-HEM,57,14,P31FUJ_HAEMATOPOIETIC_AND_LYMPHOID_TISSUE
CCLE-58-TAE684-HEM,57,15,PFEIFFER_HAEMATOPOIETIC_AND_LYMPHOID_TISSUE
CCLE-58-TAE684-HEM,57,16,RAJI_HAEMATOPOIETIC_AND_LYMPHOID_TISSUE
CCLE-58-TAE684-HEM,57,17,SKMM2_HAEMATOPOIETIC_AND_LYMPHOID_TISSUE
CCLE-58-TAE684-HEM,57,18,SUPT1_HAEMATOPOIETIC_AND_LYMPHOID_TISSUE
CCLE-58-TAE684-HEM,58,1,697_HAEMATOPOIETIC_AND_LYMPHOID_TISSUE
CCLE-58-TAE684-HEM,58,2,ALLSIL_HAEMATOPOIETIC_AND_LYMPHOID_TISSUE
CCLE-58-TAE684-HEM,58,3,BDCM_HAEMATOPOIETIC_AND_LYMPHOID_TISSUE
CCLE-58-TAE684-HEM,58,4,KARPAS620_HAEMATOPOIETIC_AND_LYMPHOID_TISSUE
CCLE-58-TAE684-HEM,58,5,KMS11_HAEMATOPOIETIC_AND_LYMPHOID_TISSUE
CCLE-58-TAE684-HEM,58,6,KO52_HAEMATOPOIETIC_AND_LYMPHOID_TISSUE
CCLE-58-TAE684-HEM,58,7,MEG01_HAEMATOPOIETIC_AND_LYMPHOID_TISSUE
CCLE-58-TAE684-HEM,58,8,MOLP8_HAEMATOPOIETIC_AND_LYMPHOID_TISSUE
CCLE-58-TAE684-HEM,58,9,MOLT16_HAEMATOPOIETIC_AND_LYMPHOID_TISSUE
CCLE-58-TAE684-HEM,58,10,OCIAML2_HAEMATOPOIETIC_AND_LYMPHOID_TISSUE
CCLE-58-TAE684-HEM,58,11,OCIAML5_HAEMATOPOIETIC_AND_LYMPHOID_TISSUE
CCLE-58-TAE684-HEM,58,12,OPM2_HAEMATOPOIETIC_AND_LYMPHOID_TISSUE
CCLE-58-TAE684-HEM,58,13,P12ICHIKAWA_HAEMATOPOIETIC_AND_LYMPHOID_TISSUE
CCLE-58-TAE684-HEM,58,14,SUDHL4_HAEMATOPOIETIC_AND_LYMPHOID_TISSUE
CCLE-58-TAE684-HEM,58,15,SUDHL6_HAEMATOPOIETIC_AND_LYMPHOID_TISSUE
CCLE-58-TAE684-HEM,58,16,SUDHL8_HAEMATOPOIETIC_AND_LYMPHOID_TISSUE
CCLE-58-TAE684-HEM,58,17,SUPM2_HAEMATOPOIETIC_AND_LYMPHOID_TISSUE
CCLE-58-TAE684-HEM,58,18,U937_HAEMATOPOIETIC_AND_LYMPHOID_TISSUE
CCLE-58-TAE684-HEM,59,1,697_HAEMATOPOIETIC_AND_LYMPHOID_TISSUE
CCLE-58-TAE684-HEM,59,2,ALLSIL_HAEMATOPOIETIC_AND_LYMPHOID_TISSUE
CCLE-58-TAE684-HEM,59,3,BL70_HAEMATOPOIETIC_AND_LYMPHOID_TISSUE
CCLE-58-TAE684-HEM,59,4,DEL_HAEMATOPOIETIC_AND_LYMPHOID_TISSUE
CCLE-58-TAE684-HEM,59,5,F36P_HAEMATOPOIETIC_AND_LYMPHOID_TISSUE
CCLE-58-TAE684-HEM,59,6,HH_HAEMATOPOIETIC_AND_LYMPHOID_TISSUE
CCLE-58-TAE684-HEM,59,7,HT_HAEMATOPOIETIC_AND_LYMPHOID_TISSUE
CCLE-58-TAE684-HEM,59,8,HUT78_HAEMATOPOIETIC_AND_LYMPHOID_TISSUE
CCLE-58-TAE684-HEM,59,9,JM1_HAEMATOPOIETIC_AND_LYMPHOID_TISSUE
CCLE-58-TAE684-HEM,59,10,KARPAS299_HAEMATOPOIETIC_AND_LYMPHOID_TISSUE
CCLE-58-TAE684-HEM,59,11,KMM1_HAEMATOPOIETIC_AND_LYMPHOID_TISSUE
CCLE-58-TAE684-HEM,59,12,KMS11_HAEMATOPOIETIC_AND_LYMPHOID_TISSUE
CCLE-58-TAE684-HEM,59,13,KMS34_HAEMATOPOIETIC_AND_LYMPHOID_TISSUE
CCLE-58-TAE684-HEM,59,14,KO52_HAEMATOPOIETIC_AND_LYMPHOID_TISSUE
CCLE-58-TAE684-HEM,59,15,P12ICHIKAWA_HAEMATOPOIETIC_AND_LYMPHOID_TISSUE
CCLE-58-TAE684-HEM,59,16,RPMI8402_HAEMATOPOIETIC_AND_LYMPHOID_TISSUE
CCLE-58-TAE684-HEM,59,17,SIGM5_HAEMATOPOIETIC_AND_LYMPHOID_TISSUE
CCLE-58-TAE684-HEM,59,18,U937_HAEMATOPOIETIC_AND_LYMPHOID_TISSUE
CCLE-58-TAE684-HEM,60,1,CI1_HAEMATOPOIETIC_AND_LYMPHOID_TISSUE
CCLE-58-TAE684-HEM,60,2,DEL_HAEMATOPOIETIC_AND_LYMPHOID_TISSUE
CCLE-58-TAE684-HEM,60,3,EM2_HAEMATOPOIETIC_AND_LYMPHOID_TISSUE
CCLE-58-TAE684-HEM,60,4,F36P_HAEMATOPOIETIC_AND_LYMPHOID_TISSUE
CCLE-58-TAE684-HEM,60,5,HUT78_HAEMATOPOIETIC_AND_LYMPHOID_TISSUE
CCLE-58-TAE684-HEM,60,6,KARPAS299_HAEMATOPOIETIC_AND_LYMPHOID_TISSUE
CCLE-58-TAE684-HEM,60,7,KMM1_HAEMATOPOIETIC_AND_LYMPHOID_TISSUE
CCLE-58-TAE684-HEM,60,8,KMS26_HAEMATOPOIETIC_AND_LYMPHOID_TISSUE
CCLE-58-TAE684-HEM,60,9,KMS34_HAEMATOPOIETIC_AND_LYMPHOID_TISSUE
CCLE-58-TAE684-HEM,60,10,LP1_HAEMATOPOIETIC_AND_LYMPHOID_TISSUE
CCLE-58-TAE684-HEM,60,11,MINO_HAEMATOPOIETIC_AND_LYMPHOID_TISSUE
CCLE-58-TAE684-HEM,60,12,OCIAML5_HAEMATOPOIETIC_AND_LYMPHOID_TISSUE
CCLE-58-TAE684-HEM,60,13,RPMI8402_HAEMATOPOIETIC_AND_LYMPHOID_TISSUE
CCLE-58-TAE684-HEM,60,14,SIGM5_HAEMATOPOIETIC_AND_LYMPHOID_TISSUE
CCLE-58-TAE684-HEM,60,15,SUDHL10_HAEMATOPOIETIC_AND_LYMPHOID_TISSUE
CCLE-58-TAE684-HEM,60,16,SUPM2_HAEMATOPOIETIC_AND_LYMPHOID_TISSUE
CCLE-58-TAE684-HEM,60,17,SUPT1_HAEMATOPOIETIC_AND_LYMPHOID_TISSUE
CCLE-58-TAE684-HEM,60,18,TOLEDO_HAEMATOPOIETIC_AND_LYMPHOID_TISSUE
CCLE-58-TAE684-HEM,61,1,697_HAEMATOPOIETIC_AND_LYMPHOID_TISSUE
CCLE-58-TAE684-HEM,61,2,CI1_HAEMATOPOIETIC_AND_LYMPHOID_TISSUE
CCLE-58-TAE684-HEM,61,3,DOHH2_HAEMATOPOIETIC_AND_LYMPHOID_TISSUE
CCLE-58-TAE684-HEM,61,4,HDMYZ_HAEMATOPOIETIC_AND_LYMPHOID_TISSUE
CCLE-58-TAE684-HEM,61,5,HUT78_HAEMATOPOIETIC_AND_LYMPHOID_TISSUE
CCLE-58-TAE684-HEM,61,6,KCL22_HAEMATOPOIETIC_AND_LYMPHOID_TISSUE
CCLE-58-TAE684-HEM,61,7,KHM1B_HAEMATOPOIETIC_AND_LYMPHOID_TISSUE
CCLE-58-TAE684-HEM,61,8,KMS11_HAEMATOPOIETIC_AND_LYMPHOID_TISSUE
CCLE-58-TAE684-HEM,61,9,KO52_HAEMATOPOIETIC_AND_LYMPHOID_TISSUE
CCLE-58-TAE684-HEM,61,10,L363_HAEMATOPOIETIC_AND_LYMPHOID_TISSUE
CCLE-58-TAE684-HEM,61,11,LP1_HAEMATOPOIETIC_AND_LYMPHOID_TISSUE
CCLE-58-TAE684-HEM,61,12,MINO_HAEMATOPOIETIC_AND_LYMPHOID_TISSUE
CCLE-58-TAE684-HEM,61,13,MJ_HAEMATOPOIETIC_AND_LYMPHOID_TISSUE
CCLE-58-TAE684-HEM,61,14,OCIAML2_HAEMATOPOIETIC_AND_LYMPHOID_TISSUE
CCLE-58-TAE684-HEM,61,15,P31FUJ_HAEMATOPOIETIC_AND_LYMPHOID_TISSUE
CCLE-58-TAE684-HEM,61,16,REH_HAEMATOPOIETIC_AND_LYMPHOID_TISSUE
CCLE-58-TAE684-HEM,61,17,SUPT1_HAEMATOPOIETIC_AND_LYMPHOID_TISSUE
CCLE-58-TAE684-HEM,61,18,TOLEDO_HAEMATOPOIETIC_AND_LYMPHOID_TISSUE
CCLE-58-TAE684-HEM,62,1,ALLSIL_HAEMATOPOIETIC_AND_LYMPHOID_TISSUE
CCLE-58-TAE684-HEM,62,2,BL41_HAEMATOPOIETIC_AND_LYMPHOID_TISSUE
CCLE-58-TAE684-HEM,62,3,HT_HAEMATOPOIETIC_AND_LYMPHOID_TISSUE
CCLE-58-TAE684-HEM,62,4,HUT78_HAEMATOPOIETIC_AND_LYMPHOID_TISSUE
CCLE-58-TAE684-HEM,62,5,JM1_HAEMATOPOIETIC_AND_LYMPHOID_TISSUE
CCLE-58-TAE684-HEM,62,6,JVM3_HAEMATOPOIETIC_AND_LYMPHOID_TISSUE
CCLE-58-TAE684-HEM,62,7,KASUMI2_HAEMATOPOIETIC_AND_LYMPHOID_TISSUE
CCLE-58-TAE684-HEM,62,8,KMM1_HAEMATOPOIETIC_AND_LYMPHOID_TISSUE
CCLE-58-TAE684-HEM,62,9,KMS26_HAEMATOPOIETIC_AND_LYMPHOID_TISSUE
CCLE-58-TAE684-HEM,62,10,LP1_HAEMATOPOIETIC_AND_LYMPHOID_TISSUE
CCLE-58-TAE684-HEM,62,11,MOLP8_HAEMATOPOIETIC_AND_LYMPHOID_TISSUE
CCLE-58-TAE684-HEM,62,12,OCIAML2_HAEMATOPOIETIC_AND_LYMPHOID_TISSUE
CCLE-58-TAE684-HEM,62,13,OCIAML5_HAEMATOPOIETIC_AND_LYMPHOID_TISSUE
CCLE-58-TAE684-HEM,62,14,SUDHL4_HAEMATOPOIETIC_AND_LYMPHOID_TISSUE
CCLE-58-TAE684-HEM,62,15,SUDHL8_HAEMATOPOIETIC_AND_LYMPHOID_TISSUE
CCLE-58-TAE684-HEM,62,16,SUPM2_HAEMATOPOIETIC_AND_LYMPHOID_TISSUE
CCLE-58-TAE684-HEM,62,17,SUPT1_HAEMATOPOIETIC_AND_LYMPHOID_TISSUE
CCLE-58-TAE684-HEM,62,18,U937_HAEMATOPOIETIC_AND_LYMPHOID_TISSUE
CCLE-58-TAE684-HEM,63,1,BDCM_HAEMATOPOIETIC_AND_LYMPHOID_TISSUE
CCLE-58-TAE684-HEM,63,2,CI1_HAEMATOPOIETIC_AND_LYMPHOID_TISSUE
CCLE-58-TAE684-HEM,63,3,JURKAT_HAEMATOPOIETIC_AND_LYMPHOID_TISSUE
CCLE-58-TAE684-HEM,63,4,KASUMI2_HAEMATOPOIETIC_AND_LYMPHOID_TISSUE
CCLE-58-TAE684-HEM,63,5,KG1_HAEMATOPOIETIC_AND_LYMPHOID_TISSUE
CCLE-58-TAE684-HEM,63,6,KMM1_HAEMATOPOIETIC_AND_LYMPHOID_TISSUE
CCLE-58-TAE684-HEM,63,7,KMS12BM_HAEMATOPOIETIC_AND_LYMPHOID_TISSUE
CCLE-58-TAE684-HEM,63,8,KMS26_HAEMATOPOIETIC_AND_LYMPHOID_TISSUE
CCLE-58-TAE684-HEM,63,9,L363_HAEMATOPOIETIC_AND_LYMPHOID_TISSUE
CCLE-58-TAE684-HEM,63,10,L428_HAEMATOPOIETIC_AND_LYMPHOID_TISSUE
CCLE-58-TAE684-HEM,63,11,MC116_HAEMATOPOIETIC_AND_LYMPHOID_TISSUE
CCLE-58-TAE684-HEM,63,12,MEG01_HAEMATOPOIETIC_AND_LYMPHOID_TISSUE
CCLE-58-TAE684-HEM,63,13,MOLP8_HAEMATOPOIETIC_AND_LYMPHOID_TISSUE
CCLE-58-TAE684-HEM,63,14,OCIAML5_HAEMATOPOIETIC_AND_LYMPHOID_TISSUE
CCLE-58-TAE684-HEM,63,15,P12ICHIKAWA_HAEMATOPOIETIC_AND_LYMPHOID_TISSUE
CCLE-58-TAE684-HEM,63,16,SIGM5_HAEMATOPOIETIC_AND_LYMPHOID_TISSUE
CCLE-58-TAE684-HEM,63,17,SUDHL4_HAEMATOPOIETIC_AND_LYMPHOID_TISSUE
CCLE-58-TAE684-HEM,63,18,TOLEDO_HAEMATOPOIETIC_AND_LYMPHOID_TISSUE
CCLE-58-TAE684-HEM,64,1,CI1_HAEMATOPOIETIC_AND_LYMPHOID_TISSUE
CCLE-58-TAE684-HEM,64,2,DEL_HAEMATOPOIETIC_AND_LYMPHOID_TISSUE
CCLE-58-TAE684-HEM,64,3,JM1_HAEMATOPOIETIC_AND_LYMPHOID_TISSUE
CCLE-58-TAE684-HEM,64,4,JURKAT_HAEMATOPOIETIC_AND_LYMPHOID_TISSUE
CCLE-58-TAE684-HEM,64,5,KARPAS299_HAEMATOPOIETIC_AND_LYMPHOID_TISSUE
CCLE-58-TAE684-HEM,64,6,KASUMI2_HAEMATOPOIETIC_AND_LYMPHOID_TISSUE
CCLE-58-TAE684-HEM,64,7,KCL22_HAEMATOPOIETIC_AND_LYMPHOID_TISSUE
CCLE-58-TAE684-HEM,64,8,KHM1B_HAEMATOPOIETIC_AND_LYMPHOID_TISSUE
CCLE-58-TAE684-HEM,64,9,KO52_HAEMATOPOIETIC_AND_LYMPHOID_TISSUE
CCLE-58-TAE684-HEM,64,10,LP1_HAEMATOPOIETIC_AND_LYMPHOID_TISSUE
CCLE-58-TAE684-HEM,64,11,MEG01_HAEMATOPOIETIC_AND_LYMPHOID_TISSUE
CCLE-58-TAE684-HEM,64,12,MOLP8_HAEMATOPOIETIC_AND_LYMPHOID_TISSUE
CCLE-58-TAE684-HEM,64,13,OCIAML5_HAEMATOPOIETIC_AND_LYMPHOID_TISSUE
CCLE-58-TAE684-HEM,64,14,P12ICHIKAWA_HAEMATOPOIETIC_AND_LYMPHOID_TISSUE
CCLE-58-TAE684-HEM,64,15,RAJI_HAEMATOPOIETIC_AND_LYMPHOID_TISSUE
CCLE-58-TAE684-HEM,64,16,RPMI8402_HAEMATOPOIETIC_AND_LYMPHOID_TISSUE
CCLE-58-TAE684-HEM,64,17,SIGM5_HAEMATOPOIETIC_AND_LYMPHOID_TISSUE
CCLE-58-TAE684-HEM,64,18,SUDHL10_HAEMATOPOIETIC_AND_LYMPHOID_TISSUE
CCLE-58-TAE684-HEM,65,1,697_HAEMATOPOIETIC_AND_LYMPHOID_TISSUE
CCLE-58-TAE684-HEM,65,2,BDCM_HAEMATOPOIETIC_AND_LYMPHOID_TISSUE
CCLE-58-TAE684-HEM,65,3,BL41_HAEMATOPOIETIC_AND_LYMPHOID_TISSUE
CCLE-58-TAE684-HEM,65,4,CI1_HAEMATOPOIETIC_AND_LYMPHOID_TISSUE
CCLE-58-TAE684-HEM,65,5,DEL_HAEMATOPOIETIC_AND_LYMPHOID_TISSUE
CCLE-58-TAE684-HEM,65,6,EM2_HAEMATOPOIETIC_AND_LYMPHOID_TISSUE
CCLE-58-TAE684-HEM,65,7,F36P_HAEMATOPOIETIC_AND_LYMPHOID_TISSUE
CCLE-58-TAE684-HEM,65,8,HUT78_HAEMATOPOIETIC_AND_LYMPHOID_TISSUE
CCLE-58-TAE684-HEM,65,9,JVM3_HAEMATOPOIETIC_AND_LYMPHOID_TISSUE
CCLE-58-TAE684-HEM,65,10,KASUMI2_HAEMATOPOIETIC_AND_LYMPHOID_TISSUE
CCLE-58-TAE684-HEM,65,11,KG1_HAEMATOPOIETIC_AND_LYMPHOID_TISSUE
CCLE-58-TAE684-HEM,65,12,KMS12BM_HAEMATOPOIETIC_AND_LYMPHOID_TISSUE
CCLE-58-TAE684-HEM,65,13,KO52_HAEMATOPOIETIC_AND_LYMPHOID_TISSUE
CCLE-58-TAE684-HEM,65,14,MJ_HAEMATOPOIETIC_AND_LYMPHOID_TISSUE
CCLE-58-TAE684-HEM,65,15,PFEIFFER_HAEMATOPOIETIC_AND_LYMPHOID_TISSUE
CCLE-58-TAE684-HEM,65,16,SIGM5_HAEMATOPOIETIC_AND_LYMPHOID_TISSUE
CCLE-58-TAE684-HEM,65,17,SKMM2_HAEMATOPOIETIC_AND_LYMPHOID_TISSUE
CCLE-58-TAE684-HEM,65,18,TOLEDO_HAEMATOPOIETIC_AND_LYMPHOID_TISSUE
CCLE-58-TAE684-HEM,66,1,BDCM_HAEMATOPOIETIC_AND_LYMPHOID_TISSUE
CCLE-58-TAE684-HEM,66,2,BL70_HAEMATOPOIETIC_AND_LYMPHOID_TISSUE
CCLE-58-TAE684-HEM,66,3,CI1_HAEMATOPOIETIC_AND_LYMPHOID_TISSUE
CCLE-58-TAE684-HEM,66,4,KASUMI2_HAEMATOPOIETIC_AND_LYMPHOID_TISSUE
CCLE-58-TAE684-HEM,66,5,KCL22_HAEMATOPOIETIC_AND_LYMPHOID_TISSUE
CCLE-58-TAE684-HEM,66,6,KMS11_HAEMATOPOIETIC_AND_LYMPHOID_TISSUE
CCLE-58-TAE684-HEM,66,7,KO52_HAEMATOPOIETIC_AND_LYMPHOID_TISSUE
CCLE-58-TAE684-HEM,66,8,MC116_HAEMATOPOIETIC_AND_LYMPHOID_TISSUE
CCLE-58-TAE684-HEM,66,9,MEG01_HAEMATOPOIETIC_AND_LYMPHOID_TISSUE
CCLE-58-TAE684-HEM,66,10,OCIAML2_HAEMATOPOIETIC_AND_LYMPHOID_TISSUE
CCLE-58-TAE684-HEM,66,11,OPM2_HAEMATOPOIETIC_AND_LYMPHOID_TISSUE
CCLE-58-TAE684-HEM,66,12,P12ICHIKAWA_HAEMATOPOIETIC_AND_LYMPHOID_TISSUE
CCLE-58-TAE684-HEM,66,13,P31FUJ_HAEMATOPOIETIC_AND_LYMPHOID_TISSUE
CCLE-58-TAE684-HEM,66,14,REH_HAEMATOPOIETIC_AND_LYMPHOID_TISSUE
CCLE-58-TAE684-HEM,66,15,RPMI8402_HAEMATOPOIETIC_AND_LYMPHOID_TISSUE
CCLE-58-TAE684-HEM,66,16,SUDHL4_HAEMATOPOIETIC_AND_LYMPHOID_TISSUE
CCLE-58-TAE684-HEM,66,17,SUDHL6_HAEMATOPOIETIC_AND_LYMPHOID_TISSUE
CCLE-58-TAE684-HEM,66,18,SUDHL8_HAEMATOPOIETIC_AND_LYMPHOID_TISSUE
CCLE-58-TAE684-HEM,67,1,697_HAEMATOPOIETIC_AND_LYMPHOID_TISSUE
CCLE-58-TAE684-HEM,67,2,BDCM_HAEMATOPOIETIC_AND_LYMPHOID_TISSUE
CCLE-58-TAE684-HEM,67,3,DEL_HAEMATOPOIETIC_AND_LYMPHOID_TISSUE
CCLE-58-TAE684-HEM,67,4,DOHH2_HAEMATOPOIETIC_AND_LYMPHOID_TISSUE
CCLE-58-TAE684-HEM,67,5,HDMYZ_HAEMATOPOIETIC_AND_LYMPHOID_TISSUE
CCLE-58-TAE684-HEM,67,6,HUT78_HAEMATOPOIETIC_AND_LYMPHOID_TISSUE
CCLE-58-TAE684-HEM,67,7,JURKAT_HAEMATOPOIETIC_AND_LYMPHOID_TISSUE
CCLE-58-TAE684-HEM,67,8,KARPAS299_HAEMATOPOIETIC_AND_LYMPHOID_TISSUE
CCLE-58-TAE684-HEM,67,9,KASUMI2_HAEMATOPOIETIC_AND_LYMPHOID_TISSUE
CCLE-58-TAE684-HEM,67,10,KHM1B_HAEMATOPOIETIC_AND_LYMPHOID_TISSUE
CCLE-58-TAE684-HEM,67,11,KMS34_HAEMATOPOIETIC_AND_LYMPHOID_TISSUE
CCLE-58-TAE684-HEM,67,12,LP1_HAEMATOPOIETIC_AND_LYMPHOID_TISSUE
CCLE-58-TAE684-HEM,67,13,MEG01_HAEMATOPOIETIC_AND_LYMPHOID_TISSUE
CCLE-58-TAE684-HEM,67,14,P12ICHIKAWA_HAEMATOPOIETIC_AND_LYMPHOID_TISSUE
CCLE-58-TAE684-HEM,67,15,P3HR1_HAEMATOPOIETIC_AND_LYMPHOID_TISSUE
CCLE-58-TAE684-HEM,67,16,SIGM5_HAEMATOPOIETIC_AND_LYMPHOID_TISSUE
CCLE-58-TAE684-HEM,67,17,SUDHL6_HAEMATOPOIETIC_AND_LYMPHOID_TISSUE
CCLE-58-TAE684-HEM,67,18,SUPM2_HAEMATOPOIETIC_AND_LYMPHOID_TISSUE
CCLE-58-TAE684-HEM,68,1,AMO1_HAEMATOPOIETIC_AND_LYMPHOID_TISSUE
CCLE-58-TAE684-HEM,68,2,BL41_HAEMATOPOIETIC_AND_LYMPHOID_TISSUE
CCLE-58-TAE684-HEM,68,3,DOHH2_HAEMATOPOIETIC_AND_LYMPHOID_TISSUE
CCLE-58-TAE684-HEM,68,4,EM2_HAEMATOPOIETIC_AND_LYMPHOID_TISSUE
CCLE-58-TAE684-HEM,68,5,GRANTA519_HAEMATOPOIETIC_AND_LYMPHOID_TISSUE
CCLE-58-TAE684-HEM,68,6,HT_HAEMATOPOIETIC_AND_LYMPHOID_TISSUE
CCLE-58-TAE684-HEM,68,7,JURKAT_HAEMATOPOIETIC_AND_LYMPHOID_TISSUE
CCLE-58-TAE684-HEM,68,8,KASUMI2_HAEMATOPOIETIC_AND_LYMPHOID_TISSUE
CCLE-58-TAE684-HEM,68,9,KHM1B_HAEMATOPOIETIC_AND_LYMPHOID_TISSUE
CCLE-58-TAE684-HEM,68,10,KMM1_HAEMATOPOIETIC_AND_LYMPHOID_TISSUE
CCLE-58-TAE684-HEM,68,11,KO52_HAEMATOPOIETIC_AND_LYMPHOID_TISSUE
CCLE-58-TAE684-HEM,68,12,MINO_HAEMATOPOIETIC_AND_LYMPHOID_TISSUE
CCLE-58-TAE684-HEM,68,13,MJ_HAEMATOPOIETIC_AND_LYMPHOID_TISSUE
CCLE-58-TAE684-HEM,68,14,OPM2_HAEMATOPOIETIC_AND_LYMPHOID_TISSUE
CCLE-58-TAE684-HEM,68,15,P12ICHIKAWA_HAEMATOPOIETIC_AND_LYMPHOID_TISSUE
CCLE-58-TAE684-HEM,68,16,SUDHL10_HAEMATOPOIETIC_AND_LYMPHOID_TISSUE
CCLE-58-TAE684-HEM,68,17,SUDHL8_HAEMATOPOIETIC_AND_LYMPHOID_TISSUE
CCLE-58-TAE684-HEM,68,18,U937_HAEMATOPOIETIC_AND_LYMPHOID_TISSUE
CCLE-58-TAE684-HEM,69,1,BL41_HAEMATOPOIETIC_AND_LYMPHOID_TISSUE
CCLE-58-TAE684-HEM,69,2,DOHH2_HAEMATOPOIETIC_AND_LYMPHOID_TISSUE
CCLE-58-TAE684-HEM,69,3,F36P_HAEMATOPOIETIC_AND_LYMPHOID_TISSUE
CCLE-58-TAE684-HEM,69,4,HH_HAEMATOPOIETIC_AND_LYMPHOID_TISSUE
CCLE-58-TAE684-HEM,69,5,HUT78_HAEMATOPOIETIC_AND_LYMPHOID_TISSUE
CCLE-58-TAE684-HEM,69,6,JURKAT_HAEMATOPOIETIC_AND_LYMPHOID_TISSUE
CCLE-58-TAE684-HEM,69,7,KARPAS299_HAEMATOPOIETIC_AND_LYMPHOID_TISSUE
CCLE-58-TAE684-HEM,69,8,KMM1_HAEMATOPOIETIC_AND_LYMPHOID_TISSUE
CCLE-58-TAE684-HEM,69,9,KO52_HAEMATOPOIETIC_AND_LYMPHOID_TISSUE
CCLE-58-TAE684-HEM,69,10,KU812_HAEMATOPOIETIC_AND_LYMPHOID_TISSUE
CCLE-58-TAE684-HEM,69,11,L363_HAEMATOPOIETIC_AND_LYMPHOID_TISSUE
CCLE-58-TAE684-HEM,69,12,LP1_HAEMATOPOIETIC_AND_LYMPHOID_TISSUE
CCLE-58-TAE684-HEM,69,13,MC116_HAEMATOPOIETIC_AND_LYMPHOID_TISSUE
CCLE-58-TAE684-HEM,69,14,MOLT16_HAEMATOPOIETIC_AND_LYMPHOID_TISSUE
CCLE-58-TAE684-HEM,69,15,SUDHL4_HAEMATOPOIETIC_AND_LYMPHOID_TISSUE
CCLE-58-TAE684-HEM,69,16,SUDHL8_HAEMATOPOIETIC_AND_LYMPHOID_TISSUE
CCLE-58-TAE684-HEM,69,17,SUPM2_HAEMATOPOIETIC_AND_LYMPHOID_TISSUE
CCLE-58-TAE684-HEM,69,18,SUPT1_HAEMATOPOIETIC_AND_LYMPHOID_TISSUE
CCLE-58-TAE684-HEM,70,1,BDCM_HAEMATOPOIETIC_AND_LYMPHOID_TISSUE
CCLE-58-TAE684-HEM,70,2,BL70_HAEMATOPOIETIC_AND_LYMPHOID_TISSUE
CCLE-58-TAE684-HEM,70,3,CI1_HAEMATOPOIETIC_AND_LYMPHOID_TISSUE
CCLE-58-TAE684-HEM,70,4,DEL_HAEMATOPOIETIC_AND_LYMPHOID_TISSUE
CCLE-58-TAE684-HEM,70,5,HDMYZ_HAEMATOPOIETIC_AND_LYMPHOID_TISSUE
CCLE-58-TAE684-HEM,70,6,JURKAT_HAEMATOPOIETIC_AND_LYMPHOID_TISSUE
CCLE-58-TAE684-HEM,70,7,KARPAS620_HAEMATOPOIETIC_AND_LYMPHOID_TISSUE
CCLE-58-TAE684-HEM,70,8,KMM1_HAEMATOPOIETIC_AND_LYMPHOID_TISSUE
CCLE-58-TAE684-HEM,70,9,KMS34_HAEMATOPOIETIC_AND_LYMPHOID_TISSUE
CCLE-58-TAE684-HEM,70,10,LP1_HAEMATOPOIETIC_AND_LYMPHOID_TISSUE
CCLE-58-TAE684-HEM,70,11,NCO2_HAEMATOPOIETIC_AND_LYMPHOID_TISSUE
CCLE-58-TAE684-HEM,70,12,P31FUJ_HAEMATOPOIETIC_AND_LYMPHOID_TISSUE
CCLE-58-TAE684-HEM,70,13,P3HR1_HAEMATOPOIETIC_AND_LYMPHOID_TISSUE
CCLE-58-TAE684-HEM,70,14,PFEIFFER_HAEMATOPOIETIC_AND_LYMPHOID_TISSUE
CCLE-58-TAE684-HEM,70,15,SIGM5_HAEMATOPOIETIC_AND_LYMPHOID_TISSUE
CCLE-58-TAE684-HEM,70,16,SUDHL10_HAEMATOPOIETIC_AND_LYMPHOID_TISSUE
CCLE-58-TAE684-HEM,70,17,SUPT1_HAEMATOPOIETIC_AND_LYMPHOID_TISSUE
CCLE-58-TAE684-HEM,70,18,U937_HAEMATOPOIETIC_AND_LYMPHOID_TISSUE
CCLE-58-TAE684-HEM,71,1,AMO1_HAEMATOPOIETIC_AND_LYMPHOID_TISSUE
CCLE-58-TAE684-HEM,71,2,BL41_HAEMATOPOIETIC_AND_LYMPHOID_TISSUE
CCLE-58-TAE684-HEM,71,3,BL70_HAEMATOPOIETIC_AND_LYMPHOID_TISSUE
CCLE-58-TAE684-HEM,71,4,CI1_HAEMATOPOIETIC_AND_LYMPHOID_TISSUE
CCLE-58-TAE684-HEM,71,5,GRANTA519_HAEMATOPOIETIC_AND_LYMPHOID_TISSUE
CCLE-58-TAE684-HEM,71,6,JM1_HAEMATOPOIETIC_AND_LYMPHOID_TISSUE
CCLE-58-TAE684-HEM,71,7,KARPAS620_HAEMATOPOIETIC_AND_LYMPHOID_TISSUE
CCLE-58-TAE684-HEM,71,8,KG1_HAEMATOPOIETIC_AND_LYMPHOID_TISSUE
CCLE-58-TAE684-HEM,71,9,KHM1B_HAEMATOPOIETIC_AND_LYMPHOID_TISSUE
CCLE-58-TAE684-HEM,71,10,KU812_HAEMATOPOIETIC_AND_LYMPHOID_TISSUE
CCLE-58-TAE684-HEM,71,11,LP1_HAEMATOPOIETIC_AND_LYMPHOID_TISSUE
CCLE-58-TAE684-HEM,71,12,MINO_HAEMATOPOIETIC_AND_LYMPHOID_TISSUE
CCLE-58-TAE684-HEM,71,13,NCO2_HAEMATOPOIETIC_AND_LYMPHOID_TISSUE
CCLE-58-TAE684-HEM,71,14,REH_HAEMATOPOIETIC_AND_LYMPHOID_TISSUE
CCLE-58-TAE684-HEM,71,15,SUDHL10_HAEMATOPOIETIC_AND_LYMPHOID_TISSUE
CCLE-58-TAE684-HEM,71,16,SUDHL8_HAEMATOPOIETIC_AND_LYMPHOID_TISSUE
CCLE-58-TAE684-HEM,71,17,SUPT1_HAEMATOPOIETIC_AND_LYMPHOID_TISSUE
CCLE-58-TAE684-HEM,71,18,U937_HAEMATOPOIETIC_AND_LYMPHOID_TISSUE
CCLE-58-TAE684-HEM,72,1,697_HAEMATOPOIETIC_AND_LYMPHOID_TISSUE
CCLE-58-TAE684-HEM,72,2,ALLSIL_HAEMATOPOIETIC_AND_LYMPHOID_TISSUE
CCLE-58-TAE684-HEM,72,3,AMO1_HAEMATOPOIETIC_AND_LYMPHOID_TISSUE
CCLE-58-TAE684-HEM,72,4,BDCM_HAEMATOPOIETIC_AND_LYMPHOID_TISSUE
CCLE-58-TAE684-HEM,72,5,F36P_HAEMATOPOIETIC_AND_LYMPHOID_TISSUE
CCLE-58-TAE684-HEM,72,6,HUT78_HAEMATOPOIETIC_AND_LYMPHOID_TISSUE
CCLE-58-TAE684-HEM,72,7,JM1_HAEMATOPOIETIC_AND_LYMPHOID_TISSUE
CCLE-58-TAE684-HEM,72,8,KMS12BM_HAEMATOPOIETIC_AND_LYMPHOID_TISSUE
CCLE-58-TAE684-HEM,72,9,KMS26_HAEMATOPOIETIC_AND_LYMPHOID_TISSUE
CCLE-58-TAE684-HEM,72,10,KU812_HAEMATOPOIETIC_AND_LYMPHOID_TISSUE
CCLE-58-TAE684-HEM,72,11,L428_HAEMATOPOIETIC_AND_LYMPHOID_TISSUE
CCLE-58-TAE684-HEM,72,12,MC116_HAEMATOPOIETIC_AND_LYMPHOID_TISSUE
CCLE-58-TAE684-HEM,72,13,MEG01_HAEMATOPOIETIC_AND_LYMPHOID_TISSUE
CCLE-58-TAE684-HEM,72,14,MJ_HAEMATOPOIETIC_AND_LYMPHOID_TISSUE
CCLE-58-TAE684-HEM,72,15,MOLP8_HAEMATOPOIETIC_AND_LYMPHOID_TISSUE
CCLE-58-TAE684-HEM,72,16,OCIAML5_HAEMATOPOIETIC_AND_LYMPHOID_TISSUE
CCLE-58-TAE684-HEM,72,17,PFEIFFER_HAEMATOPOIETIC_AND_LYMPHOID_TISSUE
CCLE-58-TAE684-HEM,72,18,SUPT1_HAEMATOPOIETIC_AND_LYMPHOID_TISSUE
CCLE-58-TAE684-HEM,73,1,CI1_HAEMATOPOIETIC_AND_LYMPHOID_TISSUE
CCLE-58-TAE684-HEM,73,2,DEL_HAEMATOPOIETIC_AND_LYMPHOID_TISSUE
CCLE-58-TAE684-HEM,73,3,JURKAT_HAEMATOPOIETIC_AND_LYMPHOID_TISSUE
CCLE-58-TAE684-HEM,73,4,JVM3_HAEMATOPOIETIC_AND_LYMPHOID_TISSUE
CCLE-58-TAE684-HEM,73,5,KARPAS299_HAEMATOPOIETIC_AND_LYMPHOID_TISSUE
CCLE-58-TAE684-HEM,73,6,KARPAS620_HAEMATOPOIETIC_AND_LYMPHOID_TISSUE
CCLE-58-TAE684-HEM,73,7,KHM1B_HAEMATOPOIETIC_AND_LYMPHOID_TISSUE
CCLE-58-TAE684-HEM,73,8,KMM1_HAEMATOPOIETIC_AND_LYMPHOID_TISSUE
CCLE-58-TAE684-HEM,73,9,LP1_HAEMATOPOIETIC_AND_LYMPHOID_TISSUE
CCLE-58-TAE684-HEM,73,10,MC116_HAEMATOPOIETIC_AND_LYMPHOID_TISSUE
CCLE-58-TAE684-HEM,73,11,MJ_HAEMATOPOIETIC_AND_LYMPHOID_TISSUE
CCLE-58-TAE684-HEM,73,12,MOLP8_HAEMATOPOIETIC_AND_LYMPHOID_TISSUE
CCLE-58-TAE684-HEM,73,13,OPM2_HAEMATOPOIETIC_AND_LYMPHOID_TISSUE
CCLE-58-TAE684-HEM,73,14,P3HR1_HAEMATOPOIETIC_AND_LYMPHOID_TISSUE
CCLE-58-TAE684-HEM,73,15,PFEIFFER_HAEMATOPOIETIC_AND_LYMPHOID_TISSUE
CCLE-58-TAE684-HEM,73,16,SUDHL4_HAEMATOPOIETIC_AND_LYMPHOID_TISSUE
CCLE-58-TAE684-HEM,73,17,SUPM2_HAEMATOPOIETIC_AND_LYMPHOID_TISSUE
CCLE-58-TAE684-HEM,73,18,U937_HAEMATOPOIETIC_AND_LYMPHOID_TISSUE
CCLE-58-TAE684-HEM,74,1,BL70_HAEMATOPOIETIC_AND_LYMPHOID_TISSUE
CCLE-58-TAE684-HEM,74,2,F36P_HAEMATOPOIETIC_AND_LYMPHOID_TISSUE
CCLE-58-TAE684-HEM,74,3,GRANTA519_HAEMATOPOIETIC_AND_LYMPHOID_TISSUE
CCLE-58-TAE684-HEM,74,4,JURKAT_HAEMATOPOIETIC_AND_LYMPHOID_TISSUE
CCLE-58-TAE684-HEM,74,5,KARPAS620_HAEMATOPOIETIC_AND_LYMPHOID_TISSUE
CCLE-58-TAE684-HEM,74,6,KCL22_HAEMATOPOIETIC_AND_LYMPHOID_TISSUE
CCLE-58-TAE684-HEM,74,7,KG1_HAEMATOPOIETIC_AND_LYMPHOID_TISSUE
CCLE-58-TAE684-HEM,74,8,KHM1B_HAEMATOPOIETIC_AND_LYMPHOID_TISSUE
CCLE-58-TAE684-HEM,74,9,KMS26_HAEMATOPOIETIC_AND_LYMPHOID_TISSUE
CCLE-58-TAE684-HEM,74,10,KMS34_HAEMATOPOIETIC_AND_LYMPHOID_TISSUE
CCLE-58-TAE684-HEM,74,11,L428_HAEMATOPOIETIC_AND_LYMPHOID_TISSUE
CCLE-58-TAE684-HEM,74,12,LP1_HAEMATOPOIETIC_AND_LYMPHOID_TISSUE
CCLE-58-TAE684-HEM,74,13,MINO_HAEMATOPOIETIC_AND_LYMPHOID_TISSUE
CCLE-58-TAE684-HEM,74,14,PFEIFFER_HAEMATOPOIETIC_AND_LYMPHOID_TISSUE
CCLE-58-TAE684-HEM,74,15,RAJI_HAEMATOPOIETIC_AND_LYMPHOID_TISSUE
CCLE-58-TAE684-HEM,74,16,SUDHL10_HAEMATOPOIETIC_AND_LYMPHOID_TISSUE
CCLE-58-TAE684-HEM,74,17,SUDHL4_HAEMATOPOIETIC_AND_LYMPHOID_TISSUE
CCLE-58-TAE684-HEM,74,18,SUPM2_HAEMATOPOIETIC_AND_LYMPHOID_TISSUE
CCLE-58-TAE684-HEM,75,1,697_HAEMATOPOIETIC_AND_LYMPHOID_TISSUE
CCLE-58-TAE684-HEM,75,2,ALLSIL_HAEMATOPOIETIC_AND_LYMPHOID_TISSUE
CCLE-58-TAE684-HEM,75,3,DEL_HAEMATOPOIETIC_AND_LYMPHOID_TISSUE
CCLE-58-TAE684-HEM,75,4,EM2_HAEMATOPOIETIC_AND_LYMPHOID_TISSUE
CCLE-58-TAE684-HEM,75,5,HT_HAEMATOPOIETIC_AND_LYMPHOID_TISSUE
CCLE-58-TAE684-HEM,75,6,HUT78_HAEMATOPOIETIC_AND_LYMPHOID_TISSUE
CCLE-58-TAE684-HEM,75,7,KMS12BM_HAEMATOPOIETIC_AND_LYMPHOID_TISSUE
CCLE-58-TAE684-HEM,75,8,KO52_HAEMATOPOIETIC_AND_LYMPHOID_TISSUE
CCLE-58-TAE684-HEM,75,9,KU812_HAEMATOPOIETIC_AND_LYMPHOID_TISSUE
CCLE-58-TAE684-HEM,75,10,MEG01_HAEMATOPOIETIC_AND_LYMPHOID_TISSUE
CCLE-58-TAE684-HEM,75,11,MJ_HAEMATOPOIETIC_AND_LYMPHOID_TISSUE
CCLE-58-TAE684-HEM,75,12,MOLT16_HAEMATOPOIETIC_AND_LYMPHOID_TISSUE
CCLE-58-TAE684-HEM,75,13,OPM2_HAEMATOPOIETIC_AND_LYMPHOID_TISSUE
CCLE-58-TAE684-HEM,75,14,P12ICHIKAWA_HAEMATOPOIETIC_AND_LYMPHOID_TISSUE
CCLE-58-TAE684-HEM,75,15,P3HR1_HAEMATOPOIETIC_AND_LYMPHOID_TISSUE
CCLE-58-TAE684-HEM,75,16,SIGM5_HAEMATOPOIETIC_AND_LYMPHOID_TISSUE
CCLE-58-TAE684-HEM,75,17,SUDHL10_HAEMATOPOIETIC_AND_LYMPHOID_TISSUE
CCLE-58-TAE684-HEM,75,18,SUDHL6_HAEMATOPOIETIC_AND_LYMPHOID_TISSUE
CCLE-58-TAE684-HEM,76,1,ALLSIL_HAEMATOPOIETIC_AND_LYMPHOID_TISSUE
CCLE-58-TAE684-HEM,76,2,BL41_HAEMATOPOIETIC_AND_LYMPHOID_TISSUE
CCLE-58-TAE684-HEM,76,3,HT_HAEMATOPOIETIC_AND_LYMPHOID_TISSUE
CCLE-58-TAE684-HEM,76,4,HUT78_HAEMATOPOIETIC_AND_LYMPHOID_TISSUE
CCLE-58-TAE684-HEM,76,5,JM1_HAEMATOPOIETIC_AND_LYMPHOID_TISSUE
CCLE-58-TAE684-HEM,76,6,KASUMI2_HAEMATOPOIETIC_AND_LYMPHOID_TISSUE
CCLE-58-TAE684-HEM,76,7,KG1_HAEMATOPOIETIC_AND_LYMPHOID_TISSUE
CCLE-58-TAE684-HEM,76,8,KMS26_HAEMATOPOIETIC_AND_LYMPHOID_TISSUE
CCLE-58-TAE684-HEM,76,9,L428_HAEMATOPOIETIC_AND_LYMPHOID_TISSUE
CCLE-58-TAE684-HEM,76,10,LP1_HAEMATOPOIETIC_AND_LYMPHOID_TISSUE
CCLE-58-TAE684-HEM,76,11,MINO_HAEMATOPOIETIC_AND_LYMPHOID_TISSUE
CCLE-58-TAE684-HEM,76,12,MOLT16_HAEMATOPOIETIC_AND_LYMPHOID_TISSUE
CCLE-58-TAE684-HEM,76,13,OCIAML5_HAEMATOPOIETIC_AND_LYMPHOID_TISSUE
CCLE-58-TAE684-HEM,76,14,P31FUJ_HAEMATOPOIETIC_AND_LYMPHOID_TISSUE
CCLE-58-TAE684-HEM,76,15,SIGM5_HAEMATOPOIETIC_AND_LYMPHOID_TISSUE
CCLE-58-TAE684-HEM,76,16,SUDHL10_HAEMATOPOIETIC_AND_LYMPHOID_TISSUE
CCLE-58-TAE684-HEM,76,17,SUDHL4_HAEMATOPOIETIC_AND_LYMPHOID_TISSUE
CCLE-58-TAE684-HEM,76,18,TOLEDO_HAEMATOPOIETIC_AND_LYMPHOID_TISSUE
CCLE-58-TAE684-HEM,77,1,ALLSIL_HAEMATOPOIETIC_AND_LYMPHOID_TISSUE
CCLE-58-TAE684-HEM,77,2,BL41_HAEMATOPOIETIC_AND_LYMPHOID_TISSUE
CCLE-58-TAE684-HEM,77,3,DEL_HAEMATOPOIETIC_AND_LYMPHOID_TISSUE
CCLE-58-TAE684-HEM,77,4,EM2_HAEMATOPOIETIC_AND_LYMPHOID_TISSUE
CCLE-58-TAE684-HEM,77,5,HH_HAEMATOPOIETIC_AND_LYMPHOID_TISSUE
CCLE-58-TAE684-HEM,77,6,HT_HAEMATOPOIETIC_AND_LYMPHOID_TISSUE
CCLE-58-TAE684-HEM,77,7,KG1_HAEMATOPOIETIC_AND_LYMPHOID_TISSUE
CCLE-58-TAE684-HEM,77,8,KMS12BM_HAEMATOPOIETIC_AND_LYMPHOID_TISSUE
CCLE-58-TAE684-HEM,77,9,KU812_HAEMATOPOIETIC_AND_LYMPHOID_TISSUE
CCLE-58-TAE684-HEM,77,10,L428_HAEMATOPOIETIC_AND_LYMPHOID_TISSUE
CCLE-58-TAE684-HEM,77,11,MINO_HAEMATOPOIETIC_AND_LYMPHOID_TISSUE
CCLE-58-TAE684-HEM,77,12,RPMI8402_HAEMATOPOIETIC_AND_LYMPHOID_TISSUE
CCLE-58-TAE684-HEM,77,13,SIGM5_HAEMATOPOIETIC_AND_LYMPHOID_TISSUE
CCLE-58-TAE684-HEM,77,14,SKMM2_HAEMATOPOIETIC_AND_LYMPHOID_TISSUE
CCLE-58-TAE684-HEM,77,15,SUDHL10_HAEMATOPOIETIC_AND_LYMPHOID_TISSUE
CCLE-58-TAE684-HEM,77,16,SUDHL6_HAEMATOPOIETIC_AND_LYMPHOID_TISSUE
CCLE-58-TAE684-HEM,77,17,SUDHL8_HAEMATOPOIETIC_AND_LYMPHOID_TISSUE
CCLE-58-TAE684-HEM,77,18,TOLEDO_HAEMATOPOIETIC_AND_LYMPHOID_TISSUE
CCLE-58-TAE684-HEM,78,1,ALLSIL_HAEMATOPOIETIC_AND_LYMPHOID_TISSUE
CCLE-58-TAE684-HEM,78,2,DOHH2_HAEMATOPOIETIC_AND_LYMPHOID_TISSUE
CCLE-58-TAE684-HEM,78,3,GRANTA519_HAEMATOPOIETIC_AND_LYMPHOID_TISSUE
CCLE-58-TAE684-HEM,78,4,JM1_HAEMATOPOIETIC_AND_LYMPHOID_TISSUE
CCLE-58-TAE684-HEM,78,5,JVM3_HAEMATOPOIETIC_AND_LYMPHOID_TISSUE
CCLE-58-TAE684-HEM,78,6,KMS11_HAEMATOPOIETIC_AND_LYMPHOID_TISSUE
CCLE-58-TAE684-HEM,78,7,KMS26_HAEMATOPOIETIC_AND_LYMPHOID_TISSUE
CCLE-58-TAE684-HEM,78,8,KU812_HAEMATOPOIETIC_AND_LYMPHOID_TISSUE
CCLE-58-TAE684-HEM,78,9,LP1_HAEMATOPOIETIC_AND_LYMPHOID_TISSUE
CCLE-58-TAE684-HEM,78,10,MEG01_HAEMATOPOIETIC_AND_LYMPHOID_TISSUE
CCLE-58-TAE684-HEM,78,11,NCO2_HAEMATOPOIETIC_AND_LYMPHOID_TISSUE
CCLE-58-TAE684-HEM,78,12,OCIAML5_HAEMATOPOIETIC_AND_LYMPHOID_TISSUE
CCLE-58-TAE684-HEM,78,13,OPM2_HAEMATOPOIETIC_AND_LYMPHOID_TISSUE
CCLE-58-TAE684-HEM,78,14,SUDHL10_HAEMATOPOIETIC_AND_LYMPHOID_TISSUE
CCLE-58-TAE684-HEM,78,15,SUDHL6_HAEMATOPOIETIC_AND_LYMPHOID_TISSUE
CCLE-58-TAE684-HEM,78,16,SUPM2_HAEMATOPOIETIC_AND_LYMPHOID_TISSUE
CCLE-58-TAE684-HEM,78,17,SUPT1_HAEMATOPOIETIC_AND_LYMPHOID_TISSUE
CCLE-58-TAE684-HEM,78,18,U937_HAEMATOPOIETIC_AND_LYMPHOID_TISSUE
CCLE-58-TAE684-HEM,79,1,ALLSIL_HAEMATOPOIETIC_AND_LYMPHOID_TISSUE
CCLE-58-TAE684-HEM,79,2,BL70_HAEMATOPOIETIC_AND_LYMPHOID_TISSUE
CCLE-58-TAE684-HEM,79,3,JVM3_HAEMATOPOIETIC_AND_LYMPHOID_TISSUE
CCLE-58-TAE684-HEM,79,4,KARPAS299_HAEMATOPOIETIC_AND_LYMPHOID_TISSUE
CCLE-58-TAE684-HEM,79,5,KARPAS620_HAEMATOPOIETIC_AND_LYMPHOID_TISSUE
CCLE-58-TAE684-HEM,79,6,KCL22_HAEMATOPOIETIC_AND_LYMPHOID_TISSUE
CCLE-58-TAE684-HEM,79,7,KG1_HAEMATOPOIETIC_AND_LYMPHOID_TISSUE
CCLE-58-TAE684-HEM,79,8,KMM1_HAEMATOPOIETIC_AND_LYMPHOID_TISSUE
CCLE-58-TAE684-HEM,79,9,MEG01_HAEMATOPOIETIC_AND_LYMPHOID_TISSUE
CCLE-58-TAE684-HEM,79,10,MOLT16_HAEMATOPOIETIC_AND_LYMPHOID_TISSUE
CCLE-58-TAE684-HEM,79,11,RAJI_HAEMATOPOIETIC_AND_LYMPHOID_TISSUE
CCLE-58-TAE684-HEM,79,12,REH_HAEMATOPOIETIC_AND_LYMPHOID_TISSUE
CCLE-58-TAE684-HEM,79,13,SIGM5_HAEMATOPOIETIC_AND_LYMPHOID_TISSUE
CCLE-58-TAE684-HEM,79,14,SUDHL4_HAEMATOPOIETIC_AND_LYMPHOID_TISSUE
CCLE-58-TAE684-HEM,79,15,SUDHL8_HAEMATOPOIETIC_AND_LYMPHOID_TISSUE
CCLE-58-TAE684-HEM,79,16,SUPM2_HAEMATOPOIETIC_AND_LYMPHOID_TISSUE
CCLE-58-TAE684-HEM,79,17,SUPT1_HAEMATOPOIETIC_AND_LYMPHOID_TISSUE
CCLE-58-TAE684-HEM,79,18,TOLEDO_HAEMATOPOIETIC_AND_LYMPHOID_TISSUE
CCLE-58-TAE684-HEM,80,1,697_HAEMATOPOIETIC_AND_LYMPHOID_TISSUE
CCLE-58-TAE684-HEM,80,2,ALLSIL_HAEMATOPOIETIC_AND_LYMPHOID_TISSUE
CCLE-58-TAE684-HEM,80,3,BL41_HAEMATOPOIETIC_AND_LYMPHOID_TISSUE
CCLE-58-TAE684-HEM,80,4,DEL_HAEMATOPOIETIC_AND_LYMPHOID_TISSUE
CCLE-58-TAE684-HEM,80,5,DOHH2_HAEMATOPOIETIC_AND_LYMPHOID_TISSUE
CCLE-58-TAE684-HEM,80,6,EM2_HAEMATOPOIETIC_AND_LYMPHOID_TISSUE
CCLE-58-TAE684-HEM,80,7,F36P_HAEMATOPOIETIC_AND_LYMPHOID_TISSUE
CCLE-58-TAE684-HEM,80,8,HT_HAEMATOPOIETIC_AND_LYMPHOID_TISSUE
CCLE-58-TAE684-HEM,80,9,HUT78_HAEMATOPOIETIC_AND_LYMPHOID_TISSUE
CCLE-58-TAE684-HEM,80,10,JVM3_HAEMATOPOIETIC_AND_LYMPHOID_TISSUE
CCLE-58-TAE684-HEM,80,11,KARPAS299_HAEMATOPOIETIC_AND_LYMPHOID_TISSUE
CCLE-58-TAE684-HEM,80,12,L428_HAEMATOPOIETIC_AND_LYMPHOID_TISSUE
CCLE-58-TAE684-HEM,80,13,MEG01_HAEMATOPOIETIC_AND_LYMPHOID_TISSUE
CCLE-58-TAE684-HEM,80,14,MJ_HAEMATOPOIETIC_AND_LYMPHOID_TISSUE
CCLE-58-TAE684-HEM,80,15,MOLT16_HAEMATOPOIETIC_AND_LYMPHOID_TISSUE
CCLE-58-TAE684-HEM,80,16,OPM2_HAEMATOPOIETIC_AND_LYMPHOID_TISSUE
CCLE-58-TAE684-HEM,80,17,SUDHL8_HAEMATOPOIETIC_AND_LYMPHOID_TISSUE
CCLE-58-TAE684-HEM,80,18,TOLEDO_HAEMATOPOIETIC_AND_LYMPHOID_TISSUE
CCLE-58-TAE684-HEM,81,1,ALLSIL_HAEMATOPOIETIC_AND_LYMPHOID_TISSUE
CCLE-58-TAE684-HEM,81,2,CI1_HAEMATOPOIETIC_AND_LYMPHOID_TISSUE
CCLE-58-TAE684-HEM,81,3,DOHH2_HAEMATOPOIETIC_AND_LYMPHOID_TISSUE
CCLE-58-TAE684-HEM,81,4,HH_HAEMATOPOIETIC_AND_LYMPHOID_TISSUE
CCLE-58-TAE684-HEM,81,5,HT_HAEMATOPOIETIC_AND_LYMPHOID_TISSUE
CCLE-58-TAE684-HEM,81,6,HUT78_HAEMATOPOIETIC_AND_LYMPHOID_TISSUE
CCLE-58-TAE684-HEM,81,7,KARPAS299_HAEMATOPOIETIC_AND_LYMPHOID_TISSUE
CCLE-58-TAE684-HEM,81,8,KG1_HAEMATOPOIETIC_AND_LYMPHOID_TISSUE
CCLE-58-TAE684-HEM,81,9,KMM1_HAEMATOPOIETIC_AND_LYMPHOID_TISSUE
CCLE-58-TAE684-HEM,81,10,KMS11_HAEMATOPOIETIC_AND_LYMPHOID_TISSUE
CCLE-58-TAE684-HEM,81,11,KU812_HAEMATOPOIETIC_AND_LYMPHOID_TISSUE
CCLE-58-TAE684-HEM,81,12,MEG01_HAEMATOPOIETIC_AND_LYMPHOID_TISSUE
CCLE-58-TAE684-HEM,81,13,MINO_HAEMATOPOIETIC_AND_LYMPHOID_TISSUE
CCLE-58-TAE684-HEM,81,14,REH_HAEMATOPOIETIC_AND_LYMPHOID_TISSUE
CCLE-58-TAE684-HEM,81,15,SUDHL4_HAEMATOPOIETIC_AND_LYMPHOID_TISSUE
CCLE-58-TAE684-HEM,81,16,SUPT1_HAEMATOPOIETIC_AND_LYMPHOID_TISSUE
CCLE-58-TAE684-HEM,81,17,TOLEDO_HAEMATOPOIETIC_AND_LYMPHOID_TISSUE
CCLE-58-TAE684-HEM,81,18,U937_HAEMATOPOIETIC_AND_LYMPHOID_TISSUE
CCLE-58-TAE684-HEM,82,1,ALLSIL_HAEMATOPOIETIC_AND_LYMPHOID_TISSUE
CCLE-58-TAE684-HEM,82,2,AMO1_HAEMATOPOIETIC_AND_LYMPHOID_TISSUE
CCLE-58-TAE684-HEM,82,3,BDCM_HAEMATOPOIETIC_AND_LYMPHOID_TISSUE
CCLE-58-TAE684-HEM,82,4,DEL_HAEMATOPOIETIC_AND_LYMPHOID_TISSUE
CCLE-58-TAE684-HEM,82,5,F36P_HAEMATOPOIETIC_AND_LYMPHOID_TISSUE
CCLE-58-TAE684-HEM,82,6,JURKAT_HAEMATOPOIETIC_AND_LYMPHOID_TISSUE
CCLE-58-TAE684-HEM,82,7,KHM1B_HAEMATOPOIETIC_AND_LYMPHOID_TISSUE
CCLE-58-TAE684-HEM,82,8,KU812_HAEMATOPOIETIC_AND_LYMPHOID_TISSUE
CCLE-58-TAE684-HEM,82,9,LP1_HAEMATOPOIETIC_AND_LYMPHOID_TISSUE
CCLE-58-TAE684-HEM,82,10,MEG01_HAEMATOPOIETIC_AND_LYMPHOID_TISSUE
CCLE-58-TAE684-HEM,82,11,MOLP8_HAEMATOPOIETIC_AND_LYMPHOID_TISSUE
CCLE-58-TAE684-HEM,82,12,MOLT16_HAEMATOPOIETIC_AND_LYMPHOID_TISSUE
CCLE-58-TAE684-HEM,82,13,P12ICHIKAWA_HAEMATOPOIETIC_AND_LYMPHOID_TISSUE
CCLE-58-TAE684-HEM,82,14,REH_HAEMATOPOIETIC_AND_LYMPHOID_TISSUE
CCLE-58-TAE684-HEM,82,15,SUDHL4_HAEMATOPOIETIC_AND_LYMPHOID_TISSUE
CCLE-58-TAE684-HEM,82,16,SUDHL8_HAEMATOPOIETIC_AND_LYMPHOID_TISSUE
CCLE-58-TAE684-HEM,82,17,SUPM2_HAEMATOPOIETIC_AND_LYMPHOID_TISSUE
CCLE-58-TAE684-HEM,82,18,TOLEDO_HAEMATOPOIETIC_AND_LYMPHOID_TISSUE
CCLE-58-TAE684-HEM,83,1,BL70_HAEMATOPOIETIC_AND_LYMPHOID_TISSUE
CCLE-58-TAE684-HEM,83,2,CI1_HAEMATOPOIETIC_AND_LYMPHOID_TISSUE
CCLE-58-TAE684-HEM,83,3,DOHH2_HAEMATOPOIETIC_AND_LYMPHOID_TISSUE
CCLE-58-TAE684-HEM,83,4,F36P_HAEMATOPOIETIC_AND_LYMPHOID_TISSUE
CCLE-58-TAE684-HEM,83,5,HDMYZ_HAEMATOPOIETIC_AND_LYMPHOID_TISSUE
CCLE-58-TAE684-HEM,83,6,HUT78_HAEMATOPOIETIC_AND_LYMPHOID_TISSUE
CCLE-58-TAE684-HEM,83,7,JM1_HAEMATOPOIETIC_AND_LYMPHOID_TISSUE
CCLE-58-TAE684-HEM,83,8,KARPAS299_HAEMATOPOIETIC_AND_LYMPHOID_TISSUE
CCLE-58-TAE684-HEM,83,9,KARPAS620_HAEMATOPOIETIC_AND_LYMPHOID_TISSUE
CCLE-58-TAE684-HEM,83,10,KMS26_HAEMATOPOIETIC_AND_LYMPHOID_TISSUE
CCLE-58-TAE684-HEM,83,11,MC116_HAEMATOPOIETIC_AND_LYMPHOID_TISSUE
CCLE-58-TAE684-HEM,83,12,MJ_HAEMATOPOIETIC_AND_LYMPHOID_TISSUE
CCLE-58-TAE684-HEM,83,13,OCIAML2_HAEMATOPOIETIC_AND_LYMPHOID_TISSUE
CCLE-58-TAE684-HEM,83,14,OPM2_HAEMATOPOIETIC_AND_LYMPHOID_TISSUE
CCLE-58-TAE684-HEM,83,15,P3HR1_HAEMATOPOIETIC_AND_LYMPHOID_TISSUE
CCLE-58-TAE684-HEM,83,16,REH_HAEMATOPOIETIC_AND_LYMPHOID_TISSUE
CCLE-58-TAE684-HEM,83,17,SUPT1_HAEMATOPOIETIC_AND_LYMPHOID_TISSUE
CCLE-58-TAE684-HEM,83,18,TOLEDO_HAEMATOPOIETIC_AND_LYMPHOID_TISSUE
CCLE-58-TAE684-HEM,84,1,ALLSIL_HAEMATOPOIETIC_AND_LYMPHOID_TISSUE
CCLE-58-TAE684-HEM,84,2,BDCM_HAEMATOPOIETIC_AND_LYMPHOID_TISSUE
CCLE-58-TAE684-HEM,84,3,DEL_HAEMATOPOIETIC_AND_LYMPHOID_TISSUE
CCLE-58-TAE684-HEM,84,4,DOHH2_HAEMATOPOIETIC_AND_LYMPHOID_TISSUE
CCLE-58-TAE684-HEM,84,5,HDMYZ_HAEMATOPOIETIC_AND_LYMPHOID_TISSUE
CCLE-58-TAE684-HEM,84,6,HUT78_HAEMATOPOIETIC_AND_LYMPHOID_TISSUE
CCLE-58-TAE684-HEM,84,7,KASUMI2_HAEMATOPOIETIC_AND_LYMPHOID_TISSUE
CCLE-58-TAE684-HEM,84,8,KHM1B_HAEMATOPOIETIC_AND_LYMPHOID_TISSUE
CCLE-58-TAE684-HEM,84,9,KMM1_HAEMATOPOIETIC_AND_LYMPHOID_TISSUE
CCLE-58-TAE684-HEM,84,10,L363_HAEMATOPOIETIC_AND_LYMPHOID_TISSUE
CCLE-58-TAE684-HEM,84,11,MOLT16_HAEMATOPOIETIC_AND_LYMPHOID_TISSUE
CCLE-58-TAE684-HEM,84,12,NCO2_HAEMATOPOIETIC_AND_LYMPHOID_TISSUE
CCLE-58-TAE684-HEM,84,13,PFEIFFER_HAEMATOPOIETIC_AND_LYMPHOID_TISSUE
CCLE-58-TAE684-HEM,84,14,SIGM5_HAEMATOPOIETIC_AND_LYMPHOID_TISSUE
CCLE-58-TAE684-HEM,84,15,SUDHL4_HAEMATOPOIETIC_AND_LYMPHOID_TISSUE
CCLE-58-TAE684-HEM,84,16,SUDHL6_HAEMATOPOIETIC_AND_LYMPHOID_TISSUE
CCLE-58-TAE684-HEM,84,17,SUDHL8_HAEMATOPOIETIC_AND_LYMPHOID_TISSUE
CCLE-58-TAE684-HEM,84,18,U937_HAEMATOPOIETIC_AND_LYMPHOID_TISSUE
CCLE-58-TAE684-HEM,85,1,DOHH2_HAEMATOPOIETIC_AND_LYMPHOID_TISSUE
CCLE-58-TAE684-HEM,85,2,GRANTA519_HAEMATOPOIETIC_AND_LYMPHOID_TISSUE
CCLE-58-TAE684-HEM,85,3,HUT78_HAEMATOPOIETIC_AND_LYMPHOID_TISSUE
CCLE-58-TAE684-HEM,85,4,JM1_HAEMATOPOIETIC_AND_LYMPHOID_TISSUE
CCLE-58-TAE684-HEM,85,5,JURKAT_HAEMATOPOIETIC_AND_LYMPHOID_TISSUE
CCLE-58-TAE684-HEM,85,6,KARPAS299_HAEMATOPOIETIC_AND_LYMPHOID_TISSUE
CCLE-58-TAE684-HEM,85,7,KCL22_HAEMATOPOIETIC_AND_LYMPHOID_TISSUE
CCLE-58-TAE684-HEM,85,8,KHM1B_HAEMATOPOIETIC_AND_LYMPHOID_TISSUE
CCLE-58-TAE684-HEM,85,9,KMS11_HAEMATOPOIETIC_AND_LYMPHOID_TISSUE
CCLE-58-TAE684-HEM,85,10,KU812_HAEMATOPOIETIC_AND_LYMPHOID_TISSUE
CCLE-58-TAE684-HEM,85,11,MOLP8_HAEMATOPOIETIC_AND_LYMPHOID_TISSUE
CCLE-58-TAE684-HEM,85,12,OPM2_HAEMATOPOIETIC_AND_LYMPHOID_TISSUE
CCLE-58-TAE684-HEM,85,13,P31FUJ_HAEMATOPOIETIC_AND_LYMPHOID_TISSUE
CCLE-58-TAE684-HEM,85,14,REH_HAEMATOPOIETIC_AND_LYMPHOID_TISSUE
CCLE-58-TAE684-HEM,85,15,SKMM2_HAEMATOPOIETIC_AND_LYMPHOID_TISSUE
CCLE-58-TAE684-HEM,85,16,SUPM2_HAEMATOPOIETIC_AND_LYMPHOID_TISSUE
CCLE-58-TAE684-HEM,85,17,SUPT1_HAEMATOPOIETIC_AND_LYMPHOID_TISSUE
CCLE-58-TAE684-HEM,85,18,U937_HAEMATOPOIETIC_AND_LYMPHOID_TISSUE
CCLE-58-TAE684-HEM,86,1,ALLSIL_HAEMATOPOIETIC_AND_LYMPHOID_TISSUE
CCLE-58-TAE684-HEM,86,2,AMO1_HAEMATOPOIETIC_AND_LYMPHOID_TISSUE
CCLE-58-TAE684-HEM,86,3,BL41_HAEMATOPOIETIC_AND_LYMPHOID_TISSUE
CCLE-58-TAE684-HEM,86,4,GRANTA519_HAEMATOPOIETIC_AND_LYMPHOID_TISSUE
CCLE-58-TAE684-HEM,86,5,HT_HAEMATOPOIETIC_AND_LYMPHOID_TISSUE
CCLE-58-TAE684-HEM,86,6,JVM3_HAEMATOPOIETIC_AND_LYMPHOID_TISSUE
CCLE-58-TAE684-HEM,86,7,KARPAS299_HAEMATOPOIETIC_AND_LYMPHOID_TISSUE
CCLE-58-TAE684-HEM,86,8,KASUMI2_HAEMATOPOIETIC_AND_LYMPHOID_TISSUE
CCLE-58-TAE684-HEM,86,9,KU812_HAEMATOPOIETIC_AND_LYMPHOID_TISSUE
CCLE-58-TAE684-HEM,86,10,L363_HAEMATOPOIETIC_AND_LYMPHOID_TISSUE
CCLE-58-TAE684-HEM,86,11,MC116_HAEMATOPOIETIC_AND_LYMPHOID_TISSUE
CCLE-58-TAE684-HEM,86,12,MINO_HAEMATOPOIETIC_AND_LYMPHOID_TISSUE
CCLE-58-TAE684-HEM,86,13,MJ_HAEMATOPOIETIC_AND_LYMPHOID_TISSUE
CCLE-58-TAE684-HEM,86,14,OCIAML5_HAEMATOPOIETIC_AND_LYMPHOID_TISSUE
CCLE-58-TAE684-HEM,86,15,SUDHL8_HAEMATOPOIETIC_AND_LYMPHOID_TISSUE
CCLE-58-TAE684-HEM,86,16,SUPM2_HAEMATOPOIETIC_AND_LYMPHOID_TISSUE
CCLE-58-TAE684-HEM,86,17,SUPT1_HAEMATOPOIETIC_AND_LYMPHOID_TISSUE
CCLE-58-TAE684-HEM,86,18,TOLEDO_HAEMATOPOIETIC_AND_LYMPHOID_TISSUE
CCLE-58-TAE684-HEM,87,1,BL41_HAEMATOPOIETIC_AND_LYMPHOID_TISSUE
CCLE-58-TAE684-HEM,87,2,DOHH2_HAEMATOPOIETIC_AND_LYMPHOID_TISSUE
CCLE-58-TAE684-HEM,87,3,EM2_HAEMATOPOIETIC_AND_LYMPHOID_TISSUE
CCLE-58-TAE684-HEM,87,4,HT_HAEMATOPOIETIC_AND_LYMPHOID_TISSUE
CCLE-58-TAE684-HEM,87,5,JURKAT_HAEMATOPOIETIC_AND_LYMPHOID_TISSUE
CCLE-58-TAE684-HEM,87,6,KG1_HAEMATOPOIETIC_AND_LYMPHOID_TISSUE
CCLE-58-TAE684-HEM,87,7,KMM1_HAEMATOPOIETIC_AND_LYMPHOID_TISSUE
CCLE-58-TAE684-HEM,87,8,KMS26_HAEMATOPOIETIC_AND_LYMPHOID_TISSUE
CCLE-58-TAE684-HEM,87,9,MC116_HAEMATOPOIETIC_AND_LYMPHOID_TISSUE
CCLE-58-TAE684-HEM,87,10,MEG01_HAEMATOPOIETIC_AND_LYMPHOID_TISSUE
CCLE-58-TAE684-HEM,87,11,MINO_HAEMATOPOIETIC_AND_LYMPHOID_TISSUE
CCLE-58-TAE684-HEM,87,12,MOLP8_HAEMATOPOIETIC_AND_LYMPHOID_TISSUE
CCLE-58-TAE684-HEM,87,13,PFEIFFER_HAEMATOPOIETIC_AND_LYMPHOID_TISSUE
CCLE-58-TAE684-HEM,87,14,SUDHL10_HAEMATOPOIETIC_AND_LYMPHOID_TISSUE
CCLE-58-TAE684-HEM,87,15,SUDHL6_HAEMATOPOIETIC_AND_LYMPHOID_TISSUE
CCLE-58-TAE684-HEM,87,16,SUPM2_HAEMATOPOIETIC_AND_LYMPHOID_TISSUE
CCLE-58-TAE684-HEM,87,17,SUPT1_HAEMATOPOIETIC_AND_LYMPHOID_TISSUE
CCLE-58-TAE684-HEM,87,18,TOLEDO_HAEMATOPOIETIC_AND_LYMPHOID_TISSUE
CCLE-58-TAE684-HEM,88,1,ALLSIL_HAEMATOPOIETIC_AND_LYMPHOID_TISSUE
CCLE-58-TAE684-HEM,88,2,BL41_HAEMATOPOIETIC_AND_LYMPHOID_TISSUE
CCLE-58-TAE684-HEM,88,3,BL70_HAEMATOPOIETIC_AND_LYMPHOID_TISSUE
CCLE-58-TAE684-HEM,88,4,CI1_HAEMATOPOIETIC_AND_LYMPHOID_TISSUE
CCLE-58-TAE684-HEM,88,5,GRANTA519_HAEMATOPOIETIC_AND_LYMPHOID_TISSUE
CCLE-58-TAE684-HEM,88,6,HDMYZ_HAEMATOPOIETIC_AND_LYMPHOID_TISSUE
CCLE-58-TAE684-HEM,88,7,HT_HAEMATOPOIETIC_AND_LYMPHOID_TISSUE
CCLE-58-TAE684-HEM,88,8,JM1_HAEMATOPOIETIC_AND_LYMPHOID_TISSUE
CCLE-58-TAE684-HEM,88,9,KASUMI2_HAEMATOPOIETIC_AND_LYMPHOID_TISSUE
CCLE-58-TAE684-HEM,88,10,KMM1_HAEMATOPOIETIC_AND_LYMPHOID_TISSUE
CCLE-58-TAE684-HEM,88,11,KMS26_HAEMATOPOIETIC_AND_LYMPHOID_TISSUE
CCLE-58-TAE684-HEM,88,12,MEG01_HAEMATOPOIETIC_AND_LYMPHOID_TISSUE
CCLE-58-TAE684-HEM,88,13,MOLT16_HAEMATOPOIETIC_AND_LYMPHOID_TISSUE
CCLE-58-TAE684-HEM,88,14,P31FUJ_HAEMATOPOIETIC_AND_LYMPHOID_TISSUE
CCLE-58-TAE684-HEM,88,15,RAJI_HAEMATOPOIETIC_AND_LYMPHOID_TISSUE
CCLE-58-TAE684-HEM,88,16,RPMI8402_HAEMATOPOIETIC_AND_LYMPHOID_TISSUE
CCLE-58-TAE684-HEM,88,17,SIGM5_HAEMATOPOIETIC_AND_LYMPHOID_TISSUE
CCLE-58-TAE684-HEM,88,18,SUDHL4_HAEMATOPOIETIC_AND_LYMPHOID_TISSUE
CCLE-58-TAE684-HEM,89,1,ALLSIL_HAEMATOPOIETIC_AND_LYMPHOID_TISSUE
CCLE-58-TAE684-HEM,89,2,AMO1_HAEMATOPOIETIC_AND_LYMPHOID_TISSUE
CCLE-58-TAE684-HEM,89,3,BL41_HAEMATOPOIETIC_AND_LYMPHOID_TISSUE
CCLE-58-TAE684-HEM,89,4,CI1_HAEMATOPOIETIC_AND_LYMPHOID_TISSUE
CCLE-58-TAE684-HEM,89,5,HUT78_HAEMATOPOIETIC_AND_LYMPHOID_TISSUE
CCLE-58-TAE684-HEM,89,6,JVM3_HAEMATOPOIETIC_AND_LYMPHOID_TISSUE
CCLE-58-TAE684-HEM,89,7,KHM1B_HAEMATOPOIETIC_AND_LYMPHOID_TISSUE
CCLE-58-TAE684-HEM,89,8,KMS12BM_HAEMATOPOIETIC_AND_LYMPHOID_TISSUE
CCLE-58-TAE684-HEM,89,9,KMS34_HAEMATOPOIETIC_AND_LYMPHOID_TISSUE
CCLE-58-TAE684-HEM,89,10,KO52_HAEMATOPOIETIC_AND_LYMPHOID_TISSUE
CCLE-58-TAE684-HEM,89,11,L428_HAEMATOPOIETIC_AND_LYMPHOID_TISSUE
CCLE-58-TAE684-HEM,89,12,OCIAML2_HAEMATOPOIETIC_AND_LYMPHOID_TISSUE
CCLE-58-TAE684-HEM,89,13,P31FUJ_HAEMATOPOIETIC_AND_LYMPHOID_TISSUE
CCLE-58-TAE684-HEM,89,14,REH_HAEMATOPOIETIC_AND_LYMPHOID_TISSUE
CCLE-58-TAE684-HEM,89,15,RPMI8402_HAEMATOPOIETIC_AND_LYMPHOID_TISSUE
CCLE-58-TAE684-HEM,89,16,SUDHL10_HAEMATOPOIETIC_AND_LYMPHOID_TISSUE
CCLE-58-TAE684-HEM,89,17,SUDHL6_HAEMATOPOIETIC_AND_LYMPHOID_TISSUE
CCLE-58-TAE684-HEM,89,18,U937_HAEMATOPOIETIC_AND_LYMPHOID_TISSUE
CCLE-58-TAE684-HEM,90,1,697_HAEMATOPOIETIC_AND_LYMPHOID_TISSUE
CCLE-58-TAE684-HEM,90,2,DOHH2_HAEMATOPOIETIC_AND_LYMPHOID_TISSUE
CCLE-58-TAE684-HEM,90,3,HT_HAEMATOPOIETIC_AND_LYMPHOID_TISSUE
CCLE-58-TAE684-HEM,90,4,KARPAS620_HAEMATOPOIETIC_AND_LYMPHOID_TISSUE
CCLE-58-TAE684-HEM,90,5,KCL22_HAEMATOPOIETIC_AND_LYMPHOID_TISSUE
CCLE-58-TAE684-HEM,90,6,KHM1B_HAEMATOPOIETIC_AND_LYMPHOID_TISSUE
CCLE-58-TAE684-HEM,90,7,KMS12BM_HAEMATOPOIETIC_AND_LYMPHOID_TISSUE
CCLE-58-TAE684-HEM,90,8,KO52_HAEMATOPOIETIC_AND_LYMPHOID_TISSUE
CCLE-58-TAE684-HEM,90,9,LP1_HAEMATOPOIETIC_AND_LYMPHOID_TISSUE
CCLE-58-TAE684-HEM,90,10,MJ_HAEMATOPOIETIC_AND_LYMPHOID_TISSUE
CCLE-58-TAE684-HEM,90,11,MOLT16_HAEMATOPOIETIC_AND_LYMPHOID_TISSUE
CCLE-58-TAE684-HEM,90,12,P12ICHIKAWA_HAEMATOPOIETIC_AND_LYMPHOID_TISSUE
CCLE-58-TAE684-HEM,90,13,PFEIFFER_HAEMATOPOIETIC_AND_LYMPHOID_TISSUE
CCLE-58-TAE684-HEM,90,14,REH_HAEMATOPOIETIC_AND_LYMPHOID_TISSUE
CCLE-58-TAE684-HEM,90,15,SUDHL4_HAEMATOPOIETIC_AND_LYMPHOID_TISSUE
CCLE-58-TAE684-HEM,90,16,SUDHL6_HAEMATOPOIETIC_AND_LYMPHOID_TISSUE
CCLE-58-TAE684-HEM,90,17,SUDHL8_HAEMATOPOIETIC_AND_LYMPHOID_TISSUE
CCLE-58-TAE684-HEM,90,18,SUPT1_HAEMATOPOIETIC_AND_LYMPHOID_TISSUE
CCLE-58-TAE684-HEM,91,1,ALLSIL_HAEMATOPOIETIC_AND_LYMPHOID_TISSUE
CCLE-58-TAE684-HEM,91,2,BL41_HAEMATOPOIETIC_AND_LYMPHOID_TISSUE
CCLE-58-TAE684-HEM,91,3,BL70_HAEMATOPOIETIC_AND_LYMPHOID_TISSUE
CCLE-58-TAE684-HEM,91,4,DEL_HAEMATOPOIETIC_AND_LYMPHOID_TISSUE
CCLE-58-TAE684-HEM,91,5,DOHH2_HAEMATOPOIETIC_AND_LYMPHOID_TISSUE
CCLE-58-TAE684-HEM,91,6,KARPAS620_HAEMATOPOIETIC_AND_LYMPHOID_TISSUE
CCLE-58-TAE684-HEM,91,7,KCL22_HAEMATOPOIETIC_AND_LYMPHOID_TISSUE
CCLE-58-TAE684-HEM,91,8,KG1_HAEMATOPOIETIC_AND_LYMPHOID_TISSUE
CCLE-58-TAE684-HEM,91,9,KHM1B_HAEMATOPOIETIC_AND_LYMPHOID_TISSUE
CCLE-58-TAE684-HEM,91,10,KMS26_HAEMATOPOIETIC_AND_LYMPHOID_TISSUE
CCLE-58-TAE684-HEM,91,11,KO52_HAEMATOPOIETIC_AND_LYMPHOID_TISSUE
CCLE-58-TAE684-HEM,91,12,KU812_HAEMATOPOIETIC_AND_LYMPHOID_TISSUE
CCLE-58-TAE684-HEM,91,13,L428_HAEMATOPOIETIC_AND_LYMPHOID_TISSUE
CCLE-58-TAE684-HEM,91,14,MINO_HAEMATOPOIETIC_AND_LYMPHOID_TISSUE
CCLE-58-TAE684-HEM,91,15,MOLT16_HAEMATOPOIETIC_AND_LYMPHOID_TISSUE
CCLE-58-TAE684-HEM,91,16,OCIAML5_HAEMATOPOIETIC_AND_LYMPHOID_TISSUE
CCLE-58-TAE684-HEM,91,17,OPM2_HAEMATOPOIETIC_AND_LYMPHOID_TISSUE
CCLE-58-TAE684-HEM,91,18,REH_HAEMATOPOIETIC_AND_LYMPHOID_TISSUE
CCLE-58-TAE684-HEM,92,1,BDCM_HAEMATOPOIETIC_AND_LYMPHOID_TISSUE
CCLE-58-TAE684-HEM,92,2,BL41_HAEMATOPOIETIC_AND_LYMPHOID_TISSUE
CCLE-58-TAE684-HEM,92,3,BL70_HAEMATOPOIETIC_AND_LYMPHOID_TISSUE
CCLE-58-TAE684-HEM,92,4,JURKAT_HAEMATOPOIETIC_AND_LYMPHOID_TISSUE
CCLE-58-TAE684-HEM,92,5,KCL22_HAEMATOPOIETIC_AND_LYMPHOID_TISSUE
CCLE-58-TAE684-HEM,92,6,KMS11_HAEMATOPOIETIC_AND_LYMPHOID_TISSUE
CCLE-58-TAE684-HEM,92,7,KMS26_HAEMATOPOIETIC_AND_LYMPHOID_TISSUE
CCLE-58-TAE684-HEM,92,8,KO52_HAEMATOPOIETIC_AND_LYMPHOID_TISSUE
CCLE-58-TAE684-HEM,92,9,L363_HAEMATOPOIETIC_AND_LYMPHOID_TISSUE
CCLE-58-TAE684-HEM,92,10,MC116_HAEMATOPOIETIC_AND_LYMPHOID_TISSUE
CCLE-58-TAE684-HEM,92,11,MEG01_HAEMATOPOIETIC_AND_LYMPHOID_TISSUE
CCLE-58-TAE684-HEM,92,12,OPM2_HAEMATOPOIETIC_AND_LYMPHOID_TISSUE
CCLE-58-TAE684-HEM,92,13,REH_HAEMATOPOIETIC_AND_LYMPHOID_TISSUE
CCLE-58-TAE684-HEM,92,14,SIGM5_HAEMATOPOIETIC_AND_LYMPHOID_TISSUE
CCLE-58-TAE684-HEM,92,15,SUDHL6_HAEMATOPOIETIC_AND_LYMPHOID_TISSUE
CCLE-58-TAE684-HEM,92,16,SUDHL8_HAEMATOPOIETIC_AND_LYMPHOID_TISSUE
CCLE-58-TAE684-HEM,92,17,SUPT1_HAEMATOPOIETIC_AND_LYMPHOID_TISSUE
CCLE-58-TAE684-HEM,92,18,TOLEDO_HAEMATOPOIETIC_AND_LYMPHOID_TISSUE
CCLE-58-TAE684-HEM,93,1,697_HAEMATOPOIETIC_AND_LYMPHOID_TISSUE
CCLE-58-TAE684-HEM,93,2,AMO1_HAEMATOPOIETIC_AND_LYMPHOID_TISSUE
CCLE-58-TAE684-HEM,93,3,BDCM_HAEMATOPOIETIC_AND_LYMPHOID_TISSUE
CCLE-58-TAE684-HEM,93,4,DEL_HAEMATOPOIETIC_AND_LYMPHOID_TISSUE
CCLE-58-TAE684-HEM,93,5,HUT78_HAEMATOPOIETIC_AND_LYMPHOID_TISSUE
CCLE-58-TAE684-HEM,93,6,JURKAT_HAEMATOPOIETIC_AND_LYMPHOID_TISSUE
CCLE-58-TAE684-HEM,93,7,KARPAS620_HAEMATOPOIETIC_AND_LYMPHOID_TISSUE
CCLE-58-TAE684-HEM,93,8,KCL22_HAEMATOPOIETIC_AND_LYMPHOID_TISSUE
CCLE-58-TAE684-HEM,93,9,KMS12BM_HAEMATOPOIETIC_AND_LYMPHOID_TISSUE
CCLE-58-TAE684-HEM,93,10,MINO_HAEMATOPOIETIC_AND_LYMPHOID_TISSUE
CCLE-58-TAE684-HEM,93,11,MOLT16_HAEMATOPOIETIC_AND_LYMPHOID_TISSUE
CCLE-58-TAE684-HEM,93,12,P3HR1_HAEMATOPOIETIC_AND_LYMPHOID_TISSUE
CCLE-58-TAE684-HEM,93,13,RAJI_HAEMATOPOIETIC_AND_LYMPHOID_TISSUE
CCLE-58-TAE684-HEM,93,14,SIGM5_HAEMATOPOIETIC_AND_LYMPHOID_TISSUE
CCLE-58-TAE684-HEM,93,15,SKMM2_HAEMATOPOIETIC_AND_LYMPHOID_TISSUE
CCLE-58-TAE684-HEM,93,16,SUDHL6_HAEMATOPOIETIC_AND_LYMPHOID_TISSUE
CCLE-58-TAE684-HEM,93,17,SUPM2_HAEMATOPOIETIC_AND_LYMPHOID_TISSUE
CCLE-58-TAE684-HEM,93,18,U937_HAEMATOPOIETIC_AND_LYMPHOID_TISSUE
CCLE-58-TAE684-HEM,94,1,ALLSIL_HAEMATOPOIETIC_AND_LYMPHOID_TISSUE
CCLE-58-TAE684-HEM,94,2,AMO1_HAEMATOPOIETIC_AND_LYMPHOID_TISSUE
CCLE-58-TAE684-HEM,94,3,F36P_HAEMATOPOIETIC_AND_LYMPHOID_TISSUE
CCLE-58-TAE684-HEM,94,4,GRANTA519_HAEMATOPOIETIC_AND_LYMPHOID_TISSUE
CCLE-58-TAE684-HEM,94,5,HUT78_HAEMATOPOIETIC_AND_LYMPHOID_TISSUE
CCLE-58-TAE684-HEM,94,6,JM1_HAEMATOPOIETIC_AND_LYMPHOID_TISSUE
CCLE-58-TAE684-HEM,94,7,JURKAT_HAEMATOPOIETIC_AND_LYMPHOID_TISSUE
CCLE-58-TAE684-HEM,94,8,KARPAS620_HAEMATOPOIETIC_AND_LYMPHOID_TISSUE
CCLE-58-TAE684-HEM,94,9,KASUMI2_HAEMATOPOIETIC_AND_LYMPHOID_TISSUE
CCLE-58-TAE684-HEM,94,10,KG1_HAEMATOPOIETIC_AND_LYMPHOID_TISSUE
CCLE-58-TAE684-HEM,94,11,KMS11_HAEMATOPOIETIC_AND_LYMPHOID_TISSUE
CCLE-58-TAE684-HEM,94,12,KO52_HAEMATOPOIETIC_AND_LYMPHOID_TISSUE
CCLE-58-TAE684-HEM,94,13,P12ICHIKAWA_HAEMATOPOIETIC_AND_LYMPHOID_TISSUE
CCLE-58-TAE684-HEM,94,14,PFEIFFER_HAEMATOPOIETIC_AND_LYMPHOID_TISSUE
CCLE-58-TAE684-HEM,94,15,RAJI_HAEMATOPOIETIC_AND_LYMPHOID_TISSUE
CCLE-58-TAE684-HEM,94,16,SUDHL10_HAEMATOPOIETIC_AND_LYMPHOID_TISSUE
CCLE-58-TAE684-HEM,94,17,SUDHL8_HAEMATOPOIETIC_AND_LYMPHOID_TISSUE
CCLE-58-TAE684-HEM,94,18,SUPM2_HAEMATOPOIETIC_AND_LYMPHOID_TISSUE
CCLE-58-TAE684-HEM,95,1,697_HAEMATOPOIETIC_AND_LYMPHOID_TISSUE
CCLE-58-TAE684-HEM,95,2,AMO1_HAEMATOPOIETIC_AND_LYMPHOID_TISSUE
CCLE-58-TAE684-HEM,95,3,BL41_HAEMATOPOIETIC_AND_LYMPHOID_TISSUE
CCLE-58-TAE684-HEM,95,4,KG1_HAEMATOPOIETIC_AND_LYMPHOID_TISSUE
CCLE-58-TAE684-HEM,95,5,KMS12BM_HAEMATOPOIETIC_AND_LYMPHOID_TISSUE
CCLE-58-TAE684-HEM,95,6,KMS26_HAEMATOPOIETIC_AND_LYMPHOID_TISSUE
CCLE-58-TAE684-HEM,95,7,MC116_HAEMATOPOIETIC_AND_LYMPHOID_TISSUE
CCLE-58-TAE684-HEM,95,8,MJ_HAEMATOPOIETIC_AND_LYMPHOID_TISSUE
CCLE-58-TAE684-HEM,95,9,MOLP8_HAEMATOPOIETIC_AND_LYMPHOID_TISSUE
CCLE-58-TAE684-HEM,95,10,MOLT16_HAEMATOPOIETIC_AND_LYMPHOID_TISSUE
CCLE-58-TAE684-HEM,95,11,P31FUJ_HAEMATOPOIETIC_AND_LYMPHOID_TISSUE
CCLE-58-TAE684-HEM,95,12,RPMI8402_HAEMATOPOIETIC_AND_LYMPHOID_TISSUE
CCLE-58-TAE684-HEM,95,13,SIGM5_HAEMATOPOIETIC_AND_LYMPHOID_TISSUE
CCLE-58-TAE684-HEM,95,14,SKMM2_HAEMATOPOIETIC_AND_LYMPHOID_TISSUE
CCLE-58-TAE684-HEM,95,15,SUDHL10_HAEMATOPOIETIC_AND_LYMPHOID_TISSUE
CCLE-58-TAE684-HEM,95,16,SUDHL8_HAEMATOPOIETIC_AND_LYMPHOID_TISSUE
CCLE-58-TAE684-HEM,95,17,TOLEDO_HAEMATOPOIETIC_AND_LYMPHOID_TISSUE
CCLE-58-TAE684-HEM,95,18,U937_HAEMATOPOIETIC_AND_LYMPHOID_TISSUE
CCLE-58-TAE684-HEM,96,1,ALLSIL_HAEMATOPOIETIC_AND_LYMPHOID_TISSUE
CCLE-58-TAE684-HEM,96,2,BL41_HAEMATOPOIETIC_AND_LYMPHOID_TISSUE
CCLE-58-TAE684-HEM,96,3,DEL_HAEMATOPOIETIC_AND_LYMPHOID_TISSUE
CCLE-58-TAE684-HEM,96,4,GRANTA519_HAEMATOPOIETIC_AND_LYMPHOID_TISSUE
CCLE-58-TAE684-HEM,96,5,JM1_HAEMATOPOIETIC_AND_LYMPHOID_TISSUE
CCLE-58-TAE684-HEM,96,6,KCL22_HAEMATOPOIETIC_AND_LYMPHOID_TISSUE
CCLE-58-TAE684-HEM,96,7,KMS34_HAEMATOPOIETIC_AND_LYMPHOID_TISSUE
CCLE-58-TAE684-HEM,96,8,KU812_HAEMATOPOIETIC_AND_LYMPHOID_TISSUE
CCLE-58-TAE684-HEM,96,9,LP1_HAEMATOPOIETIC_AND_LYMPHOID_TISSUE
CCLE-58-TAE684-HEM,96,10,MINO_HAEMATOPOIETIC_AND_LYMPHOID_TISSUE
CCLE-58-TAE684-HEM,96,11,OCIAML2_HAEMATOPOIETIC_AND_LYMPHOID_TISSUE
CCLE-58-TAE684-HEM,96,12,OCIAML5_HAEMATOPOIETIC_AND_LYMPHOID_TISSUE
CCLE-58-TAE684-HEM,96,13,P31FUJ_HAEMATOPOIETIC_AND_LYMPHOID_TISSUE
CCLE-58-TAE684-HEM,96,14,P3HR1_HAEMATOPOIETIC_AND_LYMPHOID_TISSUE
CCLE-58-TAE684-HEM,96,15,SIGM5_HAEMATOPOIETIC_AND_LYMPHOID_TISSUE
CCLE-58-TAE684-HEM,96,16,SUDHL10_HAEMATOPOIETIC_AND_LYMPHOID_TISSUE
CCLE-58-TAE684-HEM,96,17,SUDHL6_HAEMATOPOIETIC_AND_LYMPHOID_TISSUE
CCLE-58-TAE684-HEM,96,18,TOLEDO_HAEMATOPOIETIC_AND_LYMPHOID_TISSUE
CCLE-58-TAE684-HEM,97,1,ALLSIL_HAEMATOPOIETIC_AND_LYMPHOID_TISSUE
CCLE-58-TAE684-HEM,97,2,BL41_HAEMATOPOIETIC_AND_LYMPHOID_TISSUE
CCLE-58-TAE684-HEM,97,3,DOHH2_HAEMATOPOIETIC_AND_LYMPHOID_TISSUE
CCLE-58-TAE684-HEM,97,4,GRANTA519_HAEMATOPOIETIC_AND_LYMPHOID_TISSUE
CCLE-58-TAE684-HEM,97,5,HUT78_HAEMATOPOIETIC_AND_LYMPHOID_TISSUE
CCLE-58-TAE684-HEM,97,6,JM1_HAEMATOPOIETIC_AND_LYMPHOID_TISSUE
CCLE-58-TAE684-HEM,97,7,JVM3_HAEMATOPOIETIC_AND_LYMPHOID_TISSUE
CCLE-58-TAE684-HEM,97,8,KMM1_HAEMATOPOIETIC_AND_LYMPHOID_TISSUE
CCLE-58-TAE684-HEM,97,9,KMS12BM_HAEMATOPOIETIC_AND_LYMPHOID_TISSUE
CCLE-58-TAE684-HEM,97,10,MOLP8_HAEMATOPOIETIC_AND_LYMPHOID_TISSUE
CCLE-58-TAE684-HEM,97,11,OCIAML5_HAEMATOPOIETIC_AND_LYMPHOID_TISSUE
CCLE-58-TAE684-HEM,97,12,OPM2_HAEMATOPOIETIC_AND_LYMPHOID_TISSUE
CCLE-58-TAE684-HEM,97,13,P12ICHIKAWA_HAEMATOPOIETIC_AND_LYMPHOID_TISSUE
CCLE-58-TAE684-HEM,97,14,P31FUJ_HAEMATOPOIETIC_AND_LYMPHOID_TISSUE
CCLE-58-TAE684-HEM,97,15,REH_HAEMATOPOIETIC_AND_LYMPHOID_TISSUE
CCLE-58-TAE684-HEM,97,16,SUDHL10_HAEMATOPOIETIC_AND_LYMPHOID_TISSUE
CCLE-58-TAE684-HEM,97,17,SUDHL4_HAEMATOPOIETIC_AND_LYMPHOID_TISSUE
CCLE-58-TAE684-HEM,97,18,SUDHL6_HAEMATOPOIETIC_AND_LYMPHOID_TISSUE
CCLE-58-TAE684-HEM,98,1,AMO1_HAEMATOPOIETIC_AND_LYMPHOID_TISSUE
CCLE-58-TAE684-HEM,98,2,BL70_HAEMATOPOIETIC_AND_LYMPHOID_TISSUE
CCLE-58-TAE684-HEM,98,3,DOHH2_HAEMATOPOIETIC_AND_LYMPHOID_TISSUE
CCLE-58-TAE684-HEM,98,4,HT_HAEMATOPOIETIC_AND_LYMPHOID_TISSUE
CCLE-58-TAE684-HEM,98,5,KASUMI2_HAEMATOPOIETIC_AND_LYMPHOID_TISSUE
CCLE-58-TAE684-HEM,98,6,KCL22_HAEMATOPOIETIC_AND_LYMPHOID_TISSUE
CCLE-58-TAE684-HEM,98,7,KHM1B_HAEMATOPOIETIC_AND_LYMPHOID_TISSUE
CCLE-58-TAE684-HEM,98,8,KMS11_HAEMATOPOIETIC_AND_LYMPHOID_TISSUE
CCLE-58-TAE684-HEM,98,9,KU812_HAEMATOPOIETIC_AND_LYMPHOID_TISSUE
CCLE-58-TAE684-HEM,98,10,L428_HAEMATOPOIETIC_AND_LYMPHOID_TISSUE
CCLE-58-TAE684-HEM,98,11,NCO2_HAEMATOPOIETIC_AND_LYMPHOID_TISSUE
CCLE-58-TAE684-HEM,98,12,OCIAML2_HAEMATOPOIETIC_AND_LYMPHOID_TISSUE
CCLE-58-TAE684-HEM,98,13,OPM2_HAEMATOPOIETIC_AND_LYMPHOID_TISSUE
CCLE-58-TAE684-HEM,98,14,P31FUJ_HAEMATOPOIETIC_AND_LYMPHOID_TISSUE
CCLE-58-TAE684-HEM,98,15,RAJI_HAEMATOPOIETIC_AND_LYMPHOID_TISSUE
CCLE-58-TAE684-HEM,98,16,REH_HAEMATOPOIETIC_AND_LYMPHOID_TISSUE
CCLE-58-TAE684-HEM,98,17,SUDHL6_HAEMATOPOIETIC_AND_LYMPHOID_TISSUE
CCLE-58-TAE684-HEM,98,18,U937_HAEMATOPOIETIC_AND_LYMPHOID_TISSUE
CCLE-58-TAE684-HEM,99,1,DEL_HAEMATOPOIETIC_AND_LYMPHOID_TISSUE
CCLE-58-TAE684-HEM,99,2,F36P_HAEMATOPOIETIC_AND_LYMPHOID_TISSUE
CCLE-58-TAE684-HEM,99,3,HT_HAEMATOPOIETIC_AND_LYMPHOID_TISSUE
CCLE-58-TAE684-HEM,99,4,JM1_HAEMATOPOIETIC_AND_LYMPHOID_TISSUE
CCLE-58-TAE684-HEM,99,5,KARPAS299_HAEMATOPOIETIC_AND_LYMPHOID_TISSUE
CCLE-58-TAE684-HEM,99,6,KCL22_HAEMATOPOIETIC_AND_LYMPHOID_TISSUE
CCLE-58-TAE684-HEM,99,7,KMM1_HAEMATOPOIETIC_AND_LYMPHOID_TISSUE
CCLE-58-TAE684-HEM,99,8,KMS26_HAEMATOPOIETIC_AND_LYMPHOID_TISSUE
CCLE-58-TAE684-HEM,99,9,KO52_HAEMATOPOIETIC_AND_LYMPHOID_TISSUE
CCLE-58-TAE684-HEM,99,10,MOLP8_HAEMATOPOIETIC_AND_LYMPHOID_TISSUE
CCLE-58-TAE684-HEM,99,11,MOLT16_HAEMATOPOIETIC_AND_LYMPHOID_TISSUE
CCLE-58-TAE684-HEM,99,12,OCIAML5_HAEMATOPOIETIC_AND_LYMPHOID_TISSUE
CCLE-58-TAE684-HEM,99,13,P31FUJ_HAEMATOPOIETIC_AND_LYMPHOID_TISSUE
CCLE-58-TAE684-HEM,99,14,P3HR1_HAEMATOPOIETIC_AND_LYMPHOID_TISSUE
CCLE-58-TAE684-HEM,99,15,RAJI_HAEMATOPOIETIC_AND_LYMPHOID_TISSUE
CCLE-58-TAE684-HEM,99,16,RPMI8402_HAEMATOPOIETIC_AND_LYMPHOID_TISSUE
CCLE-58-TAE684-HEM,99,17,SUDHL10_HAEMATOPOIETIC_AND_LYMPHOID_TISSUE
CCLE-58-TAE684-HEM,99,18,TOLEDO_HAEMATOPOIETIC_AND_LYMPHOID_TISSUE
CCLE-58-TAE684-HEM,100,1,EM2_HAEMATOPOIETIC_AND_LYMPHOID_TISSUE
CCLE-58-TAE684-HEM,100,2,F36P_HAEMATOPOIETIC_AND_LYMPHOID_TISSUE
CCLE-58-TAE684-HEM,100,3,HUT78_HAEMATOPOIETIC_AND_LYMPHOID_TISSUE
CCLE-58-TAE684-HEM,100,4,JURKAT_HAEMATOPOIETIC_AND_LYMPHOID_TISSUE
CCLE-58-TAE684-HEM,100,5,KARPAS620_HAEMATOPOIETIC_AND_LYMPHOID_TISSUE
CCLE-58-TAE684-HEM,100,6,KASUMI2_HAEMATOPOIETIC_AND_LYMPHOID_TISSUE
CCLE-58-TAE684-HEM,100,7,KG1_HAEMATOPOIETIC_AND_LYMPHOID_TISSUE
CCLE-58-TAE684-HEM,100,8,KHM1B_HAEMATOPOIETIC_AND_LYMPHOID_TISSUE
CCLE-58-TAE684-HEM,100,9,KMS12BM_HAEMATOPOIETIC_AND_LYMPHOID_TISSUE
CCLE-58-TAE684-HEM,100,10,KU812_HAEMATOPOIETIC_AND_LYMPHOID_TISSUE
CCLE-58-TAE684-HEM,100,11,L428_HAEMATOPOIETIC_AND_LYMPHOID_TISSUE
CCLE-58-TAE684-HEM,100,12,MJ_HAEMATOPOIETIC_AND_LYMPHOID_TISSUE
CCLE-58-TAE684-HEM,100,13,MOLP8_HAEMATOPOIETIC_AND_LYMPHOID_TISSUE
CCLE-58-TAE684-HEM,100,14,OCIAML2_HAEMATOPOIETIC_AND_LYMPHOID_TISSUE
CCLE-58-TAE684-HEM,100,15,OCIAML5_HAEMATOPOIETIC_AND_LYMPHOID_TISSUE
CCLE-58-TAE684-HEM,100,16,SUDHL6_HAEMATOPOIETIC_AND_LYMPHOID_TISSUE
CCLE-58-TAE684-HEM,100,17,SUDHL8_HAEMATOPOIETIC_AND_LYMPHOID_TISSUE
CCLE-58-TAE684-HEM,100,18,SUPT1_HAEMATOPOIETIC_AND_LYMPHOID_TISSUE
CCLE-65-Topotecan-LUNG,1,1,CORL23_LUNG
CCLE-65-Topotecan-LUNG,1,2,HARA_LUNG
CCLE-65-Topotecan-LUNG,1,3,HCC2935_LUNG
CCLE-65-Topotecan-LUNG,1,4,HCC44_LUNG
CCLE-65-Topotecan-LUNG,1,5,HCC827_LUNG
CCLE-65-Topotecan-LUNG,1,6,IALM_LUNG
CCLE-65-Topotecan-LUNG,1,7,LU99_LUNG
CCLE-65-Topotecan-LUNG,1,8,NCIH1092_LUNG
CCLE-65-Topotecan-LUNG,1,9,NCIH1568_LUNG
CCLE-65-Topotecan-LUNG,1,10,NCIH1581_LUNG
CCLE-65-Topotecan-LUNG,1,11,NCIH1651_LUNG
CCLE-65-Topotecan-LUNG,1,12,NCIH1793_LUNG
CCLE-65-Topotecan-LUNG,1,13,NCIH2085_LUNG
CCLE-65-Topotecan-LUNG,1,14,NCIH2286_LUNG
CCLE-65-Topotecan-LUNG,1,15,NCIH2444_LUNG
CCLE-65-Topotecan-LUNG,1,16,NCIH522_LUNG
CCLE-65-Topotecan-LUNG,1,17,SHP77_LUNG
CCLE-65-Topotecan-LUNG,1,18,SKMES1_LUNG
CCLE-65-Topotecan-LUNG,2,1,CALU3_LUNG
CCLE-65-Topotecan-LUNG,2,2,CALU6_LUNG
CCLE-65-Topotecan-LUNG,2,3,CORL105_LUNG
CCLE-65-Topotecan-LUNG,2,4,HARA_LUNG
CCLE-65-Topotecan-LUNG,2,5,HCC15_LUNG
CCLE-65-Topotecan-LUNG,2,6,HCC827_LUNG
CCLE-65-Topotecan-LUNG,2,7,IALM_LUNG
CCLE-65-Topotecan-LUNG,2,8,LOUNH91_LUNG
CCLE-65-Topotecan-LUNG,2,9,NCIH1155_LUNG
CCLE-65-Topotecan-LUNG,2,10,NCIH1650_LUNG
CCLE-65-Topotecan-LUNG,2,11,NCIH1792_LUNG
CCLE-65-Topotecan-LUNG,2,12,NCIH2085_LUNG
CCLE-65-Topotecan-LUNG,2,13,NCIH211_LUNG
CCLE-65-Topotecan-LUNG,2,14,NCIH460_LUNG
CCLE-65-Topotecan-LUNG,2,15,NCIH727_LUNG
CCLE-65-Topotecan-LUNG,2,16,SHP77_LUNG
CCLE-65-Topotecan-LUNG,2,17,SKLU1_LUNG
CCLE-65-Topotecan-LUNG,2,18,T3M10_LUNG
CCLE-65-Topotecan-LUNG,3,1,CALU1_LUNG
CCLE-65-Topotecan-LUNG,3,2,DMS114_LUNG
CCLE-65-Topotecan-LUNG,3,3,EBC1_LUNG
CCLE-65-Topotecan-LUNG,3,4,HS229T_LUNG
CCLE-65-Topotecan-LUNG,3,5,LUDLU1_LUNG
CCLE-65-Topotecan-LUNG,3,6,MORCPR_LUNG
CCLE-65-Topotecan-LUNG,3,7,NCIH1184_LUNG
CCLE-65-Topotecan-LUNG,3,8,NCIH1568_LUNG
CCLE-65-Topotecan-LUNG,3,9,NCIH1581_LUNG
CCLE-65-Topotecan-LUNG,3,10,NCIH1915_LUNG
CCLE-65-Topotecan-LUNG,3,11,NCIH1944_LUNG
CCLE-65-Topotecan-LUNG,3,12,NCIH2030_LUNG
CCLE-65-Topotecan-LUNG,3,13,NCIH211_LUNG
CCLE-65-Topotecan-LUNG,3,14,NCIH226_LUNG
CCLE-65-Topotecan-LUNG,3,15,NCIH358_LUNG
CCLE-65-Topotecan-LUNG,3,16,NCIH441_LUNG
CCLE-65-Topotecan-LUNG,3,17,NCIH522_LUNG
CCLE-65-Topotecan-LUNG,3,18,SW900_LUNG
CCLE-65-Topotecan-LUNG,4,1,CALU1_LUNG
CCLE-65-Topotecan-LUNG,4,2,HCC4006_LUNG
CCLE-65-Topotecan-LUNG,4,3,HCC78_LUNG
CCLE-65-Topotecan-LUNG,4,4,LCLC103H_LUNG
CCLE-65-Topotecan-LUNG,4,5,LUDLU1_LUNG
CCLE-65-Topotecan-LUNG,4,6,MORCPR_LUNG
CCLE-65-Topotecan-LUNG,4,7,NCIH1299_LUNG
CCLE-65-Topotecan-LUNG,4,8,NCIH1581_LUNG
CCLE-65-Topotecan-LUNG,4,9,NCIH1648_LUNG
CCLE-65-Topotecan-LUNG,4,10,NCIH1694_LUNG
CCLE-65-Topotecan-LUNG,4,11,NCIH1944_LUNG
CCLE-65-Topotecan-LUNG,4,12,NCIH1975_LUNG
CCLE-65-Topotecan-LUNG,4,13,NCIH2009_LUNG
CCLE-65-Topotecan-LUNG,4,14,NCIH211_LUNG
CCLE-65-Topotecan-LUNG,4,15,NCIH2170_LUNG
CCLE-65-Topotecan-LUNG,4,16,NCIH2228_LUNG
CCLE-65-Topotecan-LUNG,4,17,NCIH810_LUNG
CCLE-65-Topotecan-LUNG,4,18,SW1573_LUNG
CCLE-65-Topotecan-LUNG,5,1,LCLC103H_LUNG
CCLE-65-Topotecan-LUNG,5,2,NCIH1299_LUNG
CCLE-65-Topotecan-LUNG,5,3,NCIH1568_LUNG
CCLE-65-Topotecan-LUNG,5,4,NCIH1650_LUNG
CCLE-65-Topotecan-LUNG,5,5,NCIH1666_LUNG
CCLE-65-Topotecan-LUNG,5,6,NCIH1694_LUNG
CCLE-65-Topotecan-LUNG,5,7,NCIH1703_LUNG
CCLE-65-Topotecan-LUNG,5,8,NCIH1792_LUNG
CCLE-65-Topotecan-LUNG,5,9,NCIH2030_LUNG
CCLE-65-Topotecan-LUNG,5,10,NCIH2085_LUNG
CCLE-65-Topotecan-LUNG,5,11,NCIH2286_LUNG
CCLE-65-Topotecan-LUNG,5,12,NCIH522_LUNG
CCLE-65-Topotecan-LUNG,5,13,NCIH661_LUNG
CCLE-65-Topotecan-LUNG,5,14,NCIH810_LUNG
CCLE-65-Topotecan-LUNG,5,15,RERFLCAI_LUNG
CCLE-65-Topotecan-LUNG,5,16,SKLU1_LUNG
CCLE-65-Topotecan-LUNG,5,17,SKMES1_LUNG
CCLE-65-Topotecan-LUNG,5,18,T3M10_LUNG
CCLE-65-Topotecan-LUNG,6,1,CALU1_LUNG
CCLE-65-Topotecan-LUNG,6,2,LCLC103H_LUNG
CCLE-65-Topotecan-LUNG,6,3,LOUNH91_LUNG
CCLE-65-Topotecan-LUNG,6,4,LU99_LUNG
CCLE-65-Topotecan-LUNG,6,5,NCIH1155_LUNG
CCLE-65-Topotecan-LUNG,6,6,NCIH1944_LUNG
CCLE-65-Topotecan-LUNG,6,7,NCIH1975_LUNG
CCLE-65-Topotecan-LUNG,6,8,NCIH2009_LUNG
CCLE-65-Topotecan-LUNG,6,9,NCIH2122_LUNG
CCLE-65-Topotecan-LUNG,6,10,NCIH460_LUNG
CCLE-65-Topotecan-LUNG,6,11,NCIH650_LUNG
CCLE-65-Topotecan-LUNG,6,12,NCIH727_LUNG
CCLE-65-Topotecan-LUNG,6,13,NCIH810_LUNG
CCLE-65-Topotecan-LUNG,6,14,RERFLCAI_LUNG
CCLE-65-Topotecan-LUNG,6,15,SBC5_LUNG
CCLE-65-Topotecan-LUNG,6,16,SKLU1_LUNG
CCLE-65-Topotecan-LUNG,6,17,SW900_LUNG
CCLE-65-Topotecan-LUNG,6,18,VMRCLCD_LUNG
CCLE-65-Topotecan-LUNG,7,1,NCIH1184_LUNG
CCLE-65-Topotecan-LUNG,7,2,NCIH1341_LUNG
CCLE-65-Topotecan-LUNG,7,3,NCIH1355_LUNG
CCLE-65-Topotecan-LUNG,7,4,NCIH1581_LUNG
CCLE-65-Topotecan-LUNG,7,5,NCIH1650_LUNG
CCLE-65-Topotecan-LUNG,7,6,NCIH1666_LUNG
CCLE-65-Topotecan-LUNG,7,7,NCIH1693_LUNG
CCLE-65-Topotecan-LUNG,7,8,NCIH1703_LUNG
CCLE-65-Topotecan-LUNG,7,9,NCIH1792_LUNG
CCLE-65-Topotecan-LUNG,7,10,NCIH2085_LUNG
CCLE-65-Topotecan-LUNG,7,11,NCIH2170_LUNG
CCLE-65-Topotecan-LUNG,7,12,NCIH226_LUNG
CCLE-65-Topotecan-LUNG,7,13,NCIH2444_LUNG
CCLE-65-Topotecan-LUNG,7,14,NCIH522_LUNG
CCLE-65-Topotecan-LUNG,7,15,PC14_LUNG
CCLE-65-Topotecan-LUNG,7,16,SW1271_LUNG
CCLE-65-Topotecan-LUNG,7,17,SW900_LUNG
CCLE-65-Topotecan-LUNG,7,18,T3M10_LUNG
CCLE-65-Topotecan-LUNG,8,1,DV90_LUNG
CCLE-65-Topotecan-LUNG,8,2,HCC4006_LUNG
CCLE-65-Topotecan-LUNG,8,3,MORCPR_LUNG
CCLE-65-Topotecan-LUNG,8,4,NCIH1048_LUNG
CCLE-65-Topotecan-LUNG,8,5,NCIH1092_LUNG
CCLE-65-Topotecan-LUNG,8,6,NCIH1373_LUNG
CCLE-65-Topotecan-LUNG,8,7,NCIH1563_LUNG
CCLE-65-Topotecan-LUNG,8,8,NCIH1648_LUNG
CCLE-65-Topotecan-LUNG,8,9,NCIH1650_LUNG
CCLE-65-Topotecan-LUNG,8,10,NCIH1666_LUNG
CCLE-65-Topotecan-LUNG,8,11,NCIH1792_LUNG
CCLE-65-Topotecan-LUNG,8,12,NCIH2009_LUNG
CCLE-65-Topotecan-LUNG,8,13,NCIH2172_LUNG
CCLE-65-Topotecan-LUNG,8,14,NCIH23_LUNG
CCLE-65-Topotecan-LUNG,8,15,NCIH522_LUNG
CCLE-65-Topotecan-LUNG,8,16,PC14_LUNG
CCLE-65-Topotecan-LUNG,8,17,RERFLCAI_LUNG
CCLE-65-Topotecan-LUNG,8,18,SKLU1_LUNG
CCLE-65-Topotecan-LUNG,9,1,CORL23_LUNG
CCLE-65-Topotecan-LUNG,9,2,HCC78_LUNG
CCLE-65-Topotecan-LUNG,9,3,NCIH1048_LUNG
CCLE-65-Topotecan-LUNG,9,4,NCIH1299_LUNG
CCLE-65-Topotecan-LUNG,9,5,NCIH1581_LUNG
CCLE-65-Topotecan-LUNG,9,6,NCIH1648_LUNG
CCLE-65-Topotecan-LUNG,9,7,NCIH1793_LUNG
CCLE-65-Topotecan-LUNG,9,8,NCIH1915_LUNG
CCLE-65-Topotecan-LUNG,9,9,NCIH2030_LUNG
CCLE-65-Topotecan-LUNG,9,10,NCIH2085_LUNG
CCLE-65-Topotecan-LUNG,9,11,NCIH2170_LUNG
CCLE-65-Topotecan-LUNG,9,12,NCIH441_LUNG
CCLE-65-Topotecan-LUNG,9,13,NCIH520_LUNG
CCLE-65-Topotecan-LUNG,9,14,SHP77_LUNG
CCLE-65-Topotecan-LUNG,9,15,SKLU1_LUNG
CCLE-65-Topotecan-LUNG,9,16,SW1271_LUNG
CCLE-65-Topotecan-LUNG,9,17,T3M10_LUNG
CCLE-65-Topotecan-LUNG,9,18,VMRCLCD_LUNG
CCLE-65-Topotecan-LUNG,10,1,CAL12T_LUNG
CCLE-65-Topotecan-LUNG,10,2,HCC78_LUNG
CCLE-65-Topotecan-LUNG,10,3,HCC827_LUNG
CCLE-65-Topotecan-LUNG,10,4,HS229T_LUNG
CCLE-65-Topotecan-LUNG,10,5,LOUNH91_LUNG
CCLE-65-Topotecan-LUNG,10,6,NCIH1355_LUNG
CCLE-65-Topotecan-LUNG,10,7,NCIH1563_LUNG
CCLE-65-Topotecan-LUNG,10,8,NCIH1648_LUNG
CCLE-65-Topotecan-LUNG,10,9,NCIH1651_LUNG
CCLE-65-Topotecan-LUNG,10,10,NCIH1793_LUNG
CCLE-65-Topotecan-LUNG,10,11,NCIH1944_LUNG
CCLE-65-Topotecan-LUNG,10,12,NCIH2023_LUNG
CCLE-65-Topotecan-LUNG,10,13,NCIH23_LUNG
CCLE-65-Topotecan-LUNG,10,14,NCIH647_LUNG
CCLE-65-Topotecan-LUNG,10,15,NCIH661_LUNG
CCLE-65-Topotecan-LUNG,10,16,SHP77_LUNG
CCLE-65-Topotecan-LUNG,10,17,SW1573_LUNG
CCLE-65-Topotecan-LUNG,10,18,T3M10_LUNG
CCLE-65-Topotecan-LUNG,11,1,CALU1_LUNG
CCLE-65-Topotecan-LUNG,11,2,CALU6_LUNG
CCLE-65-Topotecan-LUNG,11,3,DMS114_LUNG
CCLE-65-Topotecan-LUNG,11,4,HCC78_LUNG
CCLE-65-Topotecan-LUNG,11,5,NCIH1184_LUNG
CCLE-65-Topotecan-LUNG,11,6,NCIH1573_LUNG
CCLE-65-Topotecan-LUNG,11,7,NCIH1915_LUNG
CCLE-65-Topotecan-LUNG,11,8,NCIH2009_LUNG
CCLE-65-Topotecan-LUNG,11,9,NCIH2085_LUNG
CCLE-65-Topotecan-LUNG,11,10,NCIH2122_LUNG
CCLE-65-Topotecan-LUNG,11,11,NCIH2170_LUNG
CCLE-65-Topotecan-LUNG,11,12,NCIH226_LUNG
CCLE-65-Topotecan-LUNG,11,13,NCIH358_LUNG
CCLE-65-Topotecan-LUNG,11,14,NCIH661_LUNG
CCLE-65-Topotecan-LUNG,11,15,RERFLCAI_LUNG
CCLE-65-Topotecan-LUNG,11,16,RERFLCMS_LUNG
CCLE-65-Topotecan-LUNG,11,17,SKLU1_LUNG
CCLE-65-Topotecan-LUNG,11,18,SQ1_LUNG
CCLE-65-Topotecan-LUNG,12,1,CAL12T_LUNG
CCLE-65-Topotecan-LUNG,12,2,HCC2935_LUNG
CCLE-65-Topotecan-LUNG,12,3,HCC78_LUNG
CCLE-65-Topotecan-LUNG,12,4,MORCPR_LUNG
CCLE-65-Topotecan-LUNG,12,5,NCIH1341_LUNG
CCLE-65-Topotecan-LUNG,12,6,NCIH1666_LUNG
CCLE-65-Topotecan-LUNG,12,7,NCIH1703_LUNG
CCLE-65-Topotecan-LUNG,12,8,NCIH1915_LUNG
CCLE-65-Topotecan-LUNG,12,9,NCIH2085_LUNG
CCLE-65-Topotecan-LUNG,12,10,NCIH211_LUNG
CCLE-65-Topotecan-LUNG,12,11,NCIH2170_LUNG
CCLE-65-Topotecan-LUNG,12,12,NCIH226_LUNG
CCLE-65-Topotecan-LUNG,12,13,NCIH2444_LUNG
CCLE-65-Topotecan-LUNG,12,14,NCIH520_LUNG
CCLE-65-Topotecan-LUNG,12,15,NCIH522_LUNG
CCLE-65-Topotecan-LUNG,12,16,NCIH647_LUNG
CCLE-65-Topotecan-LUNG,12,17,RERFLCMS_LUNG
CCLE-65-Topotecan-LUNG,12,18,SHP77_LUNG
CCLE-65-Topotecan-LUNG,13,1,A549_LUNG
CCLE-65-Topotecan-LUNG,13,2,CORL105_LUNG
CCLE-65-Topotecan-LUNG,13,3,CORL23_LUNG
CCLE-65-Topotecan-LUNG,13,4,DMS114_LUNG
CCLE-65-Topotecan-LUNG,13,5,EBC1_LUNG
CCLE-65-Topotecan-LUNG,13,6,HARA_LUNG
CCLE-65-Topotecan-LUNG,13,7,HCC78_LUNG
CCLE-65-Topotecan-LUNG,13,8,IALM_LUNG
CCLE-65-Topotecan-LUNG,13,9,LCLC103H_LUNG
CCLE-65-Topotecan-LUNG,13,10,LU99_LUNG
CCLE-65-Topotecan-LUNG,13,11,MORCPR_LUNG
CCLE-65-Topotecan-LUNG,13,12,NCIH1703_LUNG
CCLE-65-Topotecan-LUNG,13,13,NCIH1792_LUNG
CCLE-65-Topotecan-LUNG,13,14,NCIH2286_LUNG
CCLE-65-Topotecan-LUNG,13,15,NCIH661_LUNG
CCLE-65-Topotecan-LUNG,13,16,RERFLCAI_LUNG
CCLE-65-Topotecan-LUNG,13,17,SKMES1_LUNG
CCLE-65-Topotecan-LUNG,13,18,SQ1_LUNG
CCLE-65-Topotecan-LUNG,14,1,CALU3_LUNG
CCLE-65-Topotecan-LUNG,14,2,DV90_LUNG
CCLE-65-Topotecan-LUNG,14,3,HCC44_LUNG
CCLE-65-Topotecan-LUNG,14,4,IALM_LUNG
CCLE-65-Topotecan-LUNG,14,5,LCLC103H_LUNG
CCLE-65-Topotecan-LUNG,14,6,NCIH1299_LUNG
CCLE-65-Topotecan-LUNG,14,7,NCIH1650_LUNG
CCLE-65-Topotecan-LUNG,14,8,NCIH1694_LUNG
CCLE-65-Topotecan-LUNG,14,9,NCIH1793_LUNG
CCLE-65-Topotecan-LUNG,14,10,NCIH1944_LUNG
CCLE-65-Topotecan-LUNG,14,11,NCIH2009_LUNG
CCLE-65-Topotecan-LUNG,14,12,NCIH2023_LUNG
CCLE-65-Topotecan-LUNG,14,13,NCIH2030_LUNG
CCLE-65-Topotecan-LUNG,14,14,NCIH2172_LUNG
CCLE-65-Topotecan-LUNG,14,15,NCIH2228_LUNG
CCLE-65-Topotecan-LUNG,14,16,PC14_LUNG
CCLE-65-Topotecan-LUNG,14,17,T3M10_LUNG
CCLE-65-Topotecan-LUNG,14,18,VMRCLCD_LUNG
CCLE-65-Topotecan-LUNG,15,1,A549_LUNG
CCLE-65-Topotecan-LUNG,15,2,HARA_LUNG
CCLE-65-Topotecan-LUNG,15,3,HCC44_LUNG
CCLE-65-Topotecan-LUNG,15,4,HCC78_LUNG
CCLE-65-Topotecan-LUNG,15,5,HCC827_LUNG
CCLE-65-Topotecan-LUNG,15,6,LCLC103H_LUNG
CCLE-65-Topotecan-LUNG,15,7,LOUNH91_LUNG
CCLE-65-Topotecan-LUNG,15,8,NCIH1048_LUNG
CCLE-65-Topotecan-LUNG,15,9,NCIH1299_LUNG
CCLE-65-Topotecan-LUNG,15,10,NCIH1339_LUNG
CCLE-65-Topotecan-LUNG,15,11,NCIH1341_LUNG
CCLE-65-Topotecan-LUNG,15,12,NCIH1355_LUNG
CCLE-65-Topotecan-LUNG,15,13,NCIH1373_LUNG
CCLE-65-Topotecan-LUNG,15,14,NCIH1693_LUNG
CCLE-65-Topotecan-LUNG,15,15,NCIH2009_LUNG
CCLE-65-Topotecan-LUNG,15,16,NCIH2085_LUNG
CCLE-65-Topotecan-LUNG,15,17,NCIH2228_LUNG
CCLE-65-Topotecan-LUNG,15,18,NCIH520_LUNG
CCLE-65-Topotecan-LUNG,16,1,HARA_LUNG
CCLE-65-Topotecan-LUNG,16,2,HCC15_LUNG
CCLE-65-Topotecan-LUNG,16,3,HCC4006_LUNG
CCLE-65-Topotecan-LUNG,16,4,HCC78_LUNG
CCLE-65-Topotecan-LUNG,16,5,LOUNH91_LUNG
CCLE-65-Topotecan-LUNG,16,6,NCIH1341_LUNG
CCLE-65-Topotecan-LUNG,16,7,NCIH1573_LUNG
CCLE-65-Topotecan-LUNG,16,8,NCIH1648_LUNG
CCLE-65-Topotecan-LUNG,16,9,NCIH1651_LUNG
CCLE-65-Topotecan-LUNG,16,10,NCIH1792_LUNG
CCLE-65-Topotecan-LUNG,16,11,NCIH1869_LUNG
CCLE-65-Topotecan-LUNG,16,12,NCIH2087_LUNG
CCLE-65-Topotecan-LUNG,16,13,NCIH226_LUNG
CCLE-65-Topotecan-LUNG,16,14,NCIH650_LUNG
CCLE-65-Topotecan-LUNG,16,15,NCIH727_LUNG
CCLE-65-Topotecan-LUNG,16,16,SKLU1_LUNG
CCLE-65-Topotecan-LUNG,16,17,SW1271_LUNG
CCLE-65-Topotecan-LUNG,16,18,VMRCLCD_LUNG
CCLE-65-Topotecan-LUNG,17,1,CAL12T_LUNG
CCLE-65-Topotecan-LUNG,17,2,CALU6_LUNG
CCLE-65-Topotecan-LUNG,17,3,CORL105_LUNG
CCLE-65-Topotecan-LUNG,17,4,DMS114_LUNG
CCLE-65-Topotecan-LUNG,17,5,DV90_LUNG
CCLE-65-Topotecan-LUNG,17,6,HCC44_LUNG
CCLE-65-Topotecan-LUNG,17,7,NCIH1048_LUNG
CCLE-65-Topotecan-LUNG,17,8,NCIH1355_LUNG
CCLE-65-Topotecan-LUNG,17,9,NCIH1944_LUNG
CCLE-65-Topotecan-LUNG,17,10,NCIH211_LUNG
CCLE-65-Topotecan-LUNG,17,11,NCIH2122_LUNG
CCLE-65-Topotecan-LUNG,17,12,NCIH2172_LUNG
CCLE-65-Topotecan-LUNG,17,13,NCIH2228_LUNG
CCLE-65-Topotecan-LUNG,17,14,NCIH23_LUNG
CCLE-65-Topotecan-LUNG,17,15,NCIH441_LUNG
CCLE-65-Topotecan-LUNG,17,16,SBC5_LUNG
CCLE-65-Topotecan-LUNG,17,17,SKMES1_LUNG
CCLE-65-Topotecan-LUNG,17,18,SW1271_LUNG
CCLE-65-Topotecan-LUNG,18,1,CALU3_LUNG
CCLE-65-Topotecan-LUNG,18,2,CORL105_LUNG
CCLE-65-Topotecan-LUNG,18,3,IALM_LUNG
CCLE-65-Topotecan-LUNG,18,4,NCIH1155_LUNG
CCLE-65-Topotecan-LUNG,18,5,NCIH1373_LUNG
CCLE-65-Topotecan-LUNG,18,6,NCIH1648_LUNG
CCLE-65-Topotecan-LUNG,18,7,NCIH1650_LUNG
CCLE-65-Topotecan-LUNG,18,8,NCIH1651_LUNG
CCLE-65-Topotecan-LUNG,18,9,NCIH1792_LUNG
CCLE-65-Topotecan-LUNG,18,10,NCIH1869_LUNG
CCLE-65-Topotecan-LUNG,18,11,NCIH1944_LUNG
CCLE-65-Topotecan-LUNG,18,12,NCIH2087_LUNG
CCLE-65-Topotecan-LUNG,18,13,NCIH2228_LUNG
CCLE-65-Topotecan-LUNG,18,14,NCIH226_LUNG
CCLE-65-Topotecan-LUNG,18,15,NCIH520_LUNG
CCLE-65-Topotecan-LUNG,18,16,NCIH647_LUNG
CCLE-65-Topotecan-LUNG,18,17,SKLU1_LUNG
CCLE-65-Topotecan-LUNG,18,18,SKMES1_LUNG
CCLE-65-Topotecan-LUNG,19,1,HCC4006_LUNG
CCLE-65-Topotecan-LUNG,19,2,HCC44_LUNG
CCLE-65-Topotecan-LUNG,19,3,IALM_LUNG
CCLE-65-Topotecan-LUNG,19,4,LCLC103H_LUNG
CCLE-65-Topotecan-LUNG,19,5,MORCPR_LUNG
CCLE-65-Topotecan-LUNG,19,6,NCIH1339_LUNG
CCLE-65-Topotecan-LUNG,19,7,NCIH1563_LUNG
CCLE-65-Topotecan-LUNG,19,8,NCIH1693_LUNG
CCLE-65-Topotecan-LUNG,19,9,NCIH1792_LUNG
CCLE-65-Topotecan-LUNG,19,10,NCIH1869_LUNG
CCLE-65-Topotecan-LUNG,19,11,NCIH1915_LUNG
CCLE-65-Topotecan-LUNG,19,12,NCIH2085_LUNG
CCLE-65-Topotecan-LUNG,19,13,NCIH2172_LUNG
CCLE-65-Topotecan-LUNG,19,14,NCIH23_LUNG
CCLE-65-Topotecan-LUNG,19,15,NCIH358_LUNG
CCLE-65-Topotecan-LUNG,19,16,NCIH520_LUNG
CCLE-65-Topotecan-LUNG,19,17,NCIH650_LUNG
CCLE-65-Topotecan-LUNG,19,18,SW900_LUNG
CCLE-65-Topotecan-LUNG,20,1,CAL12T_LUNG
CCLE-65-Topotecan-LUNG,20,2,DV90_LUNG
CCLE-65-Topotecan-LUNG,20,3,EBC1_LUNG
CCLE-65-Topotecan-LUNG,20,4,HCC15_LUNG
CCLE-65-Topotecan-LUNG,20,5,HCC2935_LUNG
CCLE-65-Topotecan-LUNG,20,6,IALM_LUNG
CCLE-65-Topotecan-LUNG,20,7,NCIH1299_LUNG
CCLE-65-Topotecan-LUNG,20,8,NCIH1341_LUNG
CCLE-65-Topotecan-LUNG,20,9,NCIH1373_LUNG
CCLE-65-Topotecan-LUNG,20,10,NCIH1703_LUNG
CCLE-65-Topotecan-LUNG,20,11,NCIH1869_LUNG
CCLE-65-Topotecan-LUNG,20,12,NCIH2023_LUNG
CCLE-65-Topotecan-LUNG,20,13,NCIH810_LUNG
CCLE-65-Topotecan-LUNG,20,14,PC14_LUNG
CCLE-65-Topotecan-LUNG,20,15,RERFLCMS_LUNG
CCLE-65-Topotecan-LUNG,20,16,SHP77_LUNG
CCLE-65-Topotecan-LUNG,20,17,SQ1_LUNG
CCLE-65-Topotecan-LUNG,20,18,SW1271_LUNG
CCLE-65-Topotecan-LUNG,21,1,CALU3_LUNG
CCLE-65-Topotecan-LUNG,21,2,HCC15_LUNG
CCLE-65-Topotecan-LUNG,21,3,IALM_LUNG
CCLE-65-Topotecan-LUNG,21,4,NCIH1573_LUNG
CCLE-65-Topotecan-LUNG,21,5,NCIH1650_LUNG
CCLE-65-Topotecan-LUNG,21,6,NCIH1666_LUNG
CCLE-65-Topotecan-LUNG,21,7,NCIH1693_LUNG
CCLE-65-Topotecan-LUNG,21,8,NCIH1694_LUNG
CCLE-65-Topotecan-LUNG,21,9,NCIH1703_LUNG
CCLE-65-Topotecan-LUNG,21,10,NCIH1792_LUNG
CCLE-65-Topotecan-LUNG,21,11,NCIH1869_LUNG
CCLE-65-Topotecan-LUNG,21,12,NCIH1915_LUNG
CCLE-65-Topotecan-LUNG,21,13,NCIH1944_LUNG
CCLE-65-Topotecan-LUNG,21,14,NCIH2286_LUNG
CCLE-65-Topotecan-LUNG,21,15,NCIH2444_LUNG
CCLE-65-Topotecan-LUNG,21,16,SHP77_LUNG
CCLE-65-Topotecan-LUNG,21,17,SQ1_LUNG
CCLE-65-Topotecan-LUNG,21,18,SW1573_LUNG
CCLE-65-Topotecan-LUNG,22,1,CALU3_LUNG
CCLE-65-Topotecan-LUNG,22,2,DV90_LUNG
CCLE-65-Topotecan-LUNG,22,3,HARA_LUNG
CCLE-65-Topotecan-LUNG,22,4,HCC4006_LUNG
CCLE-65-Topotecan-LUNG,22,5,HCC78_LUNG
CCLE-65-Topotecan-LUNG,22,6,LOUNH91_LUNG
CCLE-65-Topotecan-LUNG,22,7,LU99_LUNG
CCLE-65-Topotecan-LUNG,22,8,LUDLU1_LUNG
CCLE-65-Topotecan-LUNG,22,9,MORCPR_LUNG
CCLE-65-Topotecan-LUNG,22,10,NCIH1573_LUNG
CCLE-65-Topotecan-LUNG,22,11,NCIH1703_LUNG
CCLE-65-Topotecan-LUNG,22,12,NCIH1869_LUNG
CCLE-65-Topotecan-LUNG,22,13,NCIH2009_LUNG
CCLE-65-Topotecan-LUNG,22,14,NCIH2122_LUNG
CCLE-65-Topotecan-LUNG,22,15,NCIH460_LUNG
CCLE-65-Topotecan-LUNG,22,16,NCIH727_LUNG
CCLE-65-Topotecan-LUNG,22,17,PC14_LUNG
CCLE-65-Topotecan-LUNG,22,18,VMRCLCD_LUNG
CCLE-65-Topotecan-LUNG,23,1,HCC4006_LUNG
CCLE-65-Topotecan-LUNG,23,2,IALM_LUNG
CCLE-65-Topotecan-LUNG,23,3,LOUNH91_LUNG
CCLE-65-Topotecan-LUNG,23,4,LU99_LUNG
CCLE-65-Topotecan-LUNG,23,5,MORCPR_LUNG
CCLE-65-Topotecan-LUNG,23,6,NCIH1339_LUNG
CCLE-65-Topotecan-LUNG,23,7,NCIH1373_LUNG
CCLE-65-Topotecan-LUNG,23,8,NCIH1563_LUNG
CCLE-65-Topotecan-LUNG,23,9,NCIH1573_LUNG
CCLE-65-Topotecan-LUNG,23,10,NCIH1581_LUNG
CCLE-65-Topotecan-LUNG,23,11,NCIH1648_LUNG
CCLE-65-Topotecan-LUNG,23,12,NCIH1869_LUNG
CCLE-65-Topotecan-LUNG,23,13,NCIH2087_LUNG
CCLE-65-Topotecan-LUNG,23,14,NCIH647_LUNG
CCLE-65-Topotecan-LUNG,23,15,NCIH661_LUNG
CCLE-65-Topotecan-LUNG,23,16,PC14_LUNG
CCLE-65-Topotecan-LUNG,23,17,SKMES1_LUNG
CCLE-65-Topotecan-LUNG,23,18,T3M10_LUNG
CCLE-65-Topotecan-LUNG,24,1,DMS114_LUNG
CCLE-65-Topotecan-LUNG,24,2,EBC1_LUNG
CCLE-65-Topotecan-LUNG,24,3,HCC15_LUNG
CCLE-65-Topotecan-LUNG,24,4,LUDLU1_LUNG
CCLE-65-Topotecan-LUNG,24,5,NCIH1184_LUNG
CCLE-65-Topotecan-LUNG,24,6,NCIH1339_LUNG
CCLE-65-Topotecan-LUNG,24,7,NCIH1341_LUNG
CCLE-65-Topotecan-LUNG,24,8,NCIH1694_LUNG
CCLE-65-Topotecan-LUNG,24,9,NCIH1915_LUNG
CCLE-65-Topotecan-LUNG,24,10,NCIH1944_LUNG
CCLE-65-Topotecan-LUNG,24,11,NCIH2023_LUNG
CCLE-65-Topotecan-LUNG,24,12,NCIH2170_LUNG
CCLE-65-Topotecan-LUNG,24,13,NCIH2228_LUNG
CCLE-65-Topotecan-LUNG,24,14,NCIH358_LUNG
CCLE-65-Topotecan-LUNG,24,15,NCIH520_LUNG
CCLE-65-Topotecan-LUNG,24,16,NCIH647_LUNG
CCLE-65-Topotecan-LUNG,24,17,NCIH727_LUNG
CCLE-65-Topotecan-LUNG,24,18,SKMES1_LUNG
CCLE-65-Topotecan-LUNG,25,1,DV90_LUNG
CCLE-65-Topotecan-LUNG,25,2,HCC4006_LUNG
CCLE-65-Topotecan-LUNG,25,3,IALM_LUNG
CCLE-65-Topotecan-LUNG,25,4,LOUNH91_LUNG
CCLE-65-Topotecan-LUNG,25,5,NCIH1184_LUNG
CCLE-65-Topotecan-LUNG,25,6,NCIH1339_LUNG
CCLE-65-Topotecan-LUNG,25,7,NCIH1703_LUNG
CCLE-65-Topotecan-LUNG,25,8,NCIH1869_LUNG
CCLE-65-Topotecan-LUNG,25,9,NCIH211_LUNG
CCLE-65-Topotecan-LUNG,25,10,NCIH2170_LUNG
CCLE-65-Topotecan-LUNG,25,11,NCIH23_LUNG
CCLE-65-Topotecan-LUNG,25,12,NCIH358_LUNG
CCLE-65-Topotecan-LUNG,25,13,NCIH647_LUNG
CCLE-65-Topotecan-LUNG,25,14,NCIH650_LUNG
CCLE-65-Topotecan-LUNG,25,15,RERFLCMS_LUNG
CCLE-65-Topotecan-LUNG,25,16,SKLU1_LUNG
CCLE-65-Topotecan-LUNG,25,17,SKMES1_LUNG
CCLE-65-Topotecan-LUNG,25,18,SW900_LUNG
CCLE-65-Topotecan-LUNG,26,1,A549_LUNG
CCLE-65-Topotecan-LUNG,26,2,CALU6_LUNG
CCLE-65-Topotecan-LUNG,26,3,HCC2935_LUNG
CCLE-65-Topotecan-LUNG,26,4,HCC827_LUNG
CCLE-65-Topotecan-LUNG,26,5,LUDLU1_LUNG
CCLE-65-Topotecan-LUNG,26,6,NCIH1155_LUNG
CCLE-65-Topotecan-LUNG,26,7,NCIH1299_LUNG
CCLE-65-Topotecan-LUNG,26,8,NCIH1648_LUNG
CCLE-65-Topotecan-LUNG,26,9,NCIH1792_LUNG
CCLE-65-Topotecan-LUNG,26,10,NCIH1915_LUNG
CCLE-65-Topotecan-LUNG,26,11,NCIH2030_LUNG
CCLE-65-Topotecan-LUNG,26,12,NCIH2087_LUNG
CCLE-65-Topotecan-LUNG,26,13,NCIH2444_LUNG
CCLE-65-Topotecan-LUNG,26,14,NCIH358_LUNG
CCLE-65-Topotecan-LUNG,26,15,NCIH522_LUNG
CCLE-65-Topotecan-LUNG,26,16,NCIH810_LUNG
CCLE-65-Topotecan-LUNG,26,17,RERFLCAI_LUNG
CCLE-65-Topotecan-LUNG,26,18,SW900_LUNG
CCLE-65-Topotecan-LUNG,27,1,CAL12T_LUNG
CCLE-65-Topotecan-LUNG,27,2,CALU6_LUNG
CCLE-65-Topotecan-LUNG,27,3,HCC15_LUNG
CCLE-65-Topotecan-LUNG,27,4,HCC2935_LUNG
CCLE-65-Topotecan-LUNG,27,5,HCC4006_LUNG
CCLE-65-Topotecan-LUNG,27,6,LU99_LUNG
CCLE-65-Topotecan-LUNG,27,7,LUDLU1_LUNG
CCLE-65-Topotecan-LUNG,27,8,MORCPR_LUNG
CCLE-65-Topotecan-LUNG,27,9,NCIH1048_LUNG
CCLE-65-Topotecan-LUNG,27,10,NCIH1563_LUNG
CCLE-65-Topotecan-LUNG,27,11,NCIH1650_LUNG
CCLE-65-Topotecan-LUNG,27,12,NCIH1693_LUNG
CCLE-65-Topotecan-LUNG,27,13,NCIH1792_LUNG
CCLE-65-Topotecan-LUNG,27,14,NCIH2170_LUNG
CCLE-65-Topotecan-LUNG,27,15,NCIH2286_LUNG
CCLE-65-Topotecan-LUNG,27,16,NCIH358_LUNG
CCLE-65-Topotecan-LUNG,27,17,NCIH441_LUNG
CCLE-65-Topotecan-LUNG,27,18,NCIH647_LUNG
CCLE-65-Topotecan-LUNG,28,1,CORL23_LUNG
CCLE-65-Topotecan-LUNG,28,2,DMS114_LUNG
CCLE-65-Topotecan-LUNG,28,3,HARA_LUNG
CCLE-65-Topotecan-LUNG,28,4,HCC15_LUNG
CCLE-65-Topotecan-LUNG,28,5,LUDLU1_LUNG
CCLE-65-Topotecan-LUNG,28,6,NCIH1563_LUNG
CCLE-65-Topotecan-LUNG,28,7,NCIH1573_LUNG
CCLE-65-Topotecan-LUNG,28,8,NCIH1581_LUNG
CCLE-65-Topotecan-LUNG,28,9,NCIH1944_LUNG
CCLE-65-Topotecan-LUNG,28,10,NCIH2030_LUNG
CCLE-65-Topotecan-LUNG,28,11,NCIH2172_LUNG
CCLE-65-Topotecan-LUNG,28,12,NCIH2228_LUNG
CCLE-65-Topotecan-LUNG,28,13,NCIH226_LUNG
CCLE-65-Topotecan-LUNG,28,14,NCIH23_LUNG
CCLE-65-Topotecan-LUNG,28,15,NCIH661_LUNG
CCLE-65-Topotecan-LUNG,28,16,PC14_LUNG
CCLE-65-Topotecan-LUNG,28,17,RERFLCMS_LUNG
CCLE-65-Topotecan-LUNG,28,18,T3M10_LUNG
CCLE-65-Topotecan-LUNG,29,1,A549_LUNG
CCLE-65-Topotecan-LUNG,29,2,CORL105_LUNG
CCLE-65-Topotecan-LUNG,29,3,HCC44_LUNG
CCLE-65-Topotecan-LUNG,29,4,IALM_LUNG
CCLE-65-Topotecan-LUNG,29,5,NCIH1155_LUNG
CCLE-65-Topotecan-LUNG,29,6,NCIH1339_LUNG
CCLE-65-Topotecan-LUNG,29,7,NCIH1355_LUNG
CCLE-65-Topotecan-LUNG,29,8,NCIH1792_LUNG
CCLE-65-Topotecan-LUNG,29,9,NCIH1869_LUNG
CCLE-65-Topotecan-LUNG,29,10,NCIH1975_LUNG
CCLE-65-Topotecan-LUNG,29,11,NCIH211_LUNG
CCLE-65-Topotecan-LUNG,29,12,NCIH2172_LUNG
CCLE-65-Topotecan-LUNG,29,13,NCIH2228_LUNG
CCLE-65-Topotecan-LUNG,29,14,NCIH358_LUNG
CCLE-65-Topotecan-LUNG,29,15,NCIH522_LUNG
CCLE-65-Topotecan-LUNG,29,16,NCIH647_LUNG
CCLE-65-Topotecan-LUNG,29,17,NCIH650_LUNG
CCLE-65-Topotecan-LUNG,29,18,NCIH727_LUNG
CCLE-65-Topotecan-LUNG,30,1,DMS114_LUNG
CCLE-65-Topotecan-LUNG,30,2,IALM_LUNG
CCLE-65-Topotecan-LUNG,30,3,MORCPR_LUNG
CCLE-65-Topotecan-LUNG,30,4,NCIH1092_LUNG
CCLE-65-Topotecan-LUNG,30,5,NCIH1155_LUNG
CCLE-65-Topotecan-LUNG,30,6,NCIH1563_LUNG
CCLE-65-Topotecan-LUNG,30,7,NCIH1573_LUNG
CCLE-65-Topotecan-LUNG,30,8,NCIH1650_LUNG
CCLE-65-Topotecan-LUNG,30,9,NCIH1869_LUNG
CCLE-65-Topotecan-LUNG,30,10,NCIH1915_LUNG
CCLE-65-Topotecan-LUNG,30,11,NCIH2085_LUNG
CCLE-65-Topotecan-LUNG,30,12,NCIH2087_LUNG
CCLE-65-Topotecan-LUNG,30,13,NCIH2286_LUNG
CCLE-65-Topotecan-LUNG,30,14,PC14_LUNG
CCLE-65-Topotecan-LUNG,30,15,SHP77_LUNG
CCLE-65-Topotecan-LUNG,30,16,SKMES1_LUNG
CCLE-65-Topotecan-LUNG,30,17,SW1271_LUNG
CCLE-65-Topotecan-LUNG,30,18,T3M10_LUNG
CCLE-65-Topotecan-LUNG,31,1,CAL12T_LUNG
CCLE-65-Topotecan-LUNG,31,2,CALU6_LUNG
CCLE-65-Topotecan-LUNG,31,3,CORL105_LUNG
CCLE-65-Topotecan-LUNG,31,4,HARA_LUNG
CCLE-65-Topotecan-LUNG,31,5,HCC44_LUNG
CCLE-65-Topotecan-LUNG,31,6,HCC78_LUNG
CCLE-65-Topotecan-LUNG,31,7,HCC827_LUNG
CCLE-65-Topotecan-LUNG,31,8,IALM_LUNG
CCLE-65-Topotecan-LUNG,31,9,LCLC103H_LUNG
CCLE-65-Topotecan-LUNG,31,10,NCIH1092_LUNG
CCLE-65-Topotecan-LUNG,31,11,NCIH1341_LUNG
CCLE-65-Topotecan-LUNG,31,12,NCIH1869_LUNG
CCLE-65-Topotecan-LUNG,31,13,NCIH2030_LUNG
CCLE-65-Topotecan-LUNG,31,14,NCIH2444_LUNG
CCLE-65-Topotecan-LUNG,31,15,NCIH647_LUNG
CCLE-65-Topotecan-LUNG,31,16,NCIH661_LUNG
CCLE-65-Topotecan-LUNG,31,17,RERFLCAI_LUNG
CCLE-65-Topotecan-LUNG,31,18,SQ1_LUNG
CCLE-65-Topotecan-LUNG,32,1,CAL12T_LUNG
CCLE-65-Topotecan-LUNG,32,2,CALU1_LUNG
CCLE-65-Topotecan-LUNG,32,3,CORL105_LUNG
CCLE-65-Topotecan-LUNG,32,4,HCC15_LUNG
CCLE-65-Topotecan-LUNG,32,5,HCC827_LUNG
CCLE-65-Topotecan-LUNG,32,6,HS229T_LUNG
CCLE-65-Topotecan-LUNG,32,7,LOUNH91_LUNG
CCLE-65-Topotecan-LUNG,32,8,MORCPR_LUNG
CCLE-65-Topotecan-LUNG,32,9,NCIH1092_LUNG
CCLE-65-Topotecan-LUNG,32,10,NCIH1299_LUNG
CCLE-65-Topotecan-LUNG,32,11,NCIH1339_LUNG
CCLE-65-Topotecan-LUNG,32,12,NCIH1648_LUNG
CCLE-65-Topotecan-LUNG,32,13,NCIH1666_LUNG
CCLE-65-Topotecan-LUNG,32,14,NCIH1703_LUNG
CCLE-65-Topotecan-LUNG,32,15,NCIH520_LUNG
CCLE-65-Topotecan-LUNG,32,16,RERFLCMS_LUNG
CCLE-65-Topotecan-LUNG,32,17,SKLU1_LUNG
CCLE-65-Topotecan-LUNG,32,18,T3M10_LUNG
CCLE-65-Topotecan-LUNG,33,1,CAL12T_LUNG
CCLE-65-Topotecan-LUNG,33,2,HCC15_LUNG
CCLE-65-Topotecan-LUNG,33,3,NCIH1048_LUNG
CCLE-65-Topotecan-LUNG,33,4,NCIH1299_LUNG
CCLE-65-Topotecan-LUNG,33,5,NCIH1339_LUNG
CCLE-65-Topotecan-LUNG,33,6,NCIH1650_LUNG
CCLE-65-Topotecan-LUNG,33,7,NCIH1693_LUNG
CCLE-65-Topotecan-LUNG,33,8,NCIH1975_LUNG
CCLE-65-Topotecan-LUNG,33,9,NCIH2009_LUNG
CCLE-65-Topotecan-LUNG,33,10,NCIH2023_LUNG
CCLE-65-Topotecan-LUNG,33,11,NCIH2030_LUNG
CCLE-65-Topotecan-LUNG,33,12,NCIH2170_LUNG
CCLE-65-Topotecan-LUNG,33,13,NCIH2172_LUNG
CCLE-65-Topotecan-LUNG,33,14,NCIH226_LUNG
CCLE-65-Topotecan-LUNG,33,15,NCIH2444_LUNG
CCLE-65-Topotecan-LUNG,33,16,NCIH441_LUNG
CCLE-65-Topotecan-LUNG,33,17,SBC5_LUNG
CCLE-65-Topotecan-LUNG,33,18,SHP77_LUNG
CCLE-65-Topotecan-LUNG,34,1,DMS114_LUNG
CCLE-65-Topotecan-LUNG,34,2,HCC44_LUNG
CCLE-65-Topotecan-LUNG,34,3,NCIH1092_LUNG
CCLE-65-Topotecan-LUNG,34,4,NCIH1155_LUNG
CCLE-65-Topotecan-LUNG,34,5,NCIH1339_LUNG
CCLE-65-Topotecan-LUNG,34,6,NCIH1341_LUNG
CCLE-65-Topotecan-LUNG,34,7,NCIH1355_LUNG
CCLE-65-Topotecan-LUNG,34,8,NCIH1792_LUNG
CCLE-65-Topotecan-LUNG,34,9,NCIH1869_LUNG
CCLE-65-Topotecan-LUNG,34,10,NCIH2009_LUNG
CCLE-65-Topotecan-LUNG,34,11,NCIH2172_LUNG
CCLE-65-Topotecan-LUNG,34,12,NCIH358_LUNG
CCLE-65-Topotecan-LUNG,34,13,NCIH522_LUNG
CCLE-65-Topotecan-LUNG,34,14,PC14_LUNG
CCLE-65-Topotecan-LUNG,34,15,SKLU1_LUNG
CCLE-65-Topotecan-LUNG,34,16,SKMES1_LUNG
CCLE-65-Topotecan-LUNG,34,17,SW1271_LUNG
CCLE-65-Topotecan-LUNG,34,18,SW1573_LUNG
CCLE-65-Topotecan-LUNG,35,1,CORL105_LUNG
CCLE-65-Topotecan-LUNG,35,2,DMS114_LUNG
CCLE-65-Topotecan-LUNG,35,3,HCC2935_LUNG
CCLE-65-Topotecan-LUNG,35,4,HCC827_LUNG
CCLE-65-Topotecan-LUNG,35,5,LOUNH91_LUNG
CCLE-65-Topotecan-LUNG,35,6,NCIH1048_LUNG
CCLE-65-Topotecan-LUNG,35,7,NCIH1092_LUNG
CCLE-65-Topotecan-LUNG,35,8,NCIH1339_LUNG
CCLE-65-Topotecan-LUNG,35,9,NCIH1648_LUNG
CCLE-65-Topotecan-LUNG,35,10,NCIH1693_LUNG
CCLE-65-Topotecan-LUNG,35,11,NCIH460_LUNG
CCLE-65-Topotecan-LUNG,35,12,NCIH522_LUNG
CCLE-65-Topotecan-LUNG,35,13,NCIH647_LUNG
CCLE-65-Topotecan-LUNG,35,14,NCIH650_LUNG
CCLE-65-Topotecan-LUNG,35,15,NCIH661_LUNG
CCLE-65-Topotecan-LUNG,35,16,SHP77_LUNG
CCLE-65-Topotecan-LUNG,35,17,SKLU1_LUNG
CCLE-65-Topotecan-LUNG,35,18,SW1271_LUNG
CCLE-65-Topotecan-LUNG,36,1,CAL12T_LUNG
CCLE-65-Topotecan-LUNG,36,2,CALU3_LUNG
CCLE-65-Topotecan-LUNG,36,3,CALU6_LUNG
CCLE-65-Topotecan-LUNG,36,4,CORL23_LUNG
CCLE-65-Topotecan-LUNG,36,5,HCC15_LUNG
CCLE-65-Topotecan-LUNG,36,6,HCC2935_LUNG
CCLE-65-Topotecan-LUNG,36,7,HCC44_LUNG
CCLE-65-Topotecan-LUNG,36,8,NCIH1155_LUNG
CCLE-65-Topotecan-LUNG,36,9,NCIH1355_LUNG
CCLE-65-Topotecan-LUNG,36,10,NCIH2009_LUNG
CCLE-65-Topotecan-LUNG,36,11,NCIH2122_LUNG
CCLE-65-Topotecan-LUNG,36,12,NCIH2170_LUNG
CCLE-65-Topotecan-LUNG,36,13,NCIH2172_LUNG
CCLE-65-Topotecan-LUNG,36,14,NCIH358_LUNG
CCLE-65-Topotecan-LUNG,36,15,NCIH520_LUNG
CCLE-65-Topotecan-LUNG,36,16,NCIH661_LUNG
CCLE-65-Topotecan-LUNG,36,17,RERFLCMS_LUNG
CCLE-65-Topotecan-LUNG,36,18,SHP77_LUNG
CCLE-65-Topotecan-LUNG,37,1,CAL12T_LUNG
CCLE-65-Topotecan-LUNG,37,2,CALU1_LUNG
CCLE-65-Topotecan-LUNG,37,3,CORL23_LUNG
CCLE-65-Topotecan-LUNG,37,4,HARA_LUNG
CCLE-65-Topotecan-LUNG,37,5,HCC827_LUNG
CCLE-65-Topotecan-LUNG,37,6,LOUNH91_LUNG
CCLE-65-Topotecan-LUNG,37,7,NCIH1155_LUNG
CCLE-65-Topotecan-LUNG,37,8,NCIH1299_LUNG
CCLE-65-Topotecan-LUNG,37,9,NCIH1339_LUNG
CCLE-65-Topotecan-LUNG,37,10,NCIH1915_LUNG
CCLE-65-Topotecan-LUNG,37,11,NCIH1944_LUNG
CCLE-65-Topotecan-LUNG,37,12,NCIH226_LUNG
CCLE-65-Topotecan-LUNG,37,13,NCIH2444_LUNG
CCLE-65-Topotecan-LUNG,37,14,NCIH358_LUNG
CCLE-65-Topotecan-LUNG,37,15,NCIH522_LUNG
CCLE-65-Topotecan-LUNG,37,16,NCIH810_LUNG
CCLE-65-Topotecan-LUNG,37,17,SHP77_LUNG
CCLE-65-Topotecan-LUNG,37,18,SW900_LUNG
CCLE-65-Topotecan-LUNG,38,1,CALU1_LUNG
CCLE-65-Topotecan-LUNG,38,2,CALU6_LUNG
CCLE-65-Topotecan-LUNG,38,3,CORL105_LUNG
CCLE-65-Topotecan-LUNG,38,4,HCC78_LUNG
CCLE-65-Topotecan-LUNG,38,5,LU99_LUNG
CCLE-65-Topotecan-LUNG,38,6,MORCPR_LUNG
CCLE-65-Topotecan-LUNG,38,7,NCIH1341_LUNG
CCLE-65-Topotecan-LUNG,38,8,NCIH1563_LUNG
CCLE-65-Topotecan-LUNG,38,9,NCIH1648_LUNG
CCLE-65-Topotecan-LUNG,38,10,NCIH1650_LUNG
CCLE-65-Topotecan-LUNG,38,11,NCIH1666_LUNG
CCLE-65-Topotecan-LUNG,38,12,NCIH1793_LUNG
CCLE-65-Topotecan-LUNG,38,13,NCIH2087_LUNG
CCLE-65-Topotecan-LUNG,38,14,NCIH2170_LUNG
CCLE-65-Topotecan-LUNG,38,15,NCIH2172_LUNG
CCLE-65-Topotecan-LUNG,38,16,NCIH226_LUNG
CCLE-65-Topotecan-LUNG,38,17,NCIH810_LUNG
CCLE-65-Topotecan-LUNG,38,18,RERFLCAI_LUNG
CCLE-65-Topotecan-LUNG,39,1,EBC1_LUNG
CCLE-65-Topotecan-LUNG,39,2,HCC4006_LUNG
CCLE-65-Topotecan-LUNG,39,3,HCC827_LUNG
CCLE-65-Topotecan-LUNG,39,4,NCIH1092_LUNG
CCLE-65-Topotecan-LUNG,39,5,NCIH1184_LUNG
CCLE-65-Topotecan-LUNG,39,6,NCIH1650_LUNG
CCLE-65-Topotecan-LUNG,39,7,NCIH1693_LUNG
CCLE-65-Topotecan-LUNG,39,8,NCIH2023_LUNG
CCLE-65-Topotecan-LUNG,39,9,NCIH211_LUNG
CCLE-65-Topotecan-LUNG,39,10,NCIH2122_LUNG
CCLE-65-Topotecan-LUNG,39,11,NCIH2228_LUNG
CCLE-65-Topotecan-LUNG,39,12,NCIH23_LUNG
CCLE-65-Topotecan-LUNG,39,13,NCIH2444_LUNG
CCLE-65-Topotecan-LUNG,39,14,NCIH460_LUNG
CCLE-65-Topotecan-LUNG,39,15,NCIH650_LUNG
CCLE-65-Topotecan-LUNG,39,16,SBC5_LUNG
CCLE-65-Topotecan-LUNG,39,17,SKLU1_LUNG
CCLE-65-Topotecan-LUNG,39,18,SQ1_LUNG
CCLE-65-Topotecan-LUNG,40,1,CAL12T_LUNG
CCLE-65-Topotecan-LUNG,40,2,CORL105_LUNG
CCLE-65-Topotecan-LUNG,40,3,CORL23_LUNG
CCLE-65-Topotecan-LUNG,40,4,DV90_LUNG
CCLE-65-Topotecan-LUNG,40,5,HCC15_LUNG
CCLE-65-Topotecan-LUNG,40,6,IALM_LUNG
CCLE-65-Topotecan-LUNG,40,7,NCIH1092_LUNG
CCLE-65-Topotecan-LUNG,40,8,NCIH1581_LUNG
CCLE-65-Topotecan-LUNG,40,9,NCIH1651_LUNG
CCLE-65-Topotecan-LUNG,40,10,NCIH1666_LUNG
CCLE-65-Topotecan-LUNG,40,11,NCIH1694_LUNG
CCLE-65-Topotecan-LUNG,40,12,NCIH1944_LUNG
CCLE-65-Topotecan-LUNG,40,13,NCIH2228_LUNG
CCLE-65-Topotecan-LUNG,40,14,NCIH460_LUNG
CCLE-65-Topotecan-LUNG,40,15,NCIH522_LUNG
CCLE-65-Topotecan-LUNG,40,16,NCIH650_LUNG
CCLE-65-Topotecan-LUNG,40,17,RERFLCMS_LUNG
CCLE-65-Topotecan-LUNG,40,18,SKMES1_LUNG
CCLE-65-Topotecan-LUNG,41,1,DV90_LUNG
CCLE-65-Topotecan-LUNG,41,2,HCC15_LUNG
CCLE-65-Topotecan-LUNG,41,3,HCC2935_LUNG
CCLE-65-Topotecan-LUNG,41,4,HCC4006_LUNG
CCLE-65-Topotecan-LUNG,41,5,LOUNH91_LUNG
CCLE-65-Topotecan-LUNG,41,6,LU99_LUNG
CCLE-65-Topotecan-LUNG,41,7,NCIH1092_LUNG
CCLE-65-Topotecan-LUNG,41,8,NCIH1184_LUNG
CCLE-65-Topotecan-LUNG,41,9,NCIH1648_LUNG
CCLE-65-Topotecan-LUNG,41,10,NCIH1792_LUNG
CCLE-65-Topotecan-LUNG,41,11,NCIH1975_LUNG
CCLE-65-Topotecan-LUNG,41,12,NCIH2172_LUNG
CCLE-65-Topotecan-LUNG,41,13,NCIH647_LUNG
CCLE-65-Topotecan-LUNG,41,14,NCIH727_LUNG
CCLE-65-Topotecan-LUNG,41,15,RERFLCMS_LUNG
CCLE-65-Topotecan-LUNG,41,16,SHP77_LUNG
CCLE-65-Topotecan-LUNG,41,17,SW1271_LUNG
CCLE-65-Topotecan-LUNG,41,18,SW900_LUNG
CCLE-65-Topotecan-LUNG,42,1,CORL105_LUNG
CCLE-65-Topotecan-LUNG,42,2,DMS114_LUNG
CCLE-65-Topotecan-LUNG,42,3,LCLC103H_LUNG
CCLE-65-Topotecan-LUNG,42,4,LOUNH91_LUNG
CCLE-65-Topotecan-LUNG,42,5,LU99_LUNG
CCLE-65-Topotecan-LUNG,42,6,LUDLU1_LUNG
CCLE-65-Topotecan-LUNG,42,7,MORCPR_LUNG
CCLE-65-Topotecan-LUNG,42,8,NCIH1184_LUNG
CCLE-65-Topotecan-LUNG,42,9,NCIH1339_LUNG
CCLE-65-Topotecan-LUNG,42,10,NCIH1693_LUNG
CCLE-65-Topotecan-LUNG,42,11,NCIH1944_LUNG
CCLE-65-Topotecan-LUNG,42,12,NCIH2085_LUNG
CCLE-65-Topotecan-LUNG,42,13,NCIH2170_LUNG
CCLE-65-Topotecan-LUNG,42,14,NCIH23_LUNG
CCLE-65-Topotecan-LUNG,42,15,NCIH810_LUNG
CCLE-65-Topotecan-LUNG,42,16,SHP77_LUNG
CCLE-65-Topotecan-LUNG,42,17,SW1573_LUNG
CCLE-65-Topotecan-LUNG,42,18,VMRCLCD_LUNG
CCLE-65-Topotecan-LUNG,43,1,CAL12T_LUNG
CCLE-65-Topotecan-LUNG,43,2,CALU3_LUNG
CCLE-65-Topotecan-LUNG,43,3,DV90_LUNG
CCLE-65-Topotecan-LUNG,43,4,EBC1_LUNG
CCLE-65-Topotecan-LUNG,43,5,HS229T_LUNG
CCLE-65-Topotecan-LUNG,43,6,NCIH1568_LUNG
CCLE-65-Topotecan-LUNG,43,7,NCIH1651_LUNG
CCLE-65-Topotecan-LUNG,43,8,NCIH1666_LUNG
CCLE-65-Topotecan-LUNG,43,9,NCIH1975_LUNG
CCLE-65-Topotecan-LUNG,43,10,NCIH2009_LUNG
CCLE-65-Topotecan-LUNG,43,11,NCIH2030_LUNG
CCLE-65-Topotecan-LUNG,43,12,NCIH2087_LUNG
CCLE-65-Topotecan-LUNG,43,13,NCIH23_LUNG
CCLE-65-Topotecan-LUNG,43,14,NCIH661_LUNG
CCLE-65-Topotecan-LUNG,43,15,NCIH810_LUNG
CCLE-65-Topotecan-LUNG,43,16,RERFLCAI_LUNG
CCLE-65-Topotecan-LUNG,43,17,SQ1_LUNG
CCLE-65-Topotecan-LUNG,43,18,SW1271_LUNG
CCLE-65-Topotecan-LUNG,44,1,DV90_LUNG
CCLE-65-Topotecan-LUNG,44,2,IALM_LUNG
CCLE-65-Topotecan-LUNG,44,3,LOUNH91_LUNG
CCLE-65-Topotecan-LUNG,44,4,MORCPR_LUNG
CCLE-65-Topotecan-LUNG,44,5,NCIH1092_LUNG
CCLE-65-Topotecan-LUNG,44,6,NCIH1341_LUNG
CCLE-65-Topotecan-LUNG,44,7,NCIH1568_LUNG
CCLE-65-Topotecan-LUNG,44,8,NCIH1581_LUNG
CCLE-65-Topotecan-LUNG,44,9,NCIH1869_LUNG
CCLE-65-Topotecan-LUNG,44,10,NCIH2009_LUNG
CCLE-65-Topotecan-LUNG,44,11,NCIH2030_LUNG
CCLE-65-Topotecan-LUNG,44,12,NCIH2286_LUNG
CCLE-65-Topotecan-LUNG,44,13,NCIH2444_LUNG
CCLE-65-Topotecan-LUNG,44,14,NCIH522_LUNG
CCLE-65-Topotecan-LUNG,44,15,NCIH661_LUNG
CCLE-65-Topotecan-LUNG,44,16,NCIH810_LUNG
CCLE-65-Topotecan-LUNG,44,17,RERFLCAI_LUNG
CCLE-65-Topotecan-LUNG,44,18,SBC5_LUNG
CCLE-65-Topotecan-LUNG,45,1,CAL12T_LUNG
CCLE-65-Topotecan-LUNG,45,2,CALU1_LUNG
CCLE-65-Topotecan-LUNG,45,3,CORL23_LUNG
CCLE-65-Topotecan-LUNG,45,4,HCC4006_LUNG
CCLE-65-Topotecan-LUNG,45,5,HS229T_LUNG
CCLE-65-Topotecan-LUNG,45,6,LOUNH91_LUNG
CCLE-65-Topotecan-LUNG,45,7,MORCPR_LUNG
CCLE-65-Topotecan-LUNG,45,8,NCIH1184_LUNG
CCLE-65-Topotecan-LUNG,45,9,NCIH1339_LUNG
CCLE-65-Topotecan-LUNG,45,10,NCIH1373_LUNG
CCLE-65-Topotecan-LUNG,45,11,NCIH1650_LUNG
CCLE-65-Topotecan-LUNG,45,12,NCIH1792_LUNG
CCLE-65-Topotecan-LUNG,45,13,NCIH2085_LUNG
CCLE-65-Topotecan-LUNG,45,14,NCIH2286_LUNG
CCLE-65-Topotecan-LUNG,45,15,NCIH358_LUNG
CCLE-65-Topotecan-LUNG,45,16,NCIH522_LUNG
CCLE-65-Topotecan-LUNG,45,17,SW900_LUNG
CCLE-65-Topotecan-LUNG,45,18,VMRCLCD_LUNG
CCLE-65-Topotecan-LUNG,46,1,CORL105_LUNG
CCLE-65-Topotecan-LUNG,46,2,LCLC103H_LUNG
CCLE-65-Topotecan-LUNG,46,3,LU99_LUNG
CCLE-65-Topotecan-LUNG,46,4,NCIH1184_LUNG
CCLE-65-Topotecan-LUNG,46,5,NCIH1341_LUNG
CCLE-65-Topotecan-LUNG,46,6,NCIH1373_LUNG
CCLE-65-Topotecan-LUNG,46,7,NCIH1581_LUNG
CCLE-65-Topotecan-LUNG,46,8,NCIH1869_LUNG
CCLE-65-Topotecan-LUNG,46,9,NCIH1944_LUNG
CCLE-65-Topotecan-LUNG,46,10,NCIH2122_LUNG
CCLE-65-Topotecan-LUNG,46,11,NCIH2170_LUNG
CCLE-65-Topotecan-LUNG,46,12,NCIH2228_LUNG
CCLE-65-Topotecan-LUNG,46,13,NCIH2286_LUNG
CCLE-65-Topotecan-LUNG,46,14,NCIH520_LUNG
CCLE-65-Topotecan-LUNG,46,15,NCIH522_LUNG
CCLE-65-Topotecan-LUNG,46,16,NCIH647_LUNG
CCLE-65-Topotecan-LUNG,46,17,PC14_LUNG
CCLE-65-Topotecan-LUNG,46,18,T3M10_LUNG
CCLE-65-Topotecan-LUNG,47,1,CAL12T_LUNG
CCLE-65-Topotecan-LUNG,47,2,CALU3_LUNG
CCLE-65-Topotecan-LUNG,47,3,CORL105_LUNG
CCLE-65-Topotecan-LUNG,47,4,HARA_LUNG
CCLE-65-Topotecan-LUNG,47,5,HCC44_LUNG
CCLE-65-Topotecan-LUNG,47,6,HCC827_LUNG
CCLE-65-Topotecan-LUNG,47,7,LOUNH91_LUNG
CCLE-65-Topotecan-LUNG,47,8,LU99_LUNG
CCLE-65-Topotecan-LUNG,47,9,NCIH1373_LUNG
CCLE-65-Topotecan-LUNG,47,10,NCIH1563_LUNG
CCLE-65-Topotecan-LUNG,47,11,NCIH1648_LUNG
CCLE-65-Topotecan-LUNG,47,12,NCIH1703_LUNG
CCLE-65-Topotecan-LUNG,47,13,NCIH2023_LUNG
CCLE-65-Topotecan-LUNG,47,14,NCIH211_LUNG
CCLE-65-Topotecan-LUNG,47,15,NCIH2122_LUNG
CCLE-65-Topotecan-LUNG,47,16,NCIH358_LUNG
CCLE-65-Topotecan-LUNG,47,17,SKLU1_LUNG
CCLE-65-Topotecan-LUNG,47,18,SKMES1_LUNG
CCLE-65-Topotecan-LUNG,48,1,CALU1_LUNG
CCLE-65-Topotecan-LUNG,48,2,HARA_LUNG
CCLE-65-Topotecan-LUNG,48,3,HCC827_LUNG
CCLE-65-Topotecan-LUNG,48,4,LU99_LUNG
CCLE-65-Topotecan-LUNG,48,5,NCIH1048_LUNG
CCLE-65-Topotecan-LUNG,48,6,NCIH1184_LUNG
CCLE-65-Topotecan-LUNG,48,7,NCIH1339_LUNG
CCLE-65-Topotecan-LUNG,48,8,NCIH1341_LUNG
CCLE-65-Topotecan-LUNG,48,9,NCIH1648_LUNG
CCLE-65-Topotecan-LUNG,48,10,NCIH1694_LUNG
CCLE-65-Topotecan-LUNG,48,11,NCIH2087_LUNG
CCLE-65-Topotecan-LUNG,48,12,NCIH2122_LUNG
CCLE-65-Topotecan-LUNG,48,13,NCIH358_LUNG
CCLE-65-Topotecan-LUNG,48,14,NCIH441_LUNG
CCLE-65-Topotecan-LUNG,48,15,NCIH661_LUNG
CCLE-65-Topotecan-LUNG,48,16,NCIH727_LUNG
CCLE-65-Topotecan-LUNG,48,17,NCIH810_LUNG
CCLE-65-Topotecan-LUNG,48,18,SQ1_LUNG
CCLE-65-Topotecan-LUNG,49,1,A549_LUNG
CCLE-65-Topotecan-LUNG,49,2,HCC78_LUNG
CCLE-65-Topotecan-LUNG,49,3,LCLC103H_LUNG
CCLE-65-Topotecan-LUNG,49,4,NCIH1339_LUNG
CCLE-65-Topotecan-LUNG,49,5,NCIH1373_LUNG
CCLE-65-Topotecan-LUNG,49,6,NCIH1581_LUNG
CCLE-65-Topotecan-LUNG,49,7,NCIH1694_LUNG
CCLE-65-Topotecan-LUNG,49,8,NCIH1703_LUNG
CCLE-65-Topotecan-LUNG,49,9,NCIH1793_LUNG
CCLE-65-Topotecan-LUNG,49,10,NCIH2030_LUNG
CCLE-65-Topotecan-LUNG,49,11,NCIH226_LUNG
CCLE-65-Topotecan-LUNG,49,12,NCIH2444_LUNG
CCLE-65-Topotecan-LUNG,49,13,NCIH358_LUNG
CCLE-65-Topotecan-LUNG,49,14,NCIH460_LUNG
CCLE-65-Topotecan-LUNG,49,15,NCIH647_LUNG
CCLE-65-Topotecan-LUNG,49,16,SW900_LUNG
CCLE-65-Topotecan-LUNG,49,17,T3M10_LUNG
CCLE-65-Topotecan-LUNG,49,18,VMRCLCD_LUNG
CCLE-65-Topotecan-LUNG,50,1,CALU3_LUNG
CCLE-65-Topotecan-LUNG,50,2,CALU6_LUNG
CCLE-65-Topotecan-LUNG,50,3,CORL23_LUNG
CCLE-65-Topotecan-LUNG,50,4,DMS114_LUNG
CCLE-65-Topotecan-LUNG,50,5,HCC4006_LUNG
CCLE-65-Topotecan-LUNG,50,6,LCLC103H_LUNG
CCLE-65-Topotecan-LUNG,50,7,NCIH1048_LUNG
CCLE-65-Topotecan-LUNG,50,8,NCIH1299_LUNG
CCLE-65-Topotecan-LUNG,50,9,NCIH1341_LUNG
CCLE-65-Topotecan-LUNG,50,10,NCIH1648_LUNG
CCLE-65-Topotecan-LUNG,50,11,NCIH1651_LUNG
CCLE-65-Topotecan-LUNG,50,12,NCIH1944_LUNG
CCLE-65-Topotecan-LUNG,50,13,NCIH2009_LUNG
CCLE-65-Topotecan-LUNG,50,14,NCIH23_LUNG
CCLE-65-Topotecan-LUNG,50,15,NCIH2444_LUNG
CCLE-65-Topotecan-LUNG,50,16,NCIH460_LUNG
CCLE-65-Topotecan-LUNG,50,17,NCIH647_LUNG
CCLE-65-Topotecan-LUNG,50,18,RERFLCAI_LUNG
CCLE-65-Topotecan-LUNG,51,1,HARA_LUNG
CCLE-65-Topotecan-LUNG,51,2,HCC4006_LUNG
CCLE-65-Topotecan-LUNG,51,3,HCC827_LUNG
CCLE-65-Topotecan-LUNG,51,4,IALM_LUNG
CCLE-65-Topotecan-LUNG,51,5,LUDLU1_LUNG
CCLE-65-Topotecan-LUNG,51,6,MORCPR_LUNG
CCLE-65-Topotecan-LUNG,51,7,NCIH1184_LUNG
CCLE-65-Topotecan-LUNG,51,8,NCIH1373_LUNG
CCLE-65-Topotecan-LUNG,51,9,NCIH1573_LUNG
CCLE-65-Topotecan-LUNG,51,10,NCIH2030_LUNG
CCLE-65-Topotecan-LUNG,51,11,NCIH2085_LUNG
CCLE-65-Topotecan-LUNG,51,12,NCIH2444_LUNG
CCLE-65-Topotecan-LUNG,51,13,NCIH522_LUNG
CCLE-65-Topotecan-LUNG,51,14,PC14_LUNG
CCLE-65-Topotecan-LUNG,51,15,RERFLCMS_LUNG
CCLE-65-Topotecan-LUNG,51,16,SBC5_LUNG
CCLE-65-Topotecan-LUNG,51,17,SW1271_LUNG
CCLE-65-Topotecan-LUNG,51,18,VMRCLCD_LUNG
CCLE-65-Topotecan-LUNG,52,1,A549_LUNG
CCLE-65-Topotecan-LUNG,52,2,CALU1_LUNG
CCLE-65-Topotecan-LUNG,52,3,HCC15_LUNG
CCLE-65-Topotecan-LUNG,52,4,HCC78_LUNG
CCLE-65-Topotecan-LUNG,52,5,HCC827_LUNG
CCLE-65-Topotecan-LUNG,52,6,LCLC103H_LUNG
CCLE-65-Topotecan-LUNG,52,7,NCIH1373_LUNG
CCLE-65-Topotecan-LUNG,52,8,NCIH1563_LUNG
CCLE-65-Topotecan-LUNG,52,9,NCIH1944_LUNG
CCLE-65-Topotecan-LUNG,52,10,NCIH2009_LUNG
CCLE-65-Topotecan-LUNG,52,11,NCIH2228_LUNG
CCLE-65-Topotecan-LUNG,52,12,NCIH2444_LUNG
CCLE-65-Topotecan-LUNG,52,13,NCIH441_LUNG
CCLE-65-Topotecan-LUNG,52,14,NCIH650_LUNG
CCLE-65-Topotecan-LUNG,52,15,NCIH810_LUNG
CCLE-65-Topotecan-LUNG,52,16,SW1271_LUNG
CCLE-65-Topotecan-LUNG,52,17,T3M10_LUNG
CCLE-65-Topotecan-LUNG,52,18,VMRCLCD_LUNG
CCLE-65-Topotecan-LUNG,53,1,CAL12T_LUNG
CCLE-65-Topotecan-LUNG,53,2,CALU1_LUNG
CCLE-65-Topotecan-LUNG,53,3,CORL23_LUNG
CCLE-65-Topotecan-LUNG,53,4,EBC1_LUNG
CCLE-65-Topotecan-LUNG,53,5,HCC2935_LUNG
CCLE-65-Topotecan-LUNG,53,6,HS229T_LUNG
CCLE-65-Topotecan-LUNG,53,7,NCIH1048_LUNG
CCLE-65-Topotecan-LUNG,53,8,NCIH1155_LUNG
CCLE-65-Topotecan-LUNG,53,9,NCIH1651_LUNG
CCLE-65-Topotecan-LUNG,53,10,NCIH1703_LUNG
CCLE-65-Topotecan-LUNG,53,11,NCIH1792_LUNG
CCLE-65-Topotecan-LUNG,53,12,NCIH1793_LUNG
CCLE-65-Topotecan-LUNG,53,13,NCIH1915_LUNG
CCLE-65-Topotecan-LUNG,53,14,NCIH1975_LUNG
CCLE-65-Topotecan-LUNG,53,15,NCIH2009_LUNG
CCLE-65-Topotecan-LUNG,53,16,NCIH2085_LUNG
CCLE-65-Topotecan-LUNG,53,17,NCIH226_LUNG
CCLE-65-Topotecan-LUNG,53,18,RERFLCAI_LUNG
CCLE-65-Topotecan-LUNG,54,1,A549_LUNG
CCLE-65-Topotecan-LUNG,54,2,CAL12T_LUNG
CCLE-65-Topotecan-LUNG,54,3,HCC15_LUNG
CCLE-65-Topotecan-LUNG,54,4,LOUNH91_LUNG
CCLE-65-Topotecan-LUNG,54,5,LU99_LUNG
CCLE-65-Topotecan-LUNG,54,6,MORCPR_LUNG
CCLE-65-Topotecan-LUNG,54,7,NCIH1155_LUNG
CCLE-65-Topotecan-LUNG,54,8,NCIH1355_LUNG
CCLE-65-Topotecan-LUNG,54,9,NCIH1703_LUNG
CCLE-65-Topotecan-LUNG,54,10,NCIH1793_LUNG
CCLE-65-Topotecan-LUNG,54,11,NCIH2122_LUNG
CCLE-65-Topotecan-LUNG,54,12,NCIH441_LUNG
CCLE-65-Topotecan-LUNG,54,13,RERFLCAI_LUNG
CCLE-65-Topotecan-LUNG,54,14,RERFLCMS_LUNG
CCLE-65-Topotecan-LUNG,54,15,SHP77_LUNG
CCLE-65-Topotecan-LUNG,54,16,SKLU1_LUNG
CCLE-65-Topotecan-LUNG,54,17,SKMES1_LUNG
CCLE-65-Topotecan-LUNG,54,18,SQ1_LUNG
CCLE-65-Topotecan-LUNG,55,1,A549_LUNG
CCLE-65-Topotecan-LUNG,55,2,CAL12T_LUNG
CCLE-65-Topotecan-LUNG,55,3,CORL23_LUNG
CCLE-65-Topotecan-LUNG,55,4,DV90_LUNG
CCLE-65-Topotecan-LUNG,55,5,HCC15_LUNG
CCLE-65-Topotecan-LUNG,55,6,HCC4006_LUNG
CCLE-65-Topotecan-LUNG,55,7,HCC44_LUNG
CCLE-65-Topotecan-LUNG,55,8,LU99_LUNG
CCLE-65-Topotecan-LUNG,55,9,NCIH1092_LUNG
CCLE-65-Topotecan-LUNG,55,10,NCIH1299_LUNG
CCLE-65-Topotecan-LUNG,55,11,NCIH1793_LUNG
CCLE-65-Topotecan-LUNG,55,12,NCIH1915_LUNG
CCLE-65-Topotecan-LUNG,55,13,NCIH2023_LUNG
CCLE-65-Topotecan-LUNG,55,14,NCIH2228_LUNG
CCLE-65-Topotecan-LUNG,55,15,NCIH441_LUNG
CCLE-65-Topotecan-LUNG,55,16,RERFLCMS_LUNG
CCLE-65-Topotecan-LUNG,55,17,SKLU1_LUNG
CCLE-65-Topotecan-LUNG,55,18,SQ1_LUNG
CCLE-65-Topotecan-LUNG,56,1,A549_LUNG
CCLE-65-Topotecan-LUNG,56,2,CORL105_LUNG
CCLE-65-Topotecan-LUNG,56,3,CORL23_LUNG
CCLE-65-Topotecan-LUNG,56,4,DV90_LUNG
CCLE-65-Topotecan-LUNG,56,5,EBC1_LUNG
CCLE-65-Topotecan-LUNG,56,6,HARA_LUNG
CCLE-65-Topotecan-LUNG,56,7,HCC827_LUNG
CCLE-65-Topotecan-LUNG,56,8,LUDLU1_LUNG
CCLE-65-Topotecan-LUNG,56,9,NCIH1048_LUNG
CCLE-65-Topotecan-LUNG,56,10,NCIH1184_LUNG
CCLE-65-Topotecan-LUNG,56,11,NCIH358_LUNG
CCLE-65-Topotecan-LUNG,56,12,NCIH520_LUNG
CCLE-65-Topotecan-LUNG,56,13,NCIH522_LUNG
CCLE-65-Topotecan-LUNG,56,14,NCIH650_LUNG
CCLE-65-Topotecan-LUNG,56,15,SHP77_LUNG
CCLE-65-Topotecan-LUNG,56,16,SKLU1_LUNG
CCLE-65-Topotecan-LUNG,56,17,SW1271_LUNG
CCLE-65-Topotecan-LUNG,56,18,T3M10_LUNG
CCLE-65-Topotecan-LUNG,57,1,DMS114_LUNG
CCLE-65-Topotecan-LUNG,57,2,HCC15_LUNG
CCLE-65-Topotecan-LUNG,57,3,HCC827_LUNG
CCLE-65-Topotecan-LUNG,57,4,HS229T_LUNG
CCLE-65-Topotecan-LUNG,57,5,LCLC103H_LUNG
CCLE-65-Topotecan-LUNG,57,6,NCIH1092_LUNG
CCLE-65-Topotecan-LUNG,57,7,NCIH1573_LUNG
CCLE-65-Topotecan-LUNG,57,8,NCIH1666_LUNG
CCLE-65-Topotecan-LUNG,57,9,NCIH1792_LUNG
CCLE-65-Topotecan-LUNG,57,10,NCIH1975_LUNG
CCLE-65-Topotecan-LUNG,57,11,NCIH211_LUNG
CCLE-65-Topotecan-LUNG,57,12,NCIH358_LUNG
CCLE-65-Topotecan-LUNG,57,13,NCIH441_LUNG
CCLE-65-Topotecan-LUNG,57,14,NCIH522_LUNG
CCLE-65-Topotecan-LUNG,57,15,NCIH647_LUNG
CCLE-65-Topotecan-LUNG,57,16,NCIH650_LUNG
CCLE-65-Topotecan-LUNG,57,17,NCIH727_LUNG
CCLE-65-Topotecan-LUNG,57,18,SW1271_LUNG
CCLE-65-Topotecan-LUNG,58,1,A549_LUNG
CCLE-65-Topotecan-LUNG,58,2,HARA_LUNG
CCLE-65-Topotecan-LUNG,58,3,HCC2935_LUNG
CCLE-65-Topotecan-LUNG,58,4,HCC827_LUNG
CCLE-65-Topotecan-LUNG,58,5,LCLC103H_LUNG
CCLE-65-Topotecan-LUNG,58,6,NCIH1048_LUNG
CCLE-65-Topotecan-LUNG,58,7,NCIH1184_LUNG
CCLE-65-Topotecan-LUNG,58,8,NCIH1581_LUNG
CCLE-65-Topotecan-LUNG,58,9,NCIH1650_LUNG
CCLE-65-Topotecan-LUNG,58,10,NCIH1666_LUNG
CCLE-65-Topotecan-LUNG,58,11,NCIH1693_LUNG
CCLE-65-Topotecan-LUNG,58,12,NCIH2009_LUNG
CCLE-65-Topotecan-LUNG,58,13,NCIH2085_LUNG
CCLE-65-Topotecan-LUNG,58,14,NCIH2172_LUNG
CCLE-65-Topotecan-LUNG,58,15,NCIH2228_LUNG
CCLE-65-Topotecan-LUNG,58,16,NCIH226_LUNG
CCLE-65-Topotecan-LUNG,58,17,NCIH520_LUNG
CCLE-65-Topotecan-LUNG,58,18,RERFLCAI_LUNG
CCLE-65-Topotecan-LUNG,59,1,A549_LUNG
CCLE-65-Topotecan-LUNG,59,2,CAL12T_LUNG
CCLE-65-Topotecan-LUNG,59,3,CORL23_LUNG
CCLE-65-Topotecan-LUNG,59,4,HCC78_LUNG
CCLE-65-Topotecan-LUNG,59,5,MORCPR_LUNG
CCLE-65-Topotecan-LUNG,59,6,NCIH1092_LUNG
CCLE-65-Topotecan-LUNG,59,7,NCIH1155_LUNG
CCLE-65-Topotecan-LUNG,59,8,NCIH1581_LUNG
CCLE-65-Topotecan-LUNG,59,9,NCIH1650_LUNG
CCLE-65-Topotecan-LUNG,59,10,NCIH1666_LUNG
CCLE-65-Topotecan-LUNG,59,11,NCIH2122_LUNG
CCLE-65-Topotecan-LUNG,59,12,NCIH2228_LUNG
CCLE-65-Topotecan-LUNG,59,13,NCIH226_LUNG
CCLE-65-Topotecan-LUNG,59,14,NCIH358_LUNG
CCLE-65-Topotecan-LUNG,59,15,NCIH460_LUNG
CCLE-65-Topotecan-LUNG,59,16,NCIH647_LUNG
CCLE-65-Topotecan-LUNG,59,17,T3M10_LUNG
CCLE-65-Topotecan-LUNG,59,18,VMRCLCD_LUNG
CCLE-65-Topotecan-LUNG,60,1,A549_LUNG
CCLE-65-Topotecan-LUNG,60,2,CALU3_LUNG
CCLE-65-Topotecan-LUNG,60,3,CORL105_LUNG
CCLE-65-Topotecan-LUNG,60,4,HCC15_LUNG
CCLE-65-Topotecan-LUNG,60,5,HCC4006_LUNG
CCLE-65-Topotecan-LUNG,60,6,LUDLU1_LUNG
CCLE-65-Topotecan-LUNG,60,7,MORCPR_LUNG
CCLE-65-Topotecan-LUNG,60,8,NCIH1299_LUNG
CCLE-65-Topotecan-LUNG,60,9,NCIH1648_LUNG
CCLE-65-Topotecan-LUNG,60,10,NCIH1693_LUNG
CCLE-65-Topotecan-LUNG,60,11,NCIH1694_LUNG
CCLE-65-Topotecan-LUNG,60,12,NCIH1792_LUNG
CCLE-65-Topotecan-LUNG,60,13,NCIH1975_LUNG
CCLE-65-Topotecan-LUNG,60,14,NCIH520_LUNG
CCLE-65-Topotecan-LUNG,60,15,NCIH522_LUNG
CCLE-65-Topotecan-LUNG,60,16,RERFLCMS_LUNG
CCLE-65-Topotecan-LUNG,60,17,SBC5_LUNG
CCLE-65-Topotecan-LUNG,60,18,T3M10_LUNG
CCLE-65-Topotecan-LUNG,61,1,IALM_LUNG
CCLE-65-Topotecan-LUNG,61,2,LCLC103H_LUNG
CCLE-65-Topotecan-LUNG,61,3,NCIH1092_LUNG
CCLE-65-Topotecan-LUNG,61,4,NCIH1299_LUNG
CCLE-65-Topotecan-LUNG,61,5,NCIH1339_LUNG
CCLE-65-Topotecan-LUNG,61,6,NCIH1581_LUNG
CCLE-65-Topotecan-LUNG,61,7,NCIH1650_LUNG
CCLE-65-Topotecan-LUNG,61,8,NCIH1869_LUNG
CCLE-65-Topotecan-LUNG,61,9,NCIH2009_LUNG
CCLE-65-Topotecan-LUNG,61,10,NCIH2228_LUNG
CCLE-65-Topotecan-LUNG,61,11,NCIH2286_LUNG
CCLE-65-Topotecan-LUNG,61,12,NCIH520_LUNG
CCLE-65-Topotecan-LUNG,61,13,NCIH647_LUNG
CCLE-65-Topotecan-LUNG,61,14,NCIH810_LUNG
CCLE-65-Topotecan-LUNG,61,15,PC14_LUNG
CCLE-65-Topotecan-LUNG,61,16,RERFLCMS_LUNG
CCLE-65-Topotecan-LUNG,61,17,SHP77_LUNG
CCLE-65-Topotecan-LUNG,61,18,VMRCLCD_LUNG
CCLE-65-Topotecan-LUNG,62,1,CAL12T_LUNG
CCLE-65-Topotecan-LUNG,62,2,CALU1_LUNG
CCLE-65-Topotecan-LUNG,62,3,CORL105_LUNG
CCLE-65-Topotecan-LUNG,62,4,DV90_LUNG
CCLE-65-Topotecan-LUNG,62,5,LUDLU1_LUNG
CCLE-65-Topotecan-LUNG,62,6,NCIH1184_LUNG
CCLE-65-Topotecan-LUNG,62,7,NCIH1299_LUNG
CCLE-65-Topotecan-LUNG,62,8,NCIH1650_LUNG
CCLE-65-Topotecan-LUNG,62,9,NCIH1651_LUNG
CCLE-65-Topotecan-LUNG,62,10,NCIH1694_LUNG
CCLE-65-Topotecan-LUNG,62,11,NCIH1975_LUNG
CCLE-65-Topotecan-LUNG,62,12,NCIH211_LUNG
CCLE-65-Topotecan-LUNG,62,13,NCIH2170_LUNG
CCLE-65-Topotecan-LUNG,62,14,NCIH226_LUNG
CCLE-65-Topotecan-LUNG,62,15,NCIH522_LUNG
CCLE-65-Topotecan-LUNG,62,16,SBC5_LUNG
CCLE-65-Topotecan-LUNG,62,17,SHP77_LUNG
CCLE-65-Topotecan-LUNG,62,18,SKLU1_LUNG
CCLE-65-Topotecan-LUNG,63,1,CALU1_LUNG
CCLE-65-Topotecan-LUNG,63,2,EBC1_LUNG
CCLE-65-Topotecan-LUNG,63,3,HCC4006_LUNG
CCLE-65-Topotecan-LUNG,63,4,HCC44_LUNG
CCLE-65-Topotecan-LUNG,63,5,NCIH1563_LUNG
CCLE-65-Topotecan-LUNG,63,6,NCIH1573_LUNG
CCLE-65-Topotecan-LUNG,63,7,NCIH1581_LUNG
CCLE-65-Topotecan-LUNG,63,8,NCIH1650_LUNG
CCLE-65-Topotecan-LUNG,63,9,NCIH1666_LUNG
CCLE-65-Topotecan-LUNG,63,10,NCIH1792_LUNG
CCLE-65-Topotecan-LUNG,63,11,NCIH1793_LUNG
CCLE-65-Topotecan-LUNG,63,12,NCIH1915_LUNG
CCLE-65-Topotecan-LUNG,63,13,NCIH1944_LUNG
CCLE-65-Topotecan-LUNG,63,14,NCIH2030_LUNG
CCLE-65-Topotecan-LUNG,63,15,NCIH2228_LUNG
CCLE-65-Topotecan-LUNG,63,16,NCIH522_LUNG
CCLE-65-Topotecan-LUNG,63,17,RERFLCMS_LUNG
CCLE-65-Topotecan-LUNG,63,18,T3M10_LUNG
CCLE-65-Topotecan-LUNG,64,1,HCC15_LUNG
CCLE-65-Topotecan-LUNG,64,2,LU99_LUNG
CCLE-65-Topotecan-LUNG,64,3,MORCPR_LUNG
CCLE-65-Topotecan-LUNG,64,4,NCIH1355_LUNG
CCLE-65-Topotecan-LUNG,64,5,NCIH1568_LUNG
CCLE-65-Topotecan-LUNG,64,6,NCIH1581_LUNG
CCLE-65-Topotecan-LUNG,64,7,NCIH1693_LUNG
CCLE-65-Topotecan-LUNG,64,8,NCIH1975_LUNG
CCLE-65-Topotecan-LUNG,64,9,NCIH211_LUNG
CCLE-65-Topotecan-LUNG,64,10,NCIH2172_LUNG
CCLE-65-Topotecan-LUNG,64,11,NCIH441_LUNG
CCLE-65-Topotecan-LUNG,64,12,NCIH522_LUNG
CCLE-65-Topotecan-LUNG,64,13,NCIH650_LUNG
CCLE-65-Topotecan-LUNG,64,14,NCIH661_LUNG
CCLE-65-Topotecan-LUNG,64,15,NCIH727_LUNG
CCLE-65-Topotecan-LUNG,64,16,SBC5_LUNG
CCLE-65-Topotecan-LUNG,64,17,SQ1_LUNG
CCLE-65-Topotecan-LUNG,64,18,SW1573_LUNG
CCLE-65-Topotecan-LUNG,65,1,DMS114_LUNG
CCLE-65-Topotecan-LUNG,65,2,HCC827_LUNG
CCLE-65-Topotecan-LUNG,65,3,LOUNH91_LUNG
CCLE-65-Topotecan-LUNG,65,4,NCIH1341_LUNG
CCLE-65-Topotecan-LUNG,65,5,NCIH1563_LUNG
CCLE-65-Topotecan-LUNG,65,6,NCIH1568_LUNG
CCLE-65-Topotecan-LUNG,65,7,NCIH1581_LUNG
CCLE-65-Topotecan-LUNG,65,8,NCIH1693_LUNG
CCLE-65-Topotecan-LUNG,65,9,NCIH1975_LUNG
CCLE-65-Topotecan-LUNG,65,10,NCIH2030_LUNG
CCLE-65-Topotecan-LUNG,65,11,NCIH2085_LUNG
CCLE-65-Topotecan-LUNG,65,12,NCIH2444_LUNG
CCLE-65-Topotecan-LUNG,65,13,NCIH441_LUNG
CCLE-65-Topotecan-LUNG,65,14,NCIH650_LUNG
CCLE-65-Topotecan-LUNG,65,15,RERFLCAI_LUNG
CCLE-65-Topotecan-LUNG,65,16,RERFLCMS_LUNG
CCLE-65-Topotecan-LUNG,65,17,SBC5_LUNG
CCLE-65-Topotecan-LUNG,65,18,SW900_LUNG
CCLE-65-Topotecan-LUNG,66,1,CAL12T_LUNG
CCLE-65-Topotecan-LUNG,66,2,CALU3_LUNG
CCLE-65-Topotecan-LUNG,66,3,HCC827_LUNG
CCLE-65-Topotecan-LUNG,66,4,LCLC103H_LUNG
CCLE-65-Topotecan-LUNG,66,5,LU99_LUNG
CCLE-65-Topotecan-LUNG,66,6,LUDLU1_LUNG
CCLE-65-Topotecan-LUNG,66,7,NCIH1339_LUNG
CCLE-65-Topotecan-LUNG,66,8,NCIH1355_LUNG
CCLE-65-Topotecan-LUNG,66,9,NCIH1373_LUNG
CCLE-65-Topotecan-LUNG,66,10,NCIH1703_LUNG
CCLE-65-Topotecan-LUNG,66,11,NCIH2009_LUNG
CCLE-65-Topotecan-LUNG,66,12,NCIH2030_LUNG
CCLE-65-Topotecan-LUNG,66,13,NCIH2170_LUNG
CCLE-65-Topotecan-LUNG,66,14,NCIH358_LUNG
CCLE-65-Topotecan-LUNG,66,15,NCIH441_LUNG
CCLE-65-Topotecan-LUNG,66,16,RERFLCAI_LUNG
CCLE-65-Topotecan-LUNG,66,17,RERFLCMS_LUNG
CCLE-65-Topotecan-LUNG,66,18,SW1271_LUNG
CCLE-65-Topotecan-LUNG,67,1,CORL105_LUNG
CCLE-65-Topotecan-LUNG,67,2,CORL23_LUNG
CCLE-65-Topotecan-LUNG,67,3,DMS114_LUNG
CCLE-65-Topotecan-LUNG,67,4,DV90_LUNG
CCLE-65-Topotecan-LUNG,67,5,EBC1_LUNG
CCLE-65-Topotecan-LUNG,67,6,HCC2935_LUNG
CCLE-65-Topotecan-LUNG,67,7,MORCPR_LUNG
CCLE-65-Topotecan-LUNG,67,8,NCIH1299_LUNG
CCLE-65-Topotecan-LUNG,67,9,NCIH1373_LUNG
CCLE-65-Topotecan-LUNG,67,10,NCIH1568_LUNG
CCLE-65-Topotecan-LUNG,67,11,NCIH1581_LUNG
CCLE-65-Topotecan-LUNG,67,12,NCIH1694_LUNG
CCLE-65-Topotecan-LUNG,67,13,NCIH1793_LUNG
CCLE-65-Topotecan-LUNG,67,14,NCIH211_LUNG
CCLE-65-Topotecan-LUNG,67,15,NCIH2122_LUNG
CCLE-65-Topotecan-LUNG,67,16,NCIH2444_LUNG
CCLE-65-Topotecan-LUNG,67,17,NCIH460_LUNG
CCLE-65-Topotecan-LUNG,67,18,SW1271_LUNG
CCLE-65-Topotecan-LUNG,68,1,CALU3_LUNG
CCLE-65-Topotecan-LUNG,68,2,CALU6_LUNG
CCLE-65-Topotecan-LUNG,68,3,HCC15_LUNG
CCLE-65-Topotecan-LUNG,68,4,HCC827_LUNG
CCLE-65-Topotecan-LUNG,68,5,NCIH1184_LUNG
CCLE-65-Topotecan-LUNG,68,6,NCIH1355_LUNG
CCLE-65-Topotecan-LUNG,68,7,NCIH1563_LUNG
CCLE-65-Topotecan-LUNG,68,8,NCIH1568_LUNG
CCLE-65-Topotecan-LUNG,68,9,NCIH1573_LUNG
CCLE-65-Topotecan-LUNG,68,10,NCIH1915_LUNG
CCLE-65-Topotecan-LUNG,68,11,NCIH2122_LUNG
CCLE-65-Topotecan-LUNG,68,12,NCIH2170_LUNG
CCLE-65-Topotecan-LUNG,68,13,NCIH2286_LUNG
CCLE-65-Topotecan-LUNG,68,14,NCIH520_LUNG
CCLE-65-Topotecan-LUNG,68,15,PC14_LUNG
CCLE-65-Topotecan-LUNG,68,16,SKMES1_LUNG
CCLE-65-Topotecan-LUNG,68,17,SW1271_LUNG
CCLE-65-Topotecan-LUNG,68,18,SW900_LUNG
CCLE-65-Topotecan-LUNG,69,1,DMS114_LUNG
CCLE-65-Topotecan-LUNG,69,2,EBC1_LUNG
CCLE-65-Topotecan-LUNG,69,3,IALM_LUNG
CCLE-65-Topotecan-LUNG,69,4,NCIH1299_LUNG
CCLE-65-Topotecan-LUNG,69,5,NCIH1648_LUNG
CCLE-65-Topotecan-LUNG,69,6,NCIH1651_LUNG
CCLE-65-Topotecan-LUNG,69,7,NCIH1703_LUNG
CCLE-65-Topotecan-LUNG,69,8,NCIH1915_LUNG
CCLE-65-Topotecan-LUNG,69,9,NCIH2009_LUNG
CCLE-65-Topotecan-LUNG,69,10,NCIH211_LUNG
CCLE-65-Topotecan-LUNG,69,11,NCIH226_LUNG
CCLE-65-Topotecan-LUNG,69,12,NCIH358_LUNG
CCLE-65-Topotecan-LUNG,69,13,NCIH441_LUNG
CCLE-65-Topotecan-LUNG,69,14,NCIH460_LUNG
CCLE-65-Topotecan-LUNG,69,15,SHP77_LUNG
CCLE-65-Topotecan-LUNG,69,16,SKMES1_LUNG
CCLE-65-Topotecan-LUNG,69,17,SQ1_LUNG
CCLE-65-Topotecan-LUNG,69,18,SW900_LUNG
CCLE-65-Topotecan-LUNG,70,1,A549_LUNG
CCLE-65-Topotecan-LUNG,70,2,HCC4006_LUNG
CCLE-65-Topotecan-LUNG,70,3,IALM_LUNG
CCLE-65-Topotecan-LUNG,70,4,NCIH1155_LUNG
CCLE-65-Topotecan-LUNG,70,5,NCIH1341_LUNG
CCLE-65-Topotecan-LUNG,70,6,NCIH1355_LUNG
CCLE-65-Topotecan-LUNG,70,7,NCIH2023_LUNG
CCLE-65-Topotecan-LUNG,70,8,NCIH2085_LUNG
CCLE-65-Topotecan-LUNG,70,9,NCIH2172_LUNG
CCLE-65-Topotecan-LUNG,70,10,NCIH2444_LUNG
CCLE-65-Topotecan-LUNG,70,11,NCIH358_LUNG
CCLE-65-Topotecan-LUNG,70,12,NCIH522_LUNG
CCLE-65-Topotecan-LUNG,70,13,NCIH647_LUNG
CCLE-65-Topotecan-LUNG,70,14,NCIH650_LUNG
CCLE-65-Topotecan-LUNG,70,15,NCIH810_LUNG
CCLE-65-Topotecan-LUNG,70,16,SHP77_LUNG
CCLE-65-Topotecan-LUNG,70,17,SKLU1_LUNG
CCLE-65-Topotecan-LUNG,70,18,SW1271_LUNG
CCLE-65-Topotecan-LUNG,71,1,A549_LUNG
CCLE-65-Topotecan-LUNG,71,2,CORL105_LUNG
CCLE-65-Topotecan-LUNG,71,3,CORL23_LUNG
CCLE-65-Topotecan-LUNG,71,4,HCC4006_LUNG
CCLE-65-Topotecan-LUNG,71,5,NCIH1373_LUNG
CCLE-65-Topotecan-LUNG,71,6,NCIH1693_LUNG
CCLE-65-Topotecan-LUNG,71,7,NCIH1792_LUNG
CCLE-65-Topotecan-LUNG,71,8,NCIH1793_LUNG
CCLE-65-Topotecan-LUNG,71,9,NCIH2085_LUNG
CCLE-65-Topotecan-LUNG,71,10,NCIH211_LUNG
CCLE-65-Topotecan-LUNG,71,11,NCIH2444_LUNG
CCLE-65-Topotecan-LUNG,71,12,NCIH358_LUNG
CCLE-65-Topotecan-LUNG,71,13,NCIH460_LUNG
CCLE-65-Topotecan-LUNG,71,14,NCIH650_LUNG
CCLE-65-Topotecan-LUNG,71,15,NCIH661_LUNG
CCLE-65-Topotecan-LUNG,71,16,PC14_LUNG
CCLE-65-Topotecan-LUNG,71,17,SHP77_LUNG
CCLE-65-Topotecan-LUNG,71,18,T3M10_LUNG
CCLE-65-Topotecan-LUNG,72,1,CALU3_LUNG
CCLE-65-Topotecan-LUNG,72,2,CALU6_LUNG
CCLE-65-Topotecan-LUNG,72,3,CORL105_LUNG
CCLE-65-Topotecan-LUNG,72,4,HCC827_LUNG
CCLE-65-Topotecan-LUNG,72,5,LOUNH91_LUNG
CCLE-65-Topotecan-LUNG,72,6,NCIH1341_LUNG
CCLE-65-Topotecan-LUNG,72,7,NCIH1563_LUNG
CCLE-65-Topotecan-LUNG,72,8,NCIH2030_LUNG
CCLE-65-Topotecan-LUNG,72,9,NCIH2122_LUNG
CCLE-65-Topotecan-LUNG,72,10,NCIH2172_LUNG
CCLE-65-Topotecan-LUNG,72,11,NCIH23_LUNG
CCLE-65-Topotecan-LUNG,72,12,NCIH441_LUNG
CCLE-65-Topotecan-LUNG,72,13,NCIH647_LUNG
CCLE-65-Topotecan-LUNG,72,14,NCIH661_LUNG
CCLE-65-Topotecan-LUNG,72,15,RERFLCAI_LUNG
CCLE-65-Topotecan-LUNG,72,16,SKMES1_LUNG
CCLE-65-Topotecan-LUNG,72,17,SW900_LUNG
CCLE-65-Topotecan-LUNG,72,18,T3M10_LUNG
CCLE-65-Topotecan-LUNG,73,1,CAL12T_LUNG
CCLE-65-Topotecan-LUNG,73,2,HARA_LUNG
CCLE-65-Topotecan-LUNG,73,3,NCIH1048_LUNG
CCLE-65-Topotecan-LUNG,73,4,NCIH1092_LUNG
CCLE-65-Topotecan-LUNG,73,5,NCIH1155_LUNG
CCLE-65-Topotecan-LUNG,73,6,NCIH1339_LUNG
CCLE-65-Topotecan-LUNG,73,7,NCIH1341_LUNG
CCLE-65-Topotecan-LUNG,73,8,NCIH1568_LUNG
CCLE-65-Topotecan-LUNG,73,9,NCIH1581_LUNG
CCLE-65-Topotecan-LUNG,73,10,NCIH2087_LUNG
CCLE-65-Topotecan-LUNG,73,11,NCIH2170_LUNG
CCLE-65-Topotecan-LUNG,73,12,NCIH2228_LUNG
CCLE-65-Topotecan-LUNG,73,13,NCIH2444_LUNG
CCLE-65-Topotecan-LUNG,73,14,NCIH647_LUNG
CCLE-65-Topotecan-LUNG,73,15,NCIH650_LUNG
CCLE-65-Topotecan-LUNG,73,16,RERFLCMS_LUNG
CCLE-65-Topotecan-LUNG,73,17,SHP77_LUNG
CCLE-65-Topotecan-LUNG,73,18,SQ1_LUNG
CCLE-65-Topotecan-LUNG,74,1,CALU6_LUNG
CCLE-65-Topotecan-LUNG,74,2,EBC1_LUNG
CCLE-65-Topotecan-LUNG,74,3,HARA_LUNG
CCLE-65-Topotecan-LUNG,74,4,HS229T_LUNG
CCLE-65-Topotecan-LUNG,74,5,IALM_LUNG
CCLE-65-Topotecan-LUNG,74,6,NCIH1092_LUNG
CCLE-65-Topotecan-LUNG,74,7,NCIH1339_LUNG
CCLE-65-Topotecan-LUNG,74,8,NCIH1355_LUNG
CCLE-65-Topotecan-LUNG,74,9,NCIH1563_LUNG
CCLE-65-Topotecan-LUNG,74,10,NCIH1573_LUNG
CCLE-65-Topotecan-LUNG,74,11,NCIH1666_LUNG
CCLE-65-Topotecan-LUNG,74,12,NCIH1792_LUNG
CCLE-65-Topotecan-LUNG,74,13,NCIH1915_LUNG
CCLE-65-Topotecan-LUNG,74,14,NCIH2085_LUNG
CCLE-65-Topotecan-LUNG,74,15,NCIH2170_LUNG
CCLE-65-Topotecan-LUNG,74,16,NCIH226_LUNG
CCLE-65-Topotecan-LUNG,74,17,NCIH358_LUNG
CCLE-65-Topotecan-LUNG,74,18,SKLU1_LUNG
CCLE-65-Topotecan-LUNG,75,1,CAL12T_LUNG
CCLE-65-Topotecan-LUNG,75,2,CALU6_LUNG
CCLE-65-Topotecan-LUNG,75,3,HCC2935_LUNG
CCLE-65-Topotecan-LUNG,75,4,HCC4006_LUNG
CCLE-65-Topotecan-LUNG,75,5,HS229T_LUNG
CCLE-65-Topotecan-LUNG,75,6,LOUNH91_LUNG
CCLE-65-Topotecan-LUNG,75,7,NCIH1373_LUNG
CCLE-65-Topotecan-LUNG,75,8,NCIH1581_LUNG
CCLE-65-Topotecan-LUNG,75,9,NCIH1651_LUNG
CCLE-65-Topotecan-LUNG,75,10,NCIH1666_LUNG
CCLE-65-Topotecan-LUNG,75,11,NCIH1693_LUNG
CCLE-65-Topotecan-LUNG,75,12,NCIH1694_LUNG
CCLE-65-Topotecan-LUNG,75,13,NCIH2170_LUNG
CCLE-65-Topotecan-LUNG,75,14,NCIH2228_LUNG
CCLE-65-Topotecan-LUNG,75,15,NCIH226_LUNG
CCLE-65-Topotecan-LUNG,75,16,NCIH2286_LUNG
CCLE-65-Topotecan-LUNG,75,17,NCIH460_LUNG
CCLE-65-Topotecan-LUNG,75,18,NCIH661_LUNG
CCLE-65-Topotecan-LUNG,76,1,CORL23_LUNG
CCLE-65-Topotecan-LUNG,76,2,HARA_LUNG
CCLE-65-Topotecan-LUNG,76,3,NCIH1155_LUNG
CCLE-65-Topotecan-LUNG,76,4,NCIH1299_LUNG
CCLE-65-Topotecan-LUNG,76,5,NCIH1568_LUNG
CCLE-65-Topotecan-LUNG,76,6,NCIH1581_LUNG
CCLE-65-Topotecan-LUNG,76,7,NCIH1651_LUNG
CCLE-65-Topotecan-LUNG,76,8,NCIH1666_LUNG
CCLE-65-Topotecan-LUNG,76,9,NCIH1703_LUNG
CCLE-65-Topotecan-LUNG,76,10,NCIH1869_LUNG
CCLE-65-Topotecan-LUNG,76,11,NCIH2023_LUNG
CCLE-65-Topotecan-LUNG,76,12,NCIH226_LUNG
CCLE-65-Topotecan-LUNG,76,13,NCIH2286_LUNG
CCLE-65-Topotecan-LUNG,76,14,NCIH2444_LUNG
CCLE-65-Topotecan-LUNG,76,15,NCIH650_LUNG
CCLE-65-Topotecan-LUNG,76,16,RERFLCAI_LUNG
CCLE-65-Topotecan-LUNG,76,17,SBC5_LUNG
CCLE-65-Topotecan-LUNG,76,18,SQ1_LUNG
CCLE-65-Topotecan-LUNG,77,1,A549_LUNG
CCLE-65-Topotecan-LUNG,77,2,CORL105_LUNG
CCLE-65-Topotecan-LUNG,77,3,CORL23_LUNG
CCLE-65-Topotecan-LUNG,77,4,HCC2935_LUNG
CCLE-65-Topotecan-LUNG,77,5,IALM_LUNG
CCLE-65-Topotecan-LUNG,77,6,NCIH1048_LUNG
CCLE-65-Topotecan-LUNG,77,7,NCIH1092_LUNG
CCLE-65-Topotecan-LUNG,77,8,NCIH1339_LUNG
CCLE-65-Topotecan-LUNG,77,9,NCIH1573_LUNG
CCLE-65-Topotecan-LUNG,77,10,NCIH1648_LUNG
CCLE-65-Topotecan-LUNG,77,11,NCIH1651_LUNG
CCLE-65-Topotecan-LUNG,77,12,NCIH2023_LUNG
CCLE-65-Topotecan-LUNG,77,13,NCIH2085_LUNG
CCLE-65-Topotecan-LUNG,77,14,NCIH2122_LUNG
CCLE-65-Topotecan-LUNG,77,15,NCIH23_LUNG
CCLE-65-Topotecan-LUNG,77,16,NCIH520_LUNG
CCLE-65-Topotecan-LUNG,77,17,RERFLCAI_LUNG
CCLE-65-Topotecan-LUNG,77,18,SHP77_LUNG
CCLE-65-Topotecan-LUNG,78,1,A549_LUNG
CCLE-65-Topotecan-LUNG,78,2,CALU1_LUNG
CCLE-65-Topotecan-LUNG,78,3,CORL105_LUNG
CCLE-65-Topotecan-LUNG,78,4,IALM_LUNG
CCLE-65-Topotecan-LUNG,78,5,NCIH1048_LUNG
CCLE-65-Topotecan-LUNG,78,6,NCIH1155_LUNG
CCLE-65-Topotecan-LUNG,78,7,NCIH1299_LUNG
CCLE-65-Topotecan-LUNG,78,8,NCIH1339_LUNG
CCLE-65-Topotecan-LUNG,78,9,NCIH1373_LUNG
CCLE-65-Topotecan-LUNG,78,10,NCIH1650_LUNG
CCLE-65-Topotecan-LUNG,78,11,NCIH1693_LUNG
CCLE-65-Topotecan-LUNG,78,12,NCIH2085_LUNG
CCLE-65-Topotecan-LUNG,78,13,NCIH226_LUNG
CCLE-65-Topotecan-LUNG,78,14,NCIH460_LUNG
CCLE-65-Topotecan-LUNG,78,15,NCIH520_LUNG
CCLE-65-Topotecan-LUNG,78,16,RERFLCMS_LUNG
CCLE-65-Topotecan-LUNG,78,17,SKLU1_LUNG
CCLE-65-Topotecan-LUNG,78,18,SW1573_LUNG
CCLE-65-Topotecan-LUNG,79,1,EBC1_LUNG
CCLE-65-Topotecan-LUNG,79,2,HCC2935_LUNG
CCLE-65-Topotecan-LUNG,79,3,HCC827_LUNG
CCLE-65-Topotecan-LUNG,79,4,LU99_LUNG
CCLE-65-Topotecan-LUNG,79,5,LUDLU1_LUNG
CCLE-65-Topotecan-LUNG,79,6,NCIH1299_LUNG
CCLE-65-Topotecan-LUNG,79,7,NCIH1341_LUNG
CCLE-65-Topotecan-LUNG,79,8,NCIH1650_LUNG
CCLE-65-Topotecan-LUNG,79,9,NCIH1693_LUNG
CCLE-65-Topotecan-LUNG,79,10,NCIH1694_LUNG
CCLE-65-Topotecan-LUNG,79,11,NCIH1792_LUNG
CCLE-65-Topotecan-LUNG,79,12,NCIH1793_LUNG
CCLE-65-Topotecan-LUNG,79,13,NCIH661_LUNG
CCLE-65-Topotecan-LUNG,79,14,RERFLCMS_LUNG
CCLE-65-Topotecan-LUNG,79,15,SBC5_LUNG
CCLE-65-Topotecan-LUNG,79,16,SW900_LUNG
CCLE-65-Topotecan-LUNG,79,17,T3M10_LUNG
CCLE-65-Topotecan-LUNG,79,18,VMRCLCD_LUNG
CCLE-65-Topotecan-LUNG,80,1,CORL23_LUNG
CCLE-65-Topotecan-LUNG,80,2,HCC44_LUNG
CCLE-65-Topotecan-LUNG,80,3,LU99_LUNG
CCLE-65-Topotecan-LUNG,80,4,NCIH1184_LUNG
CCLE-65-Topotecan-LUNG,80,5,NCIH1339_LUNG
CCLE-65-Topotecan-LUNG,80,6,NCIH1341_LUNG
CCLE-65-Topotecan-LUNG,80,7,NCIH1650_LUNG
CCLE-65-Topotecan-LUNG,80,8,NCIH1793_LUNG
CCLE-65-Topotecan-LUNG,80,9,NCIH1915_LUNG
CCLE-65-Topotecan-LUNG,80,10,NCIH2009_LUNG
CCLE-65-Topotecan-LUNG,80,11,NCIH2122_LUNG
CCLE-65-Topotecan-LUNG,80,12,NCIH2172_LUNG
CCLE-65-Topotecan-LUNG,80,13,NCIH226_LUNG
CCLE-65-Topotecan-LUNG,80,14,NCIH522_LUNG
CCLE-65-Topotecan-LUNG,80,15,NCIH647_LUNG
CCLE-65-Topotecan-LUNG,80,16,NCIH650_LUNG
CCLE-65-Topotecan-LUNG,80,17,NCIH661_LUNG
CCLE-65-Topotecan-LUNG,80,18,RERFLCMS_LUNG
CCLE-65-Topotecan-LUNG,81,1,A549_LUNG
CCLE-65-Topotecan-LUNG,81,2,CALU1_LUNG
CCLE-65-Topotecan-LUNG,81,3,HARA_LUNG
CCLE-65-Topotecan-LUNG,81,4,HCC78_LUNG
CCLE-65-Topotecan-LUNG,81,5,LCLC103H_LUNG
CCLE-65-Topotecan-LUNG,81,6,NCIH1048_LUNG
CCLE-65-Topotecan-LUNG,81,7,NCIH1373_LUNG
CCLE-65-Topotecan-LUNG,81,8,NCIH1568_LUNG
CCLE-65-Topotecan-LUNG,81,9,NCIH1581_LUNG
CCLE-65-Topotecan-LUNG,81,10,NCIH1703_LUNG
CCLE-65-Topotecan-LUNG,81,11,NCIH1869_LUNG
CCLE-65-Topotecan-LUNG,81,12,NCIH211_LUNG
CCLE-65-Topotecan-LUNG,81,13,NCIH23_LUNG
CCLE-65-Topotecan-LUNG,81,14,NCIH2444_LUNG
CCLE-65-Topotecan-LUNG,81,15,NCIH441_LUNG
CCLE-65-Topotecan-LUNG,81,16,NCIH810_LUNG
CCLE-65-Topotecan-LUNG,81,17,RERFLCAI_LUNG
CCLE-65-Topotecan-LUNG,81,18,VMRCLCD_LUNG
CCLE-65-Topotecan-LUNG,82,1,HCC78_LUNG
CCLE-65-Topotecan-LUNG,82,2,LCLC103H_LUNG
CCLE-65-Topotecan-LUNG,82,3,LUDLU1_LUNG
CCLE-65-Topotecan-LUNG,82,4,MORCPR_LUNG
CCLE-65-Topotecan-LUNG,82,5,NCIH1092_LUNG
CCLE-65-Topotecan-LUNG,82,6,NCIH1155_LUNG
CCLE-65-Topotecan-LUNG,82,7,NCIH1184_LUNG
CCLE-65-Topotecan-LUNG,82,8,NCIH1694_LUNG
CCLE-65-Topotecan-LUNG,82,9,NCIH1869_LUNG
CCLE-65-Topotecan-LUNG,82,10,NCIH2030_LUNG
CCLE-65-Topotecan-LUNG,82,11,NCIH2172_LUNG
CCLE-65-Topotecan-LUNG,82,12,NCIH2444_LUNG
CCLE-65-Topotecan-LUNG,82,13,NCIH441_LUNG
CCLE-65-Topotecan-LUNG,82,14,NCIH460_LUNG
CCLE-65-Topotecan-LUNG,82,15,NCIH661_LUNG
CCLE-65-Topotecan-LUNG,82,16,SBC5_LUNG
CCLE-65-Topotecan-LUNG,82,17,SKMES1_LUNG
CCLE-65-Topotecan-LUNG,82,18,SW1271_LUNG
CCLE-65-Topotecan-LUNG,83,1,A549_LUNG
CCLE-65-Topotecan-LUNG,83,2,CORL105_LUNG
CCLE-65-Topotecan-LUNG,83,3,HCC15_LUNG
CCLE-65-Topotecan-LUNG,83,4,HCC78_LUNG
CCLE-65-Topotecan-LUNG,83,5,HS229T_LUNG
CCLE-65-Topotecan-LUNG,83,6,NCIH1048_LUNG
CCLE-65-Topotecan-LUNG,83,7,NCIH1092_LUNG
CCLE-65-Topotecan-LUNG,83,8,NCIH1341_LUNG
CCLE-65-Topotecan-LUNG,83,9,NCIH1563_LUNG
CCLE-65-Topotecan-LUNG,83,10,NCIH1792_LUNG
CCLE-65-Topotecan-LUNG,83,11,NCIH1793_LUNG
CCLE-65-Topotecan-LUNG,83,12,NCIH1944_LUNG
CCLE-65-Topotecan-LUNG,83,13,NCIH2009_LUNG
CCLE-65-Topotecan-LUNG,83,14,NCIH23_LUNG
CCLE-65-Topotecan-LUNG,83,15,SHP77_LUNG
CCLE-65-Topotecan-LUNG,83,16,SKLU1_LUNG
CCLE-65-Topotecan-LUNG,83,17,SQ1_LUNG
CCLE-65-Topotecan-LUNG,83,18,T3M10_LUNG
CCLE-65-Topotecan-LUNG,84,1,A549_LUNG
CCLE-65-Topotecan-LUNG,84,2,CALU3_LUNG
CCLE-65-Topotecan-LUNG,84,3,CORL105_LUNG
CCLE-65-Topotecan-LUNG,84,4,DV90_LUNG
CCLE-65-Topotecan-LUNG,84,5,HCC78_LUNG
CCLE-65-Topotecan-LUNG,84,6,HS229T_LUNG
CCLE-65-Topotecan-LUNG,84,7,NCIH1341_LUNG
CCLE-65-Topotecan-LUNG,84,8,NCIH1581_LUNG
CCLE-65-Topotecan-LUNG,84,9,NCIH1651_LUNG
CCLE-65-Topotecan-LUNG,84,10,NCIH1869_LUNG
CCLE-65-Topotecan-LUNG,84,11,NCIH2087_LUNG
CCLE-65-Topotecan-LUNG,84,12,NCIH226_LUNG
CCLE-65-Topotecan-LUNG,84,13,NCIH2286_LUNG
CCLE-65-Topotecan-LUNG,84,14,NCIH358_LUNG
CCLE-65-Topotecan-LUNG,84,15,NCIH650_LUNG
CCLE-65-Topotecan-LUNG,84,16,NCIH661_LUNG
CCLE-65-Topotecan-LUNG,84,17,NCIH810_LUNG
CCLE-65-Topotecan-LUNG,84,18,SHP77_LUNG
CCLE-65-Topotecan-LUNG,85,1,CAL12T_LUNG
CCLE-65-Topotecan-LUNG,85,2,HARA_LUNG
CCLE-65-Topotecan-LUNG,85,3,HCC78_LUNG
CCLE-65-Topotecan-LUNG,85,4,HS229T_LUNG
CCLE-65-Topotecan-LUNG,85,5,LU99_LUNG
CCLE-65-Topotecan-LUNG,85,6,NCIH1299_LUNG
CCLE-65-Topotecan-LUNG,85,7,NCIH1573_LUNG
CCLE-65-Topotecan-LUNG,85,8,NCIH1666_LUNG
CCLE-65-Topotecan-LUNG,85,9,NCIH1693_LUNG
CCLE-65-Topotecan-LUNG,85,10,NCIH1694_LUNG
CCLE-65-Topotecan-LUNG,85,11,NCIH1975_LUNG
CCLE-65-Topotecan-LUNG,85,12,NCIH2286_LUNG
CCLE-65-Topotecan-LUNG,85,13,NCIH2444_LUNG
CCLE-65-Topotecan-LUNG,85,14,NCIH460_LUNG
CCLE-65-Topotecan-LUNG,85,15,NCIH522_LUNG
CCLE-65-Topotecan-LUNG,85,16,SBC5_LUNG
CCLE-65-Topotecan-LUNG,85,17,SKMES1_LUNG
CCLE-65-Topotecan-LUNG,85,18,SW900_LUNG
CCLE-65-Topotecan-LUNG,86,1,CALU1_LUNG
CCLE-65-Topotecan-LUNG,86,2,CORL23_LUNG
CCLE-65-Topotecan-LUNG,86,3,DMS114_LUNG
CCLE-65-Topotecan-LUNG,86,4,DV90_LUNG
CCLE-65-Topotecan-LUNG,86,5,LUDLU1_LUNG
CCLE-65-Topotecan-LUNG,86,6,NCIH1048_LUNG
CCLE-65-Topotecan-LUNG,86,7,NCIH1944_LUNG
CCLE-65-Topotecan-LUNG,86,8,NCIH2009_LUNG
CCLE-65-Topotecan-LUNG,86,9,NCIH2030_LUNG
CCLE-65-Topotecan-LUNG,86,10,NCIH2087_LUNG
CCLE-65-Topotecan-LUNG,86,11,NCIH211_LUNG
CCLE-65-Topotecan-LUNG,86,12,NCIH2172_LUNG
CCLE-65-Topotecan-LUNG,86,13,NCIH441_LUNG
CCLE-65-Topotecan-LUNG,86,14,NCIH520_LUNG
CCLE-65-Topotecan-LUNG,86,15,PC14_LUNG
CCLE-65-Topotecan-LUNG,86,16,SQ1_LUNG
CCLE-65-Topotecan-LUNG,86,17,SW900_LUNG
CCLE-65-Topotecan-LUNG,86,18,VMRCLCD_LUNG
CCLE-65-Topotecan-LUNG,87,1,CALU3_LUNG
CCLE-65-Topotecan-LUNG,87,2,EBC1_LUNG
CCLE-65-Topotecan-LUNG,87,3,HCC4006_LUNG
CCLE-65-Topotecan-LUNG,87,4,LCLC103H_LUNG
CCLE-65-Topotecan-LUNG,87,5,MORCPR_LUNG
CCLE-65-Topotecan-LUNG,87,6,NCIH1048_LUNG
CCLE-65-Topotecan-LUNG,87,7,NCIH1573_LUNG
CCLE-65-Topotecan-LUNG,87,8,NCIH1650_LUNG
CCLE-65-Topotecan-LUNG,87,9,NCIH1792_LUNG
CCLE-65-Topotecan-LUNG,87,10,NCIH1793_LUNG
CCLE-65-Topotecan-LUNG,87,11,NCIH226_LUNG
CCLE-65-Topotecan-LUNG,87,12,NCIH2444_LUNG
CCLE-65-Topotecan-LUNG,87,13,NCIH727_LUNG
CCLE-65-Topotecan-LUNG,87,14,PC14_LUNG
CCLE-65-Topotecan-LUNG,87,15,SBC5_LUNG
CCLE-65-Topotecan-LUNG,87,16,SHP77_LUNG
CCLE-65-Topotecan-LUNG,87,17,SKMES1_LUNG
CCLE-65-Topotecan-LUNG,87,18,T3M10_LUNG
CCLE-65-Topotecan-LUNG,88,1,A549_LUNG
CCLE-65-Topotecan-LUNG,88,2,CAL12T_LUNG
CCLE-65-Topotecan-LUNG,88,3,CALU1_LUNG
CCLE-65-Topotecan-LUNG,88,4,HCC2935_LUNG
CCLE-65-Topotecan-LUNG,88,5,HCC827_LUNG
CCLE-65-Topotecan-LUNG,88,6,NCIH1184_LUNG
CCLE-65-Topotecan-LUNG,88,7,NCIH1299_LUNG
CCLE-65-Topotecan-LUNG,88,8,NCIH1339_LUNG
CCLE-65-Topotecan-LUNG,88,9,NCIH1373_LUNG
CCLE-65-Topotecan-LUNG,88,10,NCIH1563_LUNG
CCLE-65-Topotecan-LUNG,88,11,NCIH1573_LUNG
CCLE-65-Topotecan-LUNG,88,12,NCIH2030_LUNG
CCLE-65-Topotecan-LUNG,88,13,NCIH2085_LUNG
CCLE-65-Topotecan-LUNG,88,14,NCIH2286_LUNG
CCLE-65-Topotecan-LUNG,88,15,NCIH2444_LUNG
CCLE-65-Topotecan-LUNG,88,16,RERFLCAI_LUNG
CCLE-65-Topotecan-LUNG,88,17,RERFLCMS_LUNG
CCLE-65-Topotecan-LUNG,88,18,SKLU1_LUNG
CCLE-65-Topotecan-LUNG,89,1,CAL12T_LUNG
CCLE-65-Topotecan-LUNG,89,2,DMS114_LUNG
CCLE-65-Topotecan-LUNG,89,3,HCC2935_LUNG
CCLE-65-Topotecan-LUNG,89,4,HCC44_LUNG
CCLE-65-Topotecan-LUNG,89,5,HCC78_LUNG
CCLE-65-Topotecan-LUNG,89,6,NCIH1048_LUNG
CCLE-65-Topotecan-LUNG,89,7,NCIH1339_LUNG
CCLE-65-Topotecan-LUNG,89,8,NCIH1651_LUNG
CCLE-65-Topotecan-LUNG,89,9,NCIH1666_LUNG
CCLE-65-Topotecan-LUNG,89,10,NCIH1693_LUNG
CCLE-65-Topotecan-LUNG,89,11,NCIH1869_LUNG
CCLE-65-Topotecan-LUNG,89,12,NCIH1915_LUNG
CCLE-65-Topotecan-LUNG,89,13,NCIH2009_LUNG
CCLE-65-Topotecan-LUNG,89,14,NCIH2172_LUNG
CCLE-65-Topotecan-LUNG,89,15,RERFLCAI_LUNG
CCLE-65-Topotecan-LUNG,89,16,RERFLCMS_LUNG
CCLE-65-Topotecan-LUNG,89,17,SBC5_LUNG
CCLE-65-Topotecan-LUNG,89,18,SW1271_LUNG
CCLE-65-Topotecan-LUNG,90,1,HCC15_LUNG
CCLE-65-Topotecan-LUNG,90,2,IALM_LUNG
CCLE-65-Topotecan-LUNG,90,3,NCIH1092_LUNG
CCLE-65-Topotecan-LUNG,90,4,NCIH1184_LUNG
CCLE-65-Topotecan-LUNG,90,5,NCIH1355_LUNG
CCLE-65-Topotecan-LUNG,90,6,NCIH1373_LUNG
CCLE-65-Topotecan-LUNG,90,7,NCIH1573_LUNG
CCLE-65-Topotecan-LUNG,90,8,NCIH1703_LUNG
CCLE-65-Topotecan-LUNG,90,9,NCIH2009_LUNG
CCLE-65-Topotecan-LUNG,90,10,NCIH2087_LUNG
CCLE-65-Topotecan-LUNG,90,11,NCIH211_LUNG
CCLE-65-Topotecan-LUNG,90,12,NCIH2170_LUNG
CCLE-65-Topotecan-LUNG,90,13,NCIH226_LUNG
CCLE-65-Topotecan-LUNG,90,14,NCIH23_LUNG
CCLE-65-Topotecan-LUNG,90,15,NCIH520_LUNG
CCLE-65-Topotecan-LUNG,90,16,NCIH647_LUNG
CCLE-65-Topotecan-LUNG,90,17,PC14_LUNG
CCLE-65-Topotecan-LUNG,90,18,SW1573_LUNG
CCLE-65-Topotecan-LUNG,91,1,HARA_LUNG
CCLE-65-Topotecan-LUNG,91,2,HCC827_LUNG
CCLE-65-Topotecan-LUNG,91,3,LCLC103H_LUNG
CCLE-65-Topotecan-LUNG,91,4,LOUNH91_LUNG
CCLE-65-Topotecan-LUNG,91,5,NCIH1299_LUNG
CCLE-65-Topotecan-LUNG,91,6,NCIH1373_LUNG
CCLE-65-Topotecan-LUNG,91,7,NCIH1573_LUNG
CCLE-65-Topotecan-LUNG,91,8,NCIH1651_LUNG
CCLE-65-Topotecan-LUNG,91,9,NCIH1793_LUNG
CCLE-65-Topotecan-LUNG,91,10,NCIH2009_LUNG
CCLE-65-Topotecan-LUNG,91,11,NCIH2030_LUNG
CCLE-65-Topotecan-LUNG,91,12,NCIH226_LUNG
CCLE-65-Topotecan-LUNG,91,13,NCIH358_LUNG
CCLE-65-Topotecan-LUNG,91,14,NCIH441_LUNG
CCLE-65-Topotecan-LUNG,91,15,NCIH647_LUNG
CCLE-65-Topotecan-LUNG,91,16,NCIH727_LUNG
CCLE-65-Topotecan-LUNG,91,17,PC14_LUNG
CCLE-65-Topotecan-LUNG,91,18,RERFLCMS_LUNG
CCLE-65-Topotecan-LUNG,92,1,DV90_LUNG
CCLE-65-Topotecan-LUNG,92,2,HCC15_LUNG
CCLE-65-Topotecan-LUNG,92,3,HS229T_LUNG
CCLE-65-Topotecan-LUNG,92,4,MORCPR_LUNG
CCLE-65-Topotecan-LUNG,92,5,NCIH1341_LUNG
CCLE-65-Topotecan-LUNG,92,6,NCIH1666_LUNG
CCLE-65-Topotecan-LUNG,92,7,NCIH2023_LUNG
CCLE-65-Topotecan-LUNG,92,8,NCIH2085_LUNG
CCLE-65-Topotecan-LUNG,92,9,NCIH2172_LUNG
CCLE-65-Topotecan-LUNG,92,10,NCIH358_LUNG
CCLE-65-Topotecan-LUNG,92,11,NCIH441_LUNG
CCLE-65-Topotecan-LUNG,92,12,NCIH520_LUNG
CCLE-65-Topotecan-LUNG,92,13,NCIH522_LUNG
CCLE-65-Topotecan-LUNG,92,14,SQ1_LUNG
CCLE-65-Topotecan-LUNG,92,15,SW1271_LUNG
CCLE-65-Topotecan-LUNG,92,16,SW1573_LUNG
CCLE-65-Topotecan-LUNG,92,17,SW900_LUNG
CCLE-65-Topotecan-LUNG,92,18,VMRCLCD_LUNG
CCLE-65-Topotecan-LUNG,93,1,CALU6_LUNG
CCLE-65-Topotecan-LUNG,93,2,DMS114_LUNG
CCLE-65-Topotecan-LUNG,93,3,HCC44_LUNG
CCLE-65-Topotecan-LUNG,93,4,LCLC103H_LUNG
CCLE-65-Topotecan-LUNG,93,5,MORCPR_LUNG
CCLE-65-Topotecan-LUNG,93,6,NCIH1341_LUNG
CCLE-65-Topotecan-LUNG,93,7,NCIH1651_LUNG
CCLE-65-Topotecan-LUNG,93,8,NCIH1666_LUNG
CCLE-65-Topotecan-LUNG,93,9,NCIH2170_LUNG
CCLE-65-Topotecan-LUNG,93,10,NCIH460_LUNG
CCLE-65-Topotecan-LUNG,93,11,NCIH520_LUNG
CCLE-65-Topotecan-LUNG,93,12,NCIH810_LUNG
CCLE-65-Topotecan-LUNG,93,13,RERFLCMS_LUNG
CCLE-65-Topotecan-LUNG,93,14,SBC5_LUNG
CCLE-65-Topotecan-LUNG,93,15,SHP77_LUNG
CCLE-65-Topotecan-LUNG,93,16,SKMES1_LUNG
CCLE-65-Topotecan-LUNG,93,17,SW900_LUNG
CCLE-65-Topotecan-LUNG,93,18,T3M10_LUNG
CCLE-65-Topotecan-LUNG,94,1,A549_LUNG
CCLE-65-Topotecan-LUNG,94,2,CAL12T_LUNG
CCLE-65-Topotecan-LUNG,94,3,CALU1_LUNG
CCLE-65-Topotecan-LUNG,94,4,DV90_LUNG
CCLE-65-Topotecan-LUNG,94,5,HCC2935_LUNG
CCLE-65-Topotecan-LUNG,94,6,NCIH1048_LUNG
CCLE-65-Topotecan-LUNG,94,7,NCIH1155_LUNG
CCLE-65-Topotecan-LUNG,94,8,NCIH1339_LUNG
CCLE-65-Topotecan-LUNG,94,9,NCIH1341_LUNG
CCLE-65-Topotecan-LUNG,94,10,NCIH1581_LUNG
CCLE-65-Topotecan-LUNG,94,11,NCIH1792_LUNG
CCLE-65-Topotecan-LUNG,94,12,NCIH2023_LUNG
CCLE-65-Topotecan-LUNG,94,13,NCIH2030_LUNG
CCLE-65-Topotecan-LUNG,94,14,NCIH2087_LUNG
CCLE-65-Topotecan-LUNG,94,15,NCIH727_LUNG
CCLE-65-Topotecan-LUNG,94,16,PC14_LUNG
CCLE-65-Topotecan-LUNG,94,17,SW1271_LUNG
CCLE-65-Topotecan-LUNG,94,18,SW1573_LUNG
CCLE-65-Topotecan-LUNG,95,1,CAL12T_LUNG
CCLE-65-Topotecan-LUNG,95,2,CORL23_LUNG
CCLE-65-Topotecan-LUNG,95,3,DMS114_LUNG
CCLE-65-Topotecan-LUNG,95,4,HARA_LUNG
CCLE-65-Topotecan-LUNG,95,5,IALM_LUNG
CCLE-65-Topotecan-LUNG,95,6,NCIH1341_LUNG
CCLE-65-Topotecan-LUNG,95,7,NCIH1581_LUNG
CCLE-65-Topotecan-LUNG,95,8,NCIH1944_LUNG
CCLE-65-Topotecan-LUNG,95,9,NCIH2023_LUNG
CCLE-65-Topotecan-LUNG,95,10,NCIH2085_LUNG
CCLE-65-Topotecan-LUNG,95,11,NCIH2087_LUNG
CCLE-65-Topotecan-LUNG,95,12,NCIH2444_LUNG
CCLE-65-Topotecan-LUNG,95,13,NCIH358_LUNG
CCLE-65-Topotecan-LUNG,95,14,PC14_LUNG
CCLE-65-Topotecan-LUNG,95,15,RERFLCAI_LUNG
CCLE-65-Topotecan-LUNG,95,16,SW1573_LUNG
CCLE-65-Topotecan-LUNG,95,17,T3M10_LUNG
CCLE-65-Topotecan-LUNG,95,18,VMRCLCD_LUNG
CCLE-65-Topotecan-LUNG,96,1,CALU6_LUNG
CCLE-65-Topotecan-LUNG,96,2,DV90_LUNG
CCLE-65-Topotecan-LUNG,96,3,EBC1_LUNG
CCLE-65-Topotecan-LUNG,96,4,HCC44_LUNG
CCLE-65-Topotecan-LUNG,96,5,LCLC103H_LUNG
CCLE-65-Topotecan-LUNG,96,6,LUDLU1_LUNG
CCLE-65-Topotecan-LUNG,96,7,NCIH1563_LUNG
CCLE-65-Topotecan-LUNG,96,8,NCIH1568_LUNG
CCLE-65-Topotecan-LUNG,96,9,NCIH1648_LUNG
CCLE-65-Topotecan-LUNG,96,10,NCIH1666_LUNG
CCLE-65-Topotecan-LUNG,96,11,NCIH1693_LUNG
CCLE-65-Topotecan-LUNG,96,12,NCIH2030_LUNG
CCLE-65-Topotecan-LUNG,96,13,NCIH2444_LUNG
CCLE-65-Topotecan-LUNG,96,14,NCIH650_LUNG
CCLE-65-Topotecan-LUNG,96,15,NCIH727_LUNG
CCLE-65-Topotecan-LUNG,96,16,PC14_LUNG
CCLE-65-Topotecan-LUNG,96,17,SKLU1_LUNG
CCLE-65-Topotecan-LUNG,96,18,SW1573_LUNG
CCLE-65-Topotecan-LUNG,97,1,CORL23_LUNG
CCLE-65-Topotecan-LUNG,97,2,DMS114_LUNG
CCLE-65-Topotecan-LUNG,97,3,HARA_LUNG
CCLE-65-Topotecan-LUNG,97,4,HCC15_LUNG
CCLE-65-Topotecan-LUNG,97,5,LCLC103H_LUNG
CCLE-65-Topotecan-LUNG,97,6,NCIH1048_LUNG
CCLE-65-Topotecan-LUNG,97,7,NCIH1092_LUNG
CCLE-65-Topotecan-LUNG,97,8,NCIH1299_LUNG
CCLE-65-Topotecan-LUNG,97,9,NCIH1563_LUNG
CCLE-65-Topotecan-LUNG,97,10,NCIH1651_LUNG
CCLE-65-Topotecan-LUNG,97,11,NCIH1869_LUNG
CCLE-65-Topotecan-LUNG,97,12,NCIH2085_LUNG
CCLE-65-Topotecan-LUNG,97,13,NCIH2170_LUNG
CCLE-65-Topotecan-LUNG,97,14,NCIH358_LUNG
CCLE-65-Topotecan-LUNG,97,15,NCIH522_LUNG
CCLE-65-Topotecan-LUNG,97,16,PC14_LUNG
CCLE-65-Topotecan-LUNG,97,17,SBC5_LUNG
CCLE-65-Topotecan-LUNG,97,18,T3M10_LUNG
CCLE-65-Topotecan-LUNG,98,1,HARA_LUNG
CCLE-65-Topotecan-LUNG,98,2,LOUNH91_LUNG
CCLE-65-Topotecan-LUNG,98,3,NCIH1048_LUNG
CCLE-65-Topotecan-LUNG,98,4,NCIH1373_LUNG
CCLE-65-Topotecan-LUNG,98,5,NCIH1573_LUNG
CCLE-65-Topotecan-LUNG,98,6,NCIH1666_LUNG
CCLE-65-Topotecan-LUNG,98,7,NCIH1793_LUNG
CCLE-65-Topotecan-LUNG,98,8,NCIH1975_LUNG
CCLE-65-Topotecan-LUNG,98,9,NCIH2023_LUNG
CCLE-65-Topotecan-LUNG,98,10,NCIH2087_LUNG
CCLE-65-Topotecan-LUNG,98,11,NCIH226_LUNG
CCLE-65-Topotecan-LUNG,98,12,NCIH2444_LUNG
CCLE-65-Topotecan-LUNG,98,13,NCIH520_LUNG
CCLE-65-Topotecan-LUNG,98,14,NCIH522_LUNG
CCLE-65-Topotecan-LUNG,98,15,NCIH650_LUNG
CCLE-65-Topotecan-LUNG,98,16,SHP77_LUNG
CCLE-65-Topotecan-LUNG,98,17,SKMES1_LUNG
CCLE-65-Topotecan-LUNG,98,18,SW1271_LUNG
CCLE-65-Topotecan-LUNG,99,1,CAL12T_LUNG
CCLE-65-Topotecan-LUNG,99,2,CALU3_LUNG
CCLE-65-Topotecan-LUNG,99,3,HCC2935_LUNG
CCLE-65-Topotecan-LUNG,99,4,HCC4006_LUNG
CCLE-65-Topotecan-LUNG,99,5,HCC44_LUNG
CCLE-65-Topotecan-LUNG,99,6,HCC827_LUNG
CCLE-65-Topotecan-LUNG,99,7,IALM_LUNG
CCLE-65-Topotecan-LUNG,99,8,NCIH1092_LUNG
CCLE-65-Topotecan-LUNG,99,9,NCIH1299_LUNG
CCLE-65-Topotecan-LUNG,99,10,NCIH1650_LUNG
CCLE-65-Topotecan-LUNG,99,11,NCIH1869_LUNG
CCLE-65-Topotecan-LUNG,99,12,NCIH2444_LUNG
CCLE-65-Topotecan-LUNG,99,13,NCIH460_LUNG
CCLE-65-Topotecan-LUNG,99,14,NCIH520_LUNG
CCLE-65-Topotecan-LUNG,99,15,NCIH522_LUNG
CCLE-65-Topotecan-LUNG,99,16,NCIH647_LUNG
CCLE-65-Topotecan-LUNG,99,17,RERFLCAI_LUNG
CCLE-65-Topotecan-LUNG,99,18,SW1271_LUNG
CCLE-65-Topotecan-LUNG,100,1,CALU6_LUNG
CCLE-65-Topotecan-LUNG,100,2,CORL105_LUNG
CCLE-65-Topotecan-LUNG,100,3,DV90_LUNG
CCLE-65-Topotecan-LUNG,100,4,HCC4006_LUNG
CCLE-65-Topotecan-LUNG,100,5,HS229T_LUNG
CCLE-65-Topotecan-LUNG,100,6,MORCPR_LUNG
CCLE-65-Topotecan-LUNG,100,7,NCIH1573_LUNG
CCLE-65-Topotecan-LUNG,100,8,NCIH1693_LUNG
CCLE-65-Topotecan-LUNG,100,9,NCIH1793_LUNG
CCLE-65-Topotecan-LUNG,100,10,NCIH1975_LUNG
CCLE-65-Topotecan-LUNG,100,11,NCIH2087_LUNG
CCLE-65-Topotecan-LUNG,100,12,NCIH2122_LUNG
CCLE-65-Topotecan-LUNG,100,13,NCIH2170_LUNG
CCLE-65-Topotecan-LUNG,100,14,NCIH460_LUNG
CCLE-65-Topotecan-LUNG,100,15,NCIH647_LUNG
CCLE-65-Topotecan-LUNG,100,16,NCIH727_LUNG
CCLE-65-Topotecan-LUNG,100,17,RERFLCMS_LUNG
CCLE-65-Topotecan-LUNG,100,18,SQ1_LUNG
