contract_id,dataset_id,scope,method_id,intended_tasks,valid_tasks,A_valid,S_BW,S_tau,S_match,P_fit,I_SF,C_conditional,C_operational,nominal_fold_slots,attempted_fold_slots,successful_folds,failed_folds,rank_conditional,rank_operational,cohort,cohort_order,best_conventional,display_scope,display_y_offset
CCLE_EXPERIMENT_A_FIXED_SCORE_ORIGINAL5,CCLE-34-Paclitaxel-SKIN,FULL,TRIOS,1,1,1,0.83559237369619377,0.94910213602983118,0.96254229456393736,0.60083940563355553,1,0.86961524198470352,0.86961524198470352,33,33,33,0,1,1,Paclitaxel–SKIN,1,False,Full-source,0
CCLE_EXPERIMENT_A_FIXED_SCORE_ORIGINAL5,CCLE-34-Paclitaxel-SKIN,FULL,EMAX|IC50|TERTILES,1,0,0,,,,,,,0,33,0,0,0,,62,Paclitaxel–SKIN,1,False,Full-source,0.15002328447765284
CCLE_EXPERIMENT_A_FIXED_SCORE_ORIGINAL5,CCLE-34-Paclitaxel-SKIN,FULL,EMAX|IC50|JENKS,1,0,0,,,,,,,0,33,0,0,0,,62,Paclitaxel–SKIN,1,False,Full-source,-0.020393681270162035
CCLE_EXPERIMENT_A_FIXED_SCORE_ORIGINAL5,CCLE-34-Paclitaxel-SKIN,FULL,EMAX|IC50|KMEANS,1,0,0,,,,,,,0,33,0,0,0,,62,Paclitaxel–SKIN,1,False,Full-source,-0.076762269119909562
CCLE_EXPERIMENT_A_FIXED_SCORE_ORIGINAL5,CCLE-34-Paclitaxel-SKIN,FULL,EMAX|IC50|WARD,1,0,0,,,,,,,0,33,0,0,0,,62,Paclitaxel–SKIN,1,False,Full-source,-0.096790190249865446
CCLE_EXPERIMENT_A_FIXED_SCORE_ORIGINAL5,CCLE-34-Paclitaxel-SKIN,FULL,EMAX|IC50|TIED_GMM,1,0,0,,,,,,,0,33,0,0,0,,62,Paclitaxel–SKIN,1,False,Full-source,-0.065985645704433701
CCLE_EXPERIMENT_A_FIXED_SCORE_ORIGINAL5,CCLE-34-Paclitaxel-SKIN,FULL,EMAX|EC50|TERTILES,1,1,1,0.75835692494136653,0.98592001758198311,0.96922325354176853,0.25509503633720437,1,0.79371904648046443,0.79371904648046443,33,33,33,0,14,14,Paclitaxel–SKIN,1,False,Full-source,-0.077375214006140641
CCLE_EXPERIMENT_A_FIXED_SCORE_ORIGINAL5,CCLE-34-Paclitaxel-SKIN,FULL,EMAX|EC50|JENKS,1,1,1,0.86898225970298693,0.95495578302656781,0.92711226316114304,0.25509503633720437,1,0.80122906844558039,0.80122906844558039,33,33,33,0,12,12,Paclitaxel–SKIN,1,False,Full-source,-0.0086425236260151729
CCLE_EXPERIMENT_A_FIXED_SCORE_ORIGINAL5,CCLE-34-Paclitaxel-SKIN,FULL,EMAX|EC50|KMEANS,1,1,1,0.86898225970298693,0.95270267894642757,0.92626571525654089,0.25509503633720437,1,0.80060913804863199,0.80060913804863199,33,33,33,0,13,13,Paclitaxel–SKIN,1,False,Full-source,0.083578455951898015
CCLE_EXPERIMENT_A_FIXED_SCORE_ORIGINAL5,CCLE-34-Paclitaxel-SKIN,FULL,EMAX|EC50|WARD,1,1,1,0.86609182063934698,0.95472170169242188,0.95977526746757524,0.25509503633720437,1,0.80713676522730959,0.80713676522730959,33,33,33,0,9,9,Paclitaxel–SKIN,1,False,Full-source,-0.02003163625021271
CCLE_EXPERIMENT_A_FIXED_SCORE_ORIGINAL5,CCLE-34-Paclitaxel-SKIN,FULL,EMAX|EC50|TIED_GMM,1,1,1,0.86609182063934698,0.96844588955760813,0.97814544281146398,0.25509503633720437,1,0.81355563786912466,0.81355563786912466,33,33,33,0,8,8,Paclitaxel–SKIN,1,False,Full-source,-0.04601316114096278
CCLE_EXPERIMENT_A_FIXED_SCORE_ORIGINAL5,CCLE-34-Paclitaxel-SKIN,FULL,EMAX|EMAX|TERTILES,1,1,1,0.84495245517340556,0.96406547452776847,0.96922325354176853,0.25509503633720437,1,0.80666724391602929,0.80666724391602929,33,33,33,0,11,11,Paclitaxel–SKIN,1,False,Full-source,-0.15453466050199574
CCLE_EXPERIMENT_A_FIXED_SCORE_ORIGINAL5,CCLE-34-Paclitaxel-SKIN,FULL,EMAX|EMAX|JENKS,1,1,1,0.87657192252188698,0.99681585097397674,1,0.25509503633720437,1,0.82569656196661367,0.82569656196661367,33,33,33,0,5,5,Paclitaxel–SKIN,1,False,Full-source,-0.03387887392981883
CCLE_EXPERIMENT_A_FIXED_SCORE_ORIGINAL5,CCLE-34-Paclitaxel-SKIN,FULL,EMAX|EMAX|KMEANS,1,1,1,0.87657192252188698,0.99681585097397674,1,0.25509503633720437,1,0.82569656196661367,0.82569656196661367,33,33,33,0,5,5,Paclitaxel–SKIN,1,False,Full-source,0.15653882130899907
CCLE_EXPERIMENT_A_FIXED_SCORE_ORIGINAL5,CCLE-34-Paclitaxel-SKIN,FULL,EMAX|EMAX|WARD,1,1,1,0.87657192252188698,0.99681585097397674,1,0.25509503633720437,1,0.82569656196661367,0.82569656196661367,33,33,33,0,5,5,Paclitaxel–SKIN,1,False,Full-source,-0.1108451401327842
CCLE_EXPERIMENT_A_FIXED_SCORE_ORIGINAL5,CCLE-34-Paclitaxel-SKIN,FULL,EMAX|EMAX|TIED_GMM,1,1,1,0.77436348962256385,0.9548134605658386,0.95154530378410984,0.25509503633720437,0,0.58716345806194337,0.58716345806194337,33,33,33,0,55,55,Paclitaxel–SKIN,1,False,Full-source,0.127732443951008
CCLE_EXPERIMENT_A_FIXED_SCORE_ORIGINAL5,CCLE-34-Paclitaxel-SKIN,FULL,EMAX|AUC|TERTILES,1,1,1,0.84460966215350752,0.96605090614458489,0.96922325354176853,0.25509503633720437,1,0.80699577163541303,0.80699577163541303,33,33,33,0,10,10,Paclitaxel–SKIN,1,False,Full-source,0.072186619320927792
CCLE_EXPERIMENT_A_FIXED_SCORE_ORIGINAL5,CCLE-34-Paclitaxel-SKIN,FULL,EMAX|AUC|JENKS,1,1,1,0.87699723664829698,0.9976579262266827,1,0.25509503633720437,1,0.82595003984243687,0.82595003984243687,33,33,33,0,2,2,Paclitaxel–SKIN,1,True,Full-source,-0.096208283662844507
CCLE_EXPERIMENT_A_FIXED_SCORE_ORIGINAL5,CCLE-34-Paclitaxel-SKIN,FULL,EMAX|AUC|KMEANS,1,1,1,0.87699723664829698,0.9976579262266827,1,0.25509503633720437,1,0.82595003984243687,0.82595003984243687,33,33,33,0,2,2,Paclitaxel–SKIN,1,True,Full-source,-0.12576103097893321
CCLE_EXPERIMENT_A_FIXED_SCORE_ORIGINAL5,CCLE-34-Paclitaxel-SKIN,FULL,EMAX|AUC|WARD,1,1,1,0.87699723664829698,0.9976579262266827,1,0.25509503633720437,1,0.82595003984243687,0.82595003984243687,33,33,33,0,2,2,Paclitaxel–SKIN,1,True,Full-source,-0.062446849770482357
CCLE_EXPERIMENT_A_FIXED_SCORE_ORIGINAL5,CCLE-34-Paclitaxel-SKIN,FULL,EMAX|AUC|TIED_GMM,1,1,1,0.76138258321335006,0.95785703945993217,0.97017022346451331,0.25509503633720437,0,0.58890097649499995,0.58890097649499995,33,33,33,0,54,54,Paclitaxel–SKIN,1,False,Full-source,0.047621722120703612
CCLE_EXPERIMENT_A_FIXED_SCORE_ORIGINAL5,CCLE-34-Paclitaxel-SKIN,FULL,HILL|IC50|TERTILES,1,0,0,,,,,,,0,33,0,0,0,,62,Paclitaxel–SKIN,1,False,Full-source,-0.10311762905286571
CCLE_EXPERIMENT_A_FIXED_SCORE_ORIGINAL5,CCLE-34-Paclitaxel-SKIN,FULL,HILL|IC50|JENKS,1,0,0,,,,,,,0,33,0,0,0,,62,Paclitaxel–SKIN,1,False,Full-source,0.10617221175371022
CCLE_EXPERIMENT_A_FIXED_SCORE_ORIGINAL5,CCLE-34-Paclitaxel-SKIN,FULL,HILL|IC50|KMEANS,1,0,0,,,,,,,0,33,0,0,0,,62,Paclitaxel–SKIN,1,False,Full-source,0.024909779994029047
CCLE_EXPERIMENT_A_FIXED_SCORE_ORIGINAL5,CCLE-34-Paclitaxel-SKIN,FULL,HILL|IC50|WARD,1,0,0,,,,,,,0,33,0,0,0,,62,Paclitaxel–SKIN,1,False,Full-source,0.070586614140911622
CCLE_EXPERIMENT_A_FIXED_SCORE_ORIGINAL5,CCLE-34-Paclitaxel-SKIN,FULL,HILL|IC50|TIED_GMM,1,0,0,,,,,,,0,33,0,0,0,,62,Paclitaxel–SKIN,1,False,Full-source,0.14889718711117683
CCLE_EXPERIMENT_A_FIXED_SCORE_ORIGINAL5,CCLE-34-Paclitaxel-SKIN,FULL,HILL|EC50|TERTILES,1,1,1,0.68913613732369161,0.99242741793964884,0.96922325354176853,0.078976896746331002,1,0.74595274111028798,0.74595274111028798,33,33,33,0,51,51,Paclitaxel–SKIN,1,False,Full-source,0.14746822312182473
CCLE_EXPERIMENT_A_FIXED_SCORE_ORIGINAL5,CCLE-34-Paclitaxel-SKIN,FULL,HILL|EC50|JENKS,1,1,1,0.87450329626210033,0.97170767857331997,0.96696910395540536,0.078976896746331002,1,0.77843139510743131,0.77843139510743131,33,33,33,0,36,36,Paclitaxel–SKIN,1,False,Full-source,0.12968838296124907
CCLE_EXPERIMENT_A_FIXED_SCORE_ORIGINAL5,CCLE-34-Paclitaxel-SKIN,FULL,HILL|EC50|KMEANS,1,1,1,0.87450329626210033,0.97170767857331997,0.96696910395540536,0.078976896746331002,1,0.77843139510743131,0.77843139510743131,33,33,33,0,36,36,Paclitaxel–SKIN,1,False,Full-source,-0.060861685103937441
CCLE_EXPERIMENT_A_FIXED_SCORE_ORIGINAL5,CCLE-34-Paclitaxel-SKIN,FULL,HILL|EC50|WARD,1,1,1,0.86909920089476,0.97003714077239589,0.98139133739712614,0.078976896746331002,1,0.77990091516212257,0.77990091516212257,33,33,33,0,29,29,Paclitaxel–SKIN,1,False,Full-source,0.11436408190856781
CCLE_EXPERIMENT_A_FIXED_SCORE_ORIGINAL5,CCLE-34-Paclitaxel-SKIN,FULL,HILL|EC50|TIED_GMM,1,1,1,0.86059358796189434,0.97010630696903977,0.94150952011323685,0.078976896746331002,1,0.77023726235810042,0.77023726235810042,33,33,33,0,44,44,Paclitaxel–SKIN,1,False,Full-source,-0.15712456956438828
CCLE_EXPERIMENT_A_FIXED_SCORE_ORIGINAL5,CCLE-34-Paclitaxel-SKIN,FULL,HILL|EMAX|TERTILES,1,1,1,0.84264448082618537,0.96615168593885858,0.96922325354176853,0.078976896746331002,1,0.7713992634106287,0.7713992634106287,33,33,33,0,41,41,Paclitaxel–SKIN,1,False,Full-source,0.1335559467164697
CCLE_EXPERIMENT_A_FIXED_SCORE_ORIGINAL5,CCLE-34-Paclitaxel-SKIN,FULL,HILL|EMAX|JENKS,1,1,1,0.8770807058713086,0.99914864955338589,1,0.078976896746331002,1,0.79104125043420503,0.79104125043420503,33,33,33,0,15,15,Paclitaxel–SKIN,1,False,Full-source,-0.078149880002753316
CCLE_EXPERIMENT_A_FIXED_SCORE_ORIGINAL5,CCLE-34-Paclitaxel-SKIN,FULL,HILL|EMAX|KMEANS,1,1,1,0.8770807058713086,0.99914864955338589,1,0.078976896746331002,1,0.79104125043420503,0.79104125043420503,33,33,33,0,15,15,Paclitaxel–SKIN,1,False,Full-source,0.033722190380497424
CCLE_EXPERIMENT_A_FIXED_SCORE_ORIGINAL5,CCLE-34-Paclitaxel-SKIN,FULL,HILL|EMAX|WARD,1,1,1,0.8770807058713086,0.99914864955338589,1,0.078976896746331002,1,0.79104125043420503,0.79104125043420503,33,33,33,0,15,15,Paclitaxel–SKIN,1,False,Full-source,-0.029716464101736548
CCLE_EXPERIMENT_A_FIXED_SCORE_ORIGINAL5,CCLE-34-Paclitaxel-SKIN,FULL,HILL|EMAX|TIED_GMM,1,1,1,0.7722832218512039,0.9583517465052962,0.98559077809798268,0.078976896746331002,0,0.55904052864016274,0.55904052864016274,33,33,33,0,57,57,Paclitaxel–SKIN,1,False,Full-source,-0.064296132303843304
CCLE_EXPERIMENT_A_FIXED_SCORE_ORIGINAL5,CCLE-34-Paclitaxel-SKIN,FULL,HILL|AUC|TERTILES,1,1,1,0.84305947089373257,0.96631231894741143,0.96922325354176853,0.078976896746331002,1,0.77151438802584871,0.77151438802584871,33,33,33,0,40,40,Paclitaxel–SKIN,1,False,Full-source,-0.1556700941910199
CCLE_EXPERIMENT_A_FIXED_SCORE_ORIGINAL5,CCLE-34-Paclitaxel-SKIN,FULL,HILL|AUC|JENKS,1,1,1,0.8764019436965409,0.99900479327063318,1,0.078976896746331002,1,0.79087672674270104,0.79087672674270104,33,33,33,0,18,18,Paclitaxel–SKIN,1,False,Full-source,0.11293238892055406
CCLE_EXPERIMENT_A_FIXED_SCORE_ORIGINAL5,CCLE-34-Paclitaxel-SKIN,FULL,HILL|AUC|KMEANS,1,1,1,0.8764019436965409,0.99900479327063318,1,0.078976896746331002,1,0.79087672674270104,0.79087672674270104,33,33,33,0,18,18,Paclitaxel–SKIN,1,False,Full-source,0.12511253222010854
CCLE_EXPERIMENT_A_FIXED_SCORE_ORIGINAL5,CCLE-34-Paclitaxel-SKIN,FULL,HILL|AUC|WARD,1,1,1,0.8764019436965409,0.99900479327063318,1,0.078976896746331002,1,0.79087672674270104,0.79087672674270104,33,33,33,0,18,18,Paclitaxel–SKIN,1,False,Full-source,-0.10591065785519561
CCLE_EXPERIMENT_A_FIXED_SCORE_ORIGINAL5,CCLE-34-Paclitaxel-SKIN,FULL,HILL|AUC|TIED_GMM,1,1,1,0.77487521641082779,0.95801353601551531,0.98656429942418422,0.078976896746331002,0,0.55968598971937167,0.55968598971937167,33,33,33,0,56,56,Paclitaxel–SKIN,1,False,Full-source,0.034481403649431037
CCLE_EXPERIMENT_A_FIXED_SCORE_ORIGINAL5,CCLE-34-Paclitaxel-SKIN,FULL,LOGISTIC|IC50|TERTILES,1,0,0,,,,,,,0,33,0,0,0,,62,Paclitaxel–SKIN,1,False,Full-source,-0.12606446891232964
CCLE_EXPERIMENT_A_FIXED_SCORE_ORIGINAL5,CCLE-34-Paclitaxel-SKIN,FULL,LOGISTIC|IC50|JENKS,1,0,0,,,,,,,0,33,0,0,0,,62,Paclitaxel–SKIN,1,False,Full-source,0.087856823859702976
CCLE_EXPERIMENT_A_FIXED_SCORE_ORIGINAL5,CCLE-34-Paclitaxel-SKIN,FULL,LOGISTIC|IC50|KMEANS,1,0,0,,,,,,,0,33,0,0,0,,62,Paclitaxel–SKIN,1,False,Full-source,0.093920685857050296
CCLE_EXPERIMENT_A_FIXED_SCORE_ORIGINAL5,CCLE-34-Paclitaxel-SKIN,FULL,LOGISTIC|IC50|WARD,1,0,0,,,,,,,0,33,0,0,0,,62,Paclitaxel–SKIN,1,False,Full-source,0.097022593826293607
CCLE_EXPERIMENT_A_FIXED_SCORE_ORIGINAL5,CCLE-34-Paclitaxel-SKIN,FULL,LOGISTIC|IC50|TIED_GMM,1,0,0,,,,,,,0,33,0,0,0,,62,Paclitaxel–SKIN,1,False,Full-source,-0.15121769651566114
CCLE_EXPERIMENT_A_FIXED_SCORE_ORIGINAL5,CCLE-34-Paclitaxel-SKIN,FULL,LOGISTIC|EC50|TERTILES,1,1,1,0.73590584967212236,0.98569323843756884,0.9538461538461539,0.026024583976542622,1,0.7402939651864775,0.7402939651864775,33,33,33,0,53,53,Paclitaxel–SKIN,1,False,Full-source,0.10649664333707108
CCLE_EXPERIMENT_A_FIXED_SCORE_ORIGINAL5,CCLE-34-Paclitaxel-SKIN,FULL,LOGISTIC|EC50|JENKS,1,1,1,0.87159397284423246,0.97385837344655379,0.98185324800561058,0.026024583976542622,1,0.77066603565458791,0.77066603565458791,33,33,33,0,42,42,Paclitaxel–SKIN,1,False,Full-source,-0.021464465004732942
CCLE_EXPERIMENT_A_FIXED_SCORE_ORIGINAL5,CCLE-34-Paclitaxel-SKIN,FULL,LOGISTIC|EC50|KMEANS,1,1,1,0.87159397284423246,0.97385837344655379,0.98185324800561058,0.026024583976542622,1,0.77066603565458791,0.77066603565458791,33,33,33,0,42,42,Paclitaxel–SKIN,1,False,Full-source,-0.013204098980222857
CCLE_EXPERIMENT_A_FIXED_SCORE_ORIGINAL5,CCLE-34-Paclitaxel-SKIN,FULL,LOGISTIC|EC50|WARD,1,1,1,0.84866353974123088,0.90666838095793745,0.95674208687568407,0.026024583976542622,1,0.74761971831027896,0.74761971831027896,33,33,33,0,50,50,Paclitaxel–SKIN,1,False,Full-source,-0.08789094520916485
CCLE_EXPERIMENT_A_FIXED_SCORE_ORIGINAL5,CCLE-34-Paclitaxel-SKIN,FULL,LOGISTIC|EC50|TIED_GMM,1,1,1,0.83359530921052249,0.96653546941718416,0.95977526746757524,0.026024583976542622,1,0.75718612601436486,0.75718612601436486,33,33,33,0,49,49,Paclitaxel–SKIN,1,False,Full-source,-0.04332959381009676
CCLE_EXPERIMENT_A_FIXED_SCORE_ORIGINAL5,CCLE-34-Paclitaxel-SKIN,FULL,LOGISTIC|EMAX|TERTILES,1,1,1,0.8452818904119429,0.96414805167618778,0.96922325354176853,0.026024583976542622,1,0.76093555592128836,0.76093555592128836,33,33,33,0,48,48,Paclitaxel–SKIN,1,False,Full-source,-0.076523060555691608
CCLE_EXPERIMENT_A_FIXED_SCORE_ORIGINAL5,CCLE-34-Paclitaxel-SKIN,FULL,LOGISTIC|EMAX|JENKS,1,1,1,0.87385646272397033,0.99857300565055374,1,0.026024583976542622,1,0.77969081047021338,0.77969081047021338,33,33,33,0,33,33,Paclitaxel–SKIN,1,False,Full-source,0.061657198421111621
CCLE_EXPERIMENT_A_FIXED_SCORE_ORIGINAL5,CCLE-34-Paclitaxel-SKIN,FULL,LOGISTIC|EMAX|KMEANS,1,1,1,0.87385646272397033,0.99857300565055374,1,0.026024583976542622,1,0.77969081047021338,0.77969081047021338,33,33,33,0,33,33,Paclitaxel–SKIN,1,False,Full-source,0.023310994176033654
CCLE_EXPERIMENT_A_FIXED_SCORE_ORIGINAL5,CCLE-34-Paclitaxel-SKIN,FULL,LOGISTIC|EMAX|WARD,1,1,1,0.87385646272397033,0.99857300565055374,1,0.026024583976542622,1,0.77969081047021338,0.77969081047021338,33,33,33,0,33,33,Paclitaxel–SKIN,1,False,Full-source,-0.078664399068491625
CCLE_EXPERIMENT_A_FIXED_SCORE_ORIGINAL5,CCLE-34-Paclitaxel-SKIN,FULL,LOGISTIC|EMAX|TIED_GMM,1,1,1,0.77559541455486303,0.96113990142477412,0.99332697807435644,0.026024583976542622,0,0.55121737560610717,0.55121737560610717,33,33,33,0,61,61,Paclitaxel–SKIN,1,False,Full-source,-0.13170034072634307
CCLE_EXPERIMENT_A_FIXED_SCORE_ORIGINAL5,CCLE-34-Paclitaxel-SKIN,FULL,LOGISTIC|AUC|TERTILES,1,1,1,0.84522741846235738,0.96495626232875087,0.96922325354176853,0.026024583976542622,1,0.7610863036618839,0.7610863036618839,33,33,33,0,47,47,Paclitaxel–SKIN,1,False,Full-source,0.031377705156658248
CCLE_EXPERIMENT_A_FIXED_SCORE_ORIGINAL5,CCLE-34-Paclitaxel-SKIN,FULL,LOGISTIC|AUC|JENKS,1,1,1,0.87380295435451638,0.9987840144245318,1,0.026024583976542622,1,0.77972231055111818,0.77972231055111818,33,33,33,0,30,30,Paclitaxel–SKIN,1,False,Full-source,0.055142059823298374
CCLE_EXPERIMENT_A_FIXED_SCORE_ORIGINAL5,CCLE-34-Paclitaxel-SKIN,FULL,LOGISTIC|AUC|KMEANS,1,1,1,0.87380295435451638,0.9987840144245318,1,0.026024583976542622,1,0.77972231055111818,0.77972231055111818,33,33,33,0,30,30,Paclitaxel–SKIN,1,False,Full-source,0.1375925677217526
CCLE_EXPERIMENT_A_FIXED_SCORE_ORIGINAL5,CCLE-34-Paclitaxel-SKIN,FULL,LOGISTIC|AUC|WARD,1,1,1,0.87380295435451638,0.9987840144245318,1,0.026024583976542622,1,0.77972231055111818,0.77972231055111818,33,33,33,0,30,30,Paclitaxel–SKIN,1,False,Full-source,0.011483798886529116
CCLE_EXPERIMENT_A_FIXED_SCORE_ORIGINAL5,CCLE-34-Paclitaxel-SKIN,FULL,LOGISTIC|AUC|TIED_GMM,1,1,1,0.77615326944692731,0.96115667139438621,0.99332697807435644,0.026024583976542622,0,0.55133230057844251,0.55133230057844251,33,33,33,0,60,60,Paclitaxel–SKIN,1,False,Full-source,-0.15251671150152496
CCLE_EXPERIMENT_A_FIXED_SCORE_ORIGINAL5,CCLE-34-Paclitaxel-SKIN,FULL,WEIBULL|IC50|TERTILES,1,0,0,,,,,,,0,33,0,0,0,,62,Paclitaxel–SKIN,1,False,Full-source,-0.060621252856361975
CCLE_EXPERIMENT_A_FIXED_SCORE_ORIGINAL5,CCLE-34-Paclitaxel-SKIN,FULL,WEIBULL|IC50|JENKS,1,0,0,,,,,,,0,33,0,0,0,,62,Paclitaxel–SKIN,1,False,Full-source,-0.00684737827788279
CCLE_EXPERIMENT_A_FIXED_SCORE_ORIGINAL5,CCLE-34-Paclitaxel-SKIN,FULL,WEIBULL|IC50|KMEANS,1,0,0,,,,,,,0,33,0,0,0,,62,Paclitaxel–SKIN,1,False,Full-source,-0.11186317167055401
CCLE_EXPERIMENT_A_FIXED_SCORE_ORIGINAL5,CCLE-34-Paclitaxel-SKIN,FULL,WEIBULL|IC50|WARD,1,0,0,,,,,,,0,33,0,0,0,,62,Paclitaxel–SKIN,1,False,Full-source,0.089592029212413354
CCLE_EXPERIMENT_A_FIXED_SCORE_ORIGINAL5,CCLE-34-Paclitaxel-SKIN,FULL,WEIBULL|IC50|TIED_GMM,1,0,0,,,,,,,0,33,0,0,0,,62,Paclitaxel–SKIN,1,False,Full-source,-0.080317721273824041
CCLE_EXPERIMENT_A_FIXED_SCORE_ORIGINAL5,CCLE-34-Paclitaxel-SKIN,FULL,WEIBULL|EC50|TERTILES,1,1,1,0.72498281373977924,0.99413621500688087,0.96922325354176853,0.039064077306366518,1,0.74548127191895897,0.74548127191895897,33,33,33,0,52,52,Paclitaxel–SKIN,1,False,Full-source,-0.013792408298187056
CCLE_EXPERIMENT_A_FIXED_SCORE_ORIGINAL5,CCLE-34-Paclitaxel-SKIN,FULL,WEIBULL|EC50|JENKS,1,1,1,0.89751073013800231,0.98953695864399771,0.98415613567128712,0.039064077306366518,1,0.78205358035193073,0.78205358035193073,33,33,33,0,27,27,Paclitaxel–SKIN,1,False,Full-source,0.12782004676009995
CCLE_EXPERIMENT_A_FIXED_SCORE_ORIGINAL5,CCLE-34-Paclitaxel-SKIN,FULL,WEIBULL|EC50|KMEANS,1,1,1,0.89751073013800231,0.98953695864399771,0.98415613567128712,0.039064077306366518,1,0.78205358035193073,0.78205358035193073,33,33,33,0,27,27,Paclitaxel–SKIN,1,False,Full-source,0.10143603122360911
CCLE_EXPERIMENT_A_FIXED_SCORE_ORIGINAL5,CCLE-34-Paclitaxel-SKIN,FULL,WEIBULL|EC50|WARD,1,1,1,0.87984970193439938,0.9652275080831928,0.98185324800561058,0.039064077306366518,1,0.77319890706591388,0.77319890706591388,33,33,33,0,39,39,Paclitaxel–SKIN,1,False,Full-source,0.12223911403730491
CCLE_EXPERIMENT_A_FIXED_SCORE_ORIGINAL5,CCLE-34-Paclitaxel-SKIN,FULL,WEIBULL|EC50|TIED_GMM,1,1,1,0.89751073013800231,0.96759236996756615,0.97953922990172382,0.039064077306366518,1,0.7767412814627318,0.7767412814627318,33,33,33,0,38,38,Paclitaxel–SKIN,1,False,Full-source,-0.09870032323959757
CCLE_EXPERIMENT_A_FIXED_SCORE_ORIGINAL5,CCLE-34-Paclitaxel-SKIN,FULL,WEIBULL|EMAX|TERTILES,1,1,1,0.84247181486560219,0.96781835487850032,0.96922325354176853,0.039064077306366518,1,0.76371550011844747,0.76371550011844747,33,33,33,0,46,46,Paclitaxel–SKIN,1,False,Full-source,0.05461830829610545
CCLE_EXPERIMENT_A_FIXED_SCORE_ORIGINAL5,CCLE-34-Paclitaxel-SKIN,FULL,WEIBULL|EMAX|JENKS,1,1,1,0.87534474907793669,0.9988265914048523,1,0.039064077306366518,1,0.78264708355783108,0.78264708355783108,33,33,33,0,21,21,Paclitaxel–SKIN,1,False,Full-source,-0.086128221286024959
CCLE_EXPERIMENT_A_FIXED_SCORE_ORIGINAL5,CCLE-34-Paclitaxel-SKIN,FULL,WEIBULL|EMAX|KMEANS,1,1,1,0.87534474907793669,0.9988265914048523,1,0.039064077306366518,1,0.78264708355783108,0.78264708355783108,33,33,33,0,21,21,Paclitaxel–SKIN,1,False,Full-source,-0.10477093076910148
CCLE_EXPERIMENT_A_FIXED_SCORE_ORIGINAL5,CCLE-34-Paclitaxel-SKIN,FULL,WEIBULL|EMAX|WARD,1,1,1,0.87534474907793669,0.9988265914048523,1,0.039064077306366518,1,0.78264708355783108,0.78264708355783108,33,33,33,0,21,21,Paclitaxel–SKIN,1,False,Full-source,0.05600848709605831
CCLE_EXPERIMENT_A_FIXED_SCORE_ORIGINAL5,CCLE-34-Paclitaxel-SKIN,FULL,WEIBULL|EMAX|TIED_GMM,1,1,1,0.77367045028027981,0.95878387132569365,0.9885057471264368,0.039064077306366518,0,0.55200482920775529,0.55200482920775529,33,33,33,0,59,59,Paclitaxel–SKIN,1,False,Full-source,-0.031893207922552999
CCLE_EXPERIMENT_A_FIXED_SCORE_ORIGINAL5,CCLE-34-Paclitaxel-SKIN,FULL,WEIBULL|AUC|TERTILES,1,1,1,0.84285645385494656,0.967450519859269,0.96922325354176853,0.039064077306366518,1,0.7637188609124701,0.7637188609124701,33,33,33,0,45,45,Paclitaxel–SKIN,1,False,Full-source,0.078939058314761862
CCLE_EXPERIMENT_A_FIXED_SCORE_ORIGINAL5,CCLE-34-Paclitaxel-SKIN,FULL,WEIBULL|AUC|JENKS,1,1,1,0.87496466968036468,0.99876450763715141,1,0.039064077306366518,1,0.7825586509247765,0.7825586509247765,33,33,33,0,24,24,Paclitaxel–SKIN,1,False,Full-source,0.095717941284114011
CCLE_EXPERIMENT_A_FIXED_SCORE_ORIGINAL5,CCLE-34-Paclitaxel-SKIN,FULL,WEIBULL|AUC|KMEANS,1,1,1,0.87496466968036468,0.99876450763715141,1,0.039064077306366518,1,0.7825586509247765,0.7825586509247765,33,33,33,0,24,24,Paclitaxel–SKIN,1,False,Full-source,0.15225269175885539
CCLE_EXPERIMENT_A_FIXED_SCORE_ORIGINAL5,CCLE-34-Paclitaxel-SKIN,FULL,WEIBULL|AUC|WARD,1,1,1,0.87496466968036468,0.99876450763715141,1,0.039064077306366518,1,0.7825586509247765,0.7825586509247765,33,33,33,0,24,24,Paclitaxel–SKIN,1,False,Full-source,-0.14901400066656387
CCLE_EXPERIMENT_A_FIXED_SCORE_ORIGINAL5,CCLE-34-Paclitaxel-SKIN,FULL,WEIBULL|AUC|TIED_GMM,1,1,1,0.77472939306977417,0.9588867763858363,0.9885057471264368,0.039064077306366518,0,0.55223719877768274,0.55223719877768274,33,33,33,0,58,58,Paclitaxel–SKIN,1,False,Full-source,0.0458251577349904
CCLE_EXPERIMENT_A_FIXED_SCORE_ORIGINAL5,CCLE-11-AZD6244-LUNG,FULL,TRIOS,1,1,1,0.8527029597833059,0.99466208081332252,0.99232340136316144,0.76929814765988502,1,0.92179731792393493,0.92179731792393493,86,86,86,0,1,1,AZD6244–LUNG,2,False,Full-source,0
CCLE_EXPERIMENT_A_FIXED_SCORE_ORIGINAL5,CCLE-11-AZD6244-LUNG,FULL,EMAX|IC50|TERTILES,1,0,0,,,,,,,0,86,0,0,0,,62,AZD6244–LUNG,2,False,Full-source,0.15002328447765284
CCLE_EXPERIMENT_A_FIXED_SCORE_ORIGINAL5,CCLE-11-AZD6244-LUNG,FULL,EMAX|IC50|JENKS,1,0,0,,,,,,,0,86,0,0,0,,62,AZD6244–LUNG,2,False,Full-source,-0.020393681270162035
CCLE_EXPERIMENT_A_FIXED_SCORE_ORIGINAL5,CCLE-11-AZD6244-LUNG,FULL,EMAX|IC50|KMEANS,1,0,0,,,,,,,0,86,0,0,0,,62,AZD6244–LUNG,2,False,Full-source,-0.076762269119909562
CCLE_EXPERIMENT_A_FIXED_SCORE_ORIGINAL5,CCLE-11-AZD6244-LUNG,FULL,EMAX|IC50|WARD,1,0,0,,,,,,,0,86,0,0,0,,62,AZD6244–LUNG,2,False,Full-source,-0.096790190249865446
CCLE_EXPERIMENT_A_FIXED_SCORE_ORIGINAL5,CCLE-11-AZD6244-LUNG,FULL,EMAX|IC50|TIED_GMM,1,0,0,,,,,,,0,86,0,0,0,,62,AZD6244–LUNG,2,False,Full-source,-0.065985645704433701
CCLE_EXPERIMENT_A_FIXED_SCORE_ORIGINAL5,CCLE-11-AZD6244-LUNG,FULL,EMAX|EC50|TERTILES,1,1,1,0.81467043401787165,0.97980409559588999,0.99028357379440179,0.19164902865050976,1,0.79528142641173472,0.79528142641173472,86,86,86,0,15,15,AZD6244–LUNG,2,False,Full-source,-0.077375214006140641
CCLE_EXPERIMENT_A_FIXED_SCORE_ORIGINAL5,CCLE-11-AZD6244-LUNG,FULL,EMAX|EC50|JENKS,1,1,1,0.94030929093634674,0.99169978841886719,0.99904148979871277,0.19164902865050976,1,0.82453991956088724,0.82453991956088724,86,86,86,0,3,3,AZD6244–LUNG,2,False,Full-source,-0.0086425236260151729
CCLE_EXPERIMENT_A_FIXED_SCORE_ORIGINAL5,CCLE-11-AZD6244-LUNG,FULL,EMAX|EC50|KMEANS,1,1,1,0.94030929093634674,0.99169978841886719,0.99904148979871277,0.19164902865050976,1,0.82453991956088724,0.82453991956088724,86,86,86,0,3,3,AZD6244–LUNG,2,False,Full-source,0.083578455951898015
CCLE_EXPERIMENT_A_FIXED_SCORE_ORIGINAL5,CCLE-11-AZD6244-LUNG,FULL,EMAX|EC50|WARD,1,1,1,0.93565991819085492,0.97092652245470246,0.97880443701367592,0.19164902865050976,1,0.81540798126194858,0.81540798126194858,86,86,86,0,5,5,AZD6244–LUNG,2,False,Full-source,-0.02003163625021271
CCLE_EXPERIMENT_A_FIXED_SCORE_ORIGINAL5,CCLE-11-AZD6244-LUNG,FULL,EMAX|EC50|TIED_GMM,1,1,1,0.94030929093634674,0.99833972666170068,1,0.19164902865050976,1,0.82605960924971134,0.82605960924971134,86,86,86,0,2,2,AZD6244–LUNG,2,True,Full-source,-0.04601316114096278
CCLE_EXPERIMENT_A_FIXED_SCORE_ORIGINAL5,CCLE-11-AZD6244-LUNG,FULL,EMAX|EMAX|TERTILES,1,1,1,0.82258527098981382,0.99756135502353471,0.98441264245054527,0.19164902865050976,1,0.79924165942288072,0.79924165942288072,86,86,86,0,13,13,AZD6244–LUNG,2,False,Full-source,-0.15453466050199574
CCLE_EXPERIMENT_A_FIXED_SCORE_ORIGINAL5,CCLE-11-AZD6244-LUNG,FULL,EMAX|EMAX|JENKS,1,1,1,0.84564281300326505,0.9802605764072343,0.9957411732380822,0.19164902865050976,1,0.80265871825981827,0.80265871825981827,86,86,86,0,10,10,AZD6244–LUNG,2,False,Full-source,-0.03387887392981883
CCLE_EXPERIMENT_A_FIXED_SCORE_ORIGINAL5,CCLE-11-AZD6244-LUNG,FULL,EMAX|EMAX|KMEANS,1,1,1,0.84564281300326505,0.9802605764072343,0.9957411732380822,0.19164902865050976,1,0.80265871825981827,0.80265871825981827,86,86,86,0,10,10,AZD6244–LUNG,2,False,Full-source,0.15653882130899907
CCLE_EXPERIMENT_A_FIXED_SCORE_ORIGINAL5,CCLE-11-AZD6244-LUNG,FULL,EMAX|EMAX|WARD,1,1,1,0.83176346654597366,0.93659579095133083,0.94051436070186822,0.19164902865050976,1,0.78010452936993646,0.78010452936993646,86,86,86,0,22,22,AZD6244–LUNG,2,False,Full-source,-0.1108451401327842
CCLE_EXPERIMENT_A_FIXED_SCORE_ORIGINAL5,CCLE-11-AZD6244-LUNG,FULL,EMAX|EMAX|TIED_GMM,1,1,1,0.83587624933682425,0.99019949213047909,0.99924703949620097,0.19164902865050976,1,0.803394361922803,0.803394361922803,86,86,86,0,9,9,AZD6244–LUNG,2,False,Full-source,0.127732443951008
CCLE_EXPERIMENT_A_FIXED_SCORE_ORIGINAL5,CCLE-11-AZD6244-LUNG,FULL,EMAX|AUC|TERTILES,1,1,1,0.81380384952508966,0.99607935795312486,0.99028357379440179,0.19164902865050976,1,0.7983631619846252,0.7983631619846252,86,86,86,0,14,14,AZD6244–LUNG,2,False,Full-source,0.072186619320927792
CCLE_EXPERIMENT_A_FIXED_SCORE_ORIGINAL5,CCLE-11-AZD6244-LUNG,FULL,EMAX|AUC|JENKS,1,1,1,0.85651049964004322,0.99938673082614471,1,0.19164902865050976,1,0.80950925182333966,0.80950925182333966,86,86,86,0,6,6,AZD6244–LUNG,2,False,Full-source,-0.096208283662844507
CCLE_EXPERIMENT_A_FIXED_SCORE_ORIGINAL5,CCLE-11-AZD6244-LUNG,FULL,EMAX|AUC|KMEANS,1,1,1,0.85651049964004322,0.99938673082614471,1,0.19164902865050976,1,0.80950925182333966,0.80950925182333966,86,86,86,0,6,6,AZD6244–LUNG,2,False,Full-source,-0.12576103097893321
CCLE_EXPERIMENT_A_FIXED_SCORE_ORIGINAL5,CCLE-11-AZD6244-LUNG,FULL,EMAX|AUC|WARD,1,1,1,0.85301839739423402,0.98817694566458036,0.98555589626067175,0.19164902865050976,1,0.80368005359399919,0.80368005359399919,86,86,86,0,8,8,AZD6244–LUNG,2,False,Full-source,-0.062446849770482357
CCLE_EXPERIMENT_A_FIXED_SCORE_ORIGINAL5,CCLE-11-AZD6244-LUNG,FULL,EMAX|AUC|TIED_GMM,1,1,1,0.83461340272303308,0.98729673243214688,0.98555973575946565,0.19164902865050976,1,0.79982377991303111,0.79982377991303111,86,86,86,0,12,12,AZD6244–LUNG,2,False,Full-source,0.047621722120703612
CCLE_EXPERIMENT_A_FIXED_SCORE_ORIGINAL5,CCLE-11-AZD6244-LUNG,FULL,HILL|IC50|TERTILES,1,0,0,,,,,,,0,86,0,0,0,,62,AZD6244–LUNG,2,False,Full-source,-0.10311762905286571
CCLE_EXPERIMENT_A_FIXED_SCORE_ORIGINAL5,CCLE-11-AZD6244-LUNG,FULL,HILL|IC50|JENKS,1,0,0,,,,,,,0,86,0,0,0,,62,AZD6244–LUNG,2,False,Full-source,0.10617221175371022
CCLE_EXPERIMENT_A_FIXED_SCORE_ORIGINAL5,CCLE-11-AZD6244-LUNG,FULL,HILL|IC50|KMEANS,1,0,0,,,,,,,0,86,0,0,0,,62,AZD6244–LUNG,2,False,Full-source,0.024909779994029047
CCLE_EXPERIMENT_A_FIXED_SCORE_ORIGINAL5,CCLE-11-AZD6244-LUNG,FULL,HILL|IC50|WARD,1,0,0,,,,,,,0,86,0,0,0,,62,AZD6244–LUNG,2,False,Full-source,0.070586614140911622
CCLE_EXPERIMENT_A_FIXED_SCORE_ORIGINAL5,CCLE-11-AZD6244-LUNG,FULL,HILL|IC50|TIED_GMM,1,0,0,,,,,,,0,86,0,0,0,,62,AZD6244–LUNG,2,False,Full-source,0.14889718711117683
CCLE_EXPERIMENT_A_FIXED_SCORE_ORIGINAL5,CCLE-11-AZD6244-LUNG,FULL,HILL|EC50|TERTILES,1,1,1,0.58690637449982652,0.99749981561526824,0.99608597129712284,0.016714760051273526,1,0.71944138429269822,0.71944138429269822,86,86,86,0,61,61,AZD6244–LUNG,2,False,Full-source,0.14746822312182473
CCLE_EXPERIMENT_A_FIXED_SCORE_ORIGINAL5,CCLE-11-AZD6244-LUNG,FULL,HILL|EC50|JENKS,1,1,1,0.90924163593760143,0.99473104533778844,0.99401682458046559,0.016714760051273526,1,0.78294085318142581,0.78294085318142581,86,86,86,0,18,18,AZD6244–LUNG,2,False,Full-source,0.12968838296124907
CCLE_EXPERIMENT_A_FIXED_SCORE_ORIGINAL5,CCLE-11-AZD6244-LUNG,FULL,HILL|EC50|KMEANS,1,1,1,0.90924163593760143,0.99473104533778844,0.99401682458046559,0.016714760051273526,1,0.78294085318142581,0.78294085318142581,86,86,86,0,18,18,AZD6244–LUNG,2,False,Full-source,-0.060861685103937441
CCLE_EXPERIMENT_A_FIXED_SCORE_ORIGINAL5,CCLE-11-AZD6244-LUNG,FULL,HILL|EC50|WARD,1,1,1,0.90887060117972984,0.98046591230624713,0.99394919952118499,0.016714760051273526,1,0.78000009461168707,0.78000009461168707,86,86,86,0,23,23,AZD6244–LUNG,2,False,Full-source,0.11436408190856781
CCLE_EXPERIMENT_A_FIXED_SCORE_ORIGINAL5,CCLE-11-AZD6244-LUNG,FULL,HILL|EC50|TIED_GMM,1,1,1,0.9011330154095909,0.97613928896853952,0.99293370563140892,0.016714760051273526,1,0.77738415401216254,0.77738415401216254,86,86,86,0,26,26,AZD6244–LUNG,2,False,Full-source,-0.15712456956438828
CCLE_EXPERIMENT_A_FIXED_SCORE_ORIGINAL5,CCLE-11-AZD6244-LUNG,FULL,HILL|EMAX|TERTILES,1,1,1,0.80295697782593645,0.99784174811790471,0.98441264245054527,0.016714760051273526,1,0.76038522568913192,0.76038522568913192,86,86,86,0,51,51,AZD6244–LUNG,2,False,Full-source,0.1335559467164697
CCLE_EXPERIMENT_A_FIXED_SCORE_ORIGINAL5,CCLE-11-AZD6244-LUNG,FULL,HILL|EMAX|JENKS,1,1,1,0.84909702881440263,0.99511854170406155,0.99972632731253419,0.016714760051273526,1,0.77213133157645442,0.77213133157645442,86,86,86,0,36,36,AZD6244–LUNG,2,False,Full-source,-0.078149880002753316
CCLE_EXPERIMENT_A_FIXED_SCORE_ORIGINAL5,CCLE-11-AZD6244-LUNG,FULL,HILL|EMAX|KMEANS,1,1,1,0.84909702881440263,0.99511854170406155,0.99972632731253419,0.016714760051273526,1,0.77213133157645442,0.77213133157645442,86,86,86,0,36,36,AZD6244–LUNG,2,False,Full-source,0.033722190380497424
CCLE_EXPERIMENT_A_FIXED_SCORE_ORIGINAL5,CCLE-11-AZD6244-LUNG,FULL,HILL|EMAX|WARD,1,1,1,0.84909702881440263,0.95417159823294007,0.96085679663082058,0.016714760051273526,1,0.7561680367458874,0.7561680367458874,86,86,86,0,55,55,AZD6244–LUNG,2,False,Full-source,-0.029716464101736548
CCLE_EXPERIMENT_A_FIXED_SCORE_ORIGINAL5,CCLE-11-AZD6244-LUNG,FULL,HILL|EMAX|TIED_GMM,1,1,1,0.83273423860466822,0.98709063480415216,0.98582450524522347,0.016714760051273526,1,0.76447282774106351,0.76447282774106351,86,86,86,0,44,44,AZD6244–LUNG,2,False,Full-source,-0.064296132303843304
CCLE_EXPERIMENT_A_FIXED_SCORE_ORIGINAL5,CCLE-11-AZD6244-LUNG,FULL,HILL|AUC|TERTILES,1,1,1,0.8073050472674782,0.99787168931639914,0.99608597129712284,0.016714760051273526,1,0.76359549358645473,0.76359549358645473,86,86,86,0,47,47,AZD6244–LUNG,2,False,Full-source,-0.1556700941910199
CCLE_EXPERIMENT_A_FIXED_SCORE_ORIGINAL5,CCLE-11-AZD6244-LUNG,FULL,HILL|AUC|JENKS,1,1,1,0.85632830381196157,0.99880583981380622,1,0.016714760051273526,1,0.77436978073540819,0.77436978073540819,86,86,86,0,29,29,AZD6244–LUNG,2,False,Full-source,0.11293238892055406
CCLE_EXPERIMENT_A_FIXED_SCORE_ORIGINAL5,CCLE-11-AZD6244-LUNG,FULL,HILL|AUC|KMEANS,1,1,1,0.85632830381196157,0.99880583981380622,1,0.016714760051273526,1,0.77436978073540819,0.77436978073540819,86,86,86,0,29,29,AZD6244–LUNG,2,False,Full-source,0.12511253222010854
CCLE_EXPERIMENT_A_FIXED_SCORE_ORIGINAL5,CCLE-11-AZD6244-LUNG,FULL,HILL|AUC|WARD,1,1,1,0.85632830381196157,0.99119040947433101,0.99327243668788012,0.016714760051273526,1,0.77150118200508921,0.77150118200508921,86,86,86,0,40,40,AZD6244–LUNG,2,False,Full-source,-0.10591065785519561
CCLE_EXPERIMENT_A_FIXED_SCORE_ORIGINAL5,CCLE-11-AZD6244-LUNG,FULL,HILL|AUC|TIED_GMM,1,1,1,0.83233498680755791,0.98907942876065302,0.98113758136292528,0.016714760051273526,1,0.76385335139648203,0.76385335139648203,86,86,86,0,46,46,AZD6244–LUNG,2,False,Full-source,0.034481403649431037
CCLE_EXPERIMENT_A_FIXED_SCORE_ORIGINAL5,CCLE-11-AZD6244-LUNG,FULL,LOGISTIC|IC50|TERTILES,1,0,0,,,,,,,0,86,0,0,0,,62,AZD6244–LUNG,2,False,Full-source,-0.12606446891232964
CCLE_EXPERIMENT_A_FIXED_SCORE_ORIGINAL5,CCLE-11-AZD6244-LUNG,FULL,LOGISTIC|IC50|JENKS,1,0,0,,,,,,,0,86,0,0,0,,62,AZD6244–LUNG,2,False,Full-source,0.087856823859702976
CCLE_EXPERIMENT_A_FIXED_SCORE_ORIGINAL5,CCLE-11-AZD6244-LUNG,FULL,LOGISTIC|IC50|KMEANS,1,0,0,,,,,,,0,86,0,0,0,,62,AZD6244–LUNG,2,False,Full-source,0.093920685857050296
CCLE_EXPERIMENT_A_FIXED_SCORE_ORIGINAL5,CCLE-11-AZD6244-LUNG,FULL,LOGISTIC|IC50|WARD,1,0,0,,,,,,,0,86,0,0,0,,62,AZD6244–LUNG,2,False,Full-source,0.097022593826293607
CCLE_EXPERIMENT_A_FIXED_SCORE_ORIGINAL5,CCLE-11-AZD6244-LUNG,FULL,LOGISTIC|IC50|TIED_GMM,1,0,0,,,,,,,0,86,0,0,0,,62,AZD6244–LUNG,2,False,Full-source,-0.15121769651566114
CCLE_EXPERIMENT_A_FIXED_SCORE_ORIGINAL5,CCLE-11-AZD6244-LUNG,FULL,LOGISTIC|EC50|TERTILES,1,1,1,0.61565271344034234,0.9988515523498922,0.99608597129712284,0.0055834751945006414,1,0.72323474245637154,0.72323474245637154,86,86,86,0,58,58,AZD6244–LUNG,2,False,Full-source,0.10649664333707108
CCLE_EXPERIMENT_A_FIXED_SCORE_ORIGINAL5,CCLE-11-AZD6244-LUNG,FULL,LOGISTIC|EC50|JENKS,1,1,1,0.91374830604610868,0.99827993019981742,1,0.0055834751945006414,1,0.78352234228808526,0.78352234228808526,86,86,86,0,16,16,AZD6244–LUNG,2,False,Full-source,-0.021464465004732942
CCLE_EXPERIMENT_A_FIXED_SCORE_ORIGINAL5,CCLE-11-AZD6244-LUNG,FULL,LOGISTIC|EC50|KMEANS,1,1,1,0.91374830604610868,0.99827993019981742,1,0.0055834751945006414,1,0.78352234228808526,0.78352234228808526,86,86,86,0,16,16,AZD6244–LUNG,2,False,Full-source,-0.013204098980222857
CCLE_EXPERIMENT_A_FIXED_SCORE_ORIGINAL5,CCLE-11-AZD6244-LUNG,FULL,LOGISTIC|EC50|WARD,1,1,1,0.91374830604610868,0.99184294590340971,0.98743303362895718,0.0055834751945006414,1,0.77972155215459527,0.77972155215459527,86,86,86,0,24,24,AZD6244–LUNG,2,False,Full-source,-0.08789094520916485
CCLE_EXPERIMENT_A_FIXED_SCORE_ORIGINAL5,CCLE-11-AZD6244-LUNG,FULL,LOGISTIC|EC50|TIED_GMM,1,1,1,0.90642362377657981,0.99721360818966465,0.99911001574587521,0.0055834751945006414,1,0.781666144581324,0.781666144581324,86,86,86,0,21,21,AZD6244–LUNG,2,False,Full-source,-0.04332959381009676
CCLE_EXPERIMENT_A_FIXED_SCORE_ORIGINAL5,CCLE-11-AZD6244-LUNG,FULL,LOGISTIC|EMAX|TERTILES,1,1,1,0.8204088657234303,0.99535778596961955,0.99608597129712284,0.0055834751945006414,1,0.76348721963693467,0.76348721963693467,86,86,86,0,48,48,AZD6244–LUNG,2,False,Full-source,-0.076523060555691608
CCLE_EXPERIMENT_A_FIXED_SCORE_ORIGINAL5,CCLE-11-AZD6244-LUNG,FULL,LOGISTIC|EMAX|JENKS,1,1,1,0.83998264464306205,0.96552621489100887,0.98963372494816859,0.0055834751945006414,1,0.76014521193534801,0.76014521193534801,86,86,86,0,52,52,AZD6244–LUNG,2,False,Full-source,0.061657198421111621
CCLE_EXPERIMENT_A_FIXED_SCORE_ORIGINAL5,CCLE-11-AZD6244-LUNG,FULL,LOGISTIC|EMAX|KMEANS,1,1,1,0.83998264464306205,0.96437389195400758,0.9888650667404385,0.0055834751945006414,1,0.75976101570640175,0.75976101570640175,86,86,86,0,54,54,AZD6244–LUNG,2,False,Full-source,0.023310994176033654
CCLE_EXPERIMENT_A_FIXED_SCORE_ORIGINAL5,CCLE-11-AZD6244-LUNG,FULL,LOGISTIC|EMAX|WARD,1,1,1,0.81376800892863277,0.89920588306799953,0.8927346735190117,0.0055834751945006414,1,0.72225840814202891,0.72225840814202891,86,86,86,0,59,59,AZD6244–LUNG,2,False,Full-source,-0.078664399068491625
CCLE_EXPERIMENT_A_FIXED_SCORE_ORIGINAL5,CCLE-11-AZD6244-LUNG,FULL,LOGISTIC|EMAX|TIED_GMM,1,1,1,0.83987566814125425,0.99652352437605196,0.99096445494587349,0.0055834751945006414,1,0.76658942453153611,0.76658942453153611,86,86,86,0,42,42,AZD6244–LUNG,2,False,Full-source,-0.13170034072634307
CCLE_EXPERIMENT_A_FIXED_SCORE_ORIGINAL5,CCLE-11-AZD6244-LUNG,FULL,LOGISTIC|AUC|TERTILES,1,1,1,0.81330196651335285,0.9967936453550853,0.98441264245054527,0.0055834751945006414,1,0.76001834590269679,0.76001834590269679,86,86,86,0,53,53,AZD6244–LUNG,2,False,Full-source,0.031377705156658248
CCLE_EXPERIMENT_A_FIXED_SCORE_ORIGINAL5,CCLE-11-AZD6244-LUNG,FULL,LOGISTIC|AUC|JENKS,1,1,1,0.85967847948395593,0.99879411159679654,1,0.0055834751945006414,1,0.77281121325505064,0.77281121325505064,86,86,86,0,33,33,AZD6244–LUNG,2,False,Full-source,0.055142059823298374
CCLE_EXPERIMENT_A_FIXED_SCORE_ORIGINAL5,CCLE-11-AZD6244-LUNG,FULL,LOGISTIC|AUC|KMEANS,1,1,1,0.85967847948395593,0.99879411159679654,1,0.0055834751945006414,1,0.77281121325505064,0.77281121325505064,86,86,86,0,33,33,AZD6244–LUNG,2,False,Full-source,0.1375925677217526
CCLE_EXPERIMENT_A_FIXED_SCORE_ORIGINAL5,CCLE-11-AZD6244-LUNG,FULL,LOGISTIC|AUC|WARD,1,1,1,0.85967847948395593,0.99879411159679654,1,0.0055834751945006414,1,0.77281121325505064,0.77281121325505064,86,86,86,0,33,33,AZD6244–LUNG,2,False,Full-source,0.011483798886529116
CCLE_EXPERIMENT_A_FIXED_SCORE_ORIGINAL5,CCLE-11-AZD6244-LUNG,FULL,LOGISTIC|AUC|TIED_GMM,1,1,1,0.82636093417722922,0.98310188888178385,0.9610207334411357,0.0055834751945006414,1,0.75521340633892986,0.75521340633892986,86,86,86,0,56,56,AZD6244–LUNG,2,False,Full-source,-0.15251671150152496
CCLE_EXPERIMENT_A_FIXED_SCORE_ORIGINAL5,CCLE-11-AZD6244-LUNG,FULL,WEIBULL|IC50|TERTILES,1,0,0,,,,,,,0,86,0,0,0,,62,AZD6244–LUNG,2,False,Full-source,-0.060621252856361975
CCLE_EXPERIMENT_A_FIXED_SCORE_ORIGINAL5,CCLE-11-AZD6244-LUNG,FULL,WEIBULL|IC50|JENKS,1,0,0,,,,,,,0,86,0,0,0,,62,AZD6244–LUNG,2,False,Full-source,-0.00684737827788279
CCLE_EXPERIMENT_A_FIXED_SCORE_ORIGINAL5,CCLE-11-AZD6244-LUNG,FULL,WEIBULL|IC50|KMEANS,1,0,0,,,,,,,0,86,0,0,0,,62,AZD6244–LUNG,2,False,Full-source,-0.11186317167055401
CCLE_EXPERIMENT_A_FIXED_SCORE_ORIGINAL5,CCLE-11-AZD6244-LUNG,FULL,WEIBULL|IC50|WARD,1,0,0,,,,,,,0,86,0,0,0,,62,AZD6244–LUNG,2,False,Full-source,0.089592029212413354
CCLE_EXPERIMENT_A_FIXED_SCORE_ORIGINAL5,CCLE-11-AZD6244-LUNG,FULL,WEIBULL|IC50|TIED_GMM,1,0,0,,,,,,,0,86,0,0,0,,62,AZD6244–LUNG,2,False,Full-source,-0.080317721273824041
CCLE_EXPERIMENT_A_FIXED_SCORE_ORIGINAL5,CCLE-11-AZD6244-LUNG,FULL,WEIBULL|EC50|TERTILES,1,1,1,0.60471766253834536,0.99429531411372607,0.99028357379440179,0.016754588443830803,1,0.72121022777806076,0.72121022777806076,86,86,86,0,60,60,AZD6244–LUNG,2,False,Full-source,-0.013792408298187056
CCLE_EXPERIMENT_A_FIXED_SCORE_ORIGINAL5,CCLE-11-AZD6244-LUNG,FULL,WEIBULL|EC50|JENKS,1,1,1,0.89705584350578049,0.99075817688744805,0.97773967867710088,0.016754588443830803,1,0.77646165750283203,0.77646165750283203,86,86,86,0,28,28,AZD6244–LUNG,2,False,Full-source,0.12782004676009995
CCLE_EXPERIMENT_A_FIXED_SCORE_ORIGINAL5,CCLE-11-AZD6244-LUNG,FULL,WEIBULL|EC50|KMEANS,1,1,1,0.89705584350578049,0.99143846877654485,0.97867147242404195,0.016754588443830803,1,0.77678407463003962,0.77678407463003962,86,86,86,0,27,27,AZD6244–LUNG,2,False,Full-source,0.10143603122360911
CCLE_EXPERIMENT_A_FIXED_SCORE_ORIGINAL5,CCLE-11-AZD6244-LUNG,FULL,WEIBULL|EC50|WARD,1,1,1,0.89462099433801079,0.98987961932882818,0.99232340136316144,0.016754588443830803,1,0.77871572069476624,0.77871572069476624,86,86,86,0,25,25,AZD6244–LUNG,2,False,Full-source,0.12223911403730491
CCLE_EXPERIMENT_A_FIXED_SCORE_ORIGINAL5,CCLE-11-AZD6244-LUNG,FULL,WEIBULL|EC50|TIED_GMM,1,1,1,0.89462099433801079,0.99726005608905455,0.99986318237789018,0.016754588443830803,1,0.78169976424975718,0.78169976424975718,86,86,86,0,20,20,AZD6244–LUNG,2,False,Full-source,-0.09870032323959757
CCLE_EXPERIMENT_A_FIXED_SCORE_ORIGINAL5,CCLE-11-AZD6244-LUNG,FULL,WEIBULL|EMAX|TERTILES,1,1,1,0.80724510811027683,0.99765537696836792,0.98441264245054527,0.016754588443830803,1,0.76121354319460421,0.76121354319460421,86,86,86,0,50,50,AZD6244–LUNG,2,False,Full-source,0.05461830829610545
CCLE_EXPERIMENT_A_FIXED_SCORE_ORIGINAL5,CCLE-11-AZD6244-LUNG,FULL,WEIBULL|EMAX|JENKS,1,1,1,0.84729091647289057,0.99614522787025295,0.99972632731253419,0.016754588443830803,1,0.77198341201990162,0.77198341201990162,86,86,86,0,38,38,AZD6244–LUNG,2,False,Full-source,-0.086128221286024959
CCLE_EXPERIMENT_A_FIXED_SCORE_ORIGINAL5,CCLE-11-AZD6244-LUNG,FULL,WEIBULL|EMAX|KMEANS,1,1,1,0.84729091647289057,0.99614522787025295,0.99972632731253419,0.016754588443830803,1,0.77198341201990162,0.77198341201990162,86,86,86,0,38,38,AZD6244–LUNG,2,False,Full-source,-0.10477093076910148
CCLE_EXPERIMENT_A_FIXED_SCORE_ORIGINAL5,CCLE-11-AZD6244-LUNG,FULL,WEIBULL|EMAX|WARD,1,1,1,0.84180051027617853,0.95366376670606468,0.9208102114509793,0.016754588443830803,1,0.74660581537541071,0.74660581537541071,86,86,86,0,57,57,AZD6244–LUNG,2,False,Full-source,0.05600848709605831
CCLE_EXPERIMENT_A_FIXED_SCORE_ORIGINAL5,CCLE-11-AZD6244-LUNG,FULL,WEIBULL|EMAX|TIED_GMM,1,1,1,0.8334947230614983,0.98863171369382052,0.98191502459064184,0.016754588443830803,1,0.76415920995795827,0.76415920995795827,86,86,86,0,45,45,AZD6244–LUNG,2,False,Full-source,-0.031893207922552999
CCLE_EXPERIMENT_A_FIXED_SCORE_ORIGINAL5,CCLE-11-AZD6244-LUNG,FULL,WEIBULL|AUC|TERTILES,1,1,1,0.80705860256515471,0.99767142921872987,0.99028357379440179,0.016754588443830803,1,0.76235363880442342,0.76235363880442342,86,86,86,0,49,49,AZD6244–LUNG,2,False,Full-source,0.078939058314761862
CCLE_EXPERIMENT_A_FIXED_SCORE_ORIGINAL5,CCLE-11-AZD6244-LUNG,FULL,WEIBULL|AUC|JENKS,1,1,1,0.85519061481233416,0.99715898751293641,0.99965788573383518,0.016754588443830803,1,0.77375241530058736,0.77375241530058736,86,86,86,0,31,31,AZD6244–LUNG,2,False,Full-source,0.095717941284114011
CCLE_EXPERIMENT_A_FIXED_SCORE_ORIGINAL5,CCLE-11-AZD6244-LUNG,FULL,WEIBULL|AUC|KMEANS,1,1,1,0.85519061481233416,0.99715898751293641,0.99965788573383518,0.016754588443830803,1,0.77375241530058736,0.77375241530058736,86,86,86,0,31,31,AZD6244–LUNG,2,False,Full-source,0.15225269175885539
CCLE_EXPERIMENT_A_FIXED_SCORE_ORIGINAL5,CCLE-11-AZD6244-LUNG,FULL,WEIBULL|AUC|WARD,1,1,1,0.85243693836459866,0.99442519881715119,0.99374626848948466,0.016754588443830803,1,0.771472598823013,0.771472598823013,86,86,86,0,41,41,AZD6244–LUNG,2,False,Full-source,-0.14901400066656387
CCLE_EXPERIMENT_A_FIXED_SCORE_ORIGINAL5,CCLE-11-AZD6244-LUNG,FULL,WEIBULL|AUC|TIED_GMM,1,1,1,0.83513968353159895,0.98745763417863586,0.98638451999103383,0.016754588443830803,1,0.76514728522901987,0.76514728522901987,86,86,86,0,43,43,AZD6244–LUNG,2,False,Full-source,0.0458251577349904
CCLE_EXPERIMENT_A_FIXED_SCORE_ORIGINAL5,CCLE-38-PD-0325901-HEM,FULL,TRIOS,1,1,1,0.87715671699213549,0.98912471529106616,0.98232577520052777,0.61104289519257038,1,0.89193002053525983,0.89193002053525983,62,62,62,0,1,1,PD-0325901–HEM,3,False,Full-source,0
CCLE_EXPERIMENT_A_FIXED_SCORE_ORIGINAL5,CCLE-38-PD-0325901-HEM,FULL,EMAX|IC50|TERTILES,1,0,0,,,,,,,0,62,0,0,0,,62,PD-0325901–HEM,3,False,Full-source,0.15002328447765284
CCLE_EXPERIMENT_A_FIXED_SCORE_ORIGINAL5,CCLE-38-PD-0325901-HEM,FULL,EMAX|IC50|JENKS,1,0,0,,,,,,,0,62,0,0,0,,62,PD-0325901–HEM,3,False,Full-source,-0.020393681270162035
CCLE_EXPERIMENT_A_FIXED_SCORE_ORIGINAL5,CCLE-38-PD-0325901-HEM,FULL,EMAX|IC50|KMEANS,1,0,0,,,,,,,0,62,0,0,0,,62,PD-0325901–HEM,3,False,Full-source,-0.076762269119909562
CCLE_EXPERIMENT_A_FIXED_SCORE_ORIGINAL5,CCLE-38-PD-0325901-HEM,FULL,EMAX|IC50|WARD,1,0,0,,,,,,,0,62,0,0,0,,62,PD-0325901–HEM,3,False,Full-source,-0.096790190249865446
CCLE_EXPERIMENT_A_FIXED_SCORE_ORIGINAL5,CCLE-38-PD-0325901-HEM,FULL,EMAX|IC50|TIED_GMM,1,0,0,,,,,,,0,62,0,0,0,,62,PD-0325901–HEM,3,False,Full-source,-0.065985645704433701
CCLE_EXPERIMENT_A_FIXED_SCORE_ORIGINAL5,CCLE-38-PD-0325901-HEM,FULL,EMAX|EC50|TERTILES,1,1,1,0.31919700278213292,0.99843536965716451,0.98650798454102939,0.32315400407748351,1,0.72545887221156202,0.72545887221156202,62,62,62,0,58,58,PD-0325901–HEM,3,False,Full-source,-0.077375214006140641
CCLE_EXPERIMENT_A_FIXED_SCORE_ORIGINAL5,CCLE-38-PD-0325901-HEM,FULL,EMAX|EC50|JENKS,1,1,1,0.97831320021688395,0.9904625312253782,0.99186991869918695,0.32315400407748351,1,0.85675993084378654,0.85675993084378654,62,62,62,0,3,3,PD-0325901–HEM,3,False,Full-source,-0.0086425236260151729
CCLE_EXPERIMENT_A_FIXED_SCORE_ORIGINAL5,CCLE-38-PD-0325901-HEM,FULL,EMAX|EC50|KMEANS,1,1,1,0.97831320021688395,0.9904625312253782,0.99186991869918695,0.32315400407748351,1,0.85675993084378654,0.85675993084378654,62,62,62,0,3,3,PD-0325901–HEM,3,False,Full-source,0.083578455951898015
CCLE_EXPERIMENT_A_FIXED_SCORE_ORIGINAL5,CCLE-38-PD-0325901-HEM,FULL,EMAX|EC50|WARD,1,1,1,0.97545357305821712,0.98582425148828856,0.99986777733703558,0.32315400407748351,1,0.85685992119220489,0.85685992119220489,62,62,62,0,2,2,PD-0325901–HEM,3,True,Full-source,-0.02003163625021271
CCLE_EXPERIMENT_A_FIXED_SCORE_ORIGINAL5,CCLE-38-PD-0325901-HEM,FULL,EMAX|EC50|TIED_GMM,1,1,1,0.97831320021688395,0.98134916244787762,0.99160972085442367,0.32315400407748351,1,0.85488521751933377,0.85488521751933377,62,62,62,0,5,5,PD-0325901–HEM,3,False,Full-source,-0.04601316114096278
CCLE_EXPERIMENT_A_FIXED_SCORE_ORIGINAL5,CCLE-38-PD-0325901-HEM,FULL,EMAX|EMAX|TERTILES,1,1,1,0.88912446891988839,0.98274220290097303,0.97833335512637787,0.32315400407748351,1,0.83467080620494438,0.83467080620494438,62,62,62,0,12,12,PD-0325901–HEM,3,False,Full-source,-0.15453466050199574
CCLE_EXPERIMENT_A_FIXED_SCORE_ORIGINAL5,CCLE-38-PD-0325901-HEM,FULL,EMAX|EMAX|JENKS,1,1,1,0.8944404207244685,0.99530052938372793,0.99947089947089951,0.32315400407748351,1,0.84247317073131589,0.84247317073131589,62,62,62,0,9,9,PD-0325901–HEM,3,False,Full-source,-0.03387887392981883
CCLE_EXPERIMENT_A_FIXED_SCORE_ORIGINAL5,CCLE-38-PD-0325901-HEM,FULL,EMAX|EMAX|KMEANS,1,1,1,0.8944404207244685,0.99530052938372793,0.99947089947089951,0.32315400407748351,1,0.84247317073131589,0.84247317073131589,62,62,62,0,9,9,PD-0325901–HEM,3,False,Full-source,0.15653882130899907
CCLE_EXPERIMENT_A_FIXED_SCORE_ORIGINAL5,CCLE-38-PD-0325901-HEM,FULL,EMAX|EMAX|WARD,1,1,1,0.8866034478815944,0.9992177161024105,1,0.32315400407748351,1,0.84179503361229779,0.84179503361229779,62,62,62,0,11,11,PD-0325901–HEM,3,False,Full-source,-0.1108451401327842
CCLE_EXPERIMENT_A_FIXED_SCORE_ORIGINAL5,CCLE-38-PD-0325901-HEM,FULL,EMAX|EMAX|TIED_GMM,1,1,1,0.8878188540935017,0.98366379245665148,0.97547967422808413,0.32315400407748351,1,0.83402326497114421,0.83402326497114421,62,62,62,0,13,13,PD-0325901–HEM,3,False,Full-source,0.127732443951008
CCLE_EXPERIMENT_A_FIXED_SCORE_ORIGINAL5,CCLE-38-PD-0325901-HEM,FULL,EMAX|AUC|TERTILES,1,1,1,0.8778996066884095,0.98117148443652979,0.98650798454102939,0.32315400407748351,1,0.83374661594869048,0.83374661594869048,62,62,62,0,14,14,PD-0325901–HEM,3,False,Full-source,0.072186619320927792
CCLE_EXPERIMENT_A_FIXED_SCORE_ORIGINAL5,CCLE-38-PD-0325901-HEM,FULL,EMAX|AUC|JENKS,1,1,1,0.90402255748012628,0.99890555102766487,1,0.32315400407748351,1,0.84521642251705487,0.84521642251705487,62,62,62,0,6,6,PD-0325901–HEM,3,False,Full-source,-0.096208283662844507
CCLE_EXPERIMENT_A_FIXED_SCORE_ORIGINAL5,CCLE-38-PD-0325901-HEM,FULL,EMAX|AUC|KMEANS,1,1,1,0.90402255748012628,0.99890555102766487,1,0.32315400407748351,1,0.84521642251705487,0.84521642251705487,62,62,62,0,6,6,PD-0325901–HEM,3,False,Full-source,-0.12576103097893321
CCLE_EXPERIMENT_A_FIXED_SCORE_ORIGINAL5,CCLE-38-PD-0325901-HEM,FULL,EMAX|AUC|WARD,1,1,1,0.88171994835929079,0.97499444706769389,0.97949588611727834,0.32315400407748351,1,0.83187285712434933,0.83187285712434933,62,62,62,0,15,15,PD-0325901–HEM,3,False,Full-source,-0.062446849770482357
CCLE_EXPERIMENT_A_FIXED_SCORE_ORIGINAL5,CCLE-38-PD-0325901-HEM,FULL,EMAX|AUC|TIED_GMM,1,1,1,0.90402255748012628,0.99890555102766487,1,0.32315400407748351,1,0.84521642251705487,0.84521642251705487,62,62,62,0,6,6,PD-0325901–HEM,3,False,Full-source,0.047621722120703612
CCLE_EXPERIMENT_A_FIXED_SCORE_ORIGINAL5,CCLE-38-PD-0325901-HEM,FULL,HILL|IC50|TERTILES,1,0,0,,,,,,,0,62,0,0,0,,62,PD-0325901–HEM,3,False,Full-source,-0.10311762905286571
CCLE_EXPERIMENT_A_FIXED_SCORE_ORIGINAL5,CCLE-38-PD-0325901-HEM,FULL,HILL|IC50|JENKS,1,0,0,,,,,,,0,62,0,0,0,,62,PD-0325901–HEM,3,False,Full-source,0.10617221175371022
CCLE_EXPERIMENT_A_FIXED_SCORE_ORIGINAL5,CCLE-38-PD-0325901-HEM,FULL,HILL|IC50|KMEANS,1,0,0,,,,,,,0,62,0,0,0,,62,PD-0325901–HEM,3,False,Full-source,0.024909779994029047
CCLE_EXPERIMENT_A_FIXED_SCORE_ORIGINAL5,CCLE-38-PD-0325901-HEM,FULL,HILL|IC50|WARD,1,0,0,,,,,,,0,62,0,0,0,,62,PD-0325901–HEM,3,False,Full-source,0.070586614140911622
CCLE_EXPERIMENT_A_FIXED_SCORE_ORIGINAL5,CCLE-38-PD-0325901-HEM,FULL,HILL|IC50|TIED_GMM,1,0,0,,,,,,,0,62,0,0,0,,62,PD-0325901–HEM,3,False,Full-source,0.14889718711117683
CCLE_EXPERIMENT_A_FIXED_SCORE_ORIGINAL5,CCLE-38-PD-0325901-HEM,FULL,HILL|EC50|TERTILES,1,1,1,0.18235615207122183,0.99981402257196872,0.98650798454102939,0.03294419809308996,1,0.64032447145546201,0.64032447145546201,62,62,62,0,61,61,PD-0325901–HEM,3,False,Full-source,0.14746822312182473
CCLE_EXPERIMENT_A_FIXED_SCORE_ORIGINAL5,CCLE-38-PD-0325901-HEM,FULL,HILL|EC50|JENKS,1,1,1,0.98337672136701204,0.99153007024207096,0.99173983711870384,0.03294419809308996,1,0.79991816536417537,0.79991816536417537,62,62,62,0,21,21,PD-0325901–HEM,3,False,Full-source,0.12968838296124907
CCLE_EXPERIMENT_A_FIXED_SCORE_ORIGINAL5,CCLE-38-PD-0325901-HEM,FULL,HILL|EC50|KMEANS,1,1,1,0.98337672136701204,0.9935575535775395,0.99186991869918695,0.03294419809308996,1,0.80034967834736581,0.80034967834736581,62,62,62,0,20,20,PD-0325901–HEM,3,False,Full-source,-0.060861685103937441
CCLE_EXPERIMENT_A_FIXED_SCORE_ORIGINAL5,CCLE-38-PD-0325901-HEM,FULL,HILL|EC50|WARD,1,1,1,0.97834017591178457,0.98761622037765029,0.98322268428378767,0.03294419809308996,1,0.79642465573326249,0.79642465573326249,62,62,62,0,22,22,PD-0325901–HEM,3,False,Full-source,0.11436408190856781
CCLE_EXPERIMENT_A_FIXED_SCORE_ORIGINAL5,CCLE-38-PD-0325901-HEM,FULL,HILL|EC50|TIED_GMM,1,1,1,0.98263627388599084,0.99238178392660259,0.99986777733703558,0.03294419809308996,1,0.80156600664854383,0.80156600664854383,62,62,62,0,19,19,PD-0325901–HEM,3,False,Full-source,-0.15712456956438828
CCLE_EXPERIMENT_A_FIXED_SCORE_ORIGINAL5,CCLE-38-PD-0325901-HEM,FULL,HILL|EMAX|TERTILES,1,1,1,0.88564525018460849,0.98142781876449736,0.99455004652399304,0.03294419809308996,1,0.7789134627132378,0.7789134627132378,62,62,62,0,46,46,PD-0325901–HEM,3,False,Full-source,0.1335559467164697
CCLE_EXPERIMENT_A_FIXED_SCORE_ORIGINAL5,CCLE-38-PD-0325901-HEM,FULL,HILL|EMAX|JENKS,1,1,1,0.89639200329962931,0.99597974102720199,0.99986777733703558,0.03294419809308996,1,0.78503674395139134,0.78503674395139134,62,62,62,0,34,34,PD-0325901–HEM,3,False,Full-source,-0.078149880002753316
CCLE_EXPERIMENT_A_FIXED_SCORE_ORIGINAL5,CCLE-38-PD-0325901-HEM,FULL,HILL|EMAX|KMEANS,1,1,1,0.89639200329962931,0.99597974102720199,0.99986777733703558,0.03294419809308996,1,0.78503674395139134,0.78503674395139134,62,62,62,0,34,34,PD-0325901–HEM,3,False,Full-source,0.033722190380497424
CCLE_EXPERIMENT_A_FIXED_SCORE_ORIGINAL5,CCLE-38-PD-0325901-HEM,FULL,HILL|EMAX|WARD,1,1,1,0.88564525018460849,0.99854230858358184,1,0.03294419809308996,1,0.78342635137225602,0.78342635137225602,62,62,62,0,38,38,PD-0325901–HEM,3,False,Full-source,-0.029716464101736548
CCLE_EXPERIMENT_A_FIXED_SCORE_ORIGINAL5,CCLE-38-PD-0325901-HEM,FULL,HILL|EMAX|TIED_GMM,1,1,1,0.89576436123977476,0.98995534220742121,0.99017614884361949,0.03294419809308996,1,0.78176801007678109,0.78176801007678109,62,62,62,0,40,40,PD-0325901–HEM,3,False,Full-source,-0.064296132303843304
CCLE_EXPERIMENT_A_FIXED_SCORE_ORIGINAL5,CCLE-38-PD-0325901-HEM,FULL,HILL|AUC|TERTILES,1,1,1,0.87168883026641419,0.99103886353577975,0.99455004652399304,0.03294419809308996,1,0.77804438768385542,0.77804438768385542,62,62,62,0,48,48,PD-0325901–HEM,3,False,Full-source,-0.1556700941910199
CCLE_EXPERIMENT_A_FIXED_SCORE_ORIGINAL5,CCLE-38-PD-0325901-HEM,FULL,HILL|AUC|JENKS,1,1,1,0.9066949816477784,0.99916208318853483,1,0.03294419809308996,1,0.78776025258588067,0.78776025258588067,62,62,62,0,25,25,PD-0325901–HEM,3,False,Full-source,0.11293238892055406
CCLE_EXPERIMENT_A_FIXED_SCORE_ORIGINAL5,CCLE-38-PD-0325901-HEM,FULL,HILL|AUC|KMEANS,1,1,1,0.9066949816477784,0.99916208318853483,1,0.03294419809308996,1,0.78776025258588067,0.78776025258588067,62,62,62,0,25,25,PD-0325901–HEM,3,False,Full-source,0.12511253222010854
CCLE_EXPERIMENT_A_FIXED_SCORE_ORIGINAL5,CCLE-38-PD-0325901-HEM,FULL,HILL|AUC|WARD,1,1,1,0.88512529537436002,0.99680353603449867,0.99173983711870384,0.03294419809308996,1,0.78132257332413046,0.78132257332413046,62,62,62,0,41,41,PD-0325901–HEM,3,False,Full-source,-0.10591065785519561
CCLE_EXPERIMENT_A_FIXED_SCORE_ORIGINAL5,CCLE-38-PD-0325901-HEM,FULL,HILL|AUC|TIED_GMM,1,1,1,0.9066949816477784,0.99916208318853483,1,0.03294419809308996,1,0.78776025258588067,0.78776025258588067,62,62,62,0,25,25,PD-0325901–HEM,3,False,Full-source,0.034481403649431037
CCLE_EXPERIMENT_A_FIXED_SCORE_ORIGINAL5,CCLE-38-PD-0325901-HEM,FULL,LOGISTIC|IC50|TERTILES,1,0,0,,,,,,,0,62,0,0,0,,62,PD-0325901–HEM,3,False,Full-source,-0.12606446891232964
CCLE_EXPERIMENT_A_FIXED_SCORE_ORIGINAL5,CCLE-38-PD-0325901-HEM,FULL,LOGISTIC|IC50|JENKS,1,0,0,,,,,,,0,62,0,0,0,,62,PD-0325901–HEM,3,False,Full-source,0.087856823859702976
CCLE_EXPERIMENT_A_FIXED_SCORE_ORIGINAL5,CCLE-38-PD-0325901-HEM,FULL,LOGISTIC|IC50|KMEANS,1,0,0,,,,,,,0,62,0,0,0,,62,PD-0325901–HEM,3,False,Full-source,0.093920685857050296
CCLE_EXPERIMENT_A_FIXED_SCORE_ORIGINAL5,CCLE-38-PD-0325901-HEM,FULL,LOGISTIC|IC50|WARD,1,0,0,,,,,,,0,62,0,0,0,,62,PD-0325901–HEM,3,False,Full-source,0.097022593826293607
CCLE_EXPERIMENT_A_FIXED_SCORE_ORIGINAL5,CCLE-38-PD-0325901-HEM,FULL,LOGISTIC|IC50|TIED_GMM,1,0,0,,,,,,,0,62,0,0,0,,62,PD-0325901–HEM,3,False,Full-source,-0.15121769651566114
CCLE_EXPERIMENT_A_FIXED_SCORE_ORIGINAL5,CCLE-38-PD-0325901-HEM,FULL,LOGISTIC|EC50|TERTILES,1,1,1,0.30173256632931389,0.99985109932348493,0.98650798454102939,0.0030328526230688517,1,0.65822490056337934,0.65822490056337934,62,62,62,0,59,59,PD-0325901–HEM,3,False,Full-source,0.10649664333707108
CCLE_EXPERIMENT_A_FIXED_SCORE_ORIGINAL5,CCLE-38-PD-0325901-HEM,FULL,LOGISTIC|EC50|JENKS,1,1,1,0.96000758853315926,0.9706303794472414,0.99173983711870384,0.0030328526230688517,1,0.78508213154443474,0.78508213154443474,62,62,62,0,31,31,PD-0325901–HEM,3,False,Full-source,-0.021464465004732942
CCLE_EXPERIMENT_A_FIXED_SCORE_ORIGINAL5,CCLE-38-PD-0325901-HEM,FULL,LOGISTIC|EC50|KMEANS,1,1,1,0.96000758853315926,0.98597501304700841,0.99186991869918695,0.0030328526230688517,1,0.78817707458048469,0.78817707458048469,62,62,62,0,24,24,PD-0325901–HEM,3,False,Full-source,-0.013204098980222857
CCLE_EXPERIMENT_A_FIXED_SCORE_ORIGINAL5,CCLE-38-PD-0325901-HEM,FULL,LOGISTIC|EC50|WARD,1,1,1,0.96000758853315926,0.9706303794472414,0.99173983711870384,0.0030328526230688517,1,0.78508213154443474,0.78508213154443474,62,62,62,0,31,31,PD-0325901–HEM,3,False,Full-source,-0.08789094520916485
CCLE_EXPERIMENT_A_FIXED_SCORE_ORIGINAL5,CCLE-38-PD-0325901-HEM,FULL,LOGISTIC|EC50|TIED_GMM,1,1,1,0.96000758853315926,0.9706303794472414,0.99173983711870384,0.0030328526230688517,1,0.78508213154443474,0.78508213154443474,62,62,62,0,31,31,PD-0325901–HEM,3,False,Full-source,-0.04332959381009676
CCLE_EXPERIMENT_A_FIXED_SCORE_ORIGINAL5,CCLE-38-PD-0325901-HEM,FULL,LOGISTIC|EMAX|TERTILES,1,1,1,0.87965051760824509,0.98542585940806338,0.97833335512637787,0.0030328526230688517,1,0.76928851695315104,0.76928851695315104,62,62,62,0,55,55,PD-0325901–HEM,3,False,Full-source,-0.076523060555691608
CCLE_EXPERIMENT_A_FIXED_SCORE_ORIGINAL5,CCLE-38-PD-0325901-HEM,FULL,LOGISTIC|EMAX|JENKS,1,1,1,0.89106192067494305,0.99071602510844814,0.98939242426854712,0.0030328526230688517,1,0.77484064453500145,0.77484064453500145,62,62,62,0,50,50,PD-0325901–HEM,3,False,Full-source,0.061657198421111621
CCLE_EXPERIMENT_A_FIXED_SCORE_ORIGINAL5,CCLE-38-PD-0325901-HEM,FULL,LOGISTIC|EMAX|KMEANS,1,1,1,0.89106192067494305,0.99071602510844814,0.98939242426854712,0.0030328526230688517,1,0.77484064453500145,0.77484064453500145,62,62,62,0,50,50,PD-0325901–HEM,3,False,Full-source,0.023310994176033654
CCLE_EXPERIMENT_A_FIXED_SCORE_ORIGINAL5,CCLE-38-PD-0325901-HEM,FULL,LOGISTIC|EMAX|WARD,1,1,1,0.8753766507898687,0.93711514693134168,0.94645882140926285,0.0030328526230688517,1,0.75239669435070844,0.75239669435070844,62,62,62,0,56,56,PD-0325901–HEM,3,False,Full-source,-0.078664399068491625
CCLE_EXPERIMENT_A_FIXED_SCORE_ORIGINAL5,CCLE-38-PD-0325901-HEM,FULL,LOGISTIC|EMAX|TIED_GMM,1,1,1,0.8807409102097038,0.97822813072683767,0.9913321776236832,0.0030328526230688517,1,0.77066681423665873,0.77066681423665873,62,62,62,0,54,54,PD-0325901–HEM,3,False,Full-source,-0.13170034072634307
CCLE_EXPERIMENT_A_FIXED_SCORE_ORIGINAL5,CCLE-38-PD-0325901-HEM,FULL,LOGISTIC|AUC|TERTILES,1,1,1,0.87430387207598215,0.98960491311907794,0.98650798454102939,0.0030328526230688517,1,0.77068992447183171,0.77068992447183171,62,62,62,0,53,53,PD-0325901–HEM,3,False,Full-source,0.031377705156658248
CCLE_EXPERIMENT_A_FIXED_SCORE_ORIGINAL5,CCLE-38-PD-0325901-HEM,FULL,LOGISTIC|AUC|JENKS,1,1,1,0.90150623955571119,0.99851848023906131,1,0.0030328526230688517,1,0.78061151448356836,0.78061151448356836,62,62,62,0,43,43,PD-0325901–HEM,3,False,Full-source,0.055142059823298374
CCLE_EXPERIMENT_A_FIXED_SCORE_ORIGINAL5,CCLE-38-PD-0325901-HEM,FULL,LOGISTIC|AUC|KMEANS,1,1,1,0.90150623955571119,0.99851848023906131,1,0.0030328526230688517,1,0.78061151448356836,0.78061151448356836,62,62,62,0,43,43,PD-0325901–HEM,3,False,Full-source,0.1375925677217526
CCLE_EXPERIMENT_A_FIXED_SCORE_ORIGINAL5,CCLE-38-PD-0325901-HEM,FULL,LOGISTIC|AUC|WARD,1,1,1,0.87629357399836549,0.94983370165489067,0.90895496581663882,0.0030328526230688517,1,0.74762301881859272,0.74762301881859272,62,62,62,0,57,57,PD-0325901–HEM,3,False,Full-source,0.011483798886529116
CCLE_EXPERIMENT_A_FIXED_SCORE_ORIGINAL5,CCLE-38-PD-0325901-HEM,FULL,LOGISTIC|AUC|TIED_GMM,1,1,1,0.90150623955571119,0.99851848023906131,1,0.0030328526230688517,1,0.78061151448356836,0.78061151448356836,62,62,62,0,43,43,PD-0325901–HEM,3,False,Full-source,-0.15251671150152496
CCLE_EXPERIMENT_A_FIXED_SCORE_ORIGINAL5,CCLE-38-PD-0325901-HEM,FULL,WEIBULL|IC50|TERTILES,1,0,0,,,,,,,0,62,0,0,0,,62,PD-0325901–HEM,3,False,Full-source,-0.060621252856361975
CCLE_EXPERIMENT_A_FIXED_SCORE_ORIGINAL5,CCLE-38-PD-0325901-HEM,FULL,WEIBULL|IC50|JENKS,1,0,0,,,,,,,0,62,0,0,0,,62,PD-0325901–HEM,3,False,Full-source,-0.00684737827788279
CCLE_EXPERIMENT_A_FIXED_SCORE_ORIGINAL5,CCLE-38-PD-0325901-HEM,FULL,WEIBULL|IC50|KMEANS,1,0,0,,,,,,,0,62,0,0,0,,62,PD-0325901–HEM,3,False,Full-source,-0.11186317167055401
CCLE_EXPERIMENT_A_FIXED_SCORE_ORIGINAL5,CCLE-38-PD-0325901-HEM,FULL,WEIBULL|IC50|WARD,1,0,0,,,,,,,0,62,0,0,0,,62,PD-0325901–HEM,3,False,Full-source,0.089592029212413354
CCLE_EXPERIMENT_A_FIXED_SCORE_ORIGINAL5,CCLE-38-PD-0325901-HEM,FULL,WEIBULL|IC50|TIED_GMM,1,0,0,,,,,,,0,62,0,0,0,,62,PD-0325901–HEM,3,False,Full-source,-0.080317721273824041
CCLE_EXPERIMENT_A_FIXED_SCORE_ORIGINAL5,CCLE-38-PD-0325901-HEM,FULL,WEIBULL|EC50|TERTILES,1,1,1,0.1858802850844157,0.99970685349363175,0.98650798454102939,0.029826050013787415,1,0.64038423462657279,0.64038423462657279,62,62,62,0,60,60,PD-0325901–HEM,3,False,Full-source,-0.013792408298187056
CCLE_EXPERIMENT_A_FIXED_SCORE_ORIGINAL5,CCLE-38-PD-0325901-HEM,FULL,WEIBULL|EC50|JENKS,1,1,1,0.98455318594320429,0.99433134496070474,1,0.029826050013787415,1,0.80174211618353941,0.80174211618353941,62,62,62,0,16,16,PD-0325901–HEM,3,False,Full-source,0.12782004676009995
CCLE_EXPERIMENT_A_FIXED_SCORE_ORIGINAL5,CCLE-38-PD-0325901-HEM,FULL,WEIBULL|EC50|KMEANS,1,1,1,0.98455318594320429,0.99433134496070474,1,0.029826050013787415,1,0.80174211618353941,0.80174211618353941,62,62,62,0,16,16,PD-0325901–HEM,3,False,Full-source,0.10143603122360911
CCLE_EXPERIMENT_A_FIXED_SCORE_ORIGINAL5,CCLE-38-PD-0325901-HEM,FULL,WEIBULL|EC50|WARD,1,1,1,0.98455318594320429,0.99433134496070474,1,0.029826050013787415,1,0.80174211618353941,0.80174211618353941,62,62,62,0,16,16,PD-0325901–HEM,3,False,Full-source,0.12223911403730491
CCLE_EXPERIMENT_A_FIXED_SCORE_ORIGINAL5,CCLE-38-PD-0325901-HEM,FULL,WEIBULL|EC50|TIED_GMM,1,1,1,0.9833093405054939,0.96426400646835309,0.98729633533182437,0.029826050013787415,1,0.79293914646389174,0.79293914646389174,62,62,62,0,23,23,PD-0325901–HEM,3,False,Full-source,-0.09870032323959757
CCLE_EXPERIMENT_A_FIXED_SCORE_ORIGINAL5,CCLE-38-PD-0325901-HEM,FULL,WEIBULL|EMAX|TERTILES,1,1,1,0.88566747402667856,0.98055959213402666,0.99455004652399304,0.029826050013787415,1,0.77812063253969721,0.77812063253969721,62,62,62,0,47,47,PD-0325901–HEM,3,False,Full-source,0.05461830829610545
CCLE_EXPERIMENT_A_FIXED_SCORE_ORIGINAL5,CCLE-38-PD-0325901-HEM,FULL,WEIBULL|EMAX|JENKS,1,1,1,0.89586803043713503,0.9983300537706673,1,0.029826050013787415,1,0.78480482684431796,0.78480482684431796,62,62,62,0,36,36,PD-0325901–HEM,3,False,Full-source,-0.086128221286024959
CCLE_EXPERIMENT_A_FIXED_SCORE_ORIGINAL5,CCLE-38-PD-0325901-HEM,FULL,WEIBULL|EMAX|KMEANS,1,1,1,0.89586803043713503,0.9983300537706673,1,0.029826050013787415,1,0.78480482684431796,0.78480482684431796,62,62,62,0,36,36,PD-0325901–HEM,3,False,Full-source,-0.10477093076910148
CCLE_EXPERIMENT_A_FIXED_SCORE_ORIGINAL5,CCLE-38-PD-0325901-HEM,FULL,WEIBULL|EMAX|WARD,1,1,1,0.88566747402667856,0.99859926130414778,1,0.029826050013787415,1,0.78281855706892278,0.78281855706892278,62,62,62,0,39,39,PD-0325901–HEM,3,False,Full-source,0.05600848709605831
CCLE_EXPERIMENT_A_FIXED_SCORE_ORIGINAL5,CCLE-38-PD-0325901-HEM,FULL,WEIBULL|EMAX|TIED_GMM,1,1,1,0.89512378001010184,0.98961036336330233,0.98913090341550902,0.029826050013787415,1,0.78073821936054011,0.78073821936054011,62,62,62,0,42,42,PD-0325901–HEM,3,False,Full-source,-0.031893207922552999
CCLE_EXPERIMENT_A_FIXED_SCORE_ORIGINAL5,CCLE-38-PD-0325901-HEM,FULL,WEIBULL|AUC|TERTILES,1,1,1,0.87215542554797787,0.99089863827677949,0.99455004652399304,0.029826050013787415,1,0.77748603207250755,0.77748603207250755,62,62,62,0,49,49,PD-0325901–HEM,3,False,Full-source,0.078939058314761862
CCLE_EXPERIMENT_A_FIXED_SCORE_ORIGINAL5,CCLE-38-PD-0325901-HEM,FULL,WEIBULL|AUC|JENKS,1,1,1,0.90621689518093629,0.99918933171828261,1,0.029826050013787415,1,0.78704645538260132,0.78704645538260132,62,62,62,0,28,28,PD-0325901–HEM,3,False,Full-source,0.095717941284114011
CCLE_EXPERIMENT_A_FIXED_SCORE_ORIGINAL5,CCLE-38-PD-0325901-HEM,FULL,WEIBULL|AUC|KMEANS,1,1,1,0.90621689518093629,0.99918933171828261,1,0.029826050013787415,1,0.78704645538260132,0.78704645538260132,62,62,62,0,28,28,PD-0325901–HEM,3,False,Full-source,0.15225269175885539
CCLE_EXPERIMENT_A_FIXED_SCORE_ORIGINAL5,CCLE-38-PD-0325901-HEM,FULL,WEIBULL|AUC|WARD,1,1,1,0.88568812519013451,0.97390480974603844,0.97243226420139484,0.029826050013787415,1,0.77237024983027103,0.77237024983027103,62,62,62,0,52,52,PD-0325901–HEM,3,False,Full-source,-0.14901400066656387
CCLE_EXPERIMENT_A_FIXED_SCORE_ORIGINAL5,CCLE-38-PD-0325901-HEM,FULL,WEIBULL|AUC|TIED_GMM,1,1,1,0.90621689518093629,0.99918933171828261,1,0.029826050013787415,1,0.78704645538260132,0.78704645538260132,62,62,62,0,28,28,PD-0325901–HEM,3,False,Full-source,0.0458251577349904
CCLE_EXPERIMENT_A_FIXED_SCORE_ORIGINAL5,CCLE-10-AZD6244-HEM,FULL,TRIOS,1,1,1,0.87022705212663809,0.99271250883800932,0.99056754045711481,0.73297189742779756,1,0.91729579976991182,0.91729579976991182,62,62,62,0,1,1,AZD6244–HEM,4,False,Full-source,0
CCLE_EXPERIMENT_A_FIXED_SCORE_ORIGINAL5,CCLE-10-AZD6244-HEM,FULL,EMAX|IC50|TERTILES,1,0,0,,,,,,,0,62,0,0,0,,62,AZD6244–HEM,4,False,Full-source,0.15002328447765284
CCLE_EXPERIMENT_A_FIXED_SCORE_ORIGINAL5,CCLE-10-AZD6244-HEM,FULL,EMAX|IC50|JENKS,1,0,0,,,,,,,0,62,0,0,0,,62,AZD6244–HEM,4,False,Full-source,-0.020393681270162035
CCLE_EXPERIMENT_A_FIXED_SCORE_ORIGINAL5,CCLE-10-AZD6244-HEM,FULL,EMAX|IC50|KMEANS,1,0,0,,,,,,,0,62,0,0,0,,62,AZD6244–HEM,4,False,Full-source,-0.076762269119909562
CCLE_EXPERIMENT_A_FIXED_SCORE_ORIGINAL5,CCLE-10-AZD6244-HEM,FULL,EMAX|IC50|WARD,1,0,0,,,,,,,0,62,0,0,0,,62,AZD6244–HEM,4,False,Full-source,-0.096790190249865446
CCLE_EXPERIMENT_A_FIXED_SCORE_ORIGINAL5,CCLE-10-AZD6244-HEM,FULL,EMAX|IC50|TIED_GMM,1,0,0,,,,,,,0,62,0,0,0,,62,AZD6244–HEM,4,False,Full-source,-0.065985645704433701
CCLE_EXPERIMENT_A_FIXED_SCORE_ORIGINAL5,CCLE-10-AZD6244-HEM,FULL,EMAX|EC50|TERTILES,1,1,1,0.74391375132139859,0.99816251287094016,0.97833335512637787,0.20787694244901889,1,0.78565731235354708,0.78565731235354708,62,62,62,0,25,25,AZD6244–HEM,4,False,Full-source,-0.077375214006140641
CCLE_EXPERIMENT_A_FIXED_SCORE_ORIGINAL5,CCLE-10-AZD6244-HEM,FULL,EMAX|EC50|JENKS,1,1,1,0.96112412380855194,0.99164822725182011,0.99186991869918695,0.20787694244901889,1,0.83050384244171549,0.83050384244171549,62,62,62,0,2,2,AZD6244–HEM,4,True,Full-source,-0.0086425236260151729
CCLE_EXPERIMENT_A_FIXED_SCORE_ORIGINAL5,CCLE-10-AZD6244-HEM,FULL,EMAX|EC50|KMEANS,1,1,1,0.96112412380855194,0.99164822725182011,0.99186991869918695,0.20787694244901889,1,0.83050384244171549,0.83050384244171549,62,62,62,0,2,2,AZD6244–HEM,4,True,Full-source,0.083578455951898015
CCLE_EXPERIMENT_A_FIXED_SCORE_ORIGINAL5,CCLE-10-AZD6244-HEM,FULL,EMAX|EC50|WARD,1,1,1,0.96112412380855194,0.97459030093657717,0.99160972085442367,0.20787694244901889,1,0.82704021760971425,0.82704021760971425,62,62,62,0,5,5,AZD6244–HEM,4,False,Full-source,-0.02003163625021271
CCLE_EXPERIMENT_A_FIXED_SCORE_ORIGINAL5,CCLE-10-AZD6244-HEM,FULL,EMAX|EC50|TIED_GMM,1,1,1,0.95758056600590258,0.97821732122651539,0.99854362504964922,0.20787694244901889,1,0.82844369094621728,0.82844369094621728,62,62,62,0,4,4,AZD6244–HEM,4,False,Full-source,-0.04601316114096278
CCLE_EXPERIMENT_A_FIXED_SCORE_ORIGINAL5,CCLE-10-AZD6244-HEM,FULL,EMAX|EMAX|TERTILES,1,1,1,0.85083814824064063,0.9957259600435987,0.97833335512637787,0.20787694244901889,1,0.80655488117192708,0.80655488117192708,62,62,62,0,12,12,AZD6244–HEM,4,False,Full-source,-0.15453466050199574
CCLE_EXPERIMENT_A_FIXED_SCORE_ORIGINAL5,CCLE-10-AZD6244-HEM,FULL,EMAX|EMAX|JENKS,1,1,1,0.90731364990062624,0.97292443404930806,0.99641767281411697,0.20787694244901889,1,0.81690653984261419,0.81690653984261419,62,62,62,0,7,7,AZD6244–HEM,4,False,Full-source,-0.03387887392981883
CCLE_EXPERIMENT_A_FIXED_SCORE_ORIGINAL5,CCLE-10-AZD6244-HEM,FULL,EMAX|EMAX|KMEANS,1,1,1,0.90731364990062624,0.97292443404930806,0.99641767281411697,0.20787694244901889,1,0.81690653984261419,0.81690653984261419,62,62,62,0,7,7,AZD6244–HEM,4,False,Full-source,0.15653882130899907
CCLE_EXPERIMENT_A_FIXED_SCORE_ORIGINAL5,CCLE-10-AZD6244-HEM,FULL,EMAX|EMAX|WARD,1,1,1,0.90495897296202188,0.99240915386593376,0.98309465777307459,0.20787694244901889,1,0.81766794541000976,0.81766794541000976,62,62,62,0,6,6,AZD6244–HEM,4,False,Full-source,-0.1108451401327842
CCLE_EXPERIMENT_A_FIXED_SCORE_ORIGINAL5,CCLE-10-AZD6244-HEM,FULL,EMAX|EMAX|TIED_GMM,1,1,1,0.90495856763624405,0.98904796968347752,0.97729761806067639,0.20787694244901889,1,0.81583621956588348,0.81583621956588348,62,62,62,0,11,11,AZD6244–HEM,4,False,Full-source,0.127732443951008
CCLE_EXPERIMENT_A_FIXED_SCORE_ORIGINAL5,CCLE-10-AZD6244-HEM,FULL,EMAX|AUC|TERTILES,1,1,1,0.83864157050776711,0.98581713911833069,0.98650798454102939,0.20787694244901889,1,0.80376872732322924,0.80376872732322924,62,62,62,0,13,13,AZD6244–HEM,4,False,Full-source,0.072186619320927792
CCLE_EXPERIMENT_A_FIXED_SCORE_ORIGINAL5,CCLE-10-AZD6244-HEM,FULL,EMAX|AUC|JENKS,1,1,1,0.8969910881075388,0.98807290168903106,0.9904371114134648,0.20787694244901889,1,0.81667560873181055,0.81667560873181055,62,62,62,0,9,9,AZD6244–HEM,4,False,Full-source,-0.096208283662844507
CCLE_EXPERIMENT_A_FIXED_SCORE_ORIGINAL5,CCLE-10-AZD6244-HEM,FULL,EMAX|AUC|KMEANS,1,1,1,0.8969910881075388,0.98671801258188374,0.98978444357316131,0.20787694244901889,1,0.81627409734232048,0.81627409734232048,62,62,62,0,10,10,AZD6244–HEM,4,False,Full-source,-0.12576103097893321
CCLE_EXPERIMENT_A_FIXED_SCORE_ORIGINAL5,CCLE-10-AZD6244-HEM,FULL,EMAX|AUC|WARD,1,1,1,0.85411913747849011,0.92495639192912427,0.87609794014768749,0.20787694244901889,1,0.77261008240086415,0.77261008240086415,62,62,62,0,43,43,AZD6244–HEM,4,False,Full-source,-0.062446849770482357
CCLE_EXPERIMENT_A_FIXED_SCORE_ORIGINAL5,CCLE-10-AZD6244-HEM,FULL,EMAX|AUC|TIED_GMM,1,1,1,0.89527834949013507,0.94282273937495453,0.94334496600607554,0.20787694244901889,1,0.79786459946403687,0.79786459946403687,62,62,62,0,17,17,AZD6244–HEM,4,False,Full-source,0.047621722120703612
CCLE_EXPERIMENT_A_FIXED_SCORE_ORIGINAL5,CCLE-10-AZD6244-HEM,FULL,HILL|IC50|TERTILES,1,0,0,,,,,,,0,62,0,0,0,,62,AZD6244–HEM,4,False,Full-source,-0.10311762905286571
CCLE_EXPERIMENT_A_FIXED_SCORE_ORIGINAL5,CCLE-10-AZD6244-HEM,FULL,HILL|IC50|JENKS,1,0,0,,,,,,,0,62,0,0,0,,62,AZD6244–HEM,4,False,Full-source,0.10617221175371022
CCLE_EXPERIMENT_A_FIXED_SCORE_ORIGINAL5,CCLE-10-AZD6244-HEM,FULL,HILL|IC50|KMEANS,1,0,0,,,,,,,0,62,0,0,0,,62,AZD6244–HEM,4,False,Full-source,0.024909779994029047
CCLE_EXPERIMENT_A_FIXED_SCORE_ORIGINAL5,CCLE-10-AZD6244-HEM,FULL,HILL|IC50|WARD,1,0,0,,,,,,,0,62,0,0,0,,62,AZD6244–HEM,4,False,Full-source,0.070586614140911622
CCLE_EXPERIMENT_A_FIXED_SCORE_ORIGINAL5,CCLE-10-AZD6244-HEM,FULL,HILL|IC50|TIED_GMM,1,0,0,,,,,,,0,62,0,0,0,,62,AZD6244–HEM,4,False,Full-source,0.14889718711117683
CCLE_EXPERIMENT_A_FIXED_SCORE_ORIGINAL5,CCLE-10-AZD6244-HEM,FULL,HILL|EC50|TERTILES,1,1,1,0.43355901016627474,0.99586237733559901,0.99455004652399304,0.039265173870073659,1,0.69264732157918807,0.69264732157918807,62,62,62,0,61,61,AZD6244–HEM,4,False,Full-source,0.14746822312182473
CCLE_EXPERIMENT_A_FIXED_SCORE_ORIGINAL5,CCLE-10-AZD6244-HEM,FULL,HILL|EC50|JENKS,1,1,1,0.95898539173728237,0.99712522198986531,1,0.039265173870073659,1,0.79907515751944425,0.79907515751944425,62,62,62,0,14,14,AZD6244–HEM,4,False,Full-source,0.12968838296124907
CCLE_EXPERIMENT_A_FIXED_SCORE_ORIGINAL5,CCLE-10-AZD6244-HEM,FULL,HILL|EC50|KMEANS,1,1,1,0.95898539173728237,0.99712522198986531,1,0.039265173870073659,1,0.79907515751944425,0.79907515751944425,62,62,62,0,14,14,AZD6244–HEM,4,False,Full-source,-0.060861685103937441
CCLE_EXPERIMENT_A_FIXED_SCORE_ORIGINAL5,CCLE-10-AZD6244-HEM,FULL,HILL|EC50|WARD,1,1,1,0.95318489034425291,0.99707330497396163,1,0.039265173870073659,1,0.79790467383765762,0.79790467383765762,62,62,62,0,16,16,AZD6244–HEM,4,False,Full-source,0.11436408190856781
CCLE_EXPERIMENT_A_FIXED_SCORE_ORIGINAL5,CCLE-10-AZD6244-HEM,FULL,HILL|EC50|TIED_GMM,1,1,1,0.95752026910305454,0.99554999810810529,0.99134938421897112,0.039265173870073659,1,0.79673696506004088,0.79673696506004088,62,62,62,0,18,18,AZD6244–HEM,4,False,Full-source,-0.15712456956438828
CCLE_EXPERIMENT_A_FIXED_SCORE_ORIGINAL5,CCLE-10-AZD6244-HEM,FULL,HILL|EMAX|TERTILES,1,1,1,0.8430905992721609,0.99642299652328081,0.98650798454102939,0.039265173870073659,1,0.77305735084130889,0.77305735084130889,62,62,62,0,42,42,AZD6244–HEM,4,False,Full-source,0.1335559467164697
CCLE_EXPERIMENT_A_FIXED_SCORE_ORIGINAL5,CCLE-10-AZD6244-HEM,FULL,HILL|EMAX|JENKS,1,1,1,0.91586041090513282,0.99645616776016999,0.99186991869918695,0.039265173870073659,1,0.78869033424691271,0.78869033424691271,62,62,62,0,19,19,AZD6244–HEM,4,False,Full-source,-0.078149880002753316
CCLE_EXPERIMENT_A_FIXED_SCORE_ORIGINAL5,CCLE-10-AZD6244-HEM,FULL,HILL|EMAX|KMEANS,1,1,1,0.91586041090513282,0.99645616776016999,0.99186991869918695,0.039265173870073659,1,0.78869033424691271,0.78869033424691271,62,62,62,0,19,19,AZD6244–HEM,4,False,Full-source,0.033722190380497424
CCLE_EXPERIMENT_A_FIXED_SCORE_ORIGINAL5,CCLE-10-AZD6244-HEM,FULL,HILL|EMAX|WARD,1,1,1,0.90869448343040204,0.99379696392198036,0.99173983711870384,0.039265173870073659,1,0.78669929166823205,0.78669929166823205,62,62,62,0,22,22,AZD6244–HEM,4,False,Full-source,-0.029716464101736548
CCLE_EXPERIMENT_A_FIXED_SCORE_ORIGINAL5,CCLE-10-AZD6244-HEM,FULL,HILL|EMAX|TIED_GMM,1,1,1,0.91371140313428878,0.98924273869479151,0.96555345237622481,0.039265173870073659,1,0.78155455361507575,0.78155455361507575,62,62,62,0,32,32,AZD6244–HEM,4,False,Full-source,-0.064296132303843304
CCLE_EXPERIMENT_A_FIXED_SCORE_ORIGINAL5,CCLE-10-AZD6244-HEM,FULL,HILL|AUC|TERTILES,1,1,1,0.84070279607170706,0.98820426849551757,0.98650798454102939,0.039265173870073659,1,0.77093604459566545,0.77093604459566545,62,62,62,0,46,46,AZD6244–HEM,4,False,Full-source,-0.1556700941910199
CCLE_EXPERIMENT_A_FIXED_SCORE_ORIGINAL5,CCLE-10-AZD6244-HEM,FULL,HILL|AUC|JENKS,1,1,1,0.89395646929318495,0.96929479128393947,0.93546108341157053,0.039265173870073659,1,0.76759550357175377,0.76759550357175377,62,62,62,0,51,51,AZD6244–HEM,4,False,Full-source,0.11293238892055406
CCLE_EXPERIMENT_A_FIXED_SCORE_ORIGINAL5,CCLE-10-AZD6244-HEM,FULL,HILL|AUC|KMEANS,1,1,1,0.89395646929318495,0.96936721204418019,0.93558867891856423,0.039265173870073659,1,0.76763550682520054,0.76763550682520054,62,62,62,0,50,50,AZD6244–HEM,4,False,Full-source,0.12511253222010854
CCLE_EXPERIMENT_A_FIXED_SCORE_ORIGINAL5,CCLE-10-AZD6244-HEM,FULL,HILL|AUC|WARD,1,1,1,0.8755494919281368,0.93697618109132863,0.9446817724568185,0.039265173870073659,1,0.75929452386927143,0.75929452386927143,62,62,62,0,57,57,AZD6244–HEM,4,False,Full-source,-0.10591065785519561
CCLE_EXPERIMENT_A_FIXED_SCORE_ORIGINAL5,CCLE-10-AZD6244-HEM,FULL,HILL|AUC|TIED_GMM,1,1,1,0.89212467599381795,0.98059404380824289,0.98782119914346889,0.039265173870073659,1,0.77996101856312072,0.77996101856312072,62,62,62,0,33,33,AZD6244–HEM,4,False,Full-source,0.034481403649431037
CCLE_EXPERIMENT_A_FIXED_SCORE_ORIGINAL5,CCLE-10-AZD6244-HEM,FULL,LOGISTIC|IC50|TERTILES,1,0,0,,,,,,,0,62,0,0,0,,62,AZD6244–HEM,4,False,Full-source,-0.12606446891232964
CCLE_EXPERIMENT_A_FIXED_SCORE_ORIGINAL5,CCLE-10-AZD6244-HEM,FULL,LOGISTIC|IC50|JENKS,1,0,0,,,,,,,0,62,0,0,0,,62,AZD6244–HEM,4,False,Full-source,0.087856823859702976
CCLE_EXPERIMENT_A_FIXED_SCORE_ORIGINAL5,CCLE-10-AZD6244-HEM,FULL,LOGISTIC|IC50|KMEANS,1,0,0,,,,,,,0,62,0,0,0,,62,AZD6244–HEM,4,False,Full-source,0.093920685857050296
CCLE_EXPERIMENT_A_FIXED_SCORE_ORIGINAL5,CCLE-10-AZD6244-HEM,FULL,LOGISTIC|IC50|WARD,1,0,0,,,,,,,0,62,0,0,0,,62,AZD6244–HEM,4,False,Full-source,0.097022593826293607
CCLE_EXPERIMENT_A_FIXED_SCORE_ORIGINAL5,CCLE-10-AZD6244-HEM,FULL,LOGISTIC|IC50|TIED_GMM,1,0,0,,,,,,,0,62,0,0,0,,62,AZD6244–HEM,4,False,Full-source,-0.15121769651566114
CCLE_EXPERIMENT_A_FIXED_SCORE_ORIGINAL5,CCLE-10-AZD6244-HEM,FULL,LOGISTIC|EC50|TERTILES,1,1,1,0.60334974899385696,0.9921039680068966,0.98650798454102939,0.0091850275601880332,1,0.71822934582039422,0.71822934582039422,62,62,62,0,59,59,AZD6244–HEM,4,False,Full-source,0.10649664333707108
CCLE_EXPERIMENT_A_FIXED_SCORE_ORIGINAL5,CCLE-10-AZD6244-HEM,FULL,LOGISTIC|EC50|JENKS,1,1,1,0.93084474695181973,0.99358427952375372,0.99947089947089951,0.0091850275601880332,1,0.78661699070133229,0.78661699070133229,62,62,62,0,23,23,AZD6244–HEM,4,False,Full-source,-0.021464465004732942
CCLE_EXPERIMENT_A_FIXED_SCORE_ORIGINAL5,CCLE-10-AZD6244-HEM,FULL,LOGISTIC|EC50|KMEANS,1,1,1,0.93084474695181973,0.99358427952375372,0.99947089947089951,0.0091850275601880332,1,0.78661699070133229,0.78661699070133229,62,62,62,0,23,23,AZD6244–HEM,4,False,Full-source,-0.013204098980222857
CCLE_EXPERIMENT_A_FIXED_SCORE_ORIGINAL5,CCLE-10-AZD6244-HEM,FULL,LOGISTIC|EC50|WARD,1,1,1,0.90736154767066535,0.95517504589019542,0.94121904003763135,0.0091850275601880332,1,0.76258813223173605,0.76258813223173605,62,62,62,0,56,56,AZD6244–HEM,4,False,Full-source,-0.08789094520916485
CCLE_EXPERIMENT_A_FIXED_SCORE_ORIGINAL5,CCLE-10-AZD6244-HEM,FULL,LOGISTIC|EC50|TIED_GMM,1,1,1,0.93084474695181973,0.99263621177041417,0.9904371114134648,0.0091850275601880332,1,0.78462061953917739,0.78462061953917739,62,62,62,0,28,28,AZD6244–HEM,4,False,Full-source,-0.04332959381009676
CCLE_EXPERIMENT_A_FIXED_SCORE_ORIGINAL5,CCLE-10-AZD6244-HEM,FULL,LOGISTIC|EMAX|TERTILES,1,1,1,0.84018935260167837,0.9965729507915726,0.99455004652399304,0.0091850275601880332,1,0.76809947549548641,0.76809947549548641,62,62,62,0,49,49,AZD6244–HEM,4,False,Full-source,-0.076523060555691608
CCLE_EXPERIMENT_A_FIXED_SCORE_ORIGINAL5,CCLE-10-AZD6244-HEM,FULL,LOGISTIC|EMAX|JENKS,1,1,1,0.90641877852859187,0.99173924062222929,0.96567727818168991,0.0091850275601880332,1,0.77460406497853984,0.77460406497853984,62,62,62,0,38,38,AZD6244–HEM,4,False,Full-source,0.061657198421111621
CCLE_EXPERIMENT_A_FIXED_SCORE_ORIGINAL5,CCLE-10-AZD6244-HEM,FULL,LOGISTIC|EMAX|KMEANS,1,1,1,0.90641877852859187,0.99173924062222929,0.96567727818168991,0.0091850275601880332,1,0.77460406497853984,0.77460406497853984,62,62,62,0,38,38,AZD6244–HEM,4,False,Full-source,0.023310994176033654
CCLE_EXPERIMENT_A_FIXED_SCORE_ORIGINAL5,CCLE-10-AZD6244-HEM,FULL,LOGISTIC|EMAX|WARD,1,1,1,0.90177241217867932,0.98917215551399762,0.99121916382002939,0.0091850275601880332,1,0.77826975181457891,0.77826975181457891,62,62,62,0,34,34,AZD6244–HEM,4,False,Full-source,-0.078664399068491625
CCLE_EXPERIMENT_A_FIXED_SCORE_ORIGINAL5,CCLE-10-AZD6244-HEM,FULL,LOGISTIC|EMAX|TIED_GMM,1,1,1,0.9050134381860423,0.99156198763392911,0.97729761806067639,0.0091850275601880332,1,0.77661161428816716,0.77661161428816716,62,62,62,0,35,35,AZD6244–HEM,4,False,Full-source,-0.13170034072634307
CCLE_EXPERIMENT_A_FIXED_SCORE_ORIGINAL5,CCLE-10-AZD6244-HEM,FULL,LOGISTIC|AUC|TERTILES,1,1,1,0.84017891064128347,0.99058804117469867,0.98650798454102939,0.0091850275601880332,1,0.76529199278343996,0.76529199278343996,62,62,62,0,55,55,AZD6244–HEM,4,False,Full-source,0.031377705156658248
CCLE_EXPERIMENT_A_FIXED_SCORE_ORIGINAL5,CCLE-10-AZD6244-HEM,FULL,LOGISTIC|AUC|JENKS,1,1,1,0.89344799883714621,0.99028130952268312,0.97293792414557534,0.0091850275601880332,1,0.77317045201311863,0.77317045201311863,62,62,62,0,40,40,AZD6244–HEM,4,False,Full-source,0.055142059823298374
CCLE_EXPERIMENT_A_FIXED_SCORE_ORIGINAL5,CCLE-10-AZD6244-HEM,FULL,LOGISTIC|AUC|KMEANS,1,1,1,0.89344799883714621,0.99028130952268312,0.97293792414557534,0.0091850275601880332,1,0.77317045201311863,0.77317045201311863,62,62,62,0,40,40,AZD6244–HEM,4,False,Full-source,0.1375925677217526
CCLE_EXPERIMENT_A_FIXED_SCORE_ORIGINAL5,CCLE-10-AZD6244-HEM,FULL,LOGISTIC|AUC|WARD,1,1,1,0.87556210898813625,0.9689326703240152,0.97975384293995804,0.0091850275601880332,1,0.76668672996245957,0.76668672996245957,62,62,62,0,53,53,AZD6244–HEM,4,False,Full-source,0.011483798886529116
CCLE_EXPERIMENT_A_FIXED_SCORE_ORIGINAL5,CCLE-10-AZD6244-HEM,FULL,LOGISTIC|AUC|TIED_GMM,1,1,1,0.88922077133392241,0.97388154477057387,0.97742720776217862,0.0091850275601880332,1,0.76994291028537254,0.76994291028537254,62,62,62,0,48,48,AZD6244–HEM,4,False,Full-source,-0.15251671150152496
CCLE_EXPERIMENT_A_FIXED_SCORE_ORIGINAL5,CCLE-10-AZD6244-HEM,FULL,WEIBULL|IC50|TERTILES,1,0,0,,,,,,,0,62,0,0,0,,62,AZD6244–HEM,4,False,Full-source,-0.060621252856361975
CCLE_EXPERIMENT_A_FIXED_SCORE_ORIGINAL5,CCLE-10-AZD6244-HEM,FULL,WEIBULL|IC50|JENKS,1,0,0,,,,,,,0,62,0,0,0,,62,AZD6244–HEM,4,False,Full-source,-0.00684737827788279
CCLE_EXPERIMENT_A_FIXED_SCORE_ORIGINAL5,CCLE-10-AZD6244-HEM,FULL,WEIBULL|IC50|KMEANS,1,0,0,,,,,,,0,62,0,0,0,,62,AZD6244–HEM,4,False,Full-source,-0.11186317167055401
CCLE_EXPERIMENT_A_FIXED_SCORE_ORIGINAL5,CCLE-10-AZD6244-HEM,FULL,WEIBULL|IC50|WARD,1,0,0,,,,,,,0,62,0,0,0,,62,AZD6244–HEM,4,False,Full-source,0.089592029212413354
CCLE_EXPERIMENT_A_FIXED_SCORE_ORIGINAL5,CCLE-10-AZD6244-HEM,FULL,WEIBULL|IC50|TIED_GMM,1,0,0,,,,,,,0,62,0,0,0,,62,AZD6244–HEM,4,False,Full-source,-0.080317721273824041
CCLE_EXPERIMENT_A_FIXED_SCORE_ORIGINAL5,CCLE-10-AZD6244-HEM,FULL,WEIBULL|EC50|TERTILES,1,1,1,0.49843740597946656,0.99518803467215278,0.99455004652399304,0.010700958692921937,1,0.69977528917370679,0.69977528917370679,62,62,62,0,60,60,AZD6244–HEM,4,False,Full-source,-0.013792408298187056
CCLE_EXPERIMENT_A_FIXED_SCORE_ORIGINAL5,CCLE-10-AZD6244-HEM,FULL,WEIBULL|EC50|JENKS,1,1,1,0.93884314178255845,0.99198113168266533,0.98271037160769681,0.010700958692921937,1,0.78484712075316854,0.78484712075316854,62,62,62,0,26,26,AZD6244–HEM,4,False,Full-source,0.12782004676009995
CCLE_EXPERIMENT_A_FIXED_SCORE_ORIGINAL5,CCLE-10-AZD6244-HEM,FULL,WEIBULL|EC50|KMEANS,1,1,1,0.93884314178255845,0.99198113168266533,0.98271037160769681,0.010700958692921937,1,0.78484712075316854,0.78484712075316854,62,62,62,0,26,26,AZD6244–HEM,4,False,Full-source,0.10143603122360911
CCLE_EXPERIMENT_A_FIXED_SCORE_ORIGINAL5,CCLE-10-AZD6244-HEM,FULL,WEIBULL|EC50|WARD,1,1,1,0.92362755866777435,0.97970189257439022,0.9968169761273209,0.010700958692921937,1,0.78216947721248142,0.78216947721248142,62,62,62,0,31,31,AZD6244–HEM,4,False,Full-source,0.12223911403730491
CCLE_EXPERIMENT_A_FIXED_SCORE_ORIGINAL5,CCLE-10-AZD6244-HEM,FULL,WEIBULL|EC50|TIED_GMM,1,1,1,0.93564376929147419,0.99190509579306807,0.99907370649728733,0.010700958692921937,1,0.78746470605495023,0.78746470605495023,62,62,62,0,21,21,AZD6244–HEM,4,False,Full-source,-0.09870032323959757
CCLE_EXPERIMENT_A_FIXED_SCORE_ORIGINAL5,CCLE-10-AZD6244-HEM,FULL,WEIBULL|EMAX|TERTILES,1,1,1,0.84074631587996795,0.99664636731466383,0.98650798454102939,0.010700958692921937,1,0.76692032528571663,0.76692032528571663,62,62,62,0,52,52,AZD6244–HEM,4,False,Full-source,0.05461830829610545
CCLE_EXPERIMENT_A_FIXED_SCORE_ORIGINAL5,CCLE-10-AZD6244-HEM,FULL,WEIBULL|EMAX|JENKS,1,1,1,0.9148658673010025,0.99674335171269768,0.99186991869918695,0.010700958692921937,1,0.78283601928116187,0.78283601928116187,62,62,62,0,29,29,AZD6244–HEM,4,False,Full-source,-0.086128221286024959
CCLE_EXPERIMENT_A_FIXED_SCORE_ORIGINAL5,CCLE-10-AZD6244-HEM,FULL,WEIBULL|EMAX|KMEANS,1,1,1,0.9148658673010025,0.99674335171269768,0.99186991869918695,0.010700958692921937,1,0.78283601928116187,0.78283601928116187,62,62,62,0,29,29,AZD6244–HEM,4,False,Full-source,-0.10477093076910148
CCLE_EXPERIMENT_A_FIXED_SCORE_ORIGINAL5,CCLE-10-AZD6244-HEM,FULL,WEIBULL|EMAX|WARD,1,1,1,0.90734488544742842,0.962713861208637,0.97065811721820849,0.010700958692921937,1,0.77028356451343916,0.77028356451343916,62,62,62,0,47,47,AZD6244–HEM,4,False,Full-source,0.05600848709605831
CCLE_EXPERIMENT_A_FIXED_SCORE_ORIGINAL5,CCLE-10-AZD6244-HEM,FULL,WEIBULL|EMAX|TIED_GMM,1,1,1,0.91167385411691371,0.98635989557779247,0.97141929340313593,0.010700958692921937,1,0.77603080035815286,0.77603080035815286,62,62,62,0,36,36,AZD6244–HEM,4,False,Full-source,-0.031893207922552999
CCLE_EXPERIMENT_A_FIXED_SCORE_ORIGINAL5,CCLE-10-AZD6244-HEM,FULL,WEIBULL|AUC|TERTILES,1,1,1,0.84058284636078706,0.98908143258669479,0.98650798454102939,0.010700958692921937,1,0.76537464443628667,0.76537464443628667,62,62,62,0,54,54,AZD6244–HEM,4,False,Full-source,0.078939058314761862
CCLE_EXPERIMENT_A_FIXED_SCORE_ORIGINAL5,CCLE-10-AZD6244-HEM,FULL,WEIBULL|AUC|JENKS,1,1,1,0.89586622111516589,0.98378706464209065,0.96619301884294606,0.010700958692921937,1,0.77130945265862494,0.77130945265862494,62,62,62,0,44,44,AZD6244–HEM,4,False,Full-source,0.095717941284114011
CCLE_EXPERIMENT_A_FIXED_SCORE_ORIGINAL5,CCLE-10-AZD6244-HEM,FULL,WEIBULL|AUC|KMEANS,1,1,1,0.89586622111516589,0.98378706464209065,0.96619301884294606,0.010700958692921937,1,0.77130945265862494,0.77130945265862494,62,62,62,0,44,44,AZD6244–HEM,4,False,Full-source,0.15225269175885539
CCLE_EXPERIMENT_A_FIXED_SCORE_ORIGINAL5,CCLE-10-AZD6244-HEM,FULL,WEIBULL|AUC|WARD,1,1,1,0.87737785461245754,0.93654176980244164,0.95248794854464969,0.010700958692921937,1,0.7554217063304941,0.7554217063304941,62,62,62,0,58,58,AZD6244–HEM,4,False,Full-source,-0.14901400066656387
CCLE_EXPERIMENT_A_FIXED_SCORE_ORIGINAL5,CCLE-10-AZD6244-HEM,FULL,WEIBULL|AUC|TIED_GMM,1,1,1,0.89368327431221306,0.98619081463588854,0.98952313228607758,0.010700958692921937,1,0.77601963598542023,0.77601963598542023,62,62,62,0,37,37,AZD6244–HEM,4,False,Full-source,0.0458251577349904
CCLE_EXPERIMENT_A_FIXED_SCORE_ORIGINAL5,CCLE-65-Topotecan-LUNG,FULL,TRIOS,1,1,1,0.8419991827993083,0.99609740871446872,0.99899658840056194,0.5401805028808534,1,0.87545473655903838,0.87545473655903838,87,87,87,0,1,1,Topotecan–LUNG,5,False,Full-source,0
CCLE_EXPERIMENT_A_FIXED_SCORE_ORIGINAL5,CCLE-65-Topotecan-LUNG,FULL,EMAX|IC50|TERTILES,1,0,0,,,,,,,0,87,0,0,0,,62,Topotecan–LUNG,5,False,Full-source,0.15002328447765284
CCLE_EXPERIMENT_A_FIXED_SCORE_ORIGINAL5,CCLE-65-Topotecan-LUNG,FULL,EMAX|IC50|JENKS,1,0,0,,,,,,,0,87,0,0,0,,62,Topotecan–LUNG,5,False,Full-source,-0.020393681270162035
CCLE_EXPERIMENT_A_FIXED_SCORE_ORIGINAL5,CCLE-65-Topotecan-LUNG,FULL,EMAX|IC50|KMEANS,1,0,0,,,,,,,0,87,0,0,0,,62,Topotecan–LUNG,5,False,Full-source,-0.076762269119909562
CCLE_EXPERIMENT_A_FIXED_SCORE_ORIGINAL5,CCLE-65-Topotecan-LUNG,FULL,EMAX|IC50|WARD,1,0,0,,,,,,,0,87,0,0,0,,62,Topotecan–LUNG,5,False,Full-source,-0.096790190249865446
CCLE_EXPERIMENT_A_FIXED_SCORE_ORIGINAL5,CCLE-65-Topotecan-LUNG,FULL,EMAX|IC50|TIED_GMM,1,0,0,,,,,,,0,87,0,0,0,,62,Topotecan–LUNG,5,False,Full-source,-0.065985645704433701
CCLE_EXPERIMENT_A_FIXED_SCORE_ORIGINAL5,CCLE-65-Topotecan-LUNG,FULL,EMAX|EC50|TERTILES,1,1,1,0.75968367246192237,0.994269701909552,0.99415204678362568,0.32469157659799519,1,0.81455939955061896,0.81455939955061896,87,87,87,0,11,11,Topotecan–LUNG,5,False,Full-source,-0.077375214006140641
CCLE_EXPERIMENT_A_FIXED_SCORE_ORIGINAL5,CCLE-65-Topotecan-LUNG,FULL,EMAX|EC50|JENKS,1,1,1,0.86621360087900157,0.95931158699149077,0.98292311455258852,0.32469157659799519,1,0.82662797580421521,0.82662797580421521,87,87,87,0,4,4,Topotecan–LUNG,5,False,Full-source,-0.0086425236260151729
CCLE_EXPERIMENT_A_FIXED_SCORE_ORIGINAL5,CCLE-65-Topotecan-LUNG,FULL,EMAX|EC50|KMEANS,1,1,1,0.86621360087900157,0.95931158699149077,0.98292311455258852,0.32469157659799519,1,0.82662797580421521,0.82662797580421521,87,87,87,0,4,4,Topotecan–LUNG,5,False,Full-source,0.083578455951898015
CCLE_EXPERIMENT_A_FIXED_SCORE_ORIGINAL5,CCLE-65-Topotecan-LUNG,FULL,EMAX|EC50|WARD,1,1,1,0.86203868586293131,0.99371255367891342,0.99959887685519455,0.32469157659799519,1,0.83600833859900692,0.83600833859900692,87,87,87,0,3,3,Topotecan–LUNG,5,False,Full-source,-0.02003163625021271
CCLE_EXPERIMENT_A_FIXED_SCORE_ORIGINAL5,CCLE-65-Topotecan-LUNG,FULL,EMAX|EC50|TIED_GMM,1,1,1,0.86203868586293131,0.99675798646492841,0.99986632803101183,0.32469157659799519,1,0.83667091539137339,0.83667091539137339,87,87,87,0,2,2,Topotecan–LUNG,5,True,Full-source,-0.04601316114096278
CCLE_EXPERIMENT_A_FIXED_SCORE_ORIGINAL5,CCLE-65-Topotecan-LUNG,FULL,EMAX|EMAX|TERTILES,1,1,1,0.64110854812398654,0.99732549441359875,0.98843891555675756,0.32469157659799519,1,0.79031290693846756,0.79031290693846756,87,87,87,0,16,16,Topotecan–LUNG,5,False,Full-source,-0.15453466050199574
CCLE_EXPERIMENT_A_FIXED_SCORE_ORIGINAL5,CCLE-65-Topotecan-LUNG,FULL,EMAX|EMAX|JENKS,1,1,1,0.82031806054835354,0.98493407326961335,0.99725256315754196,0.32469157659799519,1,0.82543925471470081,0.82543925471470081,87,87,87,0,6,6,Topotecan–LUNG,5,False,Full-source,-0.03387887392981883
CCLE_EXPERIMENT_A_FIXED_SCORE_ORIGINAL5,CCLE-65-Topotecan-LUNG,FULL,EMAX|EMAX|KMEANS,1,1,1,0.82031806054835354,0.98489213216929528,0.99705093833780167,0.32469157659799519,1,0.82539054153068925,0.82539054153068925,87,87,87,0,7,7,Topotecan–LUNG,5,False,Full-source,0.15653882130899907
CCLE_EXPERIMENT_A_FIXED_SCORE_ORIGINAL5,CCLE-65-Topotecan-LUNG,FULL,EMAX|EMAX|WARD,1,1,1,0.81302053824617504,0.97308001119528353,0.983121136549724,0.32469157659799519,1,0.81878265251783555,0.81878265251783555,87,87,87,0,10,10,Topotecan–LUNG,5,False,Full-source,-0.1108451401327842
CCLE_EXPERIMENT_A_FIXED_SCORE_ORIGINAL5,CCLE-65-Topotecan-LUNG,FULL,EMAX|EMAX|TIED_GMM,1,1,1,0.74994042715365195,0.97551674144161271,0.99302919199888617,0.32469157659799519,1,0.80863558743842923,0.80863558743842923,87,87,87,0,14,14,Topotecan–LUNG,5,False,Full-source,0.127732443951008
CCLE_EXPERIMENT_A_FIXED_SCORE_ORIGINAL5,CCLE-65-Topotecan-LUNG,FULL,EMAX|AUC|TERTILES,1,1,1,0.75256059825437083,0.99137698547438025,0.98265895953757221,0.32469157659799519,1,0.81025762397286383,0.81025762397286383,87,87,87,0,13,13,Topotecan–LUNG,5,False,Full-source,0.072186619320927792
CCLE_EXPERIMENT_A_FIXED_SCORE_ORIGINAL5,CCLE-65-Topotecan-LUNG,FULL,EMAX|AUC|JENKS,1,1,1,0.817883284032905,0.98585603540809252,0.96990777038103515,0.32469157659799519,1,0.81966773328400555,0.81966773328400555,87,87,87,0,8,8,Topotecan–LUNG,5,False,Full-source,-0.096208283662844507
CCLE_EXPERIMENT_A_FIXED_SCORE_ORIGINAL5,CCLE-65-Topotecan-LUNG,FULL,EMAX|AUC|KMEANS,1,1,1,0.817883284032905,0.98573115301936787,0.96984154515452259,0.32469157659799519,1,0.819629511760958,0.819629511760958,87,87,87,0,9,9,Topotecan–LUNG,5,False,Full-source,-0.12576103097893321
CCLE_EXPERIMENT_A_FIXED_SCORE_ORIGINAL5,CCLE-65-Topotecan-LUNG,FULL,EMAX|AUC|WARD,1,1,1,0.79880670307122648,0.94631739951653637,0.9582808316901521,0.32469157659799519,1,0.80561930217518207,0.80561930217518207,87,87,87,0,15,15,Topotecan–LUNG,5,False,Full-source,-0.062446849770482357
CCLE_EXPERIMENT_A_FIXED_SCORE_ORIGINAL5,CCLE-65-Topotecan-LUNG,FULL,EMAX|AUC|TIED_GMM,1,1,1,0.76947120880081132,0.98444018834123881,0.98745727961570706,0.32469157659799519,1,0.81321205067115054,0.81321205067115054,87,87,87,0,12,12,Topotecan–LUNG,5,False,Full-source,0.047621722120703612
CCLE_EXPERIMENT_A_FIXED_SCORE_ORIGINAL5,CCLE-65-Topotecan-LUNG,FULL,HILL|IC50|TERTILES,1,0,0,,,,,,,0,87,0,0,0,,62,Topotecan–LUNG,5,False,Full-source,-0.10311762905286571
CCLE_EXPERIMENT_A_FIXED_SCORE_ORIGINAL5,CCLE-65-Topotecan-LUNG,FULL,HILL|IC50|JENKS,1,0,0,,,,,,,0,87,0,0,0,,62,Topotecan–LUNG,5,False,Full-source,0.10617221175371022
CCLE_EXPERIMENT_A_FIXED_SCORE_ORIGINAL5,CCLE-65-Topotecan-LUNG,FULL,HILL|IC50|KMEANS,1,0,0,,,,,,,0,87,0,0,0,,62,Topotecan–LUNG,5,False,Full-source,0.024909779994029047
CCLE_EXPERIMENT_A_FIXED_SCORE_ORIGINAL5,CCLE-65-Topotecan-LUNG,FULL,HILL|IC50|WARD,1,0,0,,,,,,,0,87,0,0,0,,62,Topotecan–LUNG,5,False,Full-source,0.070586614140911622
CCLE_EXPERIMENT_A_FIXED_SCORE_ORIGINAL5,CCLE-65-Topotecan-LUNG,FULL,HILL|IC50|TIED_GMM,1,0,0,,,,,,,0,87,0,0,0,,62,Topotecan–LUNG,5,False,Full-source,0.14889718711117683
CCLE_EXPERIMENT_A_FIXED_SCORE_ORIGINAL5,CCLE-65-Topotecan-LUNG,FULL,HILL|EC50|TERTILES,1,1,1,0.51903001960759831,0.99579149115621768,0.98843891555675756,0.06506765800611318,1,0.71366561686533736,0.71366561686533736,87,87,87,0,61,61,Topotecan–LUNG,5,False,Full-source,0.14746822312182473
CCLE_EXPERIMENT_A_FIXED_SCORE_ORIGINAL5,CCLE-65-Topotecan-LUNG,FULL,HILL|EC50|JENKS,1,1,1,0.88887985891137444,0.98008318727410471,0.99408752198248829,0.06506765800611318,1,0.7856236452348162,0.7856236452348162,87,87,87,0,18,18,Topotecan–LUNG,5,False,Full-source,0.12968838296124907
CCLE_EXPERIMENT_A_FIXED_SCORE_ORIGINAL5,CCLE-65-Topotecan-LUNG,FULL,HILL|EC50|KMEANS,1,1,1,0.88887985891137444,0.98008318727410471,0.99408752198248829,0.06506765800611318,1,0.7856236452348162,0.7856236452348162,87,87,87,0,18,18,Topotecan–LUNG,5,False,Full-source,-0.060861685103937441
CCLE_EXPERIMENT_A_FIXED_SCORE_ORIGINAL5,CCLE-65-Topotecan-LUNG,FULL,HILL|EC50|WARD,1,1,1,0.87277009189043842,0.97318989057044425,0.97844003428496085,0.06506765800611318,1,0.77789353495039137,0.77789353495039137,87,87,87,0,25,25,Topotecan–LUNG,5,False,Full-source,0.11436408190856781
CCLE_EXPERIMENT_A_FIXED_SCORE_ORIGINAL5,CCLE-65-Topotecan-LUNG,FULL,HILL|EC50|TIED_GMM,1,1,1,0.88649162282678362,0.98754193188021444,0.99421965317919081,0.06506765800611318,1,0.78666417317846038,0.78666417317846038,87,87,87,0,17,17,Topotecan–LUNG,5,False,Full-source,-0.15712456956438828
CCLE_EXPERIMENT_A_FIXED_SCORE_ORIGINAL5,CCLE-65-Topotecan-LUNG,FULL,HILL|EMAX|TERTILES,1,1,1,0.64304746045190297,0.99729194255493403,0.99415204678362568,0.06506765800611318,1,0.73991182155931523,0.73991182155931523,87,87,87,0,53,53,Topotecan–LUNG,5,False,Full-source,0.1335559467164697
CCLE_EXPERIMENT_A_FIXED_SCORE_ORIGINAL5,CCLE-65-Topotecan-LUNG,FULL,HILL|EMAX|JENKS,1,1,1,0.8224390872213424,0.95677985370138252,0.97620891087862416,0.06506765800611318,1,0.76409910196149244,0.76409910196149244,87,87,87,0,37,37,Topotecan–LUNG,5,False,Full-source,-0.078149880002753316
CCLE_EXPERIMENT_A_FIXED_SCORE_ORIGINAL5,CCLE-65-Topotecan-LUNG,FULL,HILL|EMAX|KMEANS,1,1,1,0.8224390872213424,0.95673457378339033,0.96997398648247346,0.06506765800611318,1,0.76284306109866384,0.76284306109866384,87,87,87,0,40,40,Topotecan–LUNG,5,False,Full-source,0.033722190380497424
CCLE_EXPERIMENT_A_FIXED_SCORE_ORIGINAL5,CCLE-65-Topotecan-LUNG,FULL,HILL|EMAX|WARD,1,1,1,0.80337640093461937,0.95804873430194881,0.96322237771159513,0.06506765800611318,1,0.75794303419085529,0.75794303419085529,87,87,87,0,45,45,Topotecan–LUNG,5,False,Full-source,-0.029716464101736548
CCLE_EXPERIMENT_A_FIXED_SCORE_ORIGINAL5,CCLE-65-Topotecan-LUNG,FULL,HILL|EMAX|TIED_GMM,1,1,1,0.78485862336588186,0.98715509268288704,0.99309540438716792,0.06506765800611318,1,0.76603535568841008,0.76603535568841008,87,87,87,0,31,31,Topotecan–LUNG,5,False,Full-source,-0.064296132303843304
CCLE_EXPERIMENT_A_FIXED_SCORE_ORIGINAL5,CCLE-65-Topotecan-LUNG,FULL,HILL|AUC|TERTILES,1,1,1,0.72816593925275264,0.99689275458821347,0.99415204678362568,0.06506765800611318,1,0.75685567972614098,0.75685567972614098,87,87,87,0,46,46,Topotecan–LUNG,5,False,Full-source,-0.1556700941910199
CCLE_EXPERIMENT_A_FIXED_SCORE_ORIGINAL5,CCLE-65-Topotecan-LUNG,FULL,HILL|AUC|JENKS,1,1,1,0.81473713455159347,0.92433825569413475,0.82027380808741213,0.06506765800611318,1,0.72488337126785063,0.72488337126785063,87,87,87,0,57,57,Topotecan–LUNG,5,False,Full-source,0.11293238892055406
CCLE_EXPERIMENT_A_FIXED_SCORE_ORIGINAL5,CCLE-65-Topotecan-LUNG,FULL,HILL|AUC|KMEANS,1,1,1,0.81473713455159347,0.92421275497965683,0.81927528047269449,0.06506765800611318,1,0.72465856560201158,0.72465856560201158,87,87,87,0,58,58,Topotecan–LUNG,5,False,Full-source,0.12511253222010854
CCLE_EXPERIMENT_A_FIXED_SCORE_ORIGINAL5,CCLE-65-Topotecan-LUNG,FULL,HILL|AUC|WARD,1,1,1,0.80068810684709102,0.95093289796866787,0.97360187442311796,0.06506765800611318,1,0.75805810744899804,0.75805810744899804,87,87,87,0,44,44,Topotecan–LUNG,5,False,Full-source,-0.10591065785519561
CCLE_EXPERIMENT_A_FIXED_SCORE_ORIGINAL5,CCLE-65-Topotecan-LUNG,FULL,HILL|AUC|TIED_GMM,1,1,1,0.79031151568902691,0.99100447881294007,0.987718831694963,0.06506765800611318,1,0.7668204968406086,0.7668204968406086,87,87,87,0,30,30,Topotecan–LUNG,5,False,Full-source,0.034481403649431037
CCLE_EXPERIMENT_A_FIXED_SCORE_ORIGINAL5,CCLE-65-Topotecan-LUNG,FULL,LOGISTIC|IC50|TERTILES,1,0,0,,,,,,,0,87,0,0,0,,62,Topotecan–LUNG,5,False,Full-source,-0.12606446891232964
CCLE_EXPERIMENT_A_FIXED_SCORE_ORIGINAL5,CCLE-65-Topotecan-LUNG,FULL,LOGISTIC|IC50|JENKS,1,0,0,,,,,,,0,87,0,0,0,,62,Topotecan–LUNG,5,False,Full-source,0.087856823859702976
CCLE_EXPERIMENT_A_FIXED_SCORE_ORIGINAL5,CCLE-65-Topotecan-LUNG,FULL,LOGISTIC|IC50|KMEANS,1,0,0,,,,,,,0,87,0,0,0,,62,Topotecan–LUNG,5,False,Full-source,0.093920685857050296
CCLE_EXPERIMENT_A_FIXED_SCORE_ORIGINAL5,CCLE-65-Topotecan-LUNG,FULL,LOGISTIC|IC50|WARD,1,0,0,,,,,,,0,87,0,0,0,,62,Topotecan–LUNG,5,False,Full-source,0.097022593826293607
CCLE_EXPERIMENT_A_FIXED_SCORE_ORIGINAL5,CCLE-65-Topotecan-LUNG,FULL,LOGISTIC|IC50|TIED_GMM,1,0,0,,,,,,,0,87,0,0,0,,62,Topotecan–LUNG,5,False,Full-source,-0.15121769651566114
CCLE_EXPERIMENT_A_FIXED_SCORE_ORIGINAL5,CCLE-65-Topotecan-LUNG,FULL,LOGISTIC|EC50|TERTILES,1,1,1,0.62985257542473327,0.99102838286760442,0.98843891555675756,0.029871177495206794,1,0.72783821026886042,0.72783821026886042,87,87,87,0,56,56,Topotecan–LUNG,5,False,Full-source,0.10649664333707108
CCLE_EXPERIMENT_A_FIXED_SCORE_ORIGINAL5,CCLE-65-Topotecan-LUNG,FULL,LOGISTIC|EC50|JENKS,1,1,1,0.89663474691111789,0.99496710689076873,1,0.029871177495206794,1,0.78429460625941871,0.78429460625941871,87,87,87,0,20,20,Topotecan–LUNG,5,False,Full-source,-0.021464465004732942
CCLE_EXPERIMENT_A_FIXED_SCORE_ORIGINAL5,CCLE-65-Topotecan-LUNG,FULL,LOGISTIC|EC50|KMEANS,1,1,1,0.89663474691111789,0.99496710689076873,1,0.029871177495206794,1,0.78429460625941871,0.78429460625941871,87,87,87,0,20,20,Topotecan–LUNG,5,False,Full-source,-0.013204098980222857
CCLE_EXPERIMENT_A_FIXED_SCORE_ORIGINAL5,CCLE-65-Topotecan-LUNG,FULL,LOGISTIC|EC50|WARD,1,1,1,0.8786758899245567,0.99245257897575578,0.99919743178170151,0.029871177495206794,1,0.7800394156354441,0.7800394156354441,87,87,87,0,23,23,Topotecan–LUNG,5,False,Full-source,-0.08789094520916485
CCLE_EXPERIMENT_A_FIXED_SCORE_ORIGINAL5,CCLE-65-Topotecan-LUNG,FULL,LOGISTIC|EC50|TIED_GMM,1,1,1,0.8939111801451326,0.99450707892931034,0.99402144305998263,0.029871177495206794,1,0.78246217592592648,0.78246217592592648,87,87,87,0,22,22,Topotecan–LUNG,5,False,Full-source,-0.04332959381009676
CCLE_EXPERIMENT_A_FIXED_SCORE_ORIGINAL5,CCLE-65-Topotecan-LUNG,FULL,LOGISTIC|EMAX|TERTILES,1,1,1,0.63832470153411347,0.99953665269435887,0.98843891555675756,0.029871177495206794,1,0.73123428945608737,0.73123428945608737,87,87,87,0,55,55,Topotecan–LUNG,5,False,Full-source,-0.076523060555691608
CCLE_EXPERIMENT_A_FIXED_SCORE_ORIGINAL5,CCLE-65-Topotecan-LUNG,FULL,LOGISTIC|EMAX|JENKS,1,1,1,0.82227951800353649,0.98297538596839351,0.99283050135429018,0.029871177495206794,1,0.76559131656428536,0.76559131656428536,87,87,87,0,32,32,Topotecan–LUNG,5,False,Full-source,0.061657198421111621
CCLE_EXPERIMENT_A_FIXED_SCORE_ORIGINAL5,CCLE-65-Topotecan-LUNG,FULL,LOGISTIC|EMAX|KMEANS,1,1,1,0.82227951800353649,0.98280052841372401,0.99103866812379382,0.029871177495206794,1,0.76519797840725223,0.76519797840725223,87,87,87,0,35,35,Topotecan–LUNG,5,False,Full-source,0.023310994176033654
CCLE_EXPERIMENT_A_FIXED_SCORE_ORIGINAL5,CCLE-65-Topotecan-LUNG,FULL,LOGISTIC|EMAX|WARD,1,1,1,0.82164447683222952,0.98254755342173439,0.97921182041886989,0.029871177495206794,1,0.76265500563360811,0.76265500563360811,87,87,87,0,41,41,Topotecan–LUNG,5,False,Full-source,-0.078664399068491625
CCLE_EXPERIMENT_A_FIXED_SCORE_ORIGINAL5,CCLE-65-Topotecan-LUNG,FULL,LOGISTIC|EMAX|TIED_GMM,1,1,1,0.76091743722231375,0.98528298039104723,0.97733289641499066,0.029871177495206794,1,0.75068089830471174,0.75068089830471174,87,87,87,0,48,48,Topotecan–LUNG,5,False,Full-source,-0.13170034072634307
CCLE_EXPERIMENT_A_FIXED_SCORE_ORIGINAL5,CCLE-65-Topotecan-LUNG,FULL,LOGISTIC|AUC|TERTILES,1,1,1,0.72188709051432454,0.99591211215518982,0.98265895953757221,0.029871177495206794,1,0.74606586794045859,0.74606586794045859,87,87,87,0,51,51,Topotecan–LUNG,5,False,Full-source,0.031377705156658248
CCLE_EXPERIMENT_A_FIXED_SCORE_ORIGINAL5,CCLE-65-Topotecan-LUNG,FULL,LOGISTIC|AUC|JENKS,1,1,1,0.82352114668039944,0.98218305848840937,0.99063959655358502,0.029871177495206794,1,0.76524299584352007,0.76524299584352007,87,87,87,0,33,33,Topotecan–LUNG,5,False,Full-source,0.055142059823298374
CCLE_EXPERIMENT_A_FIXED_SCORE_ORIGINAL5,CCLE-65-Topotecan-LUNG,FULL,LOGISTIC|AUC|KMEANS,1,1,1,0.82352114668039944,0.98218305848840937,0.99063959655358502,0.029871177495206794,1,0.76524299584352007,0.76524299584352007,87,87,87,0,33,33,Topotecan–LUNG,5,False,Full-source,0.1375925677217526
CCLE_EXPERIMENT_A_FIXED_SCORE_ORIGINAL5,CCLE-65-Topotecan-LUNG,FULL,LOGISTIC|AUC|WARD,1,1,1,0.79886232114171307,0.94944639559037558,0.83386481964836456,0.029871177495206794,1,0.72240894277513201,0.72240894277513201,87,87,87,0,59,59,Topotecan–LUNG,5,False,Full-source,0.011483798886529116
CCLE_EXPERIMENT_A_FIXED_SCORE_ORIGINAL5,CCLE-65-Topotecan-LUNG,FULL,LOGISTIC|AUC|TIED_GMM,1,1,1,0.8033665801031824,0.98063425765440837,0.98103495242299854,0.029871177495206794,1,0.75898139353515925,0.75898139353515925,87,87,87,0,42,42,Topotecan–LUNG,5,False,Full-source,-0.15251671150152496
CCLE_EXPERIMENT_A_FIXED_SCORE_ORIGINAL5,CCLE-65-Topotecan-LUNG,FULL,WEIBULL|IC50|TERTILES,1,0,0,,,,,,,0,87,0,0,0,,62,Topotecan–LUNG,5,False,Full-source,-0.060621252856361975
CCLE_EXPERIMENT_A_FIXED_SCORE_ORIGINAL5,CCLE-65-Topotecan-LUNG,FULL,WEIBULL|IC50|JENKS,1,0,0,,,,,,,0,87,0,0,0,,62,Topotecan–LUNG,5,False,Full-source,-0.00684737827788279
CCLE_EXPERIMENT_A_FIXED_SCORE_ORIGINAL5,CCLE-65-Topotecan-LUNG,FULL,WEIBULL|IC50|KMEANS,1,0,0,,,,,,,0,87,0,0,0,,62,Topotecan–LUNG,5,False,Full-source,-0.11186317167055401
CCLE_EXPERIMENT_A_FIXED_SCORE_ORIGINAL5,CCLE-65-Topotecan-LUNG,FULL,WEIBULL|IC50|WARD,1,0,0,,,,,,,0,87,0,0,0,,62,Topotecan–LUNG,5,False,Full-source,0.089592029212413354
CCLE_EXPERIMENT_A_FIXED_SCORE_ORIGINAL5,CCLE-65-Topotecan-LUNG,FULL,WEIBULL|IC50|TIED_GMM,1,0,0,,,,,,,0,87,0,0,0,,62,Topotecan–LUNG,5,False,Full-source,-0.080317721273824041
CCLE_EXPERIMENT_A_FIXED_SCORE_ORIGINAL5,CCLE-65-Topotecan-LUNG,FULL,WEIBULL|EC50|TERTILES,1,1,1,0.57616738414204804,0.99499698220532851,0.99415204678362568,0.040189085019831414,1,0.72110109963016666,0.72110109963016666,87,87,87,0,60,60,Topotecan–LUNG,5,False,Full-source,-0.013792408298187056
CCLE_EXPERIMENT_A_FIXED_SCORE_ORIGINAL5,CCLE-65-Topotecan-LUNG,FULL,WEIBULL|EC50|JENKS,1,1,1,0.8755328623430465,0.98163593409871708,0.98680277954197337,0.040189085019831414,1,0.77683213220071368,0.77683213220071368,87,87,87,0,26,26,Topotecan–LUNG,5,False,Full-source,0.12782004676009995
CCLE_EXPERIMENT_A_FIXED_SCORE_ORIGINAL5,CCLE-65-Topotecan-LUNG,FULL,WEIBULL|EC50|KMEANS,1,1,1,0.8755328623430465,0.98156726461130339,0.98654073125994579,0.040189085019831414,1,0.77676598864682544,0.77676598864682544,87,87,87,0,27,27,Topotecan–LUNG,5,False,Full-source,0.10143603122360911
CCLE_EXPERIMENT_A_FIXED_SCORE_ORIGINAL5,CCLE-65-Topotecan-LUNG,FULL,WEIBULL|EC50|WARD,1,1,1,0.87268816494272472,0.96941110102535699,0.97694467177190425,0.040189085019831414,1,0.77184660455196341,0.77184660455196341,87,87,87,0,28,28,Topotecan–LUNG,5,False,Full-source,0.12223911403730491
CCLE_EXPERIMENT_A_FIXED_SCORE_ORIGINAL5,CCLE-65-Topotecan-LUNG,FULL,WEIBULL|EC50|TIED_GMM,1,1,1,0.86542844373610073,0.98706784731569108,0.99946509761968438,0.040189085019831414,1,0.77843009473826152,0.77843009473826152,87,87,87,0,24,24,Topotecan–LUNG,5,False,Full-source,-0.09870032323959757
CCLE_EXPERIMENT_A_FIXED_SCORE_ORIGINAL5,CCLE-65-Topotecan-LUNG,FULL,WEIBULL|EMAX|TERTILES,1,1,1,0.64162490852351362,0.99779202812591206,0.98265895953757221,0.040189085019831414,1,0.73245299624136584,0.73245299624136584,87,87,87,0,54,54,Topotecan–LUNG,5,False,Full-source,0.05461830829610545
CCLE_EXPERIMENT_A_FIXED_SCORE_ORIGINAL5,CCLE-65-Topotecan-LUNG,FULL,WEIBULL|EMAX|JENKS,1,1,1,0.8217723024121516,0.98462917956379237,0.99123808283952142,0.040189085019831414,1,0.7675657299670593,0.7675657299670593,87,87,87,0,29,29,Topotecan–LUNG,5,False,Full-source,-0.086128221286024959
CCLE_EXPERIMENT_A_FIXED_SCORE_ORIGINAL5,CCLE-65-Topotecan-LUNG,FULL,WEIBULL|EMAX|KMEANS,1,1,1,0.8217723024121516,0.98388368061614229,0.97674572209038457,0.040189085019831414,1,0.76451815802770196,0.76451815802770196,87,87,87,0,36,36,Topotecan–LUNG,5,False,Full-source,-0.10477093076910148
CCLE_EXPERIMENT_A_FIXED_SCORE_ORIGINAL5,CCLE-65-Topotecan-LUNG,FULL,WEIBULL|EMAX|WARD,1,1,1,0.76940736233832829,0.94682855042900049,0.96164668690600852,0.040189085019831414,1,0.74361433693863366,0.74361433693863366,87,87,87,0,52,52,Topotecan–LUNG,5,False,Full-source,0.05600848709605831
CCLE_EXPERIMENT_A_FIXED_SCORE_ORIGINAL5,CCLE-65-Topotecan-LUNG,FULL,WEIBULL|EMAX|TIED_GMM,1,1,1,0.77858039109358446,0.9846497786315781,0.9711516945661447,0.040189085019831414,1,0.7549141898622278,0.7549141898622278,87,87,87,0,47,47,Topotecan–LUNG,5,False,Full-source,-0.031893207922552999
CCLE_EXPERIMENT_A_FIXED_SCORE_ORIGINAL5,CCLE-65-Topotecan-LUNG,FULL,WEIBULL|AUC|TERTILES,1,1,1,0.72748378457916385,0.99591900395145183,0.98843891555675756,0.040189085019831414,1,0.75040615782144093,0.75040615782144093,87,87,87,0,49,49,Topotecan–LUNG,5,False,Full-source,0.078939058314761862
CCLE_EXPERIMENT_A_FIXED_SCORE_ORIGINAL5,CCLE-65-Topotecan-LUNG,FULL,WEIBULL|AUC|JENKS,1,1,1,0.82060084789785703,0.97110275792037326,0.98743535649608871,0.040189085019831414,1,0.76386560946683013,0.76386560946683013,87,87,87,0,38,38,Topotecan–LUNG,5,False,Full-source,0.095717941284114011
CCLE_EXPERIMENT_A_FIXED_SCORE_ORIGINAL5,CCLE-65-Topotecan-LUNG,FULL,WEIBULL|AUC|KMEANS,1,1,1,0.82060084789785703,0.97110275792037326,0.98743535649608871,0.040189085019831414,1,0.76386560946683013,0.76386560946683013,87,87,87,0,38,38,Topotecan–LUNG,5,False,Full-source,0.15225269175885539
CCLE_EXPERIMENT_A_FIXED_SCORE_ORIGINAL5,CCLE-65-Topotecan-LUNG,FULL,WEIBULL|AUC|WARD,1,1,1,0.81365889693107929,0.96318730056122881,0.92776978417266198,0.040189085019831414,1,0.7489610133369603,0.7489610133369603,87,87,87,0,50,50,Topotecan–LUNG,5,False,Full-source,-0.14901400066656387
CCLE_EXPERIMENT_A_FIXED_SCORE_ORIGINAL5,CCLE-65-Topotecan-LUNG,FULL,WEIBULL|AUC|TIED_GMM,1,1,1,0.79339745393900796,0.98434735659623795,0.97404294698076832,0.040189085019831414,1,0.75839536850716915,0.75839536850716915,87,87,87,0,43,43,Topotecan–LUNG,5,False,Full-source,0.0458251577349904
CCLE_EXPERIMENT_A_FIXED_SCORE_ORIGINAL5,CCLE-51-PLX4720-SKIN,FULL,TRIOS,1,1,1,0.88927612573554571,0.99645263353490443,1,0.55508874175877554,1,0.88816350020584522,0.88816350020584522,32,32,32,0,1,1,PLX4720–SKIN,6,False,Full-source,0
CCLE_EXPERIMENT_A_FIXED_SCORE_ORIGINAL5,CCLE-51-PLX4720-SKIN,FULL,EMAX|IC50|TERTILES,1,0,0,,,,,,,0,32,0,0,0,,62,PLX4720–SKIN,6,False,Full-source,0.15002328447765284
CCLE_EXPERIMENT_A_FIXED_SCORE_ORIGINAL5,CCLE-51-PLX4720-SKIN,FULL,EMAX|IC50|JENKS,1,0,0,,,,,,,0,32,0,0,0,,62,PLX4720–SKIN,6,False,Full-source,-0.020393681270162035
CCLE_EXPERIMENT_A_FIXED_SCORE_ORIGINAL5,CCLE-51-PLX4720-SKIN,FULL,EMAX|IC50|KMEANS,1,0,0,,,,,,,0,32,0,0,0,,62,PLX4720–SKIN,6,False,Full-source,-0.076762269119909562
CCLE_EXPERIMENT_A_FIXED_SCORE_ORIGINAL5,CCLE-51-PLX4720-SKIN,FULL,EMAX|IC50|WARD,1,0,0,,,,,,,0,32,0,0,0,,62,PLX4720–SKIN,6,False,Full-source,-0.096790190249865446
CCLE_EXPERIMENT_A_FIXED_SCORE_ORIGINAL5,CCLE-51-PLX4720-SKIN,FULL,EMAX|IC50|TIED_GMM,1,0,0,,,,,,,0,32,0,0,0,,62,PLX4720–SKIN,6,False,Full-source,-0.065985645704433701
CCLE_EXPERIMENT_A_FIXED_SCORE_ORIGINAL5,CCLE-51-PLX4720-SKIN,FULL,EMAX|EC50|TERTILES,1,1,1,0.78240752298268978,0.98329250607204544,0.98930208863983693,0.30733737549115825,1,0.81246789863714608,0.81246789863714608,32,32,32,0,14,14,PLX4720–SKIN,6,False,Full-source,-0.077375214006140641
CCLE_EXPERIMENT_A_FIXED_SCORE_ORIGINAL5,CCLE-51-PLX4720-SKIN,FULL,EMAX|EC50|JENKS,1,1,1,0.95314015199642232,0.98830823543244573,0.99696663296258847,0.30733737549115825,1,0.84915047917652298,0.84915047917652298,32,32,32,0,3,3,PLX4720–SKIN,6,False,Full-source,-0.0086425236260151729
CCLE_EXPERIMENT_A_FIXED_SCORE_ORIGINAL5,CCLE-51-PLX4720-SKIN,FULL,EMAX|EC50|KMEANS,1,1,1,0.95314015199642232,0.98830823543244573,0.99696663296258847,0.30733737549115825,1,0.84915047917652298,0.84915047917652298,32,32,32,0,3,3,PLX4720–SKIN,6,False,Full-source,0.083578455951898015
CCLE_EXPERIMENT_A_FIXED_SCORE_ORIGINAL5,CCLE-51-PLX4720-SKIN,FULL,EMAX|EC50|WARD,1,1,1,0.95314015199642232,0.99123616767159328,1,0.30733737549115825,1,0.85034273903183466,0.85034273903183466,32,32,32,0,2,2,PLX4720–SKIN,6,True,Full-source,-0.02003163625021271
CCLE_EXPERIMENT_A_FIXED_SCORE_ORIGINAL5,CCLE-51-PLX4720-SKIN,FULL,EMAX|EC50|TIED_GMM,1,1,1,0.94972437804533061,0.98707196458049806,0.94899311075781656,0.30733737549115825,1,0.83862536577496061,0.83862536577496061,32,32,32,0,5,5,PLX4720–SKIN,6,False,Full-source,-0.04601316114096278
CCLE_EXPERIMENT_A_FIXED_SCORE_ORIGINAL5,CCLE-51-PLX4720-SKIN,FULL,EMAX|EMAX|TERTILES,1,1,1,0.77169494257007809,0.99131935530067272,0.97376423395445122,0.30733737549115825,1,0.80882318146327203,0.80882318146327203,32,32,32,0,15,15,PLX4720–SKIN,6,False,Full-source,-0.15453466050199574
CCLE_EXPERIMENT_A_FIXED_SCORE_ORIGINAL5,CCLE-51-PLX4720-SKIN,FULL,EMAX|EMAX|JENKS,1,1,1,0.87796946517331731,0.97091504455282918,0.97625193598347959,0.30733737549115825,1,0.826494764240157,0.826494764240157,32,32,32,0,11,11,PLX4720–SKIN,6,False,Full-source,-0.03387887392981883
CCLE_EXPERIMENT_A_FIXED_SCORE_ORIGINAL5,CCLE-51-PLX4720-SKIN,FULL,EMAX|EMAX|KMEANS,1,1,1,0.87796946517331731,0.96364330990355218,0.97525839793281666,0.30733737549115825,1,0.82484170970016879,0.82484170970016879,32,32,32,0,12,12,PLX4720–SKIN,6,False,Full-source,0.15653882130899907
CCLE_EXPERIMENT_A_FIXED_SCORE_ORIGINAL5,CCLE-51-PLX4720-SKIN,FULL,EMAX|EMAX|WARD,1,1,1,0.87794940667863053,0.99175543226107632,0.99949571356530509,0.30733737549115825,1,0.83530758559923401,0.83530758559923401,32,32,32,0,9,9,PLX4720–SKIN,6,False,Full-source,-0.1108451401327842
CCLE_EXPERIMENT_A_FIXED_SCORE_ORIGINAL5,CCLE-51-PLX4720-SKIN,FULL,EMAX|EMAX|TIED_GMM,1,1,1,0.87794940667863053,0.98134267059941005,0.99340436326737702,0.30733737549115825,1,0.83200676320731515,0.83200676320731515,32,32,32,0,10,10,PLX4720–SKIN,6,False,Full-source,0.127732443951008
CCLE_EXPERIMENT_A_FIXED_SCORE_ORIGINAL5,CCLE-51-PLX4720-SKIN,FULL,EMAX|AUC|TERTILES,1,1,1,0.84486204928198005,0.99230908435198717,0.97376423395445122,0.30733737549115825,1,0.82365454861591514,0.82365454861591514,32,32,32,0,13,13,PLX4720–SKIN,6,False,Full-source,0.072186619320927792
CCLE_EXPERIMENT_A_FIXED_SCORE_ORIGINAL5,CCLE-51-PLX4720-SKIN,FULL,EMAX|AUC|JENKS,1,1,1,0.88073043999023182,0.99802733356444551,1,0.30733737549115825,1,0.83721902980916707,0.83721902980916707,32,32,32,0,6,6,PLX4720–SKIN,6,False,Full-source,-0.096208283662844507
CCLE_EXPERIMENT_A_FIXED_SCORE_ORIGINAL5,CCLE-51-PLX4720-SKIN,FULL,EMAX|AUC|KMEANS,1,1,1,0.88073043999023182,0.99802733356444551,1,0.30733737549115825,1,0.83721902980916707,0.83721902980916707,32,32,32,0,6,6,PLX4720–SKIN,6,False,Full-source,-0.12576103097893321
CCLE_EXPERIMENT_A_FIXED_SCORE_ORIGINAL5,CCLE-51-PLX4720-SKIN,FULL,EMAX|AUC|WARD,1,1,1,0.88073043999023182,0.99802733356444551,1,0.30733737549115825,1,0.83721902980916707,0.83721902980916707,32,32,32,0,6,6,PLX4720–SKIN,6,False,Full-source,-0.062446849770482357
CCLE_EXPERIMENT_A_FIXED_SCORE_ORIGINAL5,CCLE-51-PLX4720-SKIN,FULL,EMAX|AUC|TIED_GMM,1,1,1,0.8096585486080653,0.83961118959874514,0.7330756013745704,0.30733737549115825,1,0.73793654301450784,0.73793654301450784,32,32,32,0,58,58,PLX4720–SKIN,6,False,Full-source,0.047621722120703612
CCLE_EXPERIMENT_A_FIXED_SCORE_ORIGINAL5,CCLE-51-PLX4720-SKIN,FULL,HILL|IC50|TERTILES,1,0,0,,,,,,,0,32,0,0,0,,62,PLX4720–SKIN,6,False,Full-source,-0.10311762905286571
CCLE_EXPERIMENT_A_FIXED_SCORE_ORIGINAL5,CCLE-51-PLX4720-SKIN,FULL,HILL|IC50|JENKS,1,0,0,,,,,,,0,32,0,0,0,,62,PLX4720–SKIN,6,False,Full-source,0.10617221175371022
CCLE_EXPERIMENT_A_FIXED_SCORE_ORIGINAL5,CCLE-51-PLX4720-SKIN,FULL,HILL|IC50|KMEANS,1,0,0,,,,,,,0,32,0,0,0,,62,PLX4720–SKIN,6,False,Full-source,0.024909779994029047
CCLE_EXPERIMENT_A_FIXED_SCORE_ORIGINAL5,CCLE-51-PLX4720-SKIN,FULL,HILL|IC50|WARD,1,0,0,,,,,,,0,32,0,0,0,,62,PLX4720–SKIN,6,False,Full-source,0.070586614140911622
CCLE_EXPERIMENT_A_FIXED_SCORE_ORIGINAL5,CCLE-51-PLX4720-SKIN,FULL,HILL|IC50|TIED_GMM,1,0,0,,,,,,,0,32,0,0,0,,62,PLX4720–SKIN,6,False,Full-source,0.14889718711117683
CCLE_EXPERIMENT_A_FIXED_SCORE_ORIGINAL5,CCLE-51-PLX4720-SKIN,FULL,HILL|EC50|TERTILES,1,1,1,0.57581878958591493,0.98664983889840763,0.95771962125197263,0.064369357506128502,1,0.71691152144848469,0.71691152144848469,32,32,32,0,60,60,PLX4720–SKIN,6,False,Full-source,0.14746822312182473
CCLE_EXPERIMENT_A_FIXED_SCORE_ORIGINAL5,CCLE-51-PLX4720-SKIN,FULL,HILL|EC50|JENKS,1,1,1,0.96273541743118507,0.9881127791372144,1,0.064369357506128502,1,0.80304351081490566,0.80304351081490566,32,32,32,0,16,16,PLX4720–SKIN,6,False,Full-source,0.12968838296124907
CCLE_EXPERIMENT_A_FIXED_SCORE_ORIGINAL5,CCLE-51-PLX4720-SKIN,FULL,HILL|EC50|KMEANS,1,1,1,0.96273541743118507,0.9881127791372144,1,0.064369357506128502,1,0.80304351081490566,0.80304351081490566,32,32,32,0,16,16,PLX4720–SKIN,6,False,Full-source,-0.060861685103937441
CCLE_EXPERIMENT_A_FIXED_SCORE_ORIGINAL5,CCLE-51-PLX4720-SKIN,FULL,HILL|EC50|WARD,1,1,1,0.96273541743118507,0.9881127791372144,1,0.064369357506128502,1,0.80304351081490566,0.80304351081490566,32,32,32,0,16,16,PLX4720–SKIN,6,False,Full-source,0.11436408190856781
CCLE_EXPERIMENT_A_FIXED_SCORE_ORIGINAL5,CCLE-51-PLX4720-SKIN,FULL,HILL|EC50|TIED_GMM,1,1,1,0.96273541743118507,0.9881127791372144,1,0.064369357506128502,1,0.80304351081490566,0.80304351081490566,32,32,32,0,16,16,PLX4720–SKIN,6,False,Full-source,-0.15712456956438828
CCLE_EXPERIMENT_A_FIXED_SCORE_ORIGINAL5,CCLE-51-PLX4720-SKIN,FULL,HILL|EMAX|TERTILES,1,1,1,0.7723905641948684,0.99307625707173552,0.98930208863983693,0.064369357506128502,1,0.76382765348251391,0.76382765348251391,32,32,32,0,53,53,PLX4720–SKIN,6,False,Full-source,0.1335559467164697
CCLE_EXPERIMENT_A_FIXED_SCORE_ORIGINAL5,CCLE-51-PLX4720-SKIN,FULL,HILL|EMAX|JENKS,1,1,1,0.89766114295254229,0.98913859770977963,0.966796875,0.064369357506128502,1,0.78359319463369004,0.78359319463369004,32,32,32,0,28,28,PLX4720–SKIN,6,False,Full-source,-0.078149880002753316
CCLE_EXPERIMENT_A_FIXED_SCORE_ORIGINAL5,CCLE-51-PLX4720-SKIN,FULL,HILL|EMAX|KMEANS,1,1,1,0.89766114295254229,0.98913859770977963,0.966796875,0.064369357506128502,1,0.78359319463369004,0.78359319463369004,32,32,32,0,28,28,PLX4720–SKIN,6,False,Full-source,0.033722190380497424
CCLE_EXPERIMENT_A_FIXED_SCORE_ORIGINAL5,CCLE-51-PLX4720-SKIN,FULL,HILL|EMAX|WARD,1,1,1,0.88623537128627461,0.97494794339838142,0.94485489882854112,0.064369357506128502,1,0.77408151420386517,0.77408151420386517,32,32,32,0,39,39,PLX4720–SKIN,6,False,Full-source,-0.029716464101736548
CCLE_EXPERIMENT_A_FIXED_SCORE_ORIGINAL5,CCLE-51-PLX4720-SKIN,FULL,HILL|EMAX|TIED_GMM,1,1,1,0.89656538633663163,0.97203118516413123,0.92713976164680378,0.064369357506128502,1,0.77202113813073903,0.77202113813073903,32,32,32,0,42,42,PLX4720–SKIN,6,False,Full-source,-0.064296132303843304
CCLE_EXPERIMENT_A_FIXED_SCORE_ORIGINAL5,CCLE-51-PLX4720-SKIN,FULL,HILL|AUC|TERTILES,1,1,1,0.84153585216826321,0.99137888215239711,0.97376423395445122,0.064369357506128502,1,0.77420966515624801,0.77420966515624801,32,32,32,0,38,38,PLX4720–SKIN,6,False,Full-source,-0.1556700941910199
CCLE_EXPERIMENT_A_FIXED_SCORE_ORIGINAL5,CCLE-51-PLX4720-SKIN,FULL,HILL|AUC|JENKS,1,1,1,0.86326380272920911,0.9179007927566375,0.92420937840785167,0.064369357506128502,1,0.75394866627996537,0.75394866627996537,32,32,32,0,56,56,PLX4720–SKIN,6,False,Full-source,0.11293238892055406
CCLE_EXPERIMENT_A_FIXED_SCORE_ORIGINAL5,CCLE-51-PLX4720-SKIN,FULL,HILL|AUC|KMEANS,1,1,1,0.86326380272920911,0.9179007927566375,0.92420937840785167,0.064369357506128502,1,0.75394866627996537,0.75394866627996537,32,32,32,0,56,56,PLX4720–SKIN,6,False,Full-source,0.12511253222010854
CCLE_EXPERIMENT_A_FIXED_SCORE_ORIGINAL5,CCLE-51-PLX4720-SKIN,FULL,HILL|AUC|WARD,1,1,1,0.85594141182665828,0.9592486489076566,0.97575542355371903,0.064369357506128502,1,0.77106296835883248,0.77106296835883248,32,32,32,0,44,44,PLX4720–SKIN,6,False,Full-source,-0.10591065785519561
CCLE_EXPERIMENT_A_FIXED_SCORE_ORIGINAL5,CCLE-51-PLX4720-SKIN,FULL,HILL|AUC|TIED_GMM,1,1,1,0.85610341652250765,0.98090316862990901,0.97176478215767637,0.064369357506128502,1,0.77462814496324428,0.77462814496324428,32,32,32,0,37,37,PLX4720–SKIN,6,False,Full-source,0.034481403649431037
CCLE_EXPERIMENT_A_FIXED_SCORE_ORIGINAL5,CCLE-51-PLX4720-SKIN,FULL,LOGISTIC|IC50|TERTILES,1,0,0,,,,,,,0,32,0,0,0,,62,PLX4720–SKIN,6,False,Full-source,-0.12606446891232964
CCLE_EXPERIMENT_A_FIXED_SCORE_ORIGINAL5,CCLE-51-PLX4720-SKIN,FULL,LOGISTIC|IC50|JENKS,1,0,0,,,,,,,0,32,0,0,0,,62,PLX4720–SKIN,6,False,Full-source,0.087856823859702976
CCLE_EXPERIMENT_A_FIXED_SCORE_ORIGINAL5,CCLE-51-PLX4720-SKIN,FULL,LOGISTIC|IC50|KMEANS,1,0,0,,,,,,,0,32,0,0,0,,62,PLX4720–SKIN,6,False,Full-source,0.093920685857050296
CCLE_EXPERIMENT_A_FIXED_SCORE_ORIGINAL5,CCLE-51-PLX4720-SKIN,FULL,LOGISTIC|IC50|WARD,1,0,0,,,,,,,0,32,0,0,0,,62,PLX4720–SKIN,6,False,Full-source,0.097022593826293607
CCLE_EXPERIMENT_A_FIXED_SCORE_ORIGINAL5,CCLE-51-PLX4720-SKIN,FULL,LOGISTIC|IC50|TIED_GMM,1,0,0,,,,,,,0,32,0,0,0,,62,PLX4720–SKIN,6,False,Full-source,-0.15121769651566114
CCLE_EXPERIMENT_A_FIXED_SCORE_ORIGINAL5,CCLE-51-PLX4720-SKIN,FULL,LOGISTIC|EC50|TERTILES,1,1,1,0.58253529898231138,0.99220507475421149,0.97376423395445122,0.033334546936098067,1,0.71636783092541445,0.71636783092541445,32,32,32,0,61,61,PLX4720–SKIN,6,False,Full-source,0.10649664333707108
CCLE_EXPERIMENT_A_FIXED_SCORE_ORIGINAL5,CCLE-51-PLX4720-SKIN,FULL,LOGISTIC|EC50|JENKS,1,1,1,0.92971952344677655,0.96295973974671623,0.99949571356530509,0.033334546936098067,1,0.78510190473897912,0.78510190473897912,32,32,32,0,25,25,PLX4720–SKIN,6,False,Full-source,-0.021464465004732942
CCLE_EXPERIMENT_A_FIXED_SCORE_ORIGINAL5,CCLE-51-PLX4720-SKIN,FULL,LOGISTIC|EC50|KMEANS,1,1,1,0.92971952344677655,0.96295973974671623,0.99949571356530509,0.033334546936098067,1,0.78510190473897912,0.78510190473897912,32,32,32,0,25,25,PLX4720–SKIN,6,False,Full-source,-0.013204098980222857
CCLE_EXPERIMENT_A_FIXED_SCORE_ORIGINAL5,CCLE-51-PLX4720-SKIN,FULL,LOGISTIC|EC50|WARD,1,1,1,0.92971952344677655,0.96295973974671623,0.99949571356530509,0.033334546936098067,1,0.78510190473897912,0.78510190473897912,32,32,32,0,25,25,PLX4720–SKIN,6,False,Full-source,-0.08789094520916485
CCLE_EXPERIMENT_A_FIXED_SCORE_ORIGINAL5,CCLE-51-PLX4720-SKIN,FULL,LOGISTIC|EC50|TIED_GMM,1,1,1,0.92971952344677655,0.98442806674726391,1,0.033334546936098067,1,0.78949642742602777,0.78949642742602777,32,32,32,0,24,24,PLX4720–SKIN,6,False,Full-source,-0.04332959381009676
CCLE_EXPERIMENT_A_FIXED_SCORE_ORIGINAL5,CCLE-51-PLX4720-SKIN,FULL,LOGISTIC|EMAX|TERTILES,1,1,1,0.75904523540732438,0.9935474914594139,0.98930208863983693,0.033334546936098067,1,0.75504587248853461,0.75504587248853461,32,32,32,0,55,55,PLX4720–SKIN,6,False,Full-source,-0.076523060555691608
CCLE_EXPERIMENT_A_FIXED_SCORE_ORIGINAL5,CCLE-51-PLX4720-SKIN,FULL,LOGISTIC|EMAX|JENKS,1,1,1,0.89293409591094342,0.98826060775577385,0.96537558685446012,0.033334546936098067,1,0.77598096749145506,0.77598096749145506,32,32,32,0,34,34,PLX4720–SKIN,6,False,Full-source,0.061657198421111621
CCLE_EXPERIMENT_A_FIXED_SCORE_ORIGINAL5,CCLE-51-PLX4720-SKIN,FULL,LOGISTIC|EMAX|KMEANS,1,1,1,0.89293409591094342,0.98826060775577385,0.96537558685446012,0.033334546936098067,1,0.77598096749145506,0.77598096749145506,32,32,32,0,34,34,PLX4720–SKIN,6,False,Full-source,0.023310994176033654
CCLE_EXPERIMENT_A_FIXED_SCORE_ORIGINAL5,CCLE-51-PLX4720-SKIN,FULL,LOGISTIC|EMAX|WARD,1,1,1,0.87749262539383122,0.97278323785075216,0.9816799281314168,0.033334546936098067,1,0.77305806766241969,0.77305806766241969,32,32,32,0,40,40,PLX4720–SKIN,6,False,Full-source,-0.078664399068491625
CCLE_EXPERIMENT_A_FIXED_SCORE_ORIGINAL5,CCLE-51-PLX4720-SKIN,FULL,LOGISTIC|EMAX|TIED_GMM,1,1,1,0.8905237766358105,0.9740246973310267,0.96537558685446012,0.033334546936098067,1,0.7726517215514791,0.7726517215514791,32,32,32,0,41,41,PLX4720–SKIN,6,False,Full-source,-0.13170034072634307
CCLE_EXPERIMENT_A_FIXED_SCORE_ORIGINAL5,CCLE-51-PLX4720-SKIN,FULL,LOGISTIC|AUC|TERTILES,1,1,1,0.84225951329423809,0.99201055657162907,0.98930208863983693,0.033334546936098067,1,0.77138134108836043,0.77138134108836043,32,32,32,0,43,43,PLX4720–SKIN,6,False,Full-source,0.031377705156658248
CCLE_EXPERIMENT_A_FIXED_SCORE_ORIGINAL5,CCLE-51-PLX4720-SKIN,FULL,LOGISTIC|AUC|JENKS,1,1,1,0.86760719723671764,0.94971704278561719,0.984646878198567,0.033334546936098067,1,0.7670611330314,0.7670611330314,32,32,32,0,50,50,PLX4720–SKIN,6,False,Full-source,0.055142059823298374
CCLE_EXPERIMENT_A_FIXED_SCORE_ORIGINAL5,CCLE-51-PLX4720-SKIN,FULL,LOGISTIC|AUC|KMEANS,1,1,1,0.86760719723671764,0.94971704278561719,0.984646878198567,0.033334546936098067,1,0.7670611330314,0.7670611330314,32,32,32,0,50,50,PLX4720–SKIN,6,False,Full-source,0.1375925677217526
CCLE_EXPERIMENT_A_FIXED_SCORE_ORIGINAL5,CCLE-51-PLX4720-SKIN,FULL,LOGISTIC|AUC|WARD,1,1,1,0.85219481938503372,0.99717693602619151,1,0.033334546936098067,1,0.7765412604694647,0.7765412604694647,32,32,32,0,33,33,PLX4720–SKIN,6,False,Full-source,0.011483798886529116
CCLE_EXPERIMENT_A_FIXED_SCORE_ORIGINAL5,CCLE-51-PLX4720-SKIN,FULL,LOGISTIC|AUC|TIED_GMM,1,1,1,0.85934119349102112,0.98364228034697654,0.9747608583247156,0.033334546936098067,1,0.7702157758197623,0.7702157758197623,32,32,32,0,45,45,PLX4720–SKIN,6,False,Full-source,-0.15251671150152496
CCLE_EXPERIMENT_A_FIXED_SCORE_ORIGINAL5,CCLE-51-PLX4720-SKIN,FULL,WEIBULL|IC50|TERTILES,1,0,0,,,,,,,0,32,0,0,0,,62,PLX4720–SKIN,6,False,Full-source,-0.060621252856361975
CCLE_EXPERIMENT_A_FIXED_SCORE_ORIGINAL5,CCLE-51-PLX4720-SKIN,FULL,WEIBULL|IC50|JENKS,1,0,0,,,,,,,0,32,0,0,0,,62,PLX4720–SKIN,6,False,Full-source,-0.00684737827788279
CCLE_EXPERIMENT_A_FIXED_SCORE_ORIGINAL5,CCLE-51-PLX4720-SKIN,FULL,WEIBULL|IC50|KMEANS,1,0,0,,,,,,,0,32,0,0,0,,62,PLX4720–SKIN,6,False,Full-source,-0.11186317167055401
CCLE_EXPERIMENT_A_FIXED_SCORE_ORIGINAL5,CCLE-51-PLX4720-SKIN,FULL,WEIBULL|IC50|WARD,1,0,0,,,,,,,0,32,0,0,0,,62,PLX4720–SKIN,6,False,Full-source,0.089592029212413354
CCLE_EXPERIMENT_A_FIXED_SCORE_ORIGINAL5,CCLE-51-PLX4720-SKIN,FULL,WEIBULL|IC50|TIED_GMM,1,0,0,,,,,,,0,32,0,0,0,,62,PLX4720–SKIN,6,False,Full-source,-0.080317721273824041
CCLE_EXPERIMENT_A_FIXED_SCORE_ORIGINAL5,CCLE-51-PLX4720-SKIN,FULL,WEIBULL|EC50|TERTILES,1,1,1,0.59189368646517204,0.98505012888732923,0.97376423395445122,0.039869978307839726,1,0.71811560552295839,0.71811560552295839,32,32,32,0,59,59,PLX4720–SKIN,6,False,Full-source,-0.013792408298187056
CCLE_EXPERIMENT_A_FIXED_SCORE_ORIGINAL5,CCLE-51-PLX4720-SKIN,FULL,WEIBULL|EC50|JENKS,1,1,1,0.96200734042503011,0.97978325669304434,0.9811890087313816,0.039869978307839726,1,0.79256991683145916,0.79256991683145916,32,32,32,0,23,23,PLX4720–SKIN,6,False,Full-source,0.12782004676009995
CCLE_EXPERIMENT_A_FIXED_SCORE_ORIGINAL5,CCLE-51-PLX4720-SKIN,FULL,WEIBULL|EC50|KMEANS,1,1,1,0.96200734042503011,0.97970053514221522,0.9816799281314168,0.039869978307839726,1,0.79265155640130036,0.79265155640130036,32,32,32,0,22,22,PLX4720–SKIN,6,False,Full-source,0.10143603122360911
CCLE_EXPERIMENT_A_FIXED_SCORE_ORIGINAL5,CCLE-51-PLX4720-SKIN,FULL,WEIBULL|EC50|WARD,1,1,1,0.96200734042503011,0.98450137844225327,0.99848561332660268,0.039869978307839726,1,0.79697286210034513,0.79697286210034513,32,32,32,0,21,21,PLX4720–SKIN,6,False,Full-source,0.12223911403730491
CCLE_EXPERIMENT_A_FIXED_SCORE_ORIGINAL5,CCLE-51-PLX4720-SKIN,FULL,WEIBULL|EC50|TIED_GMM,1,1,1,0.96200734042503011,0.99741795387439924,1,0.039869978307839726,1,0.79985905452145389,0.79985905452145389,32,32,32,0,20,20,PLX4720–SKIN,6,False,Full-source,-0.09870032323959757
CCLE_EXPERIMENT_A_FIXED_SCORE_ORIGINAL5,CCLE-51-PLX4720-SKIN,FULL,WEIBULL|EMAX|TERTILES,1,1,1,0.77264292186263139,0.99087128694466475,0.97376423395445122,0.039869978307839726,1,0.75542968421391743,0.75542968421391743,32,32,32,0,54,54,PLX4720–SKIN,6,False,Full-source,0.05461830829610545
CCLE_EXPERIMENT_A_FIXED_SCORE_ORIGINAL5,CCLE-51-PLX4720-SKIN,FULL,WEIBULL|EMAX|JENKS,1,1,1,0.90145068233615921,0.99148583641671728,0.98412698412698407,0.039869978307839726,1,0.78338669623753998,0.78338669623753998,32,32,32,0,30,30,PLX4720–SKIN,6,False,Full-source,-0.086128221286024959
CCLE_EXPERIMENT_A_FIXED_SCORE_ORIGINAL5,CCLE-51-PLX4720-SKIN,FULL,WEIBULL|EMAX|KMEANS,1,1,1,0.90145068233615921,0.99148583641671728,0.98412698412698407,0.039869978307839726,1,0.78338669623753998,0.78338669623753998,32,32,32,0,30,30,PLX4720–SKIN,6,False,Full-source,-0.10477093076910148
CCLE_EXPERIMENT_A_FIXED_SCORE_ORIGINAL5,CCLE-51-PLX4720-SKIN,FULL,WEIBULL|EMAX|WARD,1,1,1,0.88389857474107714,0.97157336996195554,0.98069758478931146,0.039869978307839726,1,0.77520790156003672,0.77520790156003672,32,32,32,0,36,36,PLX4720–SKIN,6,False,Full-source,0.05600848709605831
CCLE_EXPERIMENT_A_FIXED_SCORE_ORIGINAL5,CCLE-51-PLX4720-SKIN,FULL,WEIBULL|EMAX|TIED_GMM,1,1,1,0.89952068811981256,0.97220445451106074,0.92669376693766947,0.039869978307839726,1,0.76765777757527653,0.76765777757527653,32,32,32,0,49,49,PLX4720–SKIN,6,False,Full-source,-0.031893207922552999
CCLE_EXPERIMENT_A_FIXED_SCORE_ORIGINAL5,CCLE-51-PLX4720-SKIN,FULL,WEIBULL|AUC|TERTILES,1,1,1,0.84250595018947005,0.99132720240780448,0.97376423395445122,0.039869978307839726,1,0.76949347297191317,0.76949347297191317,32,32,32,0,46,46,PLX4720–SKIN,6,False,Full-source,0.078939058314761862
CCLE_EXPERIMENT_A_FIXED_SCORE_ORIGINAL5,CCLE-51-PLX4720-SKIN,FULL,WEIBULL|AUC|JENKS,1,1,1,0.86546540157466723,0.94990499269480833,0.984646878198567,0.039869978307839726,1,0.76797745015517649,0.76797745015517649,32,32,32,0,47,47,PLX4720–SKIN,6,False,Full-source,0.095717941284114011
CCLE_EXPERIMENT_A_FIXED_SCORE_ORIGINAL5,CCLE-51-PLX4720-SKIN,FULL,WEIBULL|AUC|KMEANS,1,1,1,0.86546540157466723,0.94990499269480833,0.984646878198567,0.039869978307839726,1,0.76797745015517649,0.76797745015517649,32,32,32,0,47,47,PLX4720–SKIN,6,False,Full-source,0.15225269175885539
CCLE_EXPERIMENT_A_FIXED_SCORE_ORIGINAL5,CCLE-51-PLX4720-SKIN,FULL,WEIBULL|AUC|WARD,1,1,1,0.84981010364257215,0.9977104680844513,1,0.039869978307839726,1,0.77747811000697264,0.77747811000697264,32,32,32,0,32,32,PLX4720–SKIN,6,False,Full-source,-0.14901400066656387
CCLE_EXPERIMENT_A_FIXED_SCORE_ORIGINAL5,CCLE-51-PLX4720-SKIN,FULL,WEIBULL|AUC|TIED_GMM,1,1,1,0.86166464460215075,0.98499501003584955,0.93833825107296143,0.039869978307839726,1,0.76497357680376032,0.76497357680376032,32,32,32,0,52,52,PLX4720–SKIN,6,False,Full-source,0.0458251577349904
CCLE_EXPERIMENT_A_FIXED_SCORE_ORIGINAL5,CCLE-58-TAE684-HEM,FULL,TRIOS,1,1,1,0.84830142676853737,0.94936085948963089,0.89534822802112746,0.59093606946849775,1,0.85678931674955872,0.85678931674955872,62,62,62,0,1,1,TAE684–HEM,7,False,Full-source,0
CCLE_EXPERIMENT_A_FIXED_SCORE_ORIGINAL5,CCLE-58-TAE684-HEM,FULL,EMAX|IC50|TERTILES,1,0,0,,,,,,,0,62,0,0,0,,62,TAE684–HEM,7,False,Full-source,0.15002328447765284
CCLE_EXPERIMENT_A_FIXED_SCORE_ORIGINAL5,CCLE-58-TAE684-HEM,FULL,EMAX|IC50|JENKS,1,0,0,,,,,,,0,62,0,0,0,,62,TAE684–HEM,7,False,Full-source,-0.020393681270162035
CCLE_EXPERIMENT_A_FIXED_SCORE_ORIGINAL5,CCLE-58-TAE684-HEM,FULL,EMAX|IC50|KMEANS,1,0,0,,,,,,,0,62,0,0,0,,62,TAE684–HEM,7,False,Full-source,-0.076762269119909562
CCLE_EXPERIMENT_A_FIXED_SCORE_ORIGINAL5,CCLE-58-TAE684-HEM,FULL,EMAX|IC50|WARD,1,0,0,,,,,,,0,62,0,0,0,,62,TAE684–HEM,7,False,Full-source,-0.096790190249865446
CCLE_EXPERIMENT_A_FIXED_SCORE_ORIGINAL5,CCLE-58-TAE684-HEM,FULL,EMAX|IC50|TIED_GMM,1,0,0,,,,,,,0,62,0,0,0,,62,TAE684–HEM,7,False,Full-source,-0.065985645704433701
CCLE_EXPERIMENT_A_FIXED_SCORE_ORIGINAL5,CCLE-58-TAE684-HEM,FULL,EMAX|EC50|TERTILES,1,1,1,0.88409340586909813,0.99763380490260722,0.97833335512637787,0.25821820263789136,1,0.8236557537071949,0.8236557537071949,62,62,62,0,10,10,TAE684–HEM,7,False,Full-source,-0.077375214006140641
CCLE_EXPERIMENT_A_FIXED_SCORE_ORIGINAL5,CCLE-58-TAE684-HEM,FULL,EMAX|EC50|JENKS,1,1,1,0.90899201892650061,0.99587386973392278,0.99947089947089951,0.25821820263789136,1,0.83251099815384288,0.83251099815384288,62,62,62,0,6,6,TAE684–HEM,7,False,Full-source,-0.0086425236260151729
CCLE_EXPERIMENT_A_FIXED_SCORE_ORIGINAL5,CCLE-58-TAE684-HEM,FULL,EMAX|EC50|KMEANS,1,1,1,0.90899201892650061,0.99587386973392278,0.99947089947089951,0.25821820263789136,1,0.83251099815384288,0.83251099815384288,62,62,62,0,6,6,TAE684–HEM,7,False,Full-source,0.083578455951898015
CCLE_EXPERIMENT_A_FIXED_SCORE_ORIGINAL5,CCLE-58-TAE684-HEM,FULL,EMAX|EC50|WARD,1,1,1,0.89923477452965073,0.95100120284865075,0.95095608509493601,0.25821820263789136,1,0.81188205302222582,0.81188205302222582,62,62,62,0,14,14,TAE684–HEM,7,False,Full-source,-0.02003163625021271
CCLE_EXPERIMENT_A_FIXED_SCORE_ORIGINAL5,CCLE-58-TAE684-HEM,FULL,EMAX|EC50|TIED_GMM,1,1,1,0.90670610106802307,0.99384968337734847,0.99827837372533446,0.25821820263789136,1,0.83141047216171948,0.83141047216171948,62,62,62,0,8,8,TAE684–HEM,7,False,Full-source,-0.04601316114096278
CCLE_EXPERIMENT_A_FIXED_SCORE_ORIGINAL5,CCLE-58-TAE684-HEM,FULL,EMAX|EMAX|TERTILES,1,1,1,0.76634647412661283,0.98938126236864832,0.98650798454102939,0.25821820263789136,1,0.80009078473483641,0.80009078473483641,62,62,62,0,15,15,TAE684–HEM,7,False,Full-source,-0.15453466050199574
CCLE_EXPERIMENT_A_FIXED_SCORE_ORIGINAL5,CCLE-58-TAE684-HEM,FULL,EMAX|EMAX|JENKS,1,1,1,0.91844632450087083,0.9984558704495029,1,0.25821820263789136,1,0.8350240795176529,0.8350240795176529,62,62,62,0,2,2,TAE684–HEM,7,True,Full-source,-0.03387887392981883
CCLE_EXPERIMENT_A_FIXED_SCORE_ORIGINAL5,CCLE-58-TAE684-HEM,FULL,EMAX|EMAX|KMEANS,1,1,1,0.91844632450087083,0.9984558704495029,1,0.25821820263789136,1,0.8350240795176529,0.8350240795176529,62,62,62,0,2,2,TAE684–HEM,7,True,Full-source,0.15653882130899907
CCLE_EXPERIMENT_A_FIXED_SCORE_ORIGINAL5,CCLE-58-TAE684-HEM,FULL,EMAX|EMAX|WARD,1,1,1,0.91620564173619612,0.99262600955039826,0.99920613919026202,0.25821820263789136,1,0.8332511986229495,0.8332511986229495,62,62,62,0,5,5,TAE684–HEM,7,False,Full-source,-0.1108451401327842
CCLE_EXPERIMENT_A_FIXED_SCORE_ORIGINAL5,CCLE-58-TAE684-HEM,FULL,EMAX|EMAX|TIED_GMM,1,1,1,0.91620564173619612,0.99871648455335038,1,0.25821820263789136,1,0.83462806578548765,0.83462806578548765,62,62,62,0,4,4,TAE684–HEM,7,False,Full-source,0.127732443951008
CCLE_EXPERIMENT_A_FIXED_SCORE_ORIGINAL5,CCLE-58-TAE684-HEM,FULL,EMAX|AUC|TERTILES,1,1,1,0.82555159240684017,0.99211084143321504,0.98650798454102939,0.25821820263789136,1,0.81247772420379505,0.81247772420379505,62,62,62,0,13,13,TAE684–HEM,7,False,Full-source,0.072186619320927792
CCLE_EXPERIMENT_A_FIXED_SCORE_ORIGINAL5,CCLE-58-TAE684-HEM,FULL,EMAX|AUC|JENKS,1,1,1,0.87521145845431825,0.99124053693110814,0.98598171264457302,0.25821820263789136,1,0.82213038213357803,0.82213038213357803,62,62,62,0,11,11,TAE684–HEM,7,False,Full-source,-0.096208283662844507
CCLE_EXPERIMENT_A_FIXED_SCORE_ORIGINAL5,CCLE-58-TAE684-HEM,FULL,EMAX|AUC|KMEANS,1,1,1,0.87521145845431825,0.99124053693110814,0.98598171264457302,0.25821820263789136,1,0.82213038213357803,0.82213038213357803,62,62,62,0,11,11,TAE684–HEM,7,False,Full-source,-0.12576103097893321
CCLE_EXPERIMENT_A_FIXED_SCORE_ORIGINAL5,CCLE-58-TAE684-HEM,FULL,EMAX|AUC|WARD,1,1,1,0.8396696386698187,0.94199026413974385,0.94204774881623854,0.25821820263789136,1,0.79638517085273852,0.79638517085273852,62,62,62,0,16,16,TAE684–HEM,7,False,Full-source,-0.062446849770482357
CCLE_EXPERIMENT_A_FIXED_SCORE_ORIGINAL5,CCLE-58-TAE684-HEM,FULL,EMAX|AUC|TIED_GMM,1,1,1,0.87521145845431825,0.99267582305085367,0.99401516159063696,0.25821820263789136,1,0.82402412914673984,0.82402412914673984,62,62,62,0,9,9,TAE684–HEM,7,False,Full-source,0.047621722120703612
CCLE_EXPERIMENT_A_FIXED_SCORE_ORIGINAL5,CCLE-58-TAE684-HEM,FULL,HILL|IC50|TERTILES,1,0,0,,,,,,,0,62,0,0,0,,62,TAE684–HEM,7,False,Full-source,-0.10311762905286571
CCLE_EXPERIMENT_A_FIXED_SCORE_ORIGINAL5,CCLE-58-TAE684-HEM,FULL,HILL|IC50|JENKS,1,0,0,,,,,,,0,62,0,0,0,,62,TAE684–HEM,7,False,Full-source,0.10617221175371022
CCLE_EXPERIMENT_A_FIXED_SCORE_ORIGINAL5,CCLE-58-TAE684-HEM,FULL,HILL|IC50|KMEANS,1,0,0,,,,,,,0,62,0,0,0,,62,TAE684–HEM,7,False,Full-source,0.024909779994029047
CCLE_EXPERIMENT_A_FIXED_SCORE_ORIGINAL5,CCLE-58-TAE684-HEM,FULL,HILL|IC50|WARD,1,0,0,,,,,,,0,62,0,0,0,,62,TAE684–HEM,7,False,Full-source,0.070586614140911622
CCLE_EXPERIMENT_A_FIXED_SCORE_ORIGINAL5,CCLE-58-TAE684-HEM,FULL,HILL|IC50|TIED_GMM,1,0,0,,,,,,,0,62,0,0,0,,62,TAE684–HEM,7,False,Full-source,0.14889718711117683
CCLE_EXPERIMENT_A_FIXED_SCORE_ORIGINAL5,CCLE-58-TAE684-HEM,FULL,HILL|EC50|TERTILES,1,1,1,0.86277880946805907,0.98791619323769975,0.99455004652399304,0.064276683209518237,1,0.78190434648785401,0.78190434648785401,62,62,62,0,38,38,TAE684–HEM,7,False,Full-source,0.14746822312182473
CCLE_EXPERIMENT_A_FIXED_SCORE_ORIGINAL5,CCLE-58-TAE684-HEM,FULL,HILL|EC50|JENKS,1,1,1,0.882116887907332,0.96817693839300634,0.96798417927802538,0.064276683209518237,1,0.7765109377575764,0.7765109377575764,62,62,62,0,42,42,TAE684–HEM,7,False,Full-source,0.12968838296124907
CCLE_EXPERIMENT_A_FIXED_SCORE_ORIGINAL5,CCLE-58-TAE684-HEM,FULL,HILL|EC50|KMEANS,1,1,1,0.882116887907332,0.96817693839300634,0.96798417927802538,0.064276683209518237,1,0.7765109377575764,0.7765109377575764,62,62,62,0,42,42,TAE684–HEM,7,False,Full-source,-0.060861685103937441
CCLE_EXPERIMENT_A_FIXED_SCORE_ORIGINAL5,CCLE-58-TAE684-HEM,FULL,HILL|EC50|WARD,1,1,1,0.86330478275140554,0.91273589518801468,0.90123836518760037,0.064276683209518237,1,0.7483111452673078,0.7483111452673078,62,62,62,0,53,53,TAE684–HEM,7,False,Full-source,0.11436408190856781
CCLE_EXPERIMENT_A_FIXED_SCORE_ORIGINAL5,CCLE-58-TAE684-HEM,FULL,HILL|EC50|TIED_GMM,1,1,1,0.87386620949442229,0.97297720553623657,0.95445054209610503,0.064276683209518237,1,0.77311412806725643,0.77311412806725643,62,62,62,0,44,44,TAE684–HEM,7,False,Full-source,-0.15712456956438828
CCLE_EXPERIMENT_A_FIXED_SCORE_ORIGINAL5,CCLE-58-TAE684-HEM,FULL,HILL|EMAX|TERTILES,1,1,1,0.75418246616873652,0.99735442114359363,0.97833335512637787,0.064276683209518237,1,0.75882938512964526,0.75882938512964526,62,62,62,0,48,48,TAE684–HEM,7,False,Full-source,0.1335559467164697
CCLE_EXPERIMENT_A_FIXED_SCORE_ORIGINAL5,CCLE-58-TAE684-HEM,FULL,HILL|EMAX|JENKS,1,1,1,0.91513570494825969,0.98266325708343516,0.98598171264457302,0.064276683209518237,1,0.78961147157715728,0.78961147157715728,62,62,62,0,23,23,TAE684–HEM,7,False,Full-source,-0.078149880002753316
CCLE_EXPERIMENT_A_FIXED_SCORE_ORIGINAL5,CCLE-58-TAE684-HEM,FULL,HILL|EMAX|KMEANS,1,1,1,0.91513570494825969,0.98266325708343516,0.98598171264457302,0.064276683209518237,1,0.78961147157715728,0.78961147157715728,62,62,62,0,23,23,TAE684–HEM,7,False,Full-source,0.033722190380497424
CCLE_EXPERIMENT_A_FIXED_SCORE_ORIGINAL5,CCLE-58-TAE684-HEM,FULL,HILL|EMAX|WARD,1,1,1,0.89581415317679669,0.99778935869567953,1,0.064276683209518237,1,0.79157603901639884,0.79157603901639884,62,62,62,0,18,18,TAE684–HEM,7,False,Full-source,-0.029716464101736548
CCLE_EXPERIMENT_A_FIXED_SCORE_ORIGINAL5,CCLE-58-TAE684-HEM,FULL,HILL|EMAX|TIED_GMM,1,1,1,0.91513570494825969,0.99230602167712401,0.99933853684349783,0.064276683209518237,1,0.79421138933567992,0.79421138933567992,62,62,62,0,17,17,TAE684–HEM,7,False,Full-source,-0.064296132303843304
CCLE_EXPERIMENT_A_FIXED_SCORE_ORIGINAL5,CCLE-58-TAE684-HEM,FULL,HILL|AUC|TERTILES,1,1,1,0.80913352401014937,0.98697919907920306,0.97833335512637787,0.064276683209518237,1,0.76774455228504968,0.76774455228504968,62,62,62,0,45,45,TAE684–HEM,7,False,Full-source,-0.1556700941910199
CCLE_EXPERIMENT_A_FIXED_SCORE_ORIGINAL5,CCLE-58-TAE684-HEM,FULL,HILL|AUC|JENKS,1,1,1,0.88439237184902064,0.98946227931763409,0.98039812636184531,0.064276683209518237,1,0.78370589214760367,0.78370589214760367,62,62,62,0,34,34,TAE684–HEM,7,False,Full-source,0.11293238892055406
CCLE_EXPERIMENT_A_FIXED_SCORE_ORIGINAL5,CCLE-58-TAE684-HEM,FULL,HILL|AUC|KMEANS,1,1,1,0.88439237184902064,0.98946227931763409,0.98039812636184531,0.064276683209518237,1,0.78370589214760367,0.78370589214760367,62,62,62,0,34,34,TAE684–HEM,7,False,Full-source,0.12511253222010854
CCLE_EXPERIMENT_A_FIXED_SCORE_ORIGINAL5,CCLE-58-TAE684-HEM,FULL,HILL|AUC|WARD,1,1,1,0.88255026640290313,0.99897375394692989,1,0.064276683209518237,1,0.78916014071187024,0.78916014071187024,62,62,62,0,25,25,TAE684–HEM,7,False,Full-source,-0.10591065785519561
CCLE_EXPERIMENT_A_FIXED_SCORE_ORIGINAL5,CCLE-58-TAE684-HEM,FULL,HILL|AUC|TIED_GMM,1,1,1,0.8836557244630987,0.99695317939617378,0.99894123875066165,0.064276683209518237,1,0.78876536516389051,0.78876536516389051,62,62,62,0,26,26,TAE684–HEM,7,False,Full-source,0.034481403649431037
CCLE_EXPERIMENT_A_FIXED_SCORE_ORIGINAL5,CCLE-58-TAE684-HEM,FULL,LOGISTIC|IC50|TERTILES,1,0,0,,,,,,,0,62,0,0,0,,62,TAE684–HEM,7,False,Full-source,-0.12606446891232964
CCLE_EXPERIMENT_A_FIXED_SCORE_ORIGINAL5,CCLE-58-TAE684-HEM,FULL,LOGISTIC|IC50|JENKS,1,0,0,,,,,,,0,62,0,0,0,,62,TAE684–HEM,7,False,Full-source,0.087856823859702976
CCLE_EXPERIMENT_A_FIXED_SCORE_ORIGINAL5,CCLE-58-TAE684-HEM,FULL,LOGISTIC|IC50|KMEANS,1,0,0,,,,,,,0,62,0,0,0,,62,TAE684–HEM,7,False,Full-source,0.093920685857050296
CCLE_EXPERIMENT_A_FIXED_SCORE_ORIGINAL5,CCLE-58-TAE684-HEM,FULL,LOGISTIC|IC50|WARD,1,0,0,,,,,,,0,62,0,0,0,,62,TAE684–HEM,7,False,Full-source,0.097022593826293607
CCLE_EXPERIMENT_A_FIXED_SCORE_ORIGINAL5,CCLE-58-TAE684-HEM,FULL,LOGISTIC|IC50|TIED_GMM,1,0,0,,,,,,,0,62,0,0,0,,62,TAE684–HEM,7,False,Full-source,-0.15121769651566114
CCLE_EXPERIMENT_A_FIXED_SCORE_ORIGINAL5,CCLE-58-TAE684-HEM,FULL,LOGISTIC|EC50|TERTILES,1,1,1,0.73387453292095128,0.99247401887838171,0.99455004652399304,0.041326972980261077,1,0.75244511426071736,0.75244511426071736,62,62,62,0,52,52,TAE684–HEM,7,False,Full-source,0.10649664333707108
CCLE_EXPERIMENT_A_FIXED_SCORE_ORIGINAL5,CCLE-58-TAE684-HEM,FULL,LOGISTIC|EC50|JENKS,1,1,1,0.85319249636024797,0.95301893005335403,0.98426742347104579,0.041326972980261077,0,0.5663611645729818,0.5663611645729818,62,62,62,0,58,58,TAE684–HEM,7,False,Full-source,-0.021464465004732942
CCLE_EXPERIMENT_A_FIXED_SCORE_ORIGINAL5,CCLE-58-TAE684-HEM,FULL,LOGISTIC|EC50|KMEANS,1,1,1,0.85319249636024797,0.95291362109972688,0.98373874479236667,0.041326972980261077,0,0.56623436704652053,0.56623436704652053,62,62,62,0,59,59,TAE684–HEM,7,False,Full-source,-0.013204098980222857
CCLE_EXPERIMENT_A_FIXED_SCORE_ORIGINAL5,CCLE-58-TAE684-HEM,FULL,LOGISTIC|EC50|WARD,1,1,1,0.84724335865288958,0.95197293255015469,0.93095522074313741,0.041326972980261077,0,0.55429969698528858,0.55429969698528858,62,62,62,0,61,61,TAE684–HEM,7,False,Full-source,-0.08789094520916485
CCLE_EXPERIMENT_A_FIXED_SCORE_ORIGINAL5,CCLE-58-TAE684-HEM,FULL,LOGISTIC|EC50|TIED_GMM,1,1,1,0.853026194848446,0.9708199264083659,0.99933853684349783,0.041326972980261077,0,0.57290232621611414,0.57290232621611414,62,62,62,0,55,55,TAE684–HEM,7,False,Full-source,-0.04332959381009676
CCLE_EXPERIMENT_A_FIXED_SCORE_ORIGINAL5,CCLE-58-TAE684-HEM,FULL,LOGISTIC|EMAX|TERTILES,1,1,1,0.76169891727133032,0.98912856469654942,0.99455004652399304,0.041326972980261077,1,0.7573409002944268,0.7573409002944268,62,62,62,0,49,49,TAE684–HEM,7,False,Full-source,-0.076523060555691608
CCLE_EXPERIMENT_A_FIXED_SCORE_ORIGINAL5,CCLE-58-TAE684-HEM,FULL,LOGISTIC|EMAX|JENKS,1,1,1,0.92006853807613875,0.99540148358903413,0.99173983711870384,0.041326972980261077,1,0.78970736635282757,0.78970736635282757,62,62,62,0,21,21,TAE684–HEM,7,False,Full-source,0.061657198421111621
CCLE_EXPERIMENT_A_FIXED_SCORE_ORIGINAL5,CCLE-58-TAE684-HEM,FULL,LOGISTIC|EMAX|KMEANS,1,1,1,0.92006853807613875,0.99540148358903413,0.99173983711870384,0.041326972980261077,1,0.78970736635282757,0.78970736635282757,62,62,62,0,21,21,TAE684–HEM,7,False,Full-source,0.023310994176033654
CCLE_EXPERIMENT_A_FIXED_SCORE_ORIGINAL5,CCLE-58-TAE684-HEM,FULL,LOGISTIC|EMAX|WARD,1,1,1,0.91482153537077682,0.96994311114205367,0.96319430927397232,0.041326972980261077,1,0.77785718575341278,0.77785718575341278,62,62,62,0,41,41,TAE684–HEM,7,False,Full-source,-0.078664399068491625
CCLE_EXPERIMENT_A_FIXED_SCORE_ORIGINAL5,CCLE-58-TAE684-HEM,FULL,LOGISTIC|EMAX|TIED_GMM,1,1,1,0.9187255370274332,0.99773759322047972,1,0.041326972980261077,1,0.79155802064563485,0.79155802064563485,62,62,62,0,19,19,TAE684–HEM,7,False,Full-source,-0.13170034072634307
CCLE_EXPERIMENT_A_FIXED_SCORE_ORIGINAL5,CCLE-58-TAE684-HEM,FULL,LOGISTIC|AUC|TERTILES,1,1,1,0.80670966065235372,0.98961603920545305,0.98650798454102939,0.041326972980261077,1,0.76483213147581952,0.76483213147581952,62,62,62,0,47,47,TAE684–HEM,7,False,Full-source,0.031377705156658248
CCLE_EXPERIMENT_A_FIXED_SCORE_ORIGINAL5,CCLE-58-TAE684-HEM,FULL,LOGISTIC|AUC|JENKS,1,1,1,0.88544658110743046,0.98941683182381701,0.9914795698924731,0.041326972980261077,1,0.78153399116079636,0.78153399116079636,62,62,62,0,39,39,TAE684–HEM,7,False,Full-source,0.055142059823298374
CCLE_EXPERIMENT_A_FIXED_SCORE_ORIGINAL5,CCLE-58-TAE684-HEM,FULL,LOGISTIC|AUC|KMEANS,1,1,1,0.88544658110743046,0.98941683182381701,0.9914795698924731,0.041326972980261077,1,0.78153399116079636,0.78153399116079636,62,62,62,0,39,39,TAE684–HEM,7,False,Full-source,0.1375925677217526
CCLE_EXPERIMENT_A_FIXED_SCORE_ORIGINAL5,CCLE-58-TAE684-HEM,FULL,LOGISTIC|AUC|WARD,1,1,1,0.88382183777801804,0.99899715881774986,1,0.041326972980261077,1,0.78482919391520578,0.78482919391520578,62,62,62,0,31,31,TAE684–HEM,7,False,Full-source,0.011483798886529116
CCLE_EXPERIMENT_A_FIXED_SCORE_ORIGINAL5,CCLE-58-TAE684-HEM,FULL,LOGISTIC|AUC|TIED_GMM,1,1,1,0.88457711642904646,0.99370093095833034,0.99079386257504998,0.041326972980261077,1,0.78207977658853756,0.78207977658853756,62,62,62,0,36,36,TAE684–HEM,7,False,Full-source,-0.15251671150152496
CCLE_EXPERIMENT_A_FIXED_SCORE_ORIGINAL5,CCLE-58-TAE684-HEM,FULL,WEIBULL|IC50|TERTILES,1,0,0,,,,,,,0,62,0,0,0,,62,TAE684–HEM,7,False,Full-source,-0.060621252856361975
CCLE_EXPERIMENT_A_FIXED_SCORE_ORIGINAL5,CCLE-58-TAE684-HEM,FULL,WEIBULL|IC50|JENKS,1,0,0,,,,,,,0,62,0,0,0,,62,TAE684–HEM,7,False,Full-source,-0.00684737827788279
CCLE_EXPERIMENT_A_FIXED_SCORE_ORIGINAL5,CCLE-58-TAE684-HEM,FULL,WEIBULL|IC50|KMEANS,1,0,0,,,,,,,0,62,0,0,0,,62,TAE684–HEM,7,False,Full-source,-0.11186317167055401
CCLE_EXPERIMENT_A_FIXED_SCORE_ORIGINAL5,CCLE-58-TAE684-HEM,FULL,WEIBULL|IC50|WARD,1,0,0,,,,,,,0,62,0,0,0,,62,TAE684–HEM,7,False,Full-source,0.089592029212413354
CCLE_EXPERIMENT_A_FIXED_SCORE_ORIGINAL5,CCLE-58-TAE684-HEM,FULL,WEIBULL|IC50|TIED_GMM,1,0,0,,,,,,,0,62,0,0,0,,62,TAE684–HEM,7,False,Full-source,-0.080317721273824041
CCLE_EXPERIMENT_A_FIXED_SCORE_ORIGINAL5,CCLE-58-TAE684-HEM,FULL,WEIBULL|EC50|TERTILES,1,1,1,0.76031421017069956,0.99375937594568142,0.98650798454102939,0.045242071703831599,1,0.75716472847224847,0.75716472847224847,62,62,62,0,50,50,TAE684–HEM,7,False,Full-source,-0.013792408298187056
CCLE_EXPERIMENT_A_FIXED_SCORE_ORIGINAL5,CCLE-58-TAE684-HEM,FULL,WEIBULL|EC50|JENKS,1,1,1,0.86899746605070183,0.95383488760855084,0.98663946436830297,0.045242071703831599,0,0.57094277794627746,0.57094277794627746,62,62,62,0,56,56,TAE684–HEM,7,False,Full-source,0.12782004676009995
CCLE_EXPERIMENT_A_FIXED_SCORE_ORIGINAL5,CCLE-58-TAE684-HEM,FULL,WEIBULL|EC50|KMEANS,1,1,1,0.86899746605070183,0.95383488760855084,0.98663946436830297,0.045242071703831599,0,0.57094277794627746,0.57094277794627746,62,62,62,0,56,56,TAE684–HEM,7,False,Full-source,0.10143603122360911
CCLE_EXPERIMENT_A_FIXED_SCORE_ORIGINAL5,CCLE-58-TAE684-HEM,FULL,WEIBULL|EC50|WARD,1,1,1,0.86601693287930104,0.94690438302547741,0.9719540875425603,0.045242071703831599,0,0.56602349503023408,0.56602349503023408,62,62,62,0,60,60,TAE684–HEM,7,False,Full-source,0.12223911403730491
CCLE_EXPERIMENT_A_FIXED_SCORE_ORIGINAL5,CCLE-58-TAE684-HEM,FULL,WEIBULL|EC50|TIED_GMM,1,1,1,0.86899746605070183,0.97056903257860161,0.99134938421897112,0.045242071703831599,0,0.57523159091042131,0.57523159091042131,62,62,62,0,54,54,TAE684–HEM,7,False,Full-source,-0.09870032323959757
CCLE_EXPERIMENT_A_FIXED_SCORE_ORIGINAL5,CCLE-58-TAE684-HEM,FULL,WEIBULL|EMAX|TERTILES,1,1,1,0.75126244710026513,0.99608011972245614,0.97833335512637787,0.045242071703831599,1,0.75418359873058616,0.75418359873058616,62,62,62,0,51,51,TAE684–HEM,7,False,Full-source,0.05461830829610545
CCLE_EXPERIMENT_A_FIXED_SCORE_ORIGINAL5,CCLE-58-TAE684-HEM,FULL,WEIBULL|EMAX|JENKS,1,1,1,0.91720040140880554,0.98610293732637633,0.98065559657201007,0.045242071703831599,1,0.78584020140220479,0.78584020140220479,62,62,62,0,28,28,TAE684–HEM,7,False,Full-source,-0.086128221286024959
CCLE_EXPERIMENT_A_FIXED_SCORE_ORIGINAL5,CCLE-58-TAE684-HEM,FULL,WEIBULL|EMAX|KMEANS,1,1,1,0.91720040140880554,0.98610293732637633,0.98065559657201007,0.045242071703831599,1,0.78584020140220479,0.78584020140220479,62,62,62,0,28,28,TAE684–HEM,7,False,Full-source,-0.10477093076910148
CCLE_EXPERIMENT_A_FIXED_SCORE_ORIGINAL5,CCLE-58-TAE684-HEM,FULL,WEIBULL|EMAX|WARD,1,1,1,0.89849139341366291,0.99776542657554024,1,0.045242071703831599,1,0.78829977833860698,0.78829977833860698,62,62,62,0,27,27,TAE684–HEM,7,False,Full-source,0.05600848709605831
CCLE_EXPERIMENT_A_FIXED_SCORE_ORIGINAL5,CCLE-58-TAE684-HEM,FULL,WEIBULL|EMAX|TIED_GMM,1,1,1,0.91720040140880554,0.99260231713728431,0.99933853684349783,0.045242071703831599,1,0.79087666541868384,0.79087666541868384,62,62,62,0,20,20,TAE684–HEM,7,False,Full-source,-0.031893207922552999
CCLE_EXPERIMENT_A_FIXED_SCORE_ORIGINAL5,CCLE-58-TAE684-HEM,FULL,WEIBULL|AUC|TERTILES,1,1,1,0.80669845873173995,0.98808469656906506,0.98650798454102939,0.045242071703831599,1,0.76530664230913314,0.76530664230913314,62,62,62,0,46,46,TAE684–HEM,7,False,Full-source,0.078939058314761862
CCLE_EXPERIMENT_A_FIXED_SCORE_ORIGINAL5,CCLE-58-TAE684-HEM,FULL,WEIBULL|AUC|JENKS,1,1,1,0.88664614561682131,0.99829953754760303,0.99186991869918695,0.045242071703831599,1,0.78441153471348857,0.78441153471348857,62,62,62,0,32,32,TAE684–HEM,7,False,Full-source,0.095717941284114011
CCLE_EXPERIMENT_A_FIXED_SCORE_ORIGINAL5,CCLE-58-TAE684-HEM,FULL,WEIBULL|AUC|KMEANS,1,1,1,0.88664614561682131,0.99829953754760303,0.99186991869918695,0.045242071703831599,1,0.78441153471348857,0.78441153471348857,62,62,62,0,32,32,TAE684–HEM,7,False,Full-source,0.15225269175885539
CCLE_EXPERIMENT_A_FIXED_SCORE_ORIGINAL5,CCLE-58-TAE684-HEM,FULL,WEIBULL|AUC|WARD,1,1,1,0.88485543395555877,0.99861797277334563,1,0.045242071703831599,1,0.78574309568654721,0.78574309568654721,62,62,62,0,30,30,TAE684–HEM,7,False,Full-source,-0.14901400066656387
CCLE_EXPERIMENT_A_FIXED_SCORE_ORIGINAL5,CCLE-58-TAE684-HEM,FULL,WEIBULL|AUC|TIED_GMM,1,1,1,0.88450876492864772,0.99349084524595943,0.98637646946919688,0.045242071703831599,1,0.78192363026952716,0.78192363026952716,62,62,62,0,37,37,TAE684–HEM,7,False,Full-source,0.0458251577349904
CCLE_EXPERIMENT_A_FIXED_SCORE_ORIGINAL5,CCLE-34-Paclitaxel-SKIN,B100,TRIOS,100,100,1,0.85188593346343966,0.95053183279226716,0.94525151465955315,0.59920835198313371,1,0.86937552657967887,0.86937552657967876,1800,1800,1800,0,1,1,Paclitaxel–SKIN,1,False,Size-18 aggregate,0
CCLE_EXPERIMENT_A_FIXED_SCORE_ORIGINAL5,CCLE-34-Paclitaxel-SKIN,B100,EMAX|IC50|TERTILES,100,16,0.16,0.53913973269815219,0.97854902238364971,0.93547307689422077,0.27002741820103893,1,0.74463785003541239,0.11914205600566598,1800,288,288,0,38,62,Paclitaxel–SKIN,1,False,Size-18 aggregate,0.15002328447765284
CCLE_EXPERIMENT_A_FIXED_SCORE_ORIGINAL5,CCLE-34-Paclitaxel-SKIN,B100,EMAX|IC50|JENKS,100,16,0.16,0.93527521378594036,0.93540801385777983,0.94938832820011698,0.27002741820103893,0.5,0.71801979480897526,0.11488316716943604,1800,288,288,0,57,72,Paclitaxel–SKIN,1,False,Size-18 aggregate,-0.020393681270162035
CCLE_EXPERIMENT_A_FIXED_SCORE_ORIGINAL5,CCLE-34-Paclitaxel-SKIN,B100,EMAX|IC50|KMEANS,100,16,0.16,0.93527521378594036,0.93478074281482215,0.95035773787738009,0.27002741820103893,0.5,0.71808822253583626,0.1148941156057338,1800,288,288,0,56,71,Paclitaxel–SKIN,1,False,Size-18 aggregate,-0.076762269119909562
CCLE_EXPERIMENT_A_FIXED_SCORE_ORIGINAL5,CCLE-34-Paclitaxel-SKIN,B100,EMAX|IC50|WARD,100,16,0.16,0.9316257311628019,0.92717893460005807,0.95413457390565526,0.27002741820103893,0.4375,0.70409333157391096,0.11265493305182574,1800,288,288,0,69,77,Paclitaxel–SKIN,1,False,Size-18 aggregate,-0.096790190249865446
CCLE_EXPERIMENT_A_FIXED_SCORE_ORIGINAL5,CCLE-34-Paclitaxel-SKIN,B100,EMAX|IC50|TIED_GMM,100,16,0.16,0.92727761054947255,0.93616114810748718,0.9589814792187179,0.27002741820103893,0.375,0.69348953121534329,0.11095832499445493,1800,288,288,0,72,80,Paclitaxel–SKIN,1,False,Size-18 aggregate,-0.065985645704433701
CCLE_EXPERIMENT_A_FIXED_SCORE_ORIGINAL5,CCLE-34-Paclitaxel-SKIN,B100,EMAX|EC50|TERTILES,100,100,1,0.77769171767824363,0.95972537807861302,0.94265205158792664,0.25460506794452642,1,0.78693484305786199,0.78693484305786199,1800,1800,1800,0,10,10,Paclitaxel–SKIN,1,False,Size-18 aggregate,-0.077375214006140641
CCLE_EXPERIMENT_A_FIXED_SCORE_ORIGINAL5,CCLE-34-Paclitaxel-SKIN,B100,EMAX|EC50|JENKS,100,100,1,0.90224915497838365,0.9491588030880943,0.95585761841565076,0.25460506794452642,0.73999999999999999,0.76037412888533129,0.76037412888533096,1800,1800,1800,0,31,31,Paclitaxel–SKIN,1,False,Size-18 aggregate,-0.0086425236260151729
CCLE_EXPERIMENT_A_FIXED_SCORE_ORIGINAL5,CCLE-34-Paclitaxel-SKIN,B100,EMAX|EC50|KMEANS,100,100,1,0.90221869642145447,0.94900502277017718,0.95599060081093601,0.25460506794452642,0.73999999999999999,0.76036387758941881,0.7603638775894187,1800,1800,1800,0,32,32,Paclitaxel–SKIN,1,False,Size-18 aggregate,0.083578455951898015
CCLE_EXPERIMENT_A_FIXED_SCORE_ORIGINAL5,CCLE-34-Paclitaxel-SKIN,B100,EMAX|EC50|WARD,100,100,1,0.89420156992443312,0.93055341739831998,0.94010111532333918,0.25460506794452642,0.68999999999999995,0.74189223411812377,0.74189223411812377,1800,1800,1800,0,40,39,Paclitaxel–SKIN,1,False,Size-18 aggregate,-0.02003163625021271
CCLE_EXPERIMENT_A_FIXED_SCORE_ORIGINAL5,CCLE-34-Paclitaxel-SKIN,B100,EMAX|EC50|TIED_GMM,100,100,1,0.89427985254980702,0.94511187474877156,0.95124370702906769,0.25460506794452642,0.62,0.73304810045443458,0.73304810045443447,1800,1800,1800,0,44,43,Paclitaxel–SKIN,1,False,Size-18 aggregate,-0.04601316114096278
CCLE_EXPERIMENT_A_FIXED_SCORE_ORIGINAL5,CCLE-34-Paclitaxel-SKIN,B100,EMAX|EMAX|TERTILES,100,100,1,0.83209625545348553,0.96276674851937971,0.94627827169941559,0.25460506794452642,1,0.79914926872336156,0.79914926872336156,1800,1800,1800,0,8,8,Paclitaxel–SKIN,1,False,Size-18 aggregate,-0.15453466050199574
CCLE_EXPERIMENT_A_FIXED_SCORE_ORIGINAL5,CCLE-34-Paclitaxel-SKIN,B100,EMAX|EMAX|JENKS,100,100,1,0.88350711263997883,0.96938024368540854,0.97141501036676137,0.25460506794452642,0.97999999999999998,0.81178148692733498,0.81178148692733498,1800,1800,1800,0,4,4,Paclitaxel–SKIN,1,False,Size-18 aggregate,-0.03387887392981883
CCLE_EXPERIMENT_A_FIXED_SCORE_ORIGINAL5,CCLE-34-Paclitaxel-SKIN,B100,EMAX|EMAX|KMEANS,100,100,1,0.88350711263997883,0.96938024368540854,0.97141501036676137,0.25460506794452642,0.97999999999999998,0.81178148692733498,0.81178148692733498,1800,1800,1800,0,4,4,Paclitaxel–SKIN,1,False,Size-18 aggregate,0.15653882130899907
CCLE_EXPERIMENT_A_FIXED_SCORE_ORIGINAL5,CCLE-34-Paclitaxel-SKIN,B100,EMAX|EMAX|WARD,100,100,1,0.87898878881431786,0.95907659612418006,0.95955181879205464,0.25460506794452642,0.93999999999999995,0.79844445433501576,0.79844445433501576,1800,1800,1800,0,9,9,Paclitaxel–SKIN,1,False,Size-18 aggregate,-0.1108451401327842
CCLE_EXPERIMENT_A_FIXED_SCORE_ORIGINAL5,CCLE-34-Paclitaxel-SKIN,B100,EMAX|EMAX|TIED_GMM,100,100,1,0.85320288659083399,0.95218370285177245,0.95962822859462238,0.25460506794452642,0.56000000000000005,0.71592397719635104,0.71592397719635104,1800,1800,1800,0,63,50,Paclitaxel–SKIN,1,False,Size-18 aggregate,0.127732443951008
CCLE_EXPERIMENT_A_FIXED_SCORE_ORIGINAL5,CCLE-34-Paclitaxel-SKIN,B100,EMAX|AUC|TERTILES,100,100,1,0.83186212396789061,0.96244913589620917,0.94738649680764064,0.25460506794452642,1,0.79926056492325359,0.79926056492325348,1800,1800,1800,0,7,7,Paclitaxel–SKIN,1,False,Size-18 aggregate,0.072186619320927792
CCLE_EXPERIMENT_A_FIXED_SCORE_ORIGINAL5,CCLE-34-Paclitaxel-SKIN,B100,EMAX|AUC|JENKS,100,100,1,0.88380600342810711,0.97337703211911741,0.97872562440900102,0.25460506794452642,0.97999999999999998,0.81410274558015017,0.81410274558015028,1800,1800,1800,0,2,2,Paclitaxel–SKIN,1,True,Size-18 aggregate,-0.096208283662844507
CCLE_EXPERIMENT_A_FIXED_SCORE_ORIGINAL5,CCLE-34-Paclitaxel-SKIN,B100,EMAX|AUC|KMEANS,100,100,1,0.88380600342810711,0.97337703211911741,0.97872562440900102,0.25460506794452642,0.97999999999999998,0.81410274558015017,0.81410274558015028,1800,1800,1800,0,2,2,Paclitaxel–SKIN,1,True,Size-18 aggregate,-0.12576103097893321
CCLE_EXPERIMENT_A_FIXED_SCORE_ORIGINAL5,CCLE-34-Paclitaxel-SKIN,B100,EMAX|AUC|WARD,100,100,1,0.87973288464956245,0.96342278595485253,0.96240699934731222,0.25460506794452642,0.96999999999999997,0.80603354757925061,0.80603354757925072,1800,1800,1800,0,6,6,Paclitaxel–SKIN,1,False,Size-18 aggregate,-0.062446849770482357
CCLE_EXPERIMENT_A_FIXED_SCORE_ORIGINAL5,CCLE-34-Paclitaxel-SKIN,B100,EMAX|AUC|TIED_GMM,100,100,1,0.85143711026341795,0.95305719884856155,0.96164702468543761,0.25460506794452642,0.56000000000000005,0.71614928034838887,0.71614928034838865,1800,1800,1800,0,61,49,Paclitaxel–SKIN,1,False,Size-18 aggregate,0.047621722120703612
CCLE_EXPERIMENT_A_FIXED_SCORE_ORIGINAL5,CCLE-34-Paclitaxel-SKIN,B100,HILL|IC50|TERTILES,100,16,0.16,0.64522848447031467,0.97259373398500948,0.93369045743395818,0.077127474739305105,1,0.7257280301257174,0.1161164848201148,1800,288,288,0,48,65,Paclitaxel–SKIN,1,False,Size-18 aggregate,-0.10311762905286571
CCLE_EXPERIMENT_A_FIXED_SCORE_ORIGINAL5,CCLE-34-Paclitaxel-SKIN,B100,HILL|IC50|JENKS,100,16,0.16,0.91655082018958356,0.94598059714032989,0.94984451926767222,0.077127474739305105,0.75,0.72790068226737814,0.11646410916278051,1800,288,288,0,46,64,Paclitaxel–SKIN,1,False,Size-18 aggregate,0.10617221175371022
CCLE_EXPERIMENT_A_FIXED_SCORE_ORIGINAL5,CCLE-34-Paclitaxel-SKIN,B100,HILL|IC50|KMEANS,100,16,0.16,0.91655082018958356,0.94589740626395047,0.95139706825715742,0.077127474739305105,0.75,0.72819455388999932,0.11651112862239989,1800,288,288,0,45,63,Paclitaxel–SKIN,1,False,Size-18 aggregate,0.024909779994029047
CCLE_EXPERIMENT_A_FIXED_SCORE_ORIGINAL5,CCLE-34-Paclitaxel-SKIN,B100,HILL|IC50|WARD,100,16,0.16,0.90724582387452668,0.92791755326987302,0.9320743467297965,0.077127474739305105,0.6875,0.70637303972270016,0.11301968635563205,1800,288,288,0,67,76,Paclitaxel–SKIN,1,False,Size-18 aggregate,0.070586614140911622
CCLE_EXPERIMENT_A_FIXED_SCORE_ORIGINAL5,CCLE-34-Paclitaxel-SKIN,B100,HILL|IC50|TIED_GMM,100,16,0.16,0.90700446206473995,0.95753199892724061,0.9797854270747004,0.077127474739305105,0.5625,0.69678987256119718,0.11148637960979155,1800,288,288,0,71,79,Paclitaxel–SKIN,1,False,Size-18 aggregate,0.14889718711117683
CCLE_EXPERIMENT_A_FIXED_SCORE_ORIGINAL5,CCLE-34-Paclitaxel-SKIN,B100,HILL|EC50|TERTILES,100,100,1,0.7332361686901322,0.96966491475950944,0.94238315814745632,0.080645576481053013,1,0.74518596361563016,0.74518596361563016,1800,1800,1800,0,37,37,Paclitaxel–SKIN,1,False,Size-18 aggregate,0.14746822312182473
CCLE_EXPERIMENT_A_FIXED_SCORE_ORIGINAL5,CCLE-34-Paclitaxel-SKIN,B100,HILL|EC50|JENKS,100,100,1,0.90300178577959,0.95403029313102583,0.96494635693987718,0.080645576481053013,0.70999999999999996,0.72252480246630923,0.72252480246630923,1800,1800,1800,0,50,45,Paclitaxel–SKIN,1,False,Size-18 aggregate,0.12968838296124907
CCLE_EXPERIMENT_A_FIXED_SCORE_ORIGINAL5,CCLE-34-Paclitaxel-SKIN,B100,HILL|EC50|KMEANS,100,100,1,0.90300178577959,0.95401762790842337,0.96491730263807551,0.080645576481053013,0.70999999999999996,0.72251645856142843,0.72251645856142843,1800,1800,1800,0,51,46,Paclitaxel–SKIN,1,False,Size-18 aggregate,-0.060861685103937441
CCLE_EXPERIMENT_A_FIXED_SCORE_ORIGINAL5,CCLE-34-Paclitaxel-SKIN,B100,HILL|EC50|WARD,100,100,1,0.89836998520336908,0.9425564985240682,0.95487558251098448,0.080645576481053013,0.68999999999999995,0.71328952854389494,0.71328952854389494,1800,1800,1800,0,64,51,Paclitaxel–SKIN,1,False,Size-18 aggregate,0.11436408190856781
CCLE_EXPERIMENT_A_FIXED_SCORE_ORIGINAL5,CCLE-34-Paclitaxel-SKIN,B100,HILL|EC50|TIED_GMM,100,100,1,0.89336459843848981,0.94884708853340305,0.95729550133546359,0.080645576481053013,0.56999999999999995,0.69003055295768179,0.6900305529576819,1800,1800,1800,0,73,54,Paclitaxel–SKIN,1,False,Size-18 aggregate,-0.15712456956438828
CCLE_EXPERIMENT_A_FIXED_SCORE_ORIGINAL5,CCLE-34-Paclitaxel-SKIN,B100,HILL|EMAX|TERTILES,100,100,1,0.83383975645536057,0.9617006396297666,0.94463225971024911,0.080645576481053013,1,0.76416364645528578,0.76416364645528589,1800,1800,1800,0,22,22,Paclitaxel–SKIN,1,False,Size-18 aggregate,0.1335559467164697
CCLE_EXPERIMENT_A_FIXED_SCORE_ORIGINAL5,CCLE-34-Paclitaxel-SKIN,B100,HILL|EMAX|JENKS,100,100,1,0.88407307170511595,0.97445424565841166,0.97856631708173614,0.080645576481053013,0.96999999999999997,0.7775478421852634,0.77754784218526329,1800,1800,1800,0,11,11,Paclitaxel–SKIN,1,False,Size-18 aggregate,-0.078149880002753316
CCLE_EXPERIMENT_A_FIXED_SCORE_ORIGINAL5,CCLE-34-Paclitaxel-SKIN,B100,HILL|EMAX|KMEANS,100,100,1,0.88407307170511595,0.97445424565841166,0.97856631708173614,0.080645576481053013,0.96999999999999997,0.7775478421852634,0.77754784218526329,1800,1800,1800,0,11,11,Paclitaxel–SKIN,1,False,Size-18 aggregate,0.033722190380497424
CCLE_EXPERIMENT_A_FIXED_SCORE_ORIGINAL5,CCLE-34-Paclitaxel-SKIN,B100,HILL|EMAX|WARD,100,100,1,0.88137743400874347,0.96719878227284706,0.97352161251575386,0.080645576481053013,0.94999999999999996,0.77054868105567953,0.77054868105567953,1800,1800,1800,0,16,16,Paclitaxel–SKIN,1,False,Size-18 aggregate,-0.029716464101736548
CCLE_EXPERIMENT_A_FIXED_SCORE_ORIGINAL5,CCLE-34-Paclitaxel-SKIN,B100,HILL|EMAX|TIED_GMM,100,100,1,0.85059389620368275,0.94813799690692835,0.95403661352810631,0.080645576481053013,0.5,0.66668281662395434,0.66668281662395412,1800,1800,1800,0,76,56,Paclitaxel–SKIN,1,False,Size-18 aggregate,-0.064296132303843304
CCLE_EXPERIMENT_A_FIXED_SCORE_ORIGINAL5,CCLE-34-Paclitaxel-SKIN,B100,HILL|AUC|TERTILES,100,100,1,0.83337947702860948,0.96150467190634858,0.9457404848184745,0.080645576481053013,1,0.76425404204689718,0.76425404204689718,1800,1800,1800,0,21,21,Paclitaxel–SKIN,1,False,Size-18 aggregate,-0.1556700941910199
CCLE_EXPERIMENT_A_FIXED_SCORE_ORIGINAL5,CCLE-34-Paclitaxel-SKIN,B100,HILL|AUC|JENKS,100,100,1,0.88352486696555144,0.97468192097558604,0.97773131921845458,0.080645576481053013,0.96999999999999997,0.77731673672812873,0.77731673672812907,1800,1800,1800,0,13,13,Paclitaxel–SKIN,1,False,Size-18 aggregate,0.11293238892055406
CCLE_EXPERIMENT_A_FIXED_SCORE_ORIGINAL5,CCLE-34-Paclitaxel-SKIN,B100,HILL|AUC|KMEANS,100,100,1,0.88352486696555144,0.97468192097558604,0.97773131921845458,0.080645576481053013,0.96999999999999997,0.77731673672812873,0.77731673672812907,1800,1800,1800,0,13,13,Paclitaxel–SKIN,1,False,Size-18 aggregate,0.12511253222010854
CCLE_EXPERIMENT_A_FIXED_SCORE_ORIGINAL5,CCLE-34-Paclitaxel-SKIN,B100,HILL|AUC|WARD,100,100,1,0.88186064791609498,0.96830668614107585,0.97342304330751905,0.080645576481053013,0.95999999999999996,0.77284719076914865,0.77284719076914854,1800,1800,1800,0,15,15,Paclitaxel–SKIN,1,False,Size-18 aggregate,-0.10591065785519561
CCLE_EXPERIMENT_A_FIXED_SCORE_ORIGINAL5,CCLE-34-Paclitaxel-SKIN,B100,HILL|AUC|TIED_GMM,100,100,1,0.84913303976205468,0.94778244025882485,0.95433205321172576,0.080645576481053013,0.48999999999999999,0.66437862194273178,0.66437862194273167,1800,1800,1800,0,77,57,Paclitaxel–SKIN,1,False,Size-18 aggregate,0.034481403649431037
CCLE_EXPERIMENT_A_FIXED_SCORE_ORIGINAL5,CCLE-34-Paclitaxel-SKIN,B100,LOGISTIC|IC50|TERTILES,100,16,0.16,0.67603238733186499,0.96798759187018113,0.9388342449001027,0.028279650935890386,1,0.7222267750076079,0.11555628400121726,1800,288,288,0,52,67,Paclitaxel–SKIN,1,False,Size-18 aggregate,-0.12606446891232964
CCLE_EXPERIMENT_A_FIXED_SCORE_ORIGINAL5,CCLE-34-Paclitaxel-SKIN,B100,LOGISTIC|IC50|JENKS,100,16,0.16,0.9166941106532801,0.94383382365589785,0.94997789842365965,0.028279650935890386,0.75,0.71775709673374555,0.11484113547739928,1800,288,288,0,60,73,Paclitaxel–SKIN,1,False,Size-18 aggregate,0.087856823859702976
CCLE_EXPERIMENT_A_FIXED_SCORE_ORIGINAL5,CCLE-34-Paclitaxel-SKIN,B100,LOGISTIC|IC50|KMEANS,100,16,0.16,0.9166941106532801,0.94667827005642358,0.95195507787921751,0.028279650935890386,0.75,0.71872142190496224,0.11499542750479395,1800,288,288,0,55,70,Paclitaxel–SKIN,1,False,Size-18 aggregate,0.093920685857050296
CCLE_EXPERIMENT_A_FIXED_SCORE_ORIGINAL5,CCLE-34-Paclitaxel-SKIN,B100,LOGISTIC|IC50|WARD,100,16,0.16,0.91099416151325019,0.9281265785207844,0.94227576408575764,0.028279650935890386,0.8125,0.7244352310111366,0.11590963696178185,1800,288,288,0,49,66,Paclitaxel–SKIN,1,False,Size-18 aggregate,0.097022593826293607
CCLE_EXPERIMENT_A_FIXED_SCORE_ORIGINAL5,CCLE-34-Paclitaxel-SKIN,B100,LOGISTIC|IC50|TIED_GMM,100,16,0.16,0.9085937275238668,0.95561665758849301,0.96998718442798815,0.028279650935890386,0.625,0.69749544409524766,0.11159927105523963,1800,288,288,0,70,78,Paclitaxel–SKIN,1,False,Size-18 aggregate,-0.15121769651566114
CCLE_EXPERIMENT_A_FIXED_SCORE_ORIGINAL5,CCLE-34-Paclitaxel-SKIN,B100,LOGISTIC|EC50|TERTILES,100,100,1,0.75853696754485311,0.9633272632238925,0.93848804459549695,0.026147840996617086,1,0.73730002327217192,0.73730002327217192,1800,1800,1800,0,43,42,Paclitaxel–SKIN,1,False,Size-18 aggregate,0.10649664333707108
CCLE_EXPERIMENT_A_FIXED_SCORE_ORIGINAL5,CCLE-34-Paclitaxel-SKIN,B100,LOGISTIC|EC50|JENKS,100,100,1,0.90022132032545688,0.95116456516984926,0.95149074095085795,0.026147840996617086,0.76000000000000001,0.71780489348855614,0.71780489348855625,1800,1800,1800,0,58,47,Paclitaxel–SKIN,1,False,Size-18 aggregate,-0.021464465004732942
CCLE_EXPERIMENT_A_FIXED_SCORE_ORIGINAL5,CCLE-34-Paclitaxel-SKIN,B100,LOGISTIC|EC50|KMEANS,100,100,1,0.90022132032545688,0.95109539247889729,0.95142660999615758,0.026147840996617086,0.76000000000000001,0.71777823275942565,0.71777823275942576,1800,1800,1800,0,59,48,Paclitaxel–SKIN,1,False,Size-18 aggregate,-0.013204098980222857
CCLE_EXPERIMENT_A_FIXED_SCORE_ORIGINAL5,CCLE-34-Paclitaxel-SKIN,B100,LOGISTIC|EC50|WARD,100,100,1,0.89115895613816098,0.93566181622330447,0.94104903130682416,0.026147840996617086,0.73999999999999999,0.70680352893298126,0.70680352893298137,1800,1800,1800,0,66,52,Paclitaxel–SKIN,1,False,Size-18 aggregate,-0.08789094520916485
CCLE_EXPERIMENT_A_FIXED_SCORE_ORIGINAL5,CCLE-34-Paclitaxel-SKIN,B100,LOGISTIC|EC50|TIED_GMM,100,100,1,0.88678089574132613,0.94432002657374126,0.94763165597864107,0.026147840996617086,0.64000000000000001,0.68897608385806508,0.68897608385806508,1800,1800,1799,1,74,55,Paclitaxel–SKIN,1,False,Size-18 aggregate,-0.04332959381009676
CCLE_EXPERIMENT_A_FIXED_SCORE_ORIGINAL5,CCLE-34-Paclitaxel-SKIN,B100,LOGISTIC|EMAX|TERTILES,100,100,1,0.83385105008408356,0.96109362048064695,0.94406182148296525,0.026147840996617086,1,0.75303086660886231,0.75303086660886254,1800,1800,1800,0,36,36,Paclitaxel–SKIN,1,False,Size-18 aggregate,-0.076523060555691608
CCLE_EXPERIMENT_A_FIXED_SCORE_ORIGINAL5,CCLE-34-Paclitaxel-SKIN,B100,LOGISTIC|EMAX|JENKS,100,100,1,0.88148583463909247,0.97127578838173623,0.97037706620515463,0.026147840996617086,0.96999999999999997,0.76385730604451996,0.76385730604452007,1800,1800,1800,0,25,25,Paclitaxel–SKIN,1,False,Size-18 aggregate,0.061657198421111621
CCLE_EXPERIMENT_A_FIXED_SCORE_ORIGINAL5,CCLE-34-Paclitaxel-SKIN,B100,LOGISTIC|EMAX|KMEANS,100,100,1,0.88148583463909247,0.97127295350124665,0.97036189155017583,0.026147840996617086,0.96999999999999997,0.76385370413742637,0.76385370413742637,1800,1800,1800,0,26,26,Paclitaxel–SKIN,1,False,Size-18 aggregate,0.023310994176033654
CCLE_EXPERIMENT_A_FIXED_SCORE_ORIGINAL5,CCLE-34-Paclitaxel-SKIN,B100,LOGISTIC|EMAX|WARD,100,100,1,0.87978849363590439,0.96571590591781431,0.97017645809442288,0.026147840996617086,0.96999999999999997,0.76236573972895172,0.76236573972895172,1800,1800,1800,0,27,27,Paclitaxel–SKIN,1,False,Size-18 aggregate,-0.078664399068491625
CCLE_EXPERIMENT_A_FIXED_SCORE_ORIGINAL5,CCLE-34-Paclitaxel-SKIN,B100,LOGISTIC|EMAX|TIED_GMM,100,100,1,0.84862949899829543,0.94874812076287696,0.95336827914523103,0.026147840996617086,0.48999999999999999,0.65337874798060402,0.65337874798060414,1800,1800,1800,0,80,60,Paclitaxel–SKIN,1,False,Size-18 aggregate,-0.13170034072634307
CCLE_EXPERIMENT_A_FIXED_SCORE_ORIGINAL5,CCLE-34-Paclitaxel-SKIN,B100,LOGISTIC|AUC|TERTILES,100,100,1,0.83393138792782873,0.96109128990712378,0.94570783347213161,0.026147840996617086,1,0.75337567046074017,0.75337567046074028,1800,1800,1800,0,35,35,Paclitaxel–SKIN,1,False,Size-18 aggregate,0.031377705156658248
CCLE_EXPERIMENT_A_FIXED_SCORE_ORIGINAL5,CCLE-34-Paclitaxel-SKIN,B100,LOGISTIC|AUC|JENKS,100,100,1,0.88145832136301661,0.97212335688588014,0.97032209573675632,0.026147840996617086,0.96999999999999997,0.76401032299645377,0.76401032299645388,1800,1800,1800,0,23,23,Paclitaxel–SKIN,1,False,Size-18 aggregate,0.055142059823298374
CCLE_EXPERIMENT_A_FIXED_SCORE_ORIGINAL5,CCLE-34-Paclitaxel-SKIN,B100,LOGISTIC|AUC|KMEANS,100,100,1,0.88145832136301661,0.97212335688588014,0.97032209573675632,0.026147840996617086,0.96999999999999997,0.76401032299645377,0.76401032299645388,1800,1800,1800,0,23,23,Paclitaxel–SKIN,1,False,Size-18 aggregate,0.1375925677217526
CCLE_EXPERIMENT_A_FIXED_SCORE_ORIGINAL5,CCLE-34-Paclitaxel-SKIN,B100,LOGISTIC|AUC|WARD,100,100,1,0.87912164832884854,0.96546578010073558,0.96811224343010993,0.026147840996617086,0.96999999999999997,0.76176950257126208,0.76176950257126219,1800,1800,1800,0,28,28,Paclitaxel–SKIN,1,False,Size-18 aggregate,0.011483798886529116
CCLE_EXPERIMENT_A_FIXED_SCORE_ORIGINAL5,CCLE-34-Paclitaxel-SKIN,B100,LOGISTIC|AUC|TIED_GMM,100,100,1,0.84635478096159789,0.94802427280367441,0.95281408706378901,0.026147840996617086,0.46999999999999997,0.64866819636513573,0.64866819636513573,1800,1800,1800,0,81,61,Paclitaxel–SKIN,1,False,Size-18 aggregate,-0.15251671150152496
CCLE_EXPERIMENT_A_FIXED_SCORE_ORIGINAL5,CCLE-34-Paclitaxel-SKIN,B100,WEIBULL|IC50|TERTILES,100,16,0.16,0.61180912000111798,0.97874865316288362,0.94596472274115251,0.043285246979235088,1,0.71596154857687777,0.11455384777230046,1800,288,288,0,62,74,Paclitaxel–SKIN,1,False,Size-18 aggregate,-0.060621252856361975
CCLE_EXPERIMENT_A_FIXED_SCORE_ORIGINAL5,CCLE-34-Paclitaxel-SKIN,B100,WEIBULL|IC50|JENKS,100,16,0.16,0.92572551239973144,0.93548683641060659,0.94316348974555375,0.043285246979235088,0.75,0.71953221710702531,0.11512515473712406,1800,288,288,0,53,68,Paclitaxel–SKIN,1,False,Size-18 aggregate,-0.00684737827788279
CCLE_EXPERIMENT_A_FIXED_SCORE_ORIGINAL5,CCLE-34-Paclitaxel-SKIN,B100,WEIBULL|IC50|KMEANS,100,16,0.16,0.92572551239973144,0.93495561032460095,0.94278643068709977,0.043285246979235088,0.75,0.71935056007813336,0.11509608961250135,1800,288,288,0,54,69,Paclitaxel–SKIN,1,False,Size-18 aggregate,-0.11186317167055401
CCLE_EXPERIMENT_A_FIXED_SCORE_ORIGINAL5,CCLE-34-Paclitaxel-SKIN,B100,WEIBULL|IC50|WARD,100,16,0.16,0.92285403688702905,0.93263063524475642,0.94973214249485938,0.043285246979235088,0.6875,0.70720041232117603,0.11315206597138816,1800,288,288,0,65,75,Paclitaxel–SKIN,1,False,Size-18 aggregate,0.089592029212413354
CCLE_EXPERIMENT_A_FIXED_SCORE_ORIGINAL5,CCLE-34-Paclitaxel-SKIN,B100,WEIBULL|IC50|TIED_GMM,100,16,0.16,0.91922567994174997,0.94974010298628464,0.95991055313002271,0.043285246979235088,0.5,0.6744323166074585,0.10790917065719335,1800,288,288,0,75,81,Paclitaxel–SKIN,1,False,Size-18 aggregate,-0.080317721273824041
CCLE_EXPERIMENT_A_FIXED_SCORE_ORIGINAL5,CCLE-34-Paclitaxel-SKIN,B100,WEIBULL|EC50|TERTILES,100,100,1,0.76180137076523635,0.96983838775757902,0.94149484946018736,0.039393162594669767,1,0.74250555411553454,0.74250555411553454,1800,1800,1800,0,39,38,Paclitaxel–SKIN,1,False,Size-18 aggregate,-0.013792408298187056
CCLE_EXPERIMENT_A_FIXED_SCORE_ORIGINAL5,CCLE-34-Paclitaxel-SKIN,B100,WEIBULL|EC50|JENKS,100,100,1,0.91862020823291701,0.96148012105073311,0.97404279786029679,0.039393162594669767,0.81000000000000005,0.74070725794772341,0.7407072579477233,1800,1800,1800,0,42,41,Paclitaxel–SKIN,1,False,Size-18 aggregate,0.12782004676009995
CCLE_EXPERIMENT_A_FIXED_SCORE_ORIGINAL5,CCLE-34-Paclitaxel-SKIN,B100,WEIBULL|EC50|KMEANS,100,100,1,0.91862020823291701,0.96149658982381025,0.97404372552691076,0.039393162594669767,0.81000000000000005,0.74071073723566172,0.74071073723566161,1800,1800,1800,0,41,40,Paclitaxel–SKIN,1,False,Size-18 aggregate,0.10143603122360911
CCLE_EXPERIMENT_A_FIXED_SCORE_ORIGINAL5,CCLE-34-Paclitaxel-SKIN,B100,WEIBULL|EC50|WARD,100,100,1,0.91326000848438738,0.95162575343700639,0.97078880589254768,0.039393162594669767,0.76000000000000001,0.72701354608172208,0.7270135460817222,1800,1800,1800,0,47,44,Paclitaxel–SKIN,1,False,Size-18 aggregate,0.12223911403730491
CCLE_EXPERIMENT_A_FIXED_SCORE_ORIGINAL5,CCLE-34-Paclitaxel-SKIN,B100,WEIBULL|EC50|TIED_GMM,100,100,1,0.91242237166970919,0.9469593350658434,0.95773992763037574,0.039393162594669767,0.67000000000000004,0.7053029593921194,0.70530295939211951,1800,1800,1800,0,68,53,Paclitaxel–SKIN,1,False,Size-18 aggregate,-0.09870032323959757
CCLE_EXPERIMENT_A_FIXED_SCORE_ORIGINAL5,CCLE-34-Paclitaxel-SKIN,B100,WEIBULL|EMAX|TERTILES,100,100,1,0.83373619369615992,0.96174983735173891,0.94710127769399866,0.039393162594669767,1,0.75639609426731358,0.75639609426731358,1800,1800,1800,0,34,34,Paclitaxel–SKIN,1,False,Size-18 aggregate,0.05461830829610545
CCLE_EXPERIMENT_A_FIXED_SCORE_ORIGINAL5,CCLE-34-Paclitaxel-SKIN,B100,WEIBULL|EMAX|JENKS,100,100,1,0.88283603471848782,0.97304378979224182,0.97478650493892227,0.039393162594669767,0.95999999999999996,0.76601189840886419,0.7660118984088643,1800,1800,1800,0,19,19,Paclitaxel–SKIN,1,False,Size-18 aggregate,-0.086128221286024959
CCLE_EXPERIMENT_A_FIXED_SCORE_ORIGINAL5,CCLE-34-Paclitaxel-SKIN,B100,WEIBULL|EMAX|KMEANS,100,100,1,0.88283603471848782,0.97304378979224182,0.97478650493892227,0.039393162594669767,0.95999999999999996,0.76601189840886419,0.7660118984088643,1800,1800,1800,0,19,19,Paclitaxel–SKIN,1,False,Size-18 aggregate,-0.10477093076910148
CCLE_EXPERIMENT_A_FIXED_SCORE_ORIGINAL5,CCLE-34-Paclitaxel-SKIN,B100,WEIBULL|EMAX|WARD,100,100,1,0.88074774319962867,0.9660251144357167,0.97037632644103311,0.039393162594669767,0.94999999999999996,0.7613084693342097,0.7613084693342097,1800,1800,1800,0,29,29,Paclitaxel–SKIN,1,False,Size-18 aggregate,0.05600848709605831
CCLE_EXPERIMENT_A_FIXED_SCORE_ORIGINAL5,CCLE-34-Paclitaxel-SKIN,B100,WEIBULL|EMAX|TIED_GMM,100,100,1,0.85017632824712164,0.9474574605012962,0.95413274104559287,0.039393162594669767,0.5,0.65823193847773609,0.65823193847773609,1800,1800,1800,0,78,58,Paclitaxel–SKIN,1,False,Size-18 aggregate,-0.031893207922552999
CCLE_EXPERIMENT_A_FIXED_SCORE_ORIGINAL5,CCLE-34-Paclitaxel-SKIN,B100,WEIBULL|AUC|TERTILES,100,100,1,0.83372539557723857,0.96166776022216371,0.94738649680764064,0.039393162594669767,1,0.75643456304034229,0.7564345630403424,1800,1800,1800,0,33,33,Paclitaxel–SKIN,1,False,Size-18 aggregate,0.078939058314761862
CCLE_EXPERIMENT_A_FIXED_SCORE_ORIGINAL5,CCLE-34-Paclitaxel-SKIN,B100,WEIBULL|AUC|JENKS,100,100,1,0.88252648824433166,0.97309686358213898,0.97299470787988196,0.039393162594669767,0.96999999999999997,0.76760224446020442,0.76760224446020442,1800,1800,1800,0,17,17,Paclitaxel–SKIN,1,False,Size-18 aggregate,0.095717941284114011
CCLE_EXPERIMENT_A_FIXED_SCORE_ORIGINAL5,CCLE-34-Paclitaxel-SKIN,B100,WEIBULL|AUC|KMEANS,100,100,1,0.88252648824433166,0.97309686358213898,0.97299470787988196,0.039393162594669767,0.96999999999999997,0.76760224446020442,0.76760224446020442,1800,1800,1800,0,17,17,Paclitaxel–SKIN,1,False,Size-18 aggregate,0.15225269175885539
CCLE_EXPERIMENT_A_FIXED_SCORE_ORIGINAL5,CCLE-34-Paclitaxel-SKIN,B100,WEIBULL|AUC|WARD,100,100,1,0.88038638041616624,0.96503768078417895,0.96799900453354115,0.039393162594669767,0.94999999999999996,0.7605632456657111,0.76056324566571121,1800,1800,1800,0,30,30,Paclitaxel–SKIN,1,False,Size-18 aggregate,-0.14901400066656387
CCLE_EXPERIMENT_A_FIXED_SCORE_ORIGINAL5,CCLE-34-Paclitaxel-SKIN,B100,WEIBULL|AUC|TIED_GMM,100,100,1,0.84892950357159269,0.94766471085927451,0.95459075342505439,0.039393162594669767,0.48999999999999999,0.65611562609011842,0.65611562609011831,1800,1800,1800,0,79,59,Paclitaxel–SKIN,1,False,Size-18 aggregate,0.0458251577349904
CCLE_EXPERIMENT_A_FIXED_SCORE_ORIGINAL5,CCLE-11-AZD6244-LUNG,B100,TRIOS,100,100,1,0.87830080685262957,0.96831194687113653,0.95786694703605757,0.77103529831956896,1,0.91510299981587861,0.9151029998158785,1800,1800,1800,0,1,1,AZD6244–LUNG,2,False,Size-18 aggregate,0
CCLE_EXPERIMENT_A_FIXED_SCORE_ORIGINAL5,CCLE-11-AZD6244-LUNG,B100,EMAX|IC50|TERTILES,100,0,0,,,,,,,0,1800,0,0,0,,62,AZD6244–LUNG,2,False,Size-18 aggregate,0.15002328447765284
CCLE_EXPERIMENT_A_FIXED_SCORE_ORIGINAL5,CCLE-11-AZD6244-LUNG,B100,EMAX|IC50|JENKS,100,0,0,,,,,,,0,1800,0,0,0,,62,AZD6244–LUNG,2,False,Size-18 aggregate,-0.020393681270162035
CCLE_EXPERIMENT_A_FIXED_SCORE_ORIGINAL5,CCLE-11-AZD6244-LUNG,B100,EMAX|IC50|KMEANS,100,0,0,,,,,,,0,1800,0,0,0,,62,AZD6244–LUNG,2,False,Size-18 aggregate,-0.076762269119909562
CCLE_EXPERIMENT_A_FIXED_SCORE_ORIGINAL5,CCLE-11-AZD6244-LUNG,B100,EMAX|IC50|WARD,100,0,0,,,,,,,0,1800,0,0,0,,62,AZD6244–LUNG,2,False,Size-18 aggregate,-0.096790190249865446
CCLE_EXPERIMENT_A_FIXED_SCORE_ORIGINAL5,CCLE-11-AZD6244-LUNG,B100,EMAX|IC50|TIED_GMM,100,0,0,,,,,,,0,1800,0,0,0,,62,AZD6244–LUNG,2,False,Size-18 aggregate,-0.065985645704433701
CCLE_EXPERIMENT_A_FIXED_SCORE_ORIGINAL5,CCLE-11-AZD6244-LUNG,B100,EMAX|EC50|TERTILES,100,100,1,0.7942741882182246,0.94560559330492311,0.94292094502839718,0.18819384218842919,1,0.77419891374799465,0.77419891374799477,1800,1800,1800,0,10,10,AZD6244–LUNG,2,False,Size-18 aggregate,-0.077375214006140641
CCLE_EXPERIMENT_A_FIXED_SCORE_ORIGINAL5,CCLE-11-AZD6244-LUNG,B100,EMAX|EC50|JENKS,100,100,1,0.94416282623892489,0.96406707912771017,0.97395278494412263,0.18819384218842919,0.91000000000000003,0.79607530649983749,0.79607530649983727,1800,1800,1800,0,2,2,AZD6244–LUNG,2,True,Size-18 aggregate,-0.0086425236260151729
CCLE_EXPERIMENT_A_FIXED_SCORE_ORIGINAL5,CCLE-11-AZD6244-LUNG,B100,EMAX|EC50|KMEANS,100,100,1,0.94416282623892489,0.96406707912771017,0.97395278494412263,0.18819384218842919,0.91000000000000003,0.79607530649983749,0.79607530649983727,1800,1800,1800,0,2,2,AZD6244–LUNG,2,True,Size-18 aggregate,0.083578455951898015
CCLE_EXPERIMENT_A_FIXED_SCORE_ORIGINAL5,CCLE-11-AZD6244-LUNG,B100,EMAX|EC50|WARD,100,100,1,0.9412954508894984,0.95936404386404162,0.97346718170905044,0.18819384218842919,0.88,0.78846410373020404,0.78846410373020392,1800,1800,1800,0,4,4,AZD6244–LUNG,2,False,Size-18 aggregate,-0.02003163625021271
CCLE_EXPERIMENT_A_FIXED_SCORE_ORIGINAL5,CCLE-11-AZD6244-LUNG,B100,EMAX|EC50|TIED_GMM,100,100,1,0.94172008739569146,0.9709661080039621,0.97902521299481204,0.18819384218842919,0.85999999999999999,0.78798105011657893,0.78798105011657893,1800,1800,1800,0,5,5,AZD6244–LUNG,2,False,Size-18 aggregate,-0.04601316114096278
CCLE_EXPERIMENT_A_FIXED_SCORE_ORIGINAL5,CCLE-11-AZD6244-LUNG,B100,EMAX|EMAX|TERTILES,100,100,1,0.82441862668046051,0.96158726355945501,0.94312453577618216,0.18819384218842919,1,0.78346485364090557,0.78346485364090546,1800,1800,1800,0,6,6,AZD6244–LUNG,2,False,Size-18 aggregate,-0.15453466050199574
CCLE_EXPERIMENT_A_FIXED_SCORE_ORIGINAL5,CCLE-11-AZD6244-LUNG,B100,EMAX|EMAX|JENKS,100,100,1,0.88789191444638238,0.95479243383861789,0.95147736063470079,0.18819384218842919,0.84999999999999998,0.76647111022162606,0.76647111022162606,1800,1800,1800,0,11,11,AZD6244–LUNG,2,False,Size-18 aggregate,-0.03387887392981883
CCLE_EXPERIMENT_A_FIXED_SCORE_ORIGINAL5,CCLE-11-AZD6244-LUNG,B100,EMAX|EMAX|KMEANS,100,100,1,0.88789191444638238,0.95479243383861789,0.95147736063470079,0.18819384218842919,0.84999999999999998,0.76647111022162606,0.76647111022162606,1800,1800,1800,0,11,11,AZD6244–LUNG,2,False,Size-18 aggregate,0.15653882130899907
CCLE_EXPERIMENT_A_FIXED_SCORE_ORIGINAL5,CCLE-11-AZD6244-LUNG,B100,EMAX|EMAX|WARD,100,100,1,0.87701745876185777,0.93120096450018464,0.92497197674969289,0.18819384218842919,0.79000000000000004,0.74227684844003294,0.74227684844003294,1800,1800,1800,0,21,21,AZD6244–LUNG,2,False,Size-18 aggregate,-0.1108451401327842
CCLE_EXPERIMENT_A_FIXED_SCORE_ORIGINAL5,CCLE-11-AZD6244-LUNG,B100,EMAX|EMAX|TIED_GMM,100,100,1,0.8801304562434108,0.95308420762205626,0.95793863625435649,0.18819384218842919,0.72999999999999998,0.74186942846165038,0.74186942846165049,1800,1800,1800,0,22,22,AZD6244–LUNG,2,False,Size-18 aggregate,0.127732443951008
CCLE_EXPERIMENT_A_FIXED_SCORE_ORIGINAL5,CCLE-11-AZD6244-LUNG,B100,EMAX|AUC|TERTILES,100,100,1,0.81168069441941026,0.96375495989946591,0.94293727070156874,0.18819384218842919,1,0.78131335344177488,0.78131335344177488,1800,1800,1800,0,7,7,AZD6244–LUNG,2,False,Size-18 aggregate,0.072186619320927792
CCLE_EXPERIMENT_A_FIXED_SCORE_ORIGINAL5,CCLE-11-AZD6244-LUNG,B100,EMAX|AUC|JENKS,100,100,1,0.88680161235933785,0.96510086441622478,0.96084330940658136,0.18819384218842919,0.90000000000000002,0.78018792567411444,0.78018792567411455,1800,1800,1800,0,8,8,AZD6244–LUNG,2,False,Size-18 aggregate,-0.096208283662844507
CCLE_EXPERIMENT_A_FIXED_SCORE_ORIGINAL5,CCLE-11-AZD6244-LUNG,B100,EMAX|AUC|KMEANS,100,100,1,0.88680161235933785,0.96510086441622478,0.96084330940658136,0.18819384218842919,0.90000000000000002,0.78018792567411444,0.78018792567411455,1800,1800,1800,0,8,8,AZD6244–LUNG,2,False,Size-18 aggregate,-0.12576103097893321
CCLE_EXPERIMENT_A_FIXED_SCORE_ORIGINAL5,CCLE-11-AZD6244-LUNG,B100,EMAX|AUC|WARD,100,100,1,0.87868844921640399,0.94151651401950853,0.93711232645671971,0.18819384218842919,0.88,0.76510222637621228,0.76510222637621239,1800,1800,1800,0,13,13,AZD6244–LUNG,2,False,Size-18 aggregate,-0.062446849770482357
CCLE_EXPERIMENT_A_FIXED_SCORE_ORIGINAL5,CCLE-11-AZD6244-LUNG,B100,EMAX|AUC|TIED_GMM,100,100,1,0.87589091579947687,0.95289862963307181,0.94623407682190308,0.18819384218842919,0.78000000000000003,0.74864349288857612,0.74864349288857623,1800,1800,1800,0,14,14,AZD6244–LUNG,2,False,Size-18 aggregate,0.047621722120703612
CCLE_EXPERIMENT_A_FIXED_SCORE_ORIGINAL5,CCLE-11-AZD6244-LUNG,B100,HILL|IC50|TERTILES,100,0,0,,,,,,,0,1800,0,0,0,,62,AZD6244–LUNG,2,False,Size-18 aggregate,-0.10311762905286571
CCLE_EXPERIMENT_A_FIXED_SCORE_ORIGINAL5,CCLE-11-AZD6244-LUNG,B100,HILL|IC50|JENKS,100,0,0,,,,,,,0,1800,0,0,0,,62,AZD6244–LUNG,2,False,Size-18 aggregate,0.10617221175371022
CCLE_EXPERIMENT_A_FIXED_SCORE_ORIGINAL5,CCLE-11-AZD6244-LUNG,B100,HILL|IC50|KMEANS,100,0,0,,,,,,,0,1800,0,0,0,,62,AZD6244–LUNG,2,False,Size-18 aggregate,0.024909779994029047
CCLE_EXPERIMENT_A_FIXED_SCORE_ORIGINAL5,CCLE-11-AZD6244-LUNG,B100,HILL|IC50|WARD,100,0,0,,,,,,,0,1800,0,0,0,,62,AZD6244–LUNG,2,False,Size-18 aggregate,0.070586614140911622
CCLE_EXPERIMENT_A_FIXED_SCORE_ORIGINAL5,CCLE-11-AZD6244-LUNG,B100,HILL|IC50|TIED_GMM,100,0,0,,,,,,,0,1800,0,0,0,,62,AZD6244–LUNG,2,False,Size-18 aggregate,0.14889718711117683
CCLE_EXPERIMENT_A_FIXED_SCORE_ORIGINAL5,CCLE-11-AZD6244-LUNG,B100,HILL|EC50|TERTILES,100,100,1,0.64130337397404946,0.96550845774673499,0.9370946003736299,0.017070782129161636,1,0.71219544284471525,0.71219544284471525,1800,1800,1800,0,43,43,AZD6244–LUNG,2,False,Size-18 aggregate,0.14746822312182473
CCLE_EXPERIMENT_A_FIXED_SCORE_ORIGINAL5,CCLE-11-AZD6244-LUNG,B100,HILL|EC50|JENKS,100,100,1,0.94000589811444446,0.94268186545144228,0.97240745964551289,0.017070782129161636,0.5,0.67443320106811211,0.67443320106811233,1800,1800,1800,0,52,52,AZD6244–LUNG,2,False,Size-18 aggregate,0.12968838296124907
CCLE_EXPERIMENT_A_FIXED_SCORE_ORIGINAL5,CCLE-11-AZD6244-LUNG,B100,HILL|EC50|KMEANS,100,100,1,0.94000589811444446,0.94254368168183544,0.97244383878121365,0.017070782129161636,0.5,0.67441284014133107,0.67441284014133107,1800,1800,1800,0,53,53,AZD6244–LUNG,2,False,Size-18 aggregate,-0.060861685103937441
CCLE_EXPERIMENT_A_FIXED_SCORE_ORIGINAL5,CCLE-11-AZD6244-LUNG,B100,HILL|EC50|WARD,100,100,1,0.93740101664871933,0.9398056268958177,0.97175983747577832,0.017070782129161636,0.46000000000000002,0.66520745262989533,0.66520745262989533,1800,1800,1800,0,57,57,AZD6244–LUNG,2,False,Size-18 aggregate,0.11436408190856781
CCLE_EXPERIMENT_A_FIXED_SCORE_ORIGINAL5,CCLE-11-AZD6244-LUNG,B100,HILL|EC50|TIED_GMM,100,100,1,0.93417730174840541,0.94242882640532599,0.97468955636926002,0.017070782129161636,0.42999999999999999,0.65967329333043057,0.65967329333043057,1800,1800,1799,1,59,59,AZD6244–LUNG,2,False,Size-18 aggregate,-0.15712456956438828
CCLE_EXPERIMENT_A_FIXED_SCORE_ORIGINAL5,CCLE-11-AZD6244-LUNG,B100,HILL|EMAX|TERTILES,100,100,1,0.81191239393866665,0.96421000440819116,0.94456695701756355,0.017070782129161636,1,0.74755202749871652,0.74755202749871652,1800,1800,1800,0,15,15,AZD6244–LUNG,2,False,Size-18 aggregate,0.1335559467164697
CCLE_EXPERIMENT_A_FIXED_SCORE_ORIGINAL5,CCLE-11-AZD6244-LUNG,B100,HILL|EMAX|JENKS,100,100,1,0.8860471429169775,0.94995017510346713,0.94806441244837214,0.017070782129161636,0.81000000000000005,0.72222650251959564,0.72222650251959564,1800,1800,1800,0,36,36,AZD6244–LUNG,2,False,Size-18 aggregate,-0.078149880002753316
CCLE_EXPERIMENT_A_FIXED_SCORE_ORIGINAL5,CCLE-11-AZD6244-LUNG,B100,HILL|EMAX|KMEANS,100,100,1,0.8860471429169775,0.94997120910660415,0.9481520763247332,0.017070782129161636,0.81000000000000005,0.72224824209549543,0.72224824209549521,1800,1800,1800,0,35,35,AZD6244–LUNG,2,False,Size-18 aggregate,0.033722190380497424
CCLE_EXPERIMENT_A_FIXED_SCORE_ORIGINAL5,CCLE-11-AZD6244-LUNG,B100,HILL|EMAX|WARD,100,100,1,0.87788774444365525,0.9370470167439946,0.93692516357621647,0.017070782129161636,0.82999999999999996,0.71978614137860542,0.71978614137860564,1800,1800,1800,0,39,39,AZD6244–LUNG,2,False,Size-18 aggregate,-0.029716464101736548
CCLE_EXPERIMENT_A_FIXED_SCORE_ORIGINAL5,CCLE-11-AZD6244-LUNG,B100,HILL|EMAX|TIED_GMM,100,100,1,0.87800670006498105,0.95248208144213808,0.95649809641291039,0.017070782129161636,0.69999999999999996,0.70081153200983826,0.70081153200983826,1800,1800,1800,0,47,47,AZD6244–LUNG,2,False,Size-18 aggregate,-0.064296132303843304
CCLE_EXPERIMENT_A_FIXED_SCORE_ORIGINAL5,CCLE-11-AZD6244-LUNG,B100,HILL|AUC|TERTILES,100,100,1,0.80821990845167524,0.96351796732906381,0.93993046583687834,0.017070782129161636,1,0.74574782474935586,0.74574782474935586,1800,1800,1800,0,18,18,AZD6244–LUNG,2,False,Size-18 aggregate,-0.1556700941910199
CCLE_EXPERIMENT_A_FIXED_SCORE_ORIGINAL5,CCLE-11-AZD6244-LUNG,B100,HILL|AUC|JENKS,100,100,1,0.88448716791657034,0.95772299169737107,0.95419896934937465,0.017070782129161636,0.88,0.73869598221849542,0.73869598221849553,1800,1800,1800,0,23,23,AZD6244–LUNG,2,False,Size-18 aggregate,0.11293238892055406
CCLE_EXPERIMENT_A_FIXED_SCORE_ORIGINAL5,CCLE-11-AZD6244-LUNG,B100,HILL|AUC|KMEANS,100,100,1,0.88448716791657034,0.95759985247588464,0.95416571639947279,0.017070782129161636,0.88,0.73866470378421778,0.73866470378421778,1800,1800,1800,0,24,24,AZD6244–LUNG,2,False,Size-18 aggregate,0.12511253222010854
CCLE_EXPERIMENT_A_FIXED_SCORE_ORIGINAL5,CCLE-11-AZD6244-LUNG,B100,HILL|AUC|WARD,100,100,1,0.87822959764779318,0.94278935481866399,0.9388065558961638,0.017070782129161636,0.83999999999999997,0.72337925809835635,0.72337925809835657,1800,1800,1800,0,32,32,AZD6244–LUNG,2,False,Size-18 aggregate,-0.10591065785519561
CCLE_EXPERIMENT_A_FIXED_SCORE_ORIGINAL5,CCLE-11-AZD6244-LUNG,B100,HILL|AUC|TIED_GMM,100,100,1,0.87386543592850519,0.95432708992512472,0.95098316858895504,0.017070782129161636,0.75,0.70924929531434922,0.70924929531434944,1800,1800,1800,0,44,44,AZD6244–LUNG,2,False,Size-18 aggregate,0.034481403649431037
CCLE_EXPERIMENT_A_FIXED_SCORE_ORIGINAL5,CCLE-11-AZD6244-LUNG,B100,LOGISTIC|IC50|TERTILES,100,0,0,,,,,,,0,1800,0,0,0,,62,AZD6244–LUNG,2,False,Size-18 aggregate,-0.12606446891232964
CCLE_EXPERIMENT_A_FIXED_SCORE_ORIGINAL5,CCLE-11-AZD6244-LUNG,B100,LOGISTIC|IC50|JENKS,100,0,0,,,,,,,0,1800,0,0,0,,62,AZD6244–LUNG,2,False,Size-18 aggregate,0.087856823859702976
CCLE_EXPERIMENT_A_FIXED_SCORE_ORIGINAL5,CCLE-11-AZD6244-LUNG,B100,LOGISTIC|IC50|KMEANS,100,0,0,,,,,,,0,1800,0,0,0,,62,AZD6244–LUNG,2,False,Size-18 aggregate,0.093920685857050296
CCLE_EXPERIMENT_A_FIXED_SCORE_ORIGINAL5,CCLE-11-AZD6244-LUNG,B100,LOGISTIC|IC50|WARD,100,0,0,,,,,,,0,1800,0,0,0,,62,AZD6244–LUNG,2,False,Size-18 aggregate,0.097022593826293607
CCLE_EXPERIMENT_A_FIXED_SCORE_ORIGINAL5,CCLE-11-AZD6244-LUNG,B100,LOGISTIC|IC50|TIED_GMM,100,0,0,,,,,,,0,1800,0,0,0,,62,AZD6244–LUNG,2,False,Size-18 aggregate,-0.15121769651566114
CCLE_EXPERIMENT_A_FIXED_SCORE_ORIGINAL5,CCLE-11-AZD6244-LUNG,B100,LOGISTIC|EC50|TERTILES,100,100,1,0.6537022393209162,0.96914152668244169,0.94125860736605971,0.006540429093622342,1,0.71412856049260787,0.71412856049260798,1800,1800,1800,0,42,42,AZD6244–LUNG,2,False,Size-18 aggregate,0.10649664333707108
CCLE_EXPERIMENT_A_FIXED_SCORE_ORIGINAL5,CCLE-11-AZD6244-LUNG,B100,LOGISTIC|EC50|JENKS,100,100,1,0.92975863570885298,0.94819413373086592,0.97154233638931686,0.006540429093622342,0.56999999999999995,0.68520710698453158,0.68520710698453158,1800,1800,1800,0,50,50,AZD6244–LUNG,2,False,Size-18 aggregate,-0.021464465004732942
CCLE_EXPERIMENT_A_FIXED_SCORE_ORIGINAL5,CCLE-11-AZD6244-LUNG,B100,LOGISTIC|EC50|KMEANS,100,100,1,0.92974160277679729,0.94795512790905734,0.97114613844336506,0.006540429093622342,0.56999999999999995,0.68507665964456843,0.68507665964456832,1800,1800,1800,0,51,51,AZD6244–LUNG,2,False,Size-18 aggregate,-0.013204098980222857
CCLE_EXPERIMENT_A_FIXED_SCORE_ORIGINAL5,CCLE-11-AZD6244-LUNG,B100,LOGISTIC|EC50|WARD,100,100,1,0.92534245046094166,0.93872180547974682,0.95923067682713781,0.006540429093622342,0.51000000000000001,0.66796707237228958,0.66796707237228969,1800,1800,1800,0,56,56,AZD6244–LUNG,2,False,Size-18 aggregate,-0.08789094520916485
CCLE_EXPERIMENT_A_FIXED_SCORE_ORIGINAL5,CCLE-11-AZD6244-LUNG,B100,LOGISTIC|EC50|TIED_GMM,100,100,1,0.9255322914462546,0.95240590610417286,0.97637498924344357,0.006540429093622342,0.46000000000000002,0.6641707231774987,0.6641707231774987,1800,1800,1800,0,58,58,AZD6244–LUNG,2,False,Size-18 aggregate,-0.04332959381009676
CCLE_EXPERIMENT_A_FIXED_SCORE_ORIGINAL5,CCLE-11-AZD6244-LUNG,B100,LOGISTIC|EMAX|TERTILES,100,100,1,0.82257525901833417,0.96147266281244681,0.94233418112794198,0.006540429093622342,1,0.74658450641046903,0.74658450641046903,1800,1800,1800,0,16,16,AZD6244–LUNG,2,False,Size-18 aggregate,-0.076523060555691608
CCLE_EXPERIMENT_A_FIXED_SCORE_ORIGINAL5,CCLE-11-AZD6244-LUNG,B100,LOGISTIC|EMAX|JENKS,100,100,1,0.88705138710494236,0.95050901255923703,0.94814508475724235,0.006540429093622342,0.82999999999999996,0.72444918270300884,0.72444918270300884,1800,1800,1800,0,30,30,AZD6244–LUNG,2,False,Size-18 aggregate,0.061657198421111621
CCLE_EXPERIMENT_A_FIXED_SCORE_ORIGINAL5,CCLE-11-AZD6244-LUNG,B100,LOGISTIC|EMAX|KMEANS,100,100,1,0.88705138710494236,0.95051787915893415,0.94817869210076511,0.006540429093622342,0.82999999999999996,0.72445767749165302,0.7244576774916528,1800,1800,1800,0,29,29,AZD6244–LUNG,2,False,Size-18 aggregate,0.023310994176033654
CCLE_EXPERIMENT_A_FIXED_SCORE_ORIGINAL5,CCLE-11-AZD6244-LUNG,B100,LOGISTIC|EMAX|WARD,100,100,1,0.87927142927909296,0.93992151037856742,0.94096724598985704,0.006540429093622342,0.83999999999999997,0.72134012294822825,0.72134012294822791,1800,1800,1800,0,38,38,AZD6244–LUNG,2,False,Size-18 aggregate,-0.078664399068491625
CCLE_EXPERIMENT_A_FIXED_SCORE_ORIGINAL5,CCLE-11-AZD6244-LUNG,B100,LOGISTIC|EMAX|TIED_GMM,100,100,1,0.87761082145420555,0.94816445008349648,0.94512480527311171,0.006540429093622342,0.70999999999999996,0.69748810118088711,0.69748810118088722,1800,1800,1800,0,49,49,AZD6244–LUNG,2,False,Size-18 aggregate,-0.13170034072634307
CCLE_EXPERIMENT_A_FIXED_SCORE_ORIGINAL5,CCLE-11-AZD6244-LUNG,B100,LOGISTIC|AUC|TERTILES,100,100,1,0.81173702009658522,0.96140861144563328,0.94271735428061232,0.006540429093622342,1,0.74448068298329051,0.74448068298329062,1800,1800,1800,0,20,20,AZD6244–LUNG,2,False,Size-18 aggregate,0.031377705156658248
CCLE_EXPERIMENT_A_FIXED_SCORE_ORIGINAL5,CCLE-11-AZD6244-LUNG,B100,LOGISTIC|AUC|JENKS,100,100,1,0.88864694223669805,0.96136363834508354,0.95977909589463328,0.006540429093622342,0.87,0.73726602111400741,0.73726602111400741,1800,1800,1800,0,25,25,AZD6244–LUNG,2,False,Size-18 aggregate,0.055142059823298374
CCLE_EXPERIMENT_A_FIXED_SCORE_ORIGINAL5,CCLE-11-AZD6244-LUNG,B100,LOGISTIC|AUC|KMEANS,100,100,1,0.88864694223669805,0.96130327976785745,0.95976353777942469,0.006540429093622342,0.87,0.73725083777552025,0.73725083777552047,1800,1800,1800,0,26,26,AZD6244–LUNG,2,False,Size-18 aggregate,0.1375925677217526
CCLE_EXPERIMENT_A_FIXED_SCORE_ORIGINAL5,CCLE-11-AZD6244-LUNG,B100,LOGISTIC|AUC|WARD,100,100,1,0.88200994587973369,0.94223347828853432,0.9385197426275167,0.006540429093622342,0.83999999999999997,0.7218607191778813,0.72186071917788142,1800,1800,1800,0,37,37,AZD6244–LUNG,2,False,Size-18 aggregate,0.011483798886529116
CCLE_EXPERIMENT_A_FIXED_SCORE_ORIGINAL5,CCLE-11-AZD6244-LUNG,B100,LOGISTIC|AUC|TIED_GMM,100,100,1,0.8769775363618012,0.95412207761027579,0.95431362374469908,0.006540429093622342,0.73999999999999999,0.70639073336207969,0.70639073336207969,1800,1800,1800,0,46,46,AZD6244–LUNG,2,False,Size-18 aggregate,-0.15251671150152496
CCLE_EXPERIMENT_A_FIXED_SCORE_ORIGINAL5,CCLE-11-AZD6244-LUNG,B100,WEIBULL|IC50|TERTILES,100,0,0,,,,,,,0,1800,0,0,0,,62,AZD6244–LUNG,2,False,Size-18 aggregate,-0.060621252856361975
CCLE_EXPERIMENT_A_FIXED_SCORE_ORIGINAL5,CCLE-11-AZD6244-LUNG,B100,WEIBULL|IC50|JENKS,100,0,0,,,,,,,0,1800,0,0,0,,62,AZD6244–LUNG,2,False,Size-18 aggregate,-0.00684737827788279
CCLE_EXPERIMENT_A_FIXED_SCORE_ORIGINAL5,CCLE-11-AZD6244-LUNG,B100,WEIBULL|IC50|KMEANS,100,0,0,,,,,,,0,1800,0,0,0,,62,AZD6244–LUNG,2,False,Size-18 aggregate,-0.11186317167055401
CCLE_EXPERIMENT_A_FIXED_SCORE_ORIGINAL5,CCLE-11-AZD6244-LUNG,B100,WEIBULL|IC50|WARD,100,0,0,,,,,,,0,1800,0,0,0,,62,AZD6244–LUNG,2,False,Size-18 aggregate,0.089592029212413354
CCLE_EXPERIMENT_A_FIXED_SCORE_ORIGINAL5,CCLE-11-AZD6244-LUNG,B100,WEIBULL|IC50|TIED_GMM,100,0,0,,,,,,,0,1800,0,0,0,,62,AZD6244–LUNG,2,False,Size-18 aggregate,-0.080317721273824041
CCLE_EXPERIMENT_A_FIXED_SCORE_ORIGINAL5,CCLE-11-AZD6244-LUNG,B100,WEIBULL|EC50|TERTILES,100,100,1,0.6780216198181982,0.95947078272213393,0.93910745984229527,0.017159648269217915,1,0.71875190213036877,0.71875190213036899,1800,1800,1800,0,40,40,AZD6244–LUNG,2,False,Size-18 aggregate,-0.013792408298187056
CCLE_EXPERIMENT_A_FIXED_SCORE_ORIGINAL5,CCLE-11-AZD6244-LUNG,B100,WEIBULL|EC50|JENKS,100,100,1,0.93206928175164516,0.94267553302742935,0.96764445914539277,0.017159648269217915,0.48999999999999999,0.66990978443873705,0.66990978443873705,1800,1800,1800,0,54,54,AZD6244–LUNG,2,False,Size-18 aggregate,0.12782004676009995
CCLE_EXPERIMENT_A_FIXED_SCORE_ORIGINAL5,CCLE-11-AZD6244-LUNG,B100,WEIBULL|EC50|KMEANS,100,100,1,0.93202137822811959,0.94259113013206475,0.96708178510394871,0.017159648269217915,0.48999999999999999,0.66977078834667025,0.66977078834667014,1800,1800,1800,0,55,55,AZD6244–LUNG,2,False,Size-18 aggregate,0.10143603122360911
CCLE_EXPERIMENT_A_FIXED_SCORE_ORIGINAL5,CCLE-11-AZD6244-LUNG,B100,WEIBULL|EC50|WARD,100,100,1,0.92844437482902464,0.93385033564642617,0.962543879638592,0.017159648269217915,0.45000000000000001,0.65839964767665227,0.65839964767665204,1800,1800,1800,0,60,60,AZD6244–LUNG,2,False,Size-18 aggregate,0.12223911403730491
CCLE_EXPERIMENT_A_FIXED_SCORE_ORIGINAL5,CCLE-11-AZD6244-LUNG,B100,WEIBULL|EC50|TIED_GMM,100,100,1,0.92856481879310082,0.93587471692266377,0.96135380309804641,0.017159648269217915,0.40000000000000002,0.64859059741660574,0.64859059741660585,1800,1800,1800,0,61,61,AZD6244–LUNG,2,False,Size-18 aggregate,-0.09870032323959757
CCLE_EXPERIMENT_A_FIXED_SCORE_ORIGINAL5,CCLE-11-AZD6244-LUNG,B100,WEIBULL|EMAX|TERTILES,100,100,1,0.81424549686483272,0.95644993679223789,0.9382033206539272,0.017159648269217915,1,0.74521168051604325,0.74521168051604325,1800,1800,1788,12,19,19,AZD6244–LUNG,2,False,Size-18 aggregate,0.05461830829610545
CCLE_EXPERIMENT_A_FIXED_SCORE_ORIGINAL5,CCLE-11-AZD6244-LUNG,B100,WEIBULL|EMAX|JENKS,100,100,1,0.88663789095103018,0.95096288974441334,0.95069026928755462,0.017159648269217915,0.81000000000000005,0.72309013965044311,0.72309013965044333,1800,1800,1800,0,33,33,AZD6244–LUNG,2,False,Size-18 aggregate,-0.086128221286024959
CCLE_EXPERIMENT_A_FIXED_SCORE_ORIGINAL5,CCLE-11-AZD6244-LUNG,B100,WEIBULL|EMAX|KMEANS,100,100,1,0.88663789095103018,0.95094799619404113,0.95070147256674398,0.017159648269217915,0.81000000000000005,0.7230894015962066,0.7230894015962066,1800,1800,1800,0,34,34,AZD6244–LUNG,2,False,Size-18 aggregate,-0.10477093076910148
CCLE_EXPERIMENT_A_FIXED_SCORE_ORIGINAL5,CCLE-11-AZD6244-LUNG,B100,WEIBULL|EMAX|WARD,100,100,1,0.87950588467977997,0.93645268250544234,0.93817801344772522,0.017159648269217915,0.81999999999999995,0.71825924578043299,0.7182592457804331,1800,1800,1800,0,41,41,AZD6244–LUNG,2,False,Size-18 aggregate,0.05600848709605831
CCLE_EXPERIMENT_A_FIXED_SCORE_ORIGINAL5,CCLE-11-AZD6244-LUNG,B100,WEIBULL|EMAX|TIED_GMM,100,100,1,0.87854650409343393,0.9542484737382092,0.95681029880202983,0.017159648269217915,0.68999999999999995,0.69935298498057819,0.69935298498057819,1800,1800,1800,0,48,48,AZD6244–LUNG,2,False,Size-18 aggregate,-0.031893207922552999
CCLE_EXPERIMENT_A_FIXED_SCORE_ORIGINAL5,CCLE-11-AZD6244-LUNG,B100,WEIBULL|AUC|TERTILES,100,100,1,0.80902403398670941,0.96366261550446286,0.94186169693968647,0.017159648269217915,1,0.7463415989400155,0.74634159894001528,1800,1800,1800,0,17,17,AZD6244–LUNG,2,False,Size-18 aggregate,0.078939058314761862
CCLE_EXPERIMENT_A_FIXED_SCORE_ORIGINAL5,CCLE-11-AZD6244-LUNG,B100,WEIBULL|AUC|JENKS,100,100,1,0.8852820183793263,0.95897798634460951,0.95280982257112623,0.017159648269217915,0.87,0.73684589511285603,0.73684589511285603,1800,1800,1800,0,27,27,AZD6244–LUNG,2,False,Size-18 aggregate,0.095717941284114011
CCLE_EXPERIMENT_A_FIXED_SCORE_ORIGINAL5,CCLE-11-AZD6244-LUNG,B100,WEIBULL|AUC|KMEANS,100,100,1,0.8852820183793263,0.9589727366221702,0.95279401402930619,0.017159648269217915,0.87,0.73684168346000423,0.73684168346000423,1800,1800,1800,0,28,28,AZD6244–LUNG,2,False,Size-18 aggregate,0.15225269175885539
CCLE_EXPERIMENT_A_FIXED_SCORE_ORIGINAL5,CCLE-11-AZD6244-LUNG,B100,WEIBULL|AUC|WARD,100,100,1,0.87952282700039663,0.94467036809514526,0.94815657356942651,0.017159648269217915,0.82999999999999996,0.72390188338683725,0.72390188338683725,1800,1800,1800,0,31,31,AZD6244–LUNG,2,False,Size-18 aggregate,-0.14901400066656387
CCLE_EXPERIMENT_A_FIXED_SCORE_ORIGINAL5,CCLE-11-AZD6244-LUNG,B100,WEIBULL|AUC|TIED_GMM,100,100,1,0.87580138551207265,0.95323886674247149,0.9459525585402373,0.017159648269217915,0.73999999999999999,0.70643049181279982,0.70643049181279982,1800,1800,1800,0,45,45,AZD6244–LUNG,2,False,Size-18 aggregate,0.0458251577349904
CCLE_EXPERIMENT_A_FIXED_SCORE_ORIGINAL5,CCLE-38-PD-0325901-HEM,B100,TRIOS,100,100,1,0.87930047897112462,0.96217396258441723,0.96219768238845516,0.60160686661596896,1,0.8810557981119933,0.88105579811199319,1800,1800,1800,0,1,1,PD-0325901–HEM,3,False,Size-18 aggregate,0
CCLE_EXPERIMENT_A_FIXED_SCORE_ORIGINAL5,CCLE-38-PD-0325901-HEM,B100,EMAX|IC50|TERTILES,100,0,0,,,,,,,0,1800,0,0,0,,62,PD-0325901–HEM,3,False,Size-18 aggregate,0.15002328447765284
CCLE_EXPERIMENT_A_FIXED_SCORE_ORIGINAL5,CCLE-38-PD-0325901-HEM,B100,EMAX|IC50|JENKS,100,0,0,,,,,,,0,1800,0,0,0,,62,PD-0325901–HEM,3,False,Size-18 aggregate,-0.020393681270162035
CCLE_EXPERIMENT_A_FIXED_SCORE_ORIGINAL5,CCLE-38-PD-0325901-HEM,B100,EMAX|IC50|KMEANS,100,0,0,,,,,,,0,1800,0,0,0,,62,PD-0325901–HEM,3,False,Size-18 aggregate,-0.076762269119909562
CCLE_EXPERIMENT_A_FIXED_SCORE_ORIGINAL5,CCLE-38-PD-0325901-HEM,B100,EMAX|IC50|WARD,100,0,0,,,,,,,0,1800,0,0,0,,62,PD-0325901–HEM,3,False,Size-18 aggregate,-0.096790190249865446
CCLE_EXPERIMENT_A_FIXED_SCORE_ORIGINAL5,CCLE-38-PD-0325901-HEM,B100,EMAX|IC50|TIED_GMM,100,0,0,,,,,,,0,1800,0,0,0,,62,PD-0325901–HEM,3,False,Size-18 aggregate,-0.065985645704433701
CCLE_EXPERIMENT_A_FIXED_SCORE_ORIGINAL5,CCLE-38-PD-0325901-HEM,B100,EMAX|EC50|TERTILES,100,100,1,0.36769219263423802,0.98667518578915381,0.93882224072865328,0.33802185791440337,1,0.72624229541328944,0.72624229541328955,1800,1800,1800,0,42,42,PD-0325901–HEM,3,False,Size-18 aggregate,-0.077375214006140641
CCLE_EXPERIMENT_A_FIXED_SCORE_ORIGINAL5,CCLE-38-PD-0325901-HEM,B100,EMAX|EC50|JENKS,100,100,1,0.98377371318212625,0.93498324959491053,0.97915982913074895,0.33802185791440337,0.25,0.69718772996443779,0.69718772996443779,1800,1800,1800,0,44,44,PD-0325901–HEM,3,False,Size-18 aggregate,-0.0086425236260151729
CCLE_EXPERIMENT_A_FIXED_SCORE_ORIGINAL5,CCLE-38-PD-0325901-HEM,B100,EMAX|EC50|KMEANS,100,100,1,0.98374948161040632,0.93441471504751195,0.97748416756053369,0.33802185791440337,0.26000000000000001,0.69873404442657105,0.69873404442657105,1800,1800,1800,0,43,43,PD-0325901–HEM,3,False,Size-18 aggregate,0.083578455951898015
CCLE_EXPERIMENT_A_FIXED_SCORE_ORIGINAL5,CCLE-38-PD-0325901-HEM,B100,EMAX|EC50|WARD,100,100,1,0.98299918374945561,0.93344541920877011,0.97746750974336338,0.33802185791440337,0.25,0.69638679412319848,0.69638679412319848,1800,1800,1800,0,45,45,PD-0325901–HEM,3,False,Size-18 aggregate,-0.02003163625021271
CCLE_EXPERIMENT_A_FIXED_SCORE_ORIGINAL5,CCLE-38-PD-0325901-HEM,B100,EMAX|EC50|TIED_GMM,100,100,1,0.9829408919106889,0.93053366934578752,0.97992382128909195,0.33802185791440337,0.17999999999999999,0.68228404809199417,0.68228404809199428,1800,1800,1798,2,46,46,PD-0325901–HEM,3,False,Size-18 aggregate,-0.04601316114096278
CCLE_EXPERIMENT_A_FIXED_SCORE_ORIGINAL5,CCLE-38-PD-0325901-HEM,B100,EMAX|EMAX|TERTILES,100,100,1,0.8581985409999503,0.95530144215417367,0.94213059038015712,0.33802185791440337,1,0.81873048628973688,0.81873048628973688,1800,1800,1800,0,11,11,PD-0325901–HEM,3,False,Size-18 aggregate,-0.15453466050199574
CCLE_EXPERIMENT_A_FIXED_SCORE_ORIGINAL5,CCLE-38-PD-0325901-HEM,B100,EMAX|EMAX|JENKS,100,100,1,0.91517471234103043,0.95787378455725602,0.94447796048011623,0.33802185791440337,1,0.83110966305856138,0.83110966305856127,1800,1800,1800,0,4,4,PD-0325901–HEM,3,False,Size-18 aggregate,-0.03387887392981883
CCLE_EXPERIMENT_A_FIXED_SCORE_ORIGINAL5,CCLE-38-PD-0325901-HEM,B100,EMAX|EMAX|KMEANS,100,100,1,0.91517471234103043,0.95787378455725602,0.94447796048011623,0.33802185791440337,1,0.83110966305856138,0.83110966305856127,1800,1800,1800,0,4,4,PD-0325901–HEM,3,False,Size-18 aggregate,0.15653882130899907
CCLE_EXPERIMENT_A_FIXED_SCORE_ORIGINAL5,CCLE-38-PD-0325901-HEM,B100,EMAX|EMAX|WARD,100,100,1,0.90835730110631463,0.94907801937636205,0.95459010258002297,0.33802185791440337,1,0.83000945619542066,0.83000945619542055,1800,1800,1800,0,7,7,PD-0325901–HEM,3,False,Size-18 aggregate,-0.1108451401327842
CCLE_EXPERIMENT_A_FIXED_SCORE_ORIGINAL5,CCLE-38-PD-0325901-HEM,B100,EMAX|EMAX|TIED_GMM,100,100,1,0.90825019104026627,0.95670559732201066,0.94269371869834662,0.33802185791440337,0.94999999999999996,0.81913427299500541,0.81913427299500541,1800,1800,1800,0,10,10,PD-0325901–HEM,3,False,Size-18 aggregate,0.127732443951008
CCLE_EXPERIMENT_A_FIXED_SCORE_ORIGINAL5,CCLE-38-PD-0325901-HEM,B100,EMAX|AUC|TERTILES,100,100,1,0.85605821620012779,0.95968259450190696,0.94325514116155362,0.33802185791440337,1,0.81940356195559827,0.81940356195559827,1800,1800,1800,0,9,9,PD-0325901–HEM,3,False,Size-18 aggregate,0.072186619320927792
CCLE_EXPERIMENT_A_FIXED_SCORE_ORIGINAL5,CCLE-38-PD-0325901-HEM,B100,EMAX|AUC|JENKS,100,100,1,0.92037874990088908,0.96486960310841452,0.96017774750505014,0.33802185791440337,1,0.83668959168575141,0.83668959168575141,1800,1800,1800,0,2,2,PD-0325901–HEM,3,True,Size-18 aggregate,-0.096208283662844507
CCLE_EXPERIMENT_A_FIXED_SCORE_ORIGINAL5,CCLE-38-PD-0325901-HEM,B100,EMAX|AUC|KMEANS,100,100,1,0.92037874990088908,0.96486960310841452,0.96017774750505014,0.33802185791440337,1,0.83668959168575141,0.83668959168575141,1800,1800,1800,0,2,2,PD-0325901–HEM,3,True,Size-18 aggregate,-0.12576103097893321
CCLE_EXPERIMENT_A_FIXED_SCORE_ORIGINAL5,CCLE-38-PD-0325901-HEM,B100,EMAX|AUC|WARD,100,100,1,0.91340040578170756,0.94800726175794081,0.95072380113974964,0.33802185791440337,1,0.83003066531876046,0.83003066531876035,1800,1800,1800,0,6,6,PD-0325901–HEM,3,False,Size-18 aggregate,-0.062446849770482357
CCLE_EXPERIMENT_A_FIXED_SCORE_ORIGINAL5,CCLE-38-PD-0325901-HEM,B100,EMAX|AUC|TIED_GMM,100,100,1,0.91533386795666205,0.96061682005832849,0.95732569726148631,0.33802185791440337,0.93000000000000005,0.82025964863817591,0.82025964863817602,1800,1800,1800,0,8,8,PD-0325901–HEM,3,False,Size-18 aggregate,0.047621722120703612
CCLE_EXPERIMENT_A_FIXED_SCORE_ORIGINAL5,CCLE-38-PD-0325901-HEM,B100,HILL|IC50|TERTILES,100,0,0,,,,,,,0,1800,0,0,0,,62,PD-0325901–HEM,3,False,Size-18 aggregate,-0.10311762905286571
CCLE_EXPERIMENT_A_FIXED_SCORE_ORIGINAL5,CCLE-38-PD-0325901-HEM,B100,HILL|IC50|JENKS,100,0,0,,,,,,,0,1800,0,0,0,,62,PD-0325901–HEM,3,False,Size-18 aggregate,0.10617221175371022
CCLE_EXPERIMENT_A_FIXED_SCORE_ORIGINAL5,CCLE-38-PD-0325901-HEM,B100,HILL|IC50|KMEANS,100,0,0,,,,,,,0,1800,0,0,0,,62,PD-0325901–HEM,3,False,Size-18 aggregate,0.024909779994029047
CCLE_EXPERIMENT_A_FIXED_SCORE_ORIGINAL5,CCLE-38-PD-0325901-HEM,B100,HILL|IC50|WARD,100,0,0,,,,,,,0,1800,0,0,0,,62,PD-0325901–HEM,3,False,Size-18 aggregate,0.070586614140911622
CCLE_EXPERIMENT_A_FIXED_SCORE_ORIGINAL5,CCLE-38-PD-0325901-HEM,B100,HILL|IC50|TIED_GMM,100,0,0,,,,,,,0,1800,0,0,0,,62,PD-0325901–HEM,3,False,Size-18 aggregate,0.14889718711117683
CCLE_EXPERIMENT_A_FIXED_SCORE_ORIGINAL5,CCLE-38-PD-0325901-HEM,B100,HILL|EC50|TERTILES,100,100,1,0.32888241980875565,0.99157239447150503,0.93650783647317437,0.030492732912152473,1,0.65749107673311757,0.65749107673311757,1800,1800,1800,0,49,49,PD-0325901–HEM,3,False,Size-18 aggregate,0.14746822312182473
CCLE_EXPERIMENT_A_FIXED_SCORE_ORIGINAL5,CCLE-38-PD-0325901-HEM,B100,HILL|EC50|JENKS,100,100,1,0.98206577747843526,0.93101952606412397,0.98038888461700746,0.030492732912152473,0.11,0.60679338421434392,0.60679338421434392,1800,1800,1800,0,58,57,PD-0325901–HEM,3,False,Size-18 aggregate,0.12968838296124907
CCLE_EXPERIMENT_A_FIXED_SCORE_ORIGINAL5,CCLE-38-PD-0325901-HEM,B100,HILL|EC50|KMEANS,100,100,1,0.98180822994496486,0.92537339475052105,0.97628488587000373,0.030492732912152473,0.12,0.60679184869552849,0.60679184869552838,1800,1800,1800,0,59,58,PD-0325901–HEM,3,False,Size-18 aggregate,-0.060861685103937441
CCLE_EXPERIMENT_A_FIXED_SCORE_ORIGINAL5,CCLE-38-PD-0325901-HEM,B100,HILL|EC50|WARD,100,100,1,0.98152409206428259,0.9285658613229163,0.97649404962305086,0.030492732912152473,0.10000000000000001,0.60341534718448042,0.60341534718448042,1800,1800,1800,0,60,59,PD-0325901–HEM,3,False,Size-18 aggregate,0.11436408190856781
CCLE_EXPERIMENT_A_FIXED_SCORE_ORIGINAL5,CCLE-38-PD-0325901-HEM,B100,HILL|EC50|TIED_GMM,100,98,0.97999999999999998,0.98151959624972129,0.92343683357756545,0.96970135039422245,0.030267815439342795,0.091836734693877556,0.59935246607094583,0.58736541674952703,1800,1764,1748,16,61,61,PD-0325901–HEM,3,False,Size-18 aggregate,-0.15712456956438828
CCLE_EXPERIMENT_A_FIXED_SCORE_ORIGINAL5,CCLE-38-PD-0325901-HEM,B100,HILL|EMAX|TERTILES,100,100,1,0.86079918477748907,0.95754225110151614,0.94325514116155362,0.030492732912152473,1,0.7584178619905424,0.75841786199054229,1800,1800,1800,0,35,35,PD-0325901–HEM,3,False,Size-18 aggregate,0.1335559467164697
CCLE_EXPERIMENT_A_FIXED_SCORE_ORIGINAL5,CCLE-38-PD-0325901-HEM,B100,HILL|EMAX|JENKS,100,100,1,0.91709840286644062,0.96025291834769277,0.95584219173238583,0.030492732912152473,1,0.77273724917173436,0.77273724917173436,1800,1800,1800,0,16,16,PD-0325901–HEM,3,False,Size-18 aggregate,-0.078149880002753316
CCLE_EXPERIMENT_A_FIXED_SCORE_ORIGINAL5,CCLE-38-PD-0325901-HEM,B100,HILL|EMAX|KMEANS,100,100,1,0.91709840286644062,0.96025291834769277,0.95584219173238583,0.030492732912152473,1,0.77273724917173436,0.77273724917173436,1800,1800,1800,0,16,16,PD-0325901–HEM,3,False,Size-18 aggregate,0.033722190380497424
CCLE_EXPERIMENT_A_FIXED_SCORE_ORIGINAL5,CCLE-38-PD-0325901-HEM,B100,HILL|EMAX|WARD,100,100,1,0.90889781349583532,0.94391183461737072,0.94854787016882591,0.030492732912152473,1,0.76637005023883675,0.76637005023883686,1800,1800,1800,0,24,24,PD-0325901–HEM,3,False,Size-18 aggregate,-0.029716464101736548
CCLE_EXPERIMENT_A_FIXED_SCORE_ORIGINAL5,CCLE-38-PD-0325901-HEM,B100,HILL|EMAX|TIED_GMM,100,100,1,0.91189886555276134,0.95999311295025247,0.95117438350331052,0.030492732912152473,0.95999999999999996,0.76271181898369544,0.76271181898369544,1800,1800,1800,0,28,28,PD-0325901–HEM,3,False,Size-18 aggregate,-0.064296132303843304
CCLE_EXPERIMENT_A_FIXED_SCORE_ORIGINAL5,CCLE-38-PD-0325901-HEM,B100,HILL|AUC|TERTILES,100,100,1,0.85627306281089899,0.96076852997701223,0.94738649680764053,0.030492732912152473,1,0.7589841645015406,0.75898416450154083,1800,1800,1800,0,34,34,PD-0325901–HEM,3,False,Size-18 aggregate,-0.1556700941910199
CCLE_EXPERIMENT_A_FIXED_SCORE_ORIGINAL5,CCLE-38-PD-0325901-HEM,B100,HILL|AUC|JENKS,100,100,1,0.92200714515021087,0.96556056746220909,0.95512351592421485,0.030492732912152473,1,0.77463679228975735,0.77463679228975746,1800,1800,1800,0,12,12,PD-0325901–HEM,3,False,Size-18 aggregate,0.11293238892055406
CCLE_EXPERIMENT_A_FIXED_SCORE_ORIGINAL5,CCLE-38-PD-0325901-HEM,B100,HILL|AUC|KMEANS,100,100,1,0.92200714515021087,0.96546249062579736,0.95510709565108021,0.030492732912152473,1,0.7746138928678481,0.77461389286784821,1800,1800,1800,0,13,13,PD-0325901–HEM,3,False,Size-18 aggregate,0.12511253222010854
CCLE_EXPERIMENT_A_FIXED_SCORE_ORIGINAL5,CCLE-38-PD-0325901-HEM,B100,HILL|AUC|WARD,100,100,1,0.91583454694439448,0.94782950155844059,0.94648269599845536,0.030492732912152473,1,0.76812789548268856,0.76812789548268856,1800,1800,1800,0,20,20,PD-0325901–HEM,3,False,Size-18 aggregate,-0.10591065785519561
CCLE_EXPERIMENT_A_FIXED_SCORE_ORIGINAL5,CCLE-38-PD-0325901-HEM,B100,HILL|AUC|TIED_GMM,100,100,1,0.91635574661412744,0.96214340343215199,0.95199151317682196,0.030492732912152473,0.94999999999999996,0.7621966792270507,0.7621966792270507,1800,1800,1800,0,29,29,PD-0325901–HEM,3,False,Size-18 aggregate,0.034481403649431037
CCLE_EXPERIMENT_A_FIXED_SCORE_ORIGINAL5,CCLE-38-PD-0325901-HEM,B100,LOGISTIC|IC50|TERTILES,100,0,0,,,,,,,0,1800,0,0,0,,62,PD-0325901–HEM,3,False,Size-18 aggregate,-0.12606446891232964
CCLE_EXPERIMENT_A_FIXED_SCORE_ORIGINAL5,CCLE-38-PD-0325901-HEM,B100,LOGISTIC|IC50|JENKS,100,0,0,,,,,,,0,1800,0,0,0,,62,PD-0325901–HEM,3,False,Size-18 aggregate,0.087856823859702976
CCLE_EXPERIMENT_A_FIXED_SCORE_ORIGINAL5,CCLE-38-PD-0325901-HEM,B100,LOGISTIC|IC50|KMEANS,100,0,0,,,,,,,0,1800,0,0,0,,62,PD-0325901–HEM,3,False,Size-18 aggregate,0.093920685857050296
CCLE_EXPERIMENT_A_FIXED_SCORE_ORIGINAL5,CCLE-38-PD-0325901-HEM,B100,LOGISTIC|IC50|WARD,100,0,0,,,,,,,0,1800,0,0,0,,62,PD-0325901–HEM,3,False,Size-18 aggregate,0.097022593826293607
CCLE_EXPERIMENT_A_FIXED_SCORE_ORIGINAL5,CCLE-38-PD-0325901-HEM,B100,LOGISTIC|IC50|TIED_GMM,100,0,0,,,,,,,0,1800,0,0,0,,62,PD-0325901–HEM,3,False,Size-18 aggregate,-0.15121769651566114
CCLE_EXPERIMENT_A_FIXED_SCORE_ORIGINAL5,CCLE-38-PD-0325901-HEM,B100,LOGISTIC|EC50|TERTILES,100,100,1,0.37401357920768696,0.98689342577196315,0.93598637526540474,0.0029389829273626438,1,0.65996647263448338,0.65996647263448349,1800,1800,1800,0,47,47,PD-0325901–HEM,3,False,Size-18 aggregate,0.10649664333707108
CCLE_EXPERIMENT_A_FIXED_SCORE_ORIGINAL5,CCLE-38-PD-0325901-HEM,B100,LOGISTIC|EC50|JENKS,100,100,1,0.98082858899652536,0.93298061778570274,0.97597226422634908,0.0029389829273626438,0.19,0.61654409078718808,0.61654409078718797,1800,1800,1800,0,54,54,PD-0325901–HEM,3,False,Size-18 aggregate,-0.021464465004732942
CCLE_EXPERIMENT_A_FIXED_SCORE_ORIGINAL5,CCLE-38-PD-0325901-HEM,B100,LOGISTIC|EC50|KMEANS,100,100,1,0.97949550866579982,0.92468073111765325,0.96871944825061362,0.0029389829273626438,0.20999999999999999,0.61716693419228585,0.61716693419228585,1800,1800,1800,0,53,53,PD-0325901–HEM,3,False,Size-18 aggregate,-0.013204098980222857
CCLE_EXPERIMENT_A_FIXED_SCORE_ORIGINAL5,CCLE-38-PD-0325901-HEM,B100,LOGISTIC|EC50|WARD,100,100,1,0.98005452297894535,0.93228744445166356,0.97243754594108722,0.0029389829273626438,0.17000000000000001,0.61154369925981178,0.61154369925981178,1800,1800,1800,0,55,55,PD-0325901–HEM,3,False,Size-18 aggregate,-0.08789094520916485
CCLE_EXPERIMENT_A_FIXED_SCORE_ORIGINAL5,CCLE-38-PD-0325901-HEM,B100,LOGISTIC|EC50|TIED_GMM,100,98,0.97999999999999998,0.97966262640225932,0.92578668085107352,0.97227827379470433,0.0029432329930420332,0.16326530612244897,0.60878722403270569,0.59661147955205163,1800,1764,1755,9,57,60,PD-0325901–HEM,3,False,Size-18 aggregate,-0.04332959381009676
CCLE_EXPERIMENT_A_FIXED_SCORE_ORIGINAL5,CCLE-38-PD-0325901-HEM,B100,LOGISTIC|EMAX|TERTILES,100,100,1,0.85630594356215739,0.95707160341587882,0.94602570393211649,0.0029389829273626438,1,0.75246844676750302,0.75246844676750302,1800,1800,1800,0,40,40,PD-0325901–HEM,3,False,Size-18 aggregate,-0.076523060555691608
CCLE_EXPERIMENT_A_FIXED_SCORE_ORIGINAL5,CCLE-38-PD-0325901-HEM,B100,LOGISTIC|EMAX|JENKS,100,100,1,0.91159757568611144,0.95883085731454221,0.95145933161762963,0.0029389829273626438,1,0.7649653495091292,0.7649653495091292,1800,1800,1800,0,25,25,PD-0325901–HEM,3,False,Size-18 aggregate,0.061657198421111621
CCLE_EXPERIMENT_A_FIXED_SCORE_ORIGINAL5,CCLE-38-PD-0325901-HEM,B100,LOGISTIC|EMAX|KMEANS,100,100,1,0.91159757568611144,0.95883085731454221,0.95145933161762963,0.0029389829273626438,1,0.7649653495091292,0.7649653495091292,1800,1800,1800,0,25,25,PD-0325901–HEM,3,False,Size-18 aggregate,0.023310994176033654
CCLE_EXPERIMENT_A_FIXED_SCORE_ORIGINAL5,CCLE-38-PD-0325901-HEM,B100,LOGISTIC|EMAX|WARD,100,100,1,0.90394170334124135,0.9437272441989325,0.94441157889427019,0.0029389829273626438,1,0.75900390187236122,0.75900390187236122,1800,1800,1800,0,33,33,PD-0325901–HEM,3,False,Size-18 aggregate,-0.078664399068491625
CCLE_EXPERIMENT_A_FIXED_SCORE_ORIGINAL5,CCLE-38-PD-0325901-HEM,B100,LOGISTIC|EMAX|TIED_GMM,100,100,1,0.90373406254598687,0.95538844683193991,0.94486761171731048,0.0029389829273626438,0.93000000000000005,0.74738582080451987,0.7473858208045201,1800,1800,1800,0,41,41,PD-0325901–HEM,3,False,Size-18 aggregate,-0.13170034072634307
CCLE_EXPERIMENT_A_FIXED_SCORE_ORIGINAL5,CCLE-38-PD-0325901-HEM,B100,LOGISTIC|AUC|TERTILES,100,100,1,0.85645774345965298,0.95965430765843962,0.94493380449706255,0.0029389829273626438,1,0.75279696770850368,0.75279696770850368,1800,1800,1800,0,39,39,PD-0325901–HEM,3,False,Size-18 aggregate,0.031377705156658248
CCLE_EXPERIMENT_A_FIXED_SCORE_ORIGINAL5,CCLE-38-PD-0325901-HEM,B100,LOGISTIC|AUC|JENKS,100,100,1,0.91951923190139406,0.96178482082700223,0.95382637164385553,0.0029389829273626438,1,0.76761388145992271,0.76761388145992282,1800,1800,1800,0,21,21,PD-0325901–HEM,3,False,Size-18 aggregate,0.055142059823298374
CCLE_EXPERIMENT_A_FIXED_SCORE_ORIGINAL5,CCLE-38-PD-0325901-HEM,B100,LOGISTIC|AUC|KMEANS,100,100,1,0.91951923190139406,0.96174936984914028,0.95382493765555121,0.0029389829273626438,1,0.76760650446668965,0.76760650446668965,1800,1800,1800,0,22,22,PD-0325901–HEM,3,False,Size-18 aggregate,0.1375925677217526
CCLE_EXPERIMENT_A_FIXED_SCORE_ORIGINAL5,CCLE-38-PD-0325901-HEM,B100,LOGISTIC|AUC|WARD,100,100,1,0.91311776174814596,0.94654669833263827,0.94426940861561159,0.0029389829273626438,1,0.76137457032475153,0.76137457032475164,1800,1800,1800,0,32,32,PD-0325901–HEM,3,False,Size-18 aggregate,0.011483798886529116
CCLE_EXPERIMENT_A_FIXED_SCORE_ORIGINAL5,CCLE-38-PD-0325901-HEM,B100,LOGISTIC|AUC|TIED_GMM,100,100,1,0.91476344924089437,0.95921650088956212,0.95435988481142797,0.0029389829273626438,0.93999999999999995,0.75425576357384927,0.75425576357384938,1800,1800,1800,0,38,38,PD-0325901–HEM,3,False,Size-18 aggregate,-0.15251671150152496
CCLE_EXPERIMENT_A_FIXED_SCORE_ORIGINAL5,CCLE-38-PD-0325901-HEM,B100,WEIBULL|IC50|TERTILES,100,0,0,,,,,,,0,1800,0,0,0,,62,PD-0325901–HEM,3,False,Size-18 aggregate,-0.060621252856361975
CCLE_EXPERIMENT_A_FIXED_SCORE_ORIGINAL5,CCLE-38-PD-0325901-HEM,B100,WEIBULL|IC50|JENKS,100,0,0,,,,,,,0,1800,0,0,0,,62,PD-0325901–HEM,3,False,Size-18 aggregate,-0.00684737827788279
CCLE_EXPERIMENT_A_FIXED_SCORE_ORIGINAL5,CCLE-38-PD-0325901-HEM,B100,WEIBULL|IC50|KMEANS,100,0,0,,,,,,,0,1800,0,0,0,,62,PD-0325901–HEM,3,False,Size-18 aggregate,-0.11186317167055401
CCLE_EXPERIMENT_A_FIXED_SCORE_ORIGINAL5,CCLE-38-PD-0325901-HEM,B100,WEIBULL|IC50|WARD,100,0,0,,,,,,,0,1800,0,0,0,,62,PD-0325901–HEM,3,False,Size-18 aggregate,0.089592029212413354
CCLE_EXPERIMENT_A_FIXED_SCORE_ORIGINAL5,CCLE-38-PD-0325901-HEM,B100,WEIBULL|IC50|TIED_GMM,100,0,0,,,,,,,0,1800,0,0,0,,62,PD-0325901–HEM,3,False,Size-18 aggregate,-0.080317721273824041
CCLE_EXPERIMENT_A_FIXED_SCORE_ORIGINAL5,CCLE-38-PD-0325901-HEM,B100,WEIBULL|EC50|TERTILES,100,100,1,0.34270835762679491,0.98876121691853069,0.93658946483903149,0.02693955963011254,1,0.65899971980289396,0.65899971980289396,1800,1800,1800,0,48,48,PD-0325901–HEM,3,False,Size-18 aggregate,-0.013792408298187056
CCLE_EXPERIMENT_A_FIXED_SCORE_ORIGINAL5,CCLE-38-PD-0325901-HEM,B100,WEIBULL|EC50|JENKS,100,100,1,0.98154577722803793,0.93200917627983149,0.97892414739016642,0.02693955963011254,0.20999999999999999,0.62588373210562964,0.62588373210562964,1800,1800,1800,0,50,50,PD-0325901–HEM,3,False,Size-18 aggregate,0.12782004676009995
CCLE_EXPERIMENT_A_FIXED_SCORE_ORIGINAL5,CCLE-38-PD-0325901-HEM,B100,WEIBULL|EC50|KMEANS,100,100,1,0.98154577722803793,0.92934194771215739,0.97770692625483635,0.02693955963011254,0.20999999999999999,0.62510684216502876,0.62510684216502876,1800,1800,1800,0,51,51,PD-0325901–HEM,3,False,Size-18 aggregate,0.10143603122360911
CCLE_EXPERIMENT_A_FIXED_SCORE_ORIGINAL5,CCLE-38-PD-0325901-HEM,B100,WEIBULL|EC50|WARD,100,100,1,0.98102010984339205,0.93091944131413684,0.9780060837761454,0.02693955963011254,0.20000000000000001,0.62337703891275742,0.62337703891275742,1800,1800,1800,0,52,52,PD-0325901–HEM,3,False,Size-18 aggregate,0.12223911403730491
CCLE_EXPERIMENT_A_FIXED_SCORE_ORIGINAL5,CCLE-38-PD-0325901-HEM,B100,WEIBULL|EC50|TIED_GMM,100,100,1,0.97973294953261403,0.92791681504955048,0.97686743692114941,0.02693955963011254,0.14000000000000001,0.61029135222668529,0.61029135222668529,1800,1800,1794,6,56,56,PD-0325901–HEM,3,False,Size-18 aggregate,-0.09870032323959757
CCLE_EXPERIMENT_A_FIXED_SCORE_ORIGINAL5,CCLE-38-PD-0325901-HEM,B100,WEIBULL|EMAX|TERTILES,100,100,1,0.86055386798017697,0.95762145125631237,0.94352403460202428,0.02693955963011254,1,0.75772778269372543,0.7577277826937252,1800,1800,1800,0,37,37,PD-0325901–HEM,3,False,Size-18 aggregate,0.05461830829610545
CCLE_EXPERIMENT_A_FIXED_SCORE_ORIGINAL5,CCLE-38-PD-0325901-HEM,B100,WEIBULL|EMAX|JENKS,100,100,1,0.916895403763624,0.9604126327546707,0.95554312698976984,0.02693955963011254,1,0.77195814462763535,0.77195814462763535,1800,1800,1800,0,18,18,PD-0325901–HEM,3,False,Size-18 aggregate,-0.086128221286024959
CCLE_EXPERIMENT_A_FIXED_SCORE_ORIGINAL5,CCLE-38-PD-0325901-HEM,B100,WEIBULL|EMAX|KMEANS,100,100,1,0.916895403763624,0.96037767307379895,0.95552745664316419,0.02693955963011254,1,0.77194801862213991,0.77194801862213991,1800,1800,1800,0,19,19,PD-0325901–HEM,3,False,Size-18 aggregate,-0.10477093076910148
CCLE_EXPERIMENT_A_FIXED_SCORE_ORIGINAL5,CCLE-38-PD-0325901-HEM,B100,WEIBULL|EMAX|WARD,100,100,1,0.90684833363468309,0.94109340257578433,0.94656799054623331,0.02693955963011254,1,0.76428985727736265,0.76428985727736276,1800,1800,1800,0,27,27,PD-0325901–HEM,3,False,Size-18 aggregate,0.05600848709605831
CCLE_EXPERIMENT_A_FIXED_SCORE_ORIGINAL5,CCLE-38-PD-0325901-HEM,B100,WEIBULL|EMAX|TIED_GMM,100,100,1,0.91124810144477808,0.95977461216431403,0.94924246512075972,0.02693955963011254,0.95999999999999996,0.76144094767199288,0.76144094767199288,1800,1800,1800,0,31,31,PD-0325901–HEM,3,False,Size-18 aggregate,-0.031893207922552999
CCLE_EXPERIMENT_A_FIXED_SCORE_ORIGINAL5,CCLE-38-PD-0325901-HEM,B100,WEIBULL|AUC|TERTILES,100,100,1,0.85630979856046285,0.96070647378101337,0.94599305258577349,0.02693955963011254,1,0.75798977691147262,0.7579897769114724,1800,1800,1800,0,36,36,PD-0325901–HEM,3,False,Size-18 aggregate,0.078939058314761862
CCLE_EXPERIMENT_A_FIXED_SCORE_ORIGINAL5,CCLE-38-PD-0325901-HEM,B100,WEIBULL|AUC|JENKS,100,100,1,0.92173883331502504,0.96548278857176373,0.95705215187945669,0.02693955963011254,1,0.77424266667927155,0.77424266667927155,1800,1800,1800,0,14,14,PD-0325901–HEM,3,False,Size-18 aggregate,0.095717941284114011
CCLE_EXPERIMENT_A_FIXED_SCORE_ORIGINAL5,CCLE-38-PD-0325901-HEM,B100,WEIBULL|AUC|KMEANS,100,100,1,0.92173883331502504,0.9654695714345749,0.95703904629691916,0.02693955963011254,1,0.77423740213532621,0.77423740213532621,1800,1800,1800,0,15,15,PD-0325901–HEM,3,False,Size-18 aggregate,0.15225269175885539
CCLE_EXPERIMENT_A_FIXED_SCORE_ORIGINAL5,CCLE-38-PD-0325901-HEM,B100,WEIBULL|AUC|WARD,100,100,1,0.91560322078501655,0.94663685981500867,0.94624551061997864,0.02693955963011254,1,0.76708503017002339,0.76708503017002327,1800,1800,1800,0,23,23,PD-0325901–HEM,3,False,Size-18 aggregate,-0.14901400066656387
CCLE_EXPERIMENT_A_FIXED_SCORE_ORIGINAL5,CCLE-38-PD-0325901-HEM,B100,WEIBULL|AUC|TIED_GMM,100,100,1,0.91622938969194134,0.9627979303668307,0.95216176250290119,0.02693955963011254,0.94999999999999996,0.76162572843835685,0.76162572843835719,1800,1800,1800,0,30,30,PD-0325901–HEM,3,False,Size-18 aggregate,0.0458251577349904
CCLE_EXPERIMENT_A_FIXED_SCORE_ORIGINAL5,CCLE-10-AZD6244-HEM,B100,TRIOS,100,100,1,0.88137944932639067,0.96389252779017975,0.95707265497355021,0.73684881500700972,1,0.90783868941942603,0.90783868941942614,1800,1800,1800,0,1,1,AZD6244–HEM,4,False,Size-18 aggregate,0
CCLE_EXPERIMENT_A_FIXED_SCORE_ORIGINAL5,CCLE-10-AZD6244-HEM,B100,EMAX|IC50|TERTILES,100,0,0,,,,,,,0,1800,0,0,0,,62,AZD6244–HEM,4,False,Size-18 aggregate,0.15002328447765284
CCLE_EXPERIMENT_A_FIXED_SCORE_ORIGINAL5,CCLE-10-AZD6244-HEM,B100,EMAX|IC50|JENKS,100,0,0,,,,,,,0,1800,0,0,0,,62,AZD6244–HEM,4,False,Size-18 aggregate,-0.020393681270162035
CCLE_EXPERIMENT_A_FIXED_SCORE_ORIGINAL5,CCLE-10-AZD6244-HEM,B100,EMAX|IC50|KMEANS,100,0,0,,,,,,,0,1800,0,0,0,,62,AZD6244–HEM,4,False,Size-18 aggregate,-0.076762269119909562
CCLE_EXPERIMENT_A_FIXED_SCORE_ORIGINAL5,CCLE-10-AZD6244-HEM,B100,EMAX|IC50|WARD,100,0,0,,,,,,,0,1800,0,0,0,,62,AZD6244–HEM,4,False,Size-18 aggregate,-0.096790190249865446
CCLE_EXPERIMENT_A_FIXED_SCORE_ORIGINAL5,CCLE-10-AZD6244-HEM,B100,EMAX|IC50|TIED_GMM,100,0,0,,,,,,,0,1800,0,0,0,,62,AZD6244–HEM,4,False,Size-18 aggregate,-0.065985645704433701
CCLE_EXPERIMENT_A_FIXED_SCORE_ORIGINAL5,CCLE-10-AZD6244-HEM,B100,EMAX|EC50|TERTILES,100,100,1,0.71015907744082074,0.94407887126224399,0.93956361835737912,0.20964070899732223,1,0.76068845521155315,0.76068845521155326,1800,1800,1800,0,25,25,AZD6244–HEM,4,False,Size-18 aggregate,-0.077375214006140641
CCLE_EXPERIMENT_A_FIXED_SCORE_ORIGINAL5,CCLE-10-AZD6244-HEM,B100,EMAX|EC50|JENKS,100,100,1,0.96977467889980096,0.96837156403171021,0.98002787651488787,0.20964070899732223,0.90000000000000002,0.8055629656887443,0.8055629656887443,1800,1800,1800,0,4,4,AZD6244–HEM,4,False,Size-18 aggregate,-0.0086425236260151729
CCLE_EXPERIMENT_A_FIXED_SCORE_ORIGINAL5,CCLE-10-AZD6244-HEM,B100,EMAX|EC50|KMEANS,100,100,1,0.96977467889980096,0.96775502987212503,0.97978405302406257,0.20964070899732223,0.90000000000000002,0.80539089415866205,0.80539089415866216,1800,1800,1800,0,5,5,AZD6244–HEM,4,False,Size-18 aggregate,0.083578455951898015
CCLE_EXPERIMENT_A_FIXED_SCORE_ORIGINAL5,CCLE-10-AZD6244-HEM,B100,EMAX|EC50|WARD,100,100,1,0.96892402678011635,0.96806874025120604,0.98411662325730442,0.20964070899732223,0.89000000000000001,0.8041500198571897,0.80415001985718992,1800,1800,1800,0,6,6,AZD6244–HEM,4,False,Size-18 aggregate,-0.02003163625021271
CCLE_EXPERIMENT_A_FIXED_SCORE_ORIGINAL5,CCLE-10-AZD6244-HEM,B100,EMAX|EC50|TIED_GMM,100,100,1,0.96771505578353034,0.96532264282014379,0.9804492959409542,0.20964070899732223,0.81999999999999995,0.78862554070839008,0.78862554070839008,1800,1800,1798,2,11,11,AZD6244–HEM,4,False,Size-18 aggregate,-0.04601316114096278
CCLE_EXPERIMENT_A_FIXED_SCORE_ORIGINAL5,CCLE-10-AZD6244-HEM,B100,EMAX|EMAX|TERTILES,100,100,1,0.84954242820540249,0.96141473562479274,0.94477054776534852,0.20964070899732223,1,0.79307368411857293,0.79307368411857315,1800,1800,1800,0,9,9,AZD6244–HEM,4,False,Size-18 aggregate,-0.15453466050199574
CCLE_EXPERIMENT_A_FIXED_SCORE_ORIGINAL5,CCLE-10-AZD6244-HEM,B100,EMAX|EMAX|JENKS,100,100,1,0.9198012570941414,0.96672885243461948,0.95769961592031005,0.20964070899732223,0.97999999999999998,0.80677408688927865,0.80677408688927865,1800,1800,1800,0,2,2,AZD6244–HEM,4,True,Size-18 aggregate,-0.03387887392981883
CCLE_EXPERIMENT_A_FIXED_SCORE_ORIGINAL5,CCLE-10-AZD6244-HEM,B100,EMAX|EMAX|KMEANS,100,100,1,0.9198012570941414,0.96663284305674568,0.95761018836189293,0.20964070899732223,0.97999999999999998,0.80673699950202049,0.80673699950202038,1800,1800,1800,0,3,3,AZD6244–HEM,4,False,Size-18 aggregate,0.15653882130899907
CCLE_EXPERIMENT_A_FIXED_SCORE_ORIGINAL5,CCLE-10-AZD6244-HEM,B100,EMAX|EMAX|WARD,100,100,1,0.91288870750300699,0.94708030066032034,0.94995466609048962,0.20964070899732223,0.97999999999999998,0.7999128766502277,0.79991287665022781,1800,1800,1800,0,7,7,AZD6244–HEM,4,False,Size-18 aggregate,-0.1108451401327842
CCLE_EXPERIMENT_A_FIXED_SCORE_ORIGINAL5,CCLE-10-AZD6244-HEM,B100,EMAX|EMAX|TIED_GMM,100,100,1,0.91539687666934555,0.95654052039285209,0.946428533735721,0.20964070899732223,0.93999999999999995,0.79360132795904836,0.79360132795904814,1800,1800,1800,0,8,8,AZD6244–HEM,4,False,Size-18 aggregate,0.127732443951008
CCLE_EXPERIMENT_A_FIXED_SCORE_ORIGINAL5,CCLE-10-AZD6244-HEM,B100,EMAX|AUC|TERTILES,100,100,1,0.83680415314170542,0.96376704557657622,0.93997944285639279,0.20964070899732223,1,0.79003827011439942,0.7900382701143992,1800,1800,1800,0,10,10,AZD6244–HEM,4,False,Size-18 aggregate,0.072186619320927792
CCLE_EXPERIMENT_A_FIXED_SCORE_ORIGINAL5,CCLE-10-AZD6244-HEM,B100,EMAX|AUC|JENKS,100,100,1,0.91705132314431881,0.95298208063606038,0.95138473543504753,0.20964070899732223,0.89000000000000001,0.78421176964254968,0.78421176964254979,1800,1800,1800,0,13,13,AZD6244–HEM,4,False,Size-18 aggregate,-0.096208283662844507
CCLE_EXPERIMENT_A_FIXED_SCORE_ORIGINAL5,CCLE-10-AZD6244-HEM,B100,EMAX|AUC|KMEANS,100,100,1,0.91700597108565962,0.95308403033825362,0.95135694884322164,0.20964070899732223,0.89000000000000001,0.78421753185289134,0.78421753185289145,1800,1800,1800,0,12,12,AZD6244–HEM,4,False,Size-18 aggregate,-0.12576103097893321
CCLE_EXPERIMENT_A_FIXED_SCORE_ORIGINAL5,CCLE-10-AZD6244-HEM,B100,EMAX|AUC|WARD,100,100,1,0.91387917367058757,0.94481291677641932,0.94640660411686883,0.20964070899732223,0.85999999999999999,0.77494788071223963,0.77494788071223963,1800,1800,1800,0,16,16,AZD6244–HEM,4,False,Size-18 aggregate,-0.062446849770482357
CCLE_EXPERIMENT_A_FIXED_SCORE_ORIGINAL5,CCLE-10-AZD6244-HEM,B100,EMAX|AUC|TIED_GMM,100,100,1,0.91169352011938121,0.95692235939082426,0.96349311747585531,0.20964070899732223,0.70999999999999996,0.75034994119667653,0.75034994119667653,1800,1800,1800,0,37,37,AZD6244–HEM,4,False,Size-18 aggregate,0.047621722120703612
CCLE_EXPERIMENT_A_FIXED_SCORE_ORIGINAL5,CCLE-10-AZD6244-HEM,B100,HILL|IC50|TERTILES,100,0,0,,,,,,,0,1800,0,0,0,,62,AZD6244–HEM,4,False,Size-18 aggregate,-0.10311762905286571
CCLE_EXPERIMENT_A_FIXED_SCORE_ORIGINAL5,CCLE-10-AZD6244-HEM,B100,HILL|IC50|JENKS,100,0,0,,,,,,,0,1800,0,0,0,,62,AZD6244–HEM,4,False,Size-18 aggregate,0.10617221175371022
CCLE_EXPERIMENT_A_FIXED_SCORE_ORIGINAL5,CCLE-10-AZD6244-HEM,B100,HILL|IC50|KMEANS,100,0,0,,,,,,,0,1800,0,0,0,,62,AZD6244–HEM,4,False,Size-18 aggregate,0.024909779994029047
CCLE_EXPERIMENT_A_FIXED_SCORE_ORIGINAL5,CCLE-10-AZD6244-HEM,B100,HILL|IC50|WARD,100,0,0,,,,,,,0,1800,0,0,0,,62,AZD6244–HEM,4,False,Size-18 aggregate,0.070586614140911622
CCLE_EXPERIMENT_A_FIXED_SCORE_ORIGINAL5,CCLE-10-AZD6244-HEM,B100,HILL|IC50|TIED_GMM,100,0,0,,,,,,,0,1800,0,0,0,,62,AZD6244–HEM,4,False,Size-18 aggregate,0.14889718711117683
CCLE_EXPERIMENT_A_FIXED_SCORE_ORIGINAL5,CCLE-10-AZD6244-HEM,B100,HILL|EC50|TERTILES,100,100,1,0.53078014408557561,0.96747458971419509,0.94102236527193195,0.034757701936158243,1,0.69480696020157229,0.69480696020157229,1800,1800,1800,0,49,49,AZD6244–HEM,4,False,Size-18 aggregate,0.14746822312182473
CCLE_EXPERIMENT_A_FIXED_SCORE_ORIGINAL5,CCLE-10-AZD6244-HEM,B100,HILL|EC50|JENKS,100,100,1,0.975934075726409,0.95820465855214121,0.98357065798475607,0.034757701936158243,0.46999999999999997,0.68449341883989279,0.6844934188398929,1800,1800,1800,0,50,50,AZD6244–HEM,4,False,Size-18 aggregate,0.12968838296124907
CCLE_EXPERIMENT_A_FIXED_SCORE_ORIGINAL5,CCLE-10-AZD6244-HEM,B100,HILL|EC50|KMEANS,100,100,1,0.975934075726409,0.95770741037336304,0.98324643637981102,0.034757701936158243,0.46999999999999997,0.68432912488314823,0.68432912488314823,1800,1800,1800,0,51,51,AZD6244–HEM,4,False,Size-18 aggregate,-0.060861685103937441
CCLE_EXPERIMENT_A_FIXED_SCORE_ORIGINAL5,CCLE-10-AZD6244-HEM,B100,HILL|EC50|WARD,100,100,1,0.97475832725335687,0.95713697922590979,0.98687798701758567,0.034757701936158243,0.46000000000000002,0.68270619908660213,0.68270619908660213,1800,1800,1800,0,52,52,AZD6244–HEM,4,False,Size-18 aggregate,0.11436408190856781
CCLE_EXPERIMENT_A_FIXED_SCORE_ORIGINAL5,CCLE-10-AZD6244-HEM,B100,HILL|EC50|TIED_GMM,100,100,1,0.9754731448848708,0.9575090481297045,0.98421540384352335,0.034757701936158243,0.45000000000000001,0.68039105975885139,0.68039105975885139,1800,1800,1800,0,53,53,AZD6244–HEM,4,False,Size-18 aggregate,-0.15712456956438828
CCLE_EXPERIMENT_A_FIXED_SCORE_ORIGINAL5,CCLE-10-AZD6244-HEM,B100,HILL|EMAX|TERTILES,100,100,1,0.84451274676993904,0.96467611518042018,0.94208161336064278,0.034757701936158243,1,0.7572056354494322,0.75720563544943209,1800,1800,1800,0,26,26,AZD6244–HEM,4,False,Size-18 aggregate,0.1335559467164697
CCLE_EXPERIMENT_A_FIXED_SCORE_ORIGINAL5,CCLE-10-AZD6244-HEM,B100,HILL|EMAX|JENKS,100,100,1,0.92510150753958043,0.97039832361720846,0.96876524185939739,0.034757701936158243,0.97999999999999998,0.77580455499046874,0.77580455499046896,1800,1800,1800,0,14,14,AZD6244–HEM,4,False,Size-18 aggregate,-0.078149880002753316
CCLE_EXPERIMENT_A_FIXED_SCORE_ORIGINAL5,CCLE-10-AZD6244-HEM,B100,HILL|EMAX|KMEANS,100,100,1,0.92510150753958043,0.97039832361720846,0.96876524185939739,0.034757701936158243,0.97999999999999998,0.77580455499046874,0.77580455499046896,1800,1800,1800,0,14,14,AZD6244–HEM,4,False,Size-18 aggregate,0.033722190380497424
CCLE_EXPERIMENT_A_FIXED_SCORE_ORIGINAL5,CCLE-10-AZD6244-HEM,B100,HILL|EMAX|WARD,100,100,1,0.92063832376853871,0.9631151239821234,0.96608154500486076,0.034757701936158243,0.96999999999999997,0.77091853893833606,0.77091853893833617,1800,1800,1800,0,17,17,AZD6244–HEM,4,False,Size-18 aggregate,-0.029716464101736548
CCLE_EXPERIMENT_A_FIXED_SCORE_ORIGINAL5,CCLE-10-AZD6244-HEM,B100,HILL|EMAX|TIED_GMM,100,100,1,0.92157982177315889,0.96249275438478887,0.95577807464049613,0.034757701936158243,0.93000000000000005,0.76092167054692028,0.76092167054692039,1800,1800,1800,0,23,23,AZD6244–HEM,4,False,Size-18 aggregate,-0.064296132303843304
CCLE_EXPERIMENT_A_FIXED_SCORE_ORIGINAL5,CCLE-10-AZD6244-HEM,B100,HILL|AUC|TERTILES,100,100,1,0.83953357441200505,0.96435155315685539,0.94164178051873026,0.034757701936158243,1,0.75605692200474972,0.75605692200474972,1800,1800,1800,0,30,30,AZD6244–HEM,4,False,Size-18 aggregate,-0.1556700941910199
CCLE_EXPERIMENT_A_FIXED_SCORE_ORIGINAL5,CCLE-10-AZD6244-HEM,B100,HILL|AUC|JENKS,100,100,1,0.91495578168265224,0.95974282297890146,0.95602480577912596,0.034757701936158243,0.92000000000000004,0.75709622247536756,0.75709622247536768,1800,1800,1800,0,27,27,AZD6244–HEM,4,False,Size-18 aggregate,0.11293238892055406
CCLE_EXPERIMENT_A_FIXED_SCORE_ORIGINAL5,CCLE-10-AZD6244-HEM,B100,HILL|AUC|KMEANS,100,100,1,0.91495578168265224,0.95974282297890146,0.95602480577912596,0.034757701936158243,0.92000000000000004,0.75709622247536756,0.75709622247536768,1800,1800,1800,0,27,27,AZD6244–HEM,4,False,Size-18 aggregate,0.12511253222010854
CCLE_EXPERIMENT_A_FIXED_SCORE_ORIGINAL5,CCLE-10-AZD6244-HEM,B100,HILL|AUC|WARD,100,100,1,0.90948506615581126,0.93763547478686515,0.93875485776652212,0.034757701936158243,0.88,0.7401266201290716,0.74012662012907138,1800,1800,1800,0,42,42,AZD6244–HEM,4,False,Size-18 aggregate,-0.10591065785519561
CCLE_EXPERIMENT_A_FIXED_SCORE_ORIGINAL5,CCLE-10-AZD6244-HEM,B100,HILL|AUC|TIED_GMM,100,100,1,0.90640048991553845,0.95445595017832541,0.96054953543384125,0.034757701936158243,0.69999999999999996,0.71123273549277255,0.71123273549277255,1800,1800,1800,0,45,45,AZD6244–HEM,4,False,Size-18 aggregate,0.034481403649431037
CCLE_EXPERIMENT_A_FIXED_SCORE_ORIGINAL5,CCLE-10-AZD6244-HEM,B100,LOGISTIC|IC50|TERTILES,100,0,0,,,,,,,0,1800,0,0,0,,62,AZD6244–HEM,4,False,Size-18 aggregate,-0.12606446891232964
CCLE_EXPERIMENT_A_FIXED_SCORE_ORIGINAL5,CCLE-10-AZD6244-HEM,B100,LOGISTIC|IC50|JENKS,100,0,0,,,,,,,0,1800,0,0,0,,62,AZD6244–HEM,4,False,Size-18 aggregate,0.087856823859702976
CCLE_EXPERIMENT_A_FIXED_SCORE_ORIGINAL5,CCLE-10-AZD6244-HEM,B100,LOGISTIC|IC50|KMEANS,100,0,0,,,,,,,0,1800,0,0,0,,62,AZD6244–HEM,4,False,Size-18 aggregate,0.093920685857050296
CCLE_EXPERIMENT_A_FIXED_SCORE_ORIGINAL5,CCLE-10-AZD6244-HEM,B100,LOGISTIC|IC50|WARD,100,0,0,,,,,,,0,1800,0,0,0,,62,AZD6244–HEM,4,False,Size-18 aggregate,0.097022593826293607
CCLE_EXPERIMENT_A_FIXED_SCORE_ORIGINAL5,CCLE-10-AZD6244-HEM,B100,LOGISTIC|IC50|TIED_GMM,100,0,0,,,,,,,0,1800,0,0,0,,62,AZD6244–HEM,4,False,Size-18 aggregate,-0.15121769651566114
CCLE_EXPERIMENT_A_FIXED_SCORE_ORIGINAL5,CCLE-10-AZD6244-HEM,B100,LOGISTIC|EC50|TERTILES,100,100,1,0.6265737681107022,0.95956769963732014,0.94018303360417732,0.0086929578967901242,1,0.70700349184979816,0.70700349184979805,1800,1800,1800,0,47,47,AZD6244–HEM,4,False,Size-18 aggregate,0.10649664333707108
CCLE_EXPERIMENT_A_FIXED_SCORE_ORIGINAL5,CCLE-10-AZD6244-HEM,B100,LOGISTIC|EC50|JENKS,100,100,1,0.95153693169393205,0.94871376980943145,0.97040446360641641,0.0086929578967901242,0.47999999999999998,0.67186962460131416,0.67186962460131394,1800,1800,1800,0,56,56,AZD6244–HEM,4,False,Size-18 aggregate,-0.021464465004732942
CCLE_EXPERIMENT_A_FIXED_SCORE_ORIGINAL5,CCLE-10-AZD6244-HEM,B100,LOGISTIC|EC50|KMEANS,100,100,1,0.95146883220492551,0.94834327778686212,0.97103272154575915,0.0086929578967901242,0.47999999999999998,0.6719075578868674,0.67190755788686729,1800,1800,1800,0,55,55,AZD6244–HEM,4,False,Size-18 aggregate,-0.013204098980222857
CCLE_EXPERIMENT_A_FIXED_SCORE_ORIGINAL5,CCLE-10-AZD6244-HEM,B100,LOGISTIC|EC50|WARD,100,100,1,0.94704980248458015,0.94261101314353013,0.96679721520122786,0.0086929578967901242,0.51000000000000001,0.67503019774522544,0.67503019774522555,1800,1800,1800,0,54,54,AZD6244–HEM,4,False,Size-18 aggregate,-0.08789094520916485
CCLE_EXPERIMENT_A_FIXED_SCORE_ORIGINAL5,CCLE-10-AZD6244-HEM,B100,LOGISTIC|EC50|TIED_GMM,100,99,0.98999999999999999,0.94737824325341491,0.94768555646034736,0.9724797080190396,0.0087480948314068042,0.39393939393939392,0.65404619930072061,0.64750573730771332,1800,1782,1782,0,61,61,AZD6244–HEM,4,False,Size-18 aggregate,-0.04332959381009676
CCLE_EXPERIMENT_A_FIXED_SCORE_ORIGINAL5,CCLE-10-AZD6244-HEM,B100,LOGISTIC|EMAX|TERTILES,100,100,1,0.84296622590770742,0.96444695959124582,0.94214691605332845,0.0086929578967901242,1,0.75165061188981441,0.75165061188981441,1800,1800,1800,0,34,34,AZD6244–HEM,4,False,Size-18 aggregate,-0.076523060555691608
CCLE_EXPERIMENT_A_FIXED_SCORE_ORIGINAL5,CCLE-10-AZD6244-HEM,B100,LOGISTIC|EMAX|JENKS,100,100,1,0.91755913548569823,0.96510031720872302,0.95880696496736051,0.0086929578967901242,0.97999999999999998,0.76603187511171444,0.76603187511171444,1800,1800,1800,0,20,20,AZD6244–HEM,4,False,Size-18 aggregate,0.061657198421111621
CCLE_EXPERIMENT_A_FIXED_SCORE_ORIGINAL5,CCLE-10-AZD6244-HEM,B100,LOGISTIC|EMAX|KMEANS,100,100,1,0.91755913548569823,0.96510031720872302,0.95880696496736051,0.0086929578967901242,0.97999999999999998,0.76603187511171444,0.76603187511171444,1800,1800,1800,0,20,20,AZD6244–HEM,4,False,Size-18 aggregate,0.023310994176033654
CCLE_EXPERIMENT_A_FIXED_SCORE_ORIGINAL5,CCLE-10-AZD6244-HEM,B100,LOGISTIC|EMAX|WARD,100,100,1,0.91115133986593189,0.95280032456385311,0.95118102214121447,0.0086929578967901242,0.97999999999999998,0.76076512889355796,0.76076512889355796,1800,1800,1800,0,24,24,AZD6244–HEM,4,False,Size-18 aggregate,-0.078664399068491625
CCLE_EXPERIMENT_A_FIXED_SCORE_ORIGINAL5,CCLE-10-AZD6244-HEM,B100,LOGISTIC|EMAX|TIED_GMM,100,100,1,0.9121385868107601,0.95877247058449111,0.95118887505512528,0.0086929578967901242,0.92000000000000004,0.75015857806943342,0.75015857806943331,1800,1800,1800,0,38,38,AZD6244–HEM,4,False,Size-18 aggregate,-0.13170034072634307
CCLE_EXPERIMENT_A_FIXED_SCORE_ORIGINAL5,CCLE-10-AZD6244-HEM,B100,LOGISTIC|AUC|TERTILES,100,100,1,0.84177920750316426,0.9639189719672252,0.94300257339425453,0.0086929578967901242,1,0.75147874215228683,0.75147874215228683,1800,1800,1800,0,35,35,AZD6244–HEM,4,False,Size-18 aggregate,0.031377705156658248
CCLE_EXPERIMENT_A_FIXED_SCORE_ORIGINAL5,CCLE-10-AZD6244-HEM,B100,LOGISTIC|AUC|JENKS,100,100,1,0.91356334117274074,0.95774246670617169,0.95472374583163389,0.0086929578967901242,0.91000000000000003,0.74894450232146736,0.74894450232146736,1800,1800,1800,0,39,39,AZD6244–HEM,4,False,Size-18 aggregate,0.055142059823298374
CCLE_EXPERIMENT_A_FIXED_SCORE_ORIGINAL5,CCLE-10-AZD6244-HEM,B100,LOGISTIC|AUC|KMEANS,100,100,1,0.91356334117274074,0.95774246670617169,0.95472374583163389,0.0086929578967901242,0.91000000000000003,0.74894450232146736,0.74894450232146736,1800,1800,1800,0,39,39,AZD6244–HEM,4,False,Size-18 aggregate,0.1375925677217526
CCLE_EXPERIMENT_A_FIXED_SCORE_ORIGINAL5,CCLE-10-AZD6244-HEM,B100,LOGISTIC|AUC|WARD,100,100,1,0.9082931243426785,0.9425979806609891,0.94434050084140242,0.0086929578967901242,0.90000000000000002,0.74078491274837188,0.7407849127483721,1800,1800,1800,0,41,41,AZD6244–HEM,4,False,Size-18 aggregate,0.011483798886529116
CCLE_EXPERIMENT_A_FIXED_SCORE_ORIGINAL5,CCLE-10-AZD6244-HEM,B100,LOGISTIC|AUC|TIED_GMM,100,100,1,0.90450238856531573,0.95274462283809935,0.95424507040987661,0.0086929578967901242,0.72999999999999998,0.7100370079420163,0.7100370079420163,1800,1800,1800,0,46,46,AZD6244–HEM,4,False,Size-18 aggregate,-0.15251671150152496
CCLE_EXPERIMENT_A_FIXED_SCORE_ORIGINAL5,CCLE-10-AZD6244-HEM,B100,WEIBULL|IC50|TERTILES,100,0,0,,,,,,,0,1800,0,0,0,,62,AZD6244–HEM,4,False,Size-18 aggregate,-0.060621252856361975
CCLE_EXPERIMENT_A_FIXED_SCORE_ORIGINAL5,CCLE-10-AZD6244-HEM,B100,WEIBULL|IC50|JENKS,100,0,0,,,,,,,0,1800,0,0,0,,62,AZD6244–HEM,4,False,Size-18 aggregate,-0.00684737827788279
CCLE_EXPERIMENT_A_FIXED_SCORE_ORIGINAL5,CCLE-10-AZD6244-HEM,B100,WEIBULL|IC50|KMEANS,100,0,0,,,,,,,0,1800,0,0,0,,62,AZD6244–HEM,4,False,Size-18 aggregate,-0.11186317167055401
CCLE_EXPERIMENT_A_FIXED_SCORE_ORIGINAL5,CCLE-10-AZD6244-HEM,B100,WEIBULL|IC50|WARD,100,0,0,,,,,,,0,1800,0,0,0,,62,AZD6244–HEM,4,False,Size-18 aggregate,0.089592029212413354
CCLE_EXPERIMENT_A_FIXED_SCORE_ORIGINAL5,CCLE-10-AZD6244-HEM,B100,WEIBULL|IC50|TIED_GMM,100,0,0,,,,,,,0,1800,0,0,0,,62,AZD6244–HEM,4,False,Size-18 aggregate,-0.080317721273824041
CCLE_EXPERIMENT_A_FIXED_SCORE_ORIGINAL5,CCLE-10-AZD6244-HEM,B100,WEIBULL|EC50|TERTILES,100,100,1,0.58230734965099551,0.96064610337581247,0.94073714615829007,0.010059816162719646,1,0.69875008306956365,0.69875008306956343,1800,1800,1800,0,48,48,AZD6244–HEM,4,False,Size-18 aggregate,-0.013792408298187056
CCLE_EXPERIMENT_A_FIXED_SCORE_ORIGINAL5,CCLE-10-AZD6244-HEM,B100,WEIBULL|EC50|JENKS,100,100,1,0.96565665857993954,0.94625776055603306,0.97818286755864658,0.010059816162719646,0.41999999999999998,0.6640314205714678,0.66403142057146769,1800,1800,1800,0,57,57,AZD6244–HEM,4,False,Size-18 aggregate,0.12782004676009995
CCLE_EXPERIMENT_A_FIXED_SCORE_ORIGINAL5,CCLE-10-AZD6244-HEM,B100,WEIBULL|EC50|KMEANS,100,100,1,0.96565665857993954,0.9461107794788165,0.97810662660108572,0.010059816162719646,0.41999999999999998,0.66398677616451218,0.66398677616451218,1800,1800,1800,0,58,58,AZD6244–HEM,4,False,Size-18 aggregate,0.10143603122360911
CCLE_EXPERIMENT_A_FIXED_SCORE_ORIGINAL5,CCLE-10-AZD6244-HEM,B100,WEIBULL|EC50|WARD,100,100,1,0.96343381663907901,0.94373312387918473,0.97889552349759923,0.010059816162719646,0.40000000000000002,0.65922445603571656,0.65922445603571644,1800,1800,1800,0,59,59,AZD6244–HEM,4,False,Size-18 aggregate,0.12223911403730491
CCLE_EXPERIMENT_A_FIXED_SCORE_ORIGINAL5,CCLE-10-AZD6244-HEM,B100,WEIBULL|EC50|TIED_GMM,100,100,1,0.96514775726376267,0.94781546460844934,0.97952842994608247,0.010059816162719646,0.38,0.65651029359620283,0.65651029359620283,1800,1800,1800,0,60,60,AZD6244–HEM,4,False,Size-18 aggregate,-0.09870032323959757
CCLE_EXPERIMENT_A_FIXED_SCORE_ORIGINAL5,CCLE-10-AZD6244-HEM,B100,WEIBULL|EMAX|TERTILES,100,100,1,0.84304821261605223,0.96490172654310324,0.94156015215287292,0.010059816162719646,1,0.75191398149494959,0.75191398149494959,1800,1800,1800,0,33,33,AZD6244–HEM,4,False,Size-18 aggregate,0.05461830829610545
CCLE_EXPERIMENT_A_FIXED_SCORE_ORIGINAL5,CCLE-10-AZD6244-HEM,B100,WEIBULL|EMAX|JENKS,100,100,1,0.92478938690594403,0.97106453207696897,0.96893901053186626,0.010059816162719646,0.96999999999999997,0.76897054913549967,0.76897054913549978,1800,1800,1800,0,18,18,AZD6244–HEM,4,False,Size-18 aggregate,-0.086128221286024959
CCLE_EXPERIMENT_A_FIXED_SCORE_ORIGINAL5,CCLE-10-AZD6244-HEM,B100,WEIBULL|EMAX|KMEANS,100,100,1,0.92478938690594403,0.97106453207696897,0.96893901053186626,0.010059816162719646,0.96999999999999997,0.76897054913549967,0.76897054913549978,1800,1800,1800,0,18,18,AZD6244–HEM,4,False,Size-18 aggregate,-0.10477093076910148
CCLE_EXPERIMENT_A_FIXED_SCORE_ORIGINAL5,CCLE-10-AZD6244-HEM,B100,WEIBULL|EMAX|WARD,100,100,1,0.92016538348311139,0.96105731112941695,0.9659764757276903,0.010059816162719646,0.96999999999999997,0.76545179730058766,0.76545179730058766,1800,1800,1800,0,22,22,AZD6244–HEM,4,False,Size-18 aggregate,0.05600848709605831
CCLE_EXPERIMENT_A_FIXED_SCORE_ORIGINAL5,CCLE-10-AZD6244-HEM,B100,WEIBULL|EMAX|TIED_GMM,100,100,1,0.9209190316734428,0.963035892055216,0.95780635971837325,0.010059816162719646,0.93000000000000005,0.75636421992195035,0.75636421992195024,1800,1800,1800,0,29,29,AZD6244–HEM,4,False,Size-18 aggregate,-0.031893207922552999
CCLE_EXPERIMENT_A_FIXED_SCORE_ORIGINAL5,CCLE-10-AZD6244-HEM,B100,WEIBULL|AUC|TERTILES,100,100,1,0.83944025945828316,0.96417298802678675,0.94300257339425453,0.010059816162719646,1,0.75133512740840869,0.75133512740840869,1800,1800,1800,0,36,36,AZD6244–HEM,4,False,Size-18 aggregate,0.078939058314761862
CCLE_EXPERIMENT_A_FIXED_SCORE_ORIGINAL5,CCLE-10-AZD6244-HEM,B100,WEIBULL|AUC|JENKS,100,100,1,0.91605223419443971,0.95931271667391005,0.95637517324386512,0.010059816162719646,0.92000000000000004,0.75235998805498694,0.75235998805498694,1800,1800,1800,0,31,31,AZD6244–HEM,4,False,Size-18 aggregate,0.095717941284114011
CCLE_EXPERIMENT_A_FIXED_SCORE_ORIGINAL5,CCLE-10-AZD6244-HEM,B100,WEIBULL|AUC|KMEANS,100,100,1,0.91605223419443971,0.95909988873714358,0.95627399607035257,0.010059816162719646,0.92000000000000004,0.75229718703293114,0.75229718703293114,1800,1800,1800,0,32,32,AZD6244–HEM,4,False,Size-18 aggregate,0.15225269175885539
CCLE_EXPERIMENT_A_FIXED_SCORE_ORIGINAL5,CCLE-10-AZD6244-HEM,B100,WEIBULL|AUC|WARD,100,100,1,0.91160317383300893,0.94049941930300474,0.94033231574066845,0.010059816162719646,0.88,0.73649894500788027,0.73649894500788038,1800,1800,1800,0,43,43,AZD6244–HEM,4,False,Size-18 aggregate,-0.14901400066656387
CCLE_EXPERIMENT_A_FIXED_SCORE_ORIGINAL5,CCLE-10-AZD6244-HEM,B100,WEIBULL|AUC|TIED_GMM,100,100,1,0.90881284105473314,0.95559282390263733,0.9597806999219135,0.010059816162719646,0.73999999999999999,0.71484923620840068,0.71484923620840068,1800,1800,1800,0,44,44,AZD6244–HEM,4,False,Size-18 aggregate,0.0458251577349904
CCLE_EXPERIMENT_A_FIXED_SCORE_ORIGINAL5,CCLE-65-Topotecan-LUNG,B100,TRIOS,100,100,1,0.86756531141356008,0.96098259625509075,0.94313539021881554,0.54787174657363547,1,0.8639110088922205,0.8639110088922205,1800,1800,1800,0,1,1,Topotecan–LUNG,5,False,Size-18 aggregate,0
CCLE_EXPERIMENT_A_FIXED_SCORE_ORIGINAL5,CCLE-65-Topotecan-LUNG,B100,EMAX|IC50|TERTILES,100,80,0.80000000000000004,0.51655982492383123,0.97721825411812235,0.93713325380569734,0.3331127455352082,1,0.75280481567657187,0.60224385254125745,1800,1440,1440,0,14,62,Topotecan–LUNG,5,False,Size-18 aggregate,0.15002328447765284
CCLE_EXPERIMENT_A_FIXED_SCORE_ORIGINAL5,CCLE-65-Topotecan-LUNG,B100,EMAX|IC50|JENKS,100,80,0.80000000000000004,0.94431525292088536,0.93416069838079241,0.95011140805315597,0.3331127455352082,0.34999999999999998,0.70234002097800841,0.56187201678240672,1800,1440,1440,0,45,63,Topotecan–LUNG,5,False,Size-18 aggregate,-0.020393681270162035
CCLE_EXPERIMENT_A_FIXED_SCORE_ORIGINAL5,CCLE-65-Topotecan-LUNG,B100,EMAX|IC50|KMEANS,100,80,0.80000000000000004,0.94408142891305002,0.93240992599539574,0.94572864816201074,0.3331127455352082,0.34999999999999998,0.70106654972113291,0.56085323977690638,1800,1440,1440,0,47,64,Topotecan–LUNG,5,False,Size-18 aggregate,-0.076762269119909562
CCLE_EXPERIMENT_A_FIXED_SCORE_ORIGINAL5,CCLE-65-Topotecan-LUNG,B100,EMAX|IC50|WARD,100,80,0.80000000000000004,0.94113630886912958,0.92760364974285869,0.95246032303618589,0.3331127455352082,0.32500000000000001,0.69586260543667644,0.55669008434934109,1800,1440,1440,0,49,65,Topotecan–LUNG,5,False,Size-18 aggregate,-0.096790190249865446
CCLE_EXPERIMENT_A_FIXED_SCORE_ORIGINAL5,CCLE-65-Topotecan-LUNG,B100,EMAX|IC50|TIED_GMM,100,80,0.80000000000000004,0.93883487768010099,0.93514749028611344,0.97174188203827438,0.3331127455352082,0.21249999999999999,0.67826739910793943,0.54261391928635161,1800,1440,1436,4,57,66,Topotecan–LUNG,5,False,Size-18 aggregate,-0.065985645704433701
CCLE_EXPERIMENT_A_FIXED_SCORE_ORIGINAL5,CCLE-65-Topotecan-LUNG,B100,EMAX|EC50|TERTILES,100,100,1,0.77228438255112897,0.95715567658129419,0.94127493303923127,0.33144958834021915,1,0.80043291610237466,0.80043291610237477,1800,1800,1800,0,3,3,Topotecan–LUNG,5,False,Size-18 aggregate,-0.077375214006140641
CCLE_EXPERIMENT_A_FIXED_SCORE_ORIGINAL5,CCLE-65-Topotecan-LUNG,B100,EMAX|EC50|JENKS,100,100,1,0.9116383035677984,0.94466335369307297,0.94544638844166584,0.33144958834021915,0.77000000000000002,0.78063952680855142,0.7806395268085512,1800,1800,1800,0,8,8,Topotecan–LUNG,5,False,Size-18 aggregate,-0.0086425236260151729
CCLE_EXPERIMENT_A_FIXED_SCORE_ORIGINAL5,CCLE-65-Topotecan-LUNG,B100,EMAX|EC50|KMEANS,100,100,1,0.9116383035677984,0.94471028986829764,0.94548812919558145,0.33144958834021915,0.77000000000000002,0.78065726219437925,0.78065726219437936,1800,1800,1800,0,7,7,Topotecan–LUNG,5,False,Size-18 aggregate,0.083578455951898015
CCLE_EXPERIMENT_A_FIXED_SCORE_ORIGINAL5,CCLE-65-Topotecan-LUNG,B100,EMAX|EC50|WARD,100,100,1,0.90519833377106484,0.93168020029277931,0.94353096171710193,0.33144958834021915,0.72999999999999998,0.76837181682423306,0.76837181682423306,1800,1800,1800,0,12,12,Topotecan–LUNG,5,False,Size-18 aggregate,-0.02003163625021271
CCLE_EXPERIMENT_A_FIXED_SCORE_ORIGINAL5,CCLE-65-Topotecan-LUNG,B100,EMAX|EC50|TIED_GMM,100,100,1,0.90445352833767767,0.95152210769332657,0.96562909101511352,0.33144958834021915,0.56999999999999995,0.74461086307726732,0.74461086307726732,1800,1800,1800,0,16,15,Topotecan–LUNG,5,False,Size-18 aggregate,-0.04601316114096278
CCLE_EXPERIMENT_A_FIXED_SCORE_ORIGINAL5,CCLE-65-Topotecan-LUNG,B100,EMAX|EMAX|TERTILES,100,100,1,0.71586124273739093,0.97079985550896641,0.93932737626325147,0.33144958834021915,1,0.79148761256996569,0.79148761256996569,1800,1800,1800,0,4,4,Topotecan–LUNG,5,False,Size-18 aggregate,-0.15453466050199574
CCLE_EXPERIMENT_A_FIXED_SCORE_ORIGINAL5,CCLE-65-Topotecan-LUNG,B100,EMAX|EMAX|JENKS,100,100,1,0.89616321256274101,0.94998090749921149,0.95456956302066454,0.33144958834021915,0.72999999999999998,0.7724326542845672,0.7724326542845672,1800,1800,1800,0,9,9,Topotecan–LUNG,5,False,Size-18 aggregate,-0.03387887392981883
CCLE_EXPERIMENT_A_FIXED_SCORE_ORIGINAL5,CCLE-65-Topotecan-LUNG,B100,EMAX|EMAX|KMEANS,100,100,1,0.89616321256274101,0.94989738952946179,0.95386832277000377,0.33144958834021915,0.72999999999999998,0.77227570264048528,0.77227570264048506,1800,1800,1800,0,10,10,Topotecan–LUNG,5,False,Size-18 aggregate,0.15653882130899907
CCLE_EXPERIMENT_A_FIXED_SCORE_ORIGINAL5,CCLE-65-Topotecan-LUNG,B100,EMAX|EMAX|WARD,100,100,1,0.88918651656743053,0.93513764181140302,0.93773068560104944,0.33144958834021915,0.64000000000000001,0.74670088646402033,0.74670088646402033,1800,1800,1800,0,15,14,Topotecan–LUNG,5,False,Size-18 aggregate,-0.1108451401327842
CCLE_EXPERIMENT_A_FIXED_SCORE_ORIGINAL5,CCLE-65-Topotecan-LUNG,B100,EMAX|EMAX|TIED_GMM,100,100,1,0.88091512057257537,0.93947287593985696,0.95267932390205246,0.33144958834021915,0.46000000000000002,0.71290338175094092,0.71290338175094081,1800,1800,1799,1,37,34,Topotecan–LUNG,5,False,Size-18 aggregate,0.127732443951008
CCLE_EXPERIMENT_A_FIXED_SCORE_ORIGINAL5,CCLE-65-Topotecan-LUNG,B100,EMAX|AUC|TERTILES,100,100,1,0.77378444474710262,0.96431133037328909,0.94239948382062777,0.33144958834021915,1,0.80238896945624771,0.80238896945624771,1800,1800,1800,0,2,2,Topotecan–LUNG,5,True,Size-18 aggregate,0.072186619320927792
CCLE_EXPERIMENT_A_FIXED_SCORE_ORIGINAL5,CCLE-65-Topotecan-LUNG,B100,EMAX|AUC|JENKS,100,100,1,0.88777149808884859,0.95549242486619135,0.94593779711625325,0.33144958834021915,0.81000000000000005,0.78613026168230249,0.78613026168230238,1800,1800,1800,0,5,5,Topotecan–LUNG,5,False,Size-18 aggregate,-0.096208283662844507
CCLE_EXPERIMENT_A_FIXED_SCORE_ORIGINAL5,CCLE-65-Topotecan-LUNG,B100,EMAX|AUC|KMEANS,100,100,1,0.88777149808884859,0.95546292915516928,0.94593810026016212,0.33144958834021915,0.81000000000000005,0.78612442316887976,0.78612442316887976,1800,1800,1800,0,6,6,Topotecan–LUNG,5,False,Size-18 aggregate,-0.12576103097893321
CCLE_EXPERIMENT_A_FIXED_SCORE_ORIGINAL5,CCLE-65-Topotecan-LUNG,B100,EMAX|AUC|WARD,100,100,1,0.87767173505411378,0.93206755442213607,0.91326587252785973,0.33144958834021915,0.79000000000000004,0.76889095006886565,0.76889095006886576,1800,1800,1800,0,11,11,Topotecan–LUNG,5,False,Size-18 aggregate,-0.062446849770482357
CCLE_EXPERIMENT_A_FIXED_SCORE_ORIGINAL5,CCLE-65-Topotecan-LUNG,B100,EMAX|AUC|TIED_GMM,100,100,1,0.87599389052192222,0.94214881146853779,0.92881469494314062,0.33144958834021915,0.70999999999999996,0.75768139705476412,0.75768139705476401,1800,1800,1800,0,13,13,Topotecan–LUNG,5,False,Size-18 aggregate,0.047621722120703612
CCLE_EXPERIMENT_A_FIXED_SCORE_ORIGINAL5,CCLE-65-Topotecan-LUNG,B100,HILL|IC50|TERTILES,100,35,0.34999999999999998,0.6370126912474886,0.96154226445029478,0.93917482039294364,0.051197332635920557,1,0.71778542174532967,0.25122489761086536,1800,630,630,0,32,72,Topotecan–LUNG,5,False,Size-18 aggregate,-0.10311762905286571
CCLE_EXPERIMENT_A_FIXED_SCORE_ORIGINAL5,CCLE-65-Topotecan-LUNG,B100,HILL|IC50|JENKS,100,35,0.34999999999999998,0.93327634505136836,0.94197548962887956,0.9691382941138319,0.051197332635920557,0.40000000000000002,0.65911749228600014,0.2306911223001,1800,630,630,0,69,76,Topotecan–LUNG,5,False,Size-18 aggregate,0.10617221175371022
CCLE_EXPERIMENT_A_FIXED_SCORE_ORIGINAL5,CCLE-65-Topotecan-LUNG,B100,HILL|IC50|KMEANS,100,35,0.34999999999999998,0.93327634505136836,0.94106145110632444,0.96939865819106052,0.051197332635920557,0.40000000000000002,0.65898675739693469,0.23064536508892719,1800,630,630,0,70,77,Topotecan–LUNG,5,False,Size-18 aggregate,0.024909779994029047
CCLE_EXPERIMENT_A_FIXED_SCORE_ORIGINAL5,CCLE-65-Topotecan-LUNG,B100,HILL|IC50|WARD,100,35,0.34999999999999998,0.92889093463693884,0.93227946147106877,0.95255601201828066,0.051197332635920557,0.42857142857142855,0.65869903386672757,0.23054466185335459,1800,630,630,0,71,78,Topotecan–LUNG,5,False,Size-18 aggregate,0.070586614140911622
CCLE_EXPERIMENT_A_FIXED_SCORE_ORIGINAL5,CCLE-65-Topotecan-LUNG,B100,HILL|IC50|TIED_GMM,100,35,0.34999999999999998,0.92789950588837089,0.94072921415690647,0.96776900597604565,0.051197332635920557,0.34285714285714286,0.64609044030287732,0.22613165410600705,1800,630,629,1,76,80,Topotecan–LUNG,5,False,Size-18 aggregate,0.14889718711117683
CCLE_EXPERIMENT_A_FIXED_SCORE_ORIGINAL5,CCLE-65-Topotecan-LUNG,B100,HILL|EC50|TERTILES,100,100,1,0.63817095431824333,0.96705843067051023,0.93632057139856106,0.060576971085247976,1,0.72042538549451252,0.72042538549451252,1800,1800,1800,0,29,28,Topotecan–LUNG,5,False,Size-18 aggregate,0.14746822312182473
CCLE_EXPERIMENT_A_FIXED_SCORE_ORIGINAL5,CCLE-65-Topotecan-LUNG,B100,HILL|EC50|JENKS,100,100,1,0.93278837721609054,0.94591842368203383,0.96713826494904109,0.060576971085247976,0.51000000000000001,0.68328440738648266,0.68328440738648266,1800,1800,1800,0,52,45,Topotecan–LUNG,5,False,Size-18 aggregate,0.12968838296124907
CCLE_EXPERIMENT_A_FIXED_SCORE_ORIGINAL5,CCLE-65-Topotecan-LUNG,B100,HILL|EC50|KMEANS,100,100,1,0.93278837721609054,0.94582457679954035,0.96670511640992884,0.060576971085247976,0.51000000000000001,0.68317900830216161,0.68317900830216161,1800,1800,1800,0,53,46,Topotecan–LUNG,5,False,Size-18 aggregate,-0.060861685103937441
CCLE_EXPERIMENT_A_FIXED_SCORE_ORIGINAL5,CCLE-65-Topotecan-LUNG,B100,HILL|EC50|WARD,100,100,1,0.92663420798237017,0.93537238764332964,0.95546402499769867,0.060576971085247976,0.5,0.67560951834172911,0.67560951834172922,1800,1800,1800,0,60,52,Topotecan–LUNG,5,False,Size-18 aggregate,0.11436408190856781
CCLE_EXPERIMENT_A_FIXED_SCORE_ORIGINAL5,CCLE-65-Topotecan-LUNG,B100,HILL|EC50|TIED_GMM,100,100,1,0.92570364978245001,0.93898393688063864,0.96535119126615454,0.060576971085247976,0.37,0.65212314980289821,0.65212314980289821,1800,1800,1799,1,73,57,Topotecan–LUNG,5,False,Size-18 aggregate,-0.15712456956438828
CCLE_EXPERIMENT_A_FIXED_SCORE_ORIGINAL5,CCLE-65-Topotecan-LUNG,B100,HILL|EMAX|TERTILES,100,100,1,0.714861749106804,0.96939941658984086,0.93984883747102088,0.060576971085247976,1,0.73693739485058285,0.73693739485058285,1800,1800,1800,0,19,18,Topotecan–LUNG,5,False,Size-18 aggregate,0.1335559467164697
CCLE_EXPERIMENT_A_FIXED_SCORE_ORIGINAL5,CCLE-65-Topotecan-LUNG,B100,HILL|EMAX|JENKS,100,100,1,0.89054986362279265,0.95140208121538083,0.95127288823565548,0.060576971085247976,0.70999999999999996,0.71276036083181549,0.71276036083181549,1800,1800,1800,0,38,35,Topotecan–LUNG,5,False,Size-18 aggregate,-0.078149880002753316
CCLE_EXPERIMENT_A_FIXED_SCORE_ORIGINAL5,CCLE-65-Topotecan-LUNG,B100,HILL|EMAX|KMEANS,100,100,1,0.89053002200344511,0.95143565170222966,0.95024303193299375,0.060576971085247976,0.70999999999999996,0.71255713534478349,0.71255713534478327,1800,1800,1800,0,39,36,Topotecan–LUNG,5,False,Size-18 aggregate,0.033722190380497424
CCLE_EXPERIMENT_A_FIXED_SCORE_ORIGINAL5,CCLE-65-Topotecan-LUNG,B100,HILL|EMAX|WARD,100,100,1,0.88566892405880071,0.93769517308467076,0.93624956121284175,0.060576971085247976,0.67000000000000004,0.69803812588831238,0.69803812588831238,1800,1800,1800,0,48,42,Topotecan–LUNG,5,False,Size-18 aggregate,-0.029716464101736548
CCLE_EXPERIMENT_A_FIXED_SCORE_ORIGINAL5,CCLE-65-Topotecan-LUNG,B100,HILL|EMAX|TIED_GMM,100,100,1,0.86912177223638254,0.93280697000296275,0.93501492868639258,0.060576971085247976,0.46000000000000002,0.65150412840219696,0.65150412840219718,1800,1800,1800,0,74,58,Topotecan–LUNG,5,False,Size-18 aggregate,-0.064296132303843304
CCLE_EXPERIMENT_A_FIXED_SCORE_ORIGINAL5,CCLE-65-Topotecan-LUNG,B100,HILL|AUC|TERTILES,100,100,1,0.7571752057297636,0.96289488721298067,0.94203263634112855,0.060576971085247976,1,0.74453594007382407,0.74453594007382418,1800,1800,1800,0,17,16,Topotecan–LUNG,5,False,Size-18 aggregate,-0.1556700941910199
CCLE_EXPERIMENT_A_FIXED_SCORE_ORIGINAL5,CCLE-65-Topotecan-LUNG,B100,HILL|AUC|JENKS,100,100,1,0.89275864044361963,0.95231956723857736,0.94884262207763681,0.060576971085247976,0.78000000000000003,0.72689956016901647,0.72689956016901636,1800,1800,1800,0,23,21,Topotecan–LUNG,5,False,Size-18 aggregate,0.11293238892055406
CCLE_EXPERIMENT_A_FIXED_SCORE_ORIGINAL5,CCLE-65-Topotecan-LUNG,B100,HILL|AUC|KMEANS,100,100,1,0.89275864044361963,0.95223904634752687,0.94875869376201749,0.060576971085247976,0.78000000000000003,0.72686667032768237,0.72686667032768237,1800,1800,1800,0,24,22,Topotecan–LUNG,5,False,Size-18 aggregate,0.12511253222010854
CCLE_EXPERIMENT_A_FIXED_SCORE_ORIGINAL5,CCLE-65-Topotecan-LUNG,B100,HILL|AUC|WARD,100,100,1,0.88749425378185265,0.94202640879703059,0.94717754485928518,0.060576971085247976,0.75,0.71745503570468327,0.71745503570468316,1800,1800,1800,0,33,31,Topotecan–LUNG,5,False,Size-18 aggregate,-0.10591065785519561
CCLE_EXPERIMENT_A_FIXED_SCORE_ORIGINAL5,CCLE-65-Topotecan-LUNG,B100,HILL|AUC|TIED_GMM,100,100,1,0.87876535334091543,0.94022685903293979,0.94534124801819286,0.060576971085247976,0.59999999999999998,0.68498208629545909,0.68498208629545909,1800,1800,1800,0,51,44,Topotecan–LUNG,5,False,Size-18 aggregate,0.034481403649431037
CCLE_EXPERIMENT_A_FIXED_SCORE_ORIGINAL5,CCLE-65-Topotecan-LUNG,B100,LOGISTIC|IC50|TERTILES,100,35,0.34999999999999998,0.60144828242497173,0.9684191520353177,0.94161955565273214,0.026622151924661643,1,0.70762182840753651,0.24766763994263782,1800,630,630,0,43,73,Topotecan–LUNG,5,False,Size-18 aggregate,-0.12606446891232964
CCLE_EXPERIMENT_A_FIXED_SCORE_ORIGINAL5,CCLE-65-Topotecan-LUNG,B100,LOGISTIC|IC50|JENKS,100,35,0.34999999999999998,0.93759453072080889,0.94520314641563186,0.97594093640914859,0.026622151924661643,0.42857142857142855,0.6627864388083361,0.2319752535829176,1800,630,630,0,64,74,Topotecan–LUNG,5,False,Size-18 aggregate,0.087856823859702976
CCLE_EXPERIMENT_A_FIXED_SCORE_ORIGINAL5,CCLE-65-Topotecan-LUNG,B100,LOGISTIC|IC50|KMEANS,100,35,0.34999999999999998,0.93759453072080889,0.94492273600152166,0.97495602965540984,0.026622151924661643,0.42857142857142855,0.66253337537476631,0.23188668138116814,1800,630,630,0,65,75,Topotecan–LUNG,5,False,Size-18 aggregate,0.093920685857050296
CCLE_EXPERIMENT_A_FIXED_SCORE_ORIGINAL5,CCLE-65-Topotecan-LUNG,B100,LOGISTIC|IC50|WARD,100,35,0.34999999999999998,0.93479121067369964,0.93523815557660039,0.96021271806137309,0.026622151924661643,0.40000000000000002,0.65137284724726696,0.22798049653654343,1800,630,630,0,75,79,Topotecan–LUNG,5,False,Size-18 aggregate,0.097022593826293607
CCLE_EXPERIMENT_A_FIXED_SCORE_ORIGINAL5,CCLE-65-Topotecan-LUNG,B100,LOGISTIC|IC50|TIED_GMM,100,35,0.34999999999999998,0.92551526334528889,0.93768553149634604,0.97021239452911667,0.026622151924661643,0.25714285714285712,0.62343563968765425,0.21820247389067896,1800,630,630,0,81,81,Topotecan–LUNG,5,False,Size-18 aggregate,-0.15121769651566114
CCLE_EXPERIMENT_A_FIXED_SCORE_ORIGINAL5,CCLE-65-Topotecan-LUNG,B100,LOGISTIC|EC50|TERTILES,100,100,1,0.69076064812485682,0.96292341578550367,0.94046825271781953,0.025412774093276979,1,0.72391301814429143,0.72391301814429132,1800,1800,1800,0,25,23,Topotecan–LUNG,5,False,Size-18 aggregate,0.10649664333707108
CCLE_EXPERIMENT_A_FIXED_SCORE_ORIGINAL5,CCLE-65-Topotecan-LUNG,B100,LOGISTIC|EC50|JENKS,100,100,1,0.93162179707741644,0.95040521155331947,0.97280076020070372,0.025412774093276979,0.52000000000000002,0.68004810858494324,0.68004810858494336,1800,1800,1800,0,56,49,Topotecan–LUNG,5,False,Size-18 aggregate,-0.021464465004732942
CCLE_EXPERIMENT_A_FIXED_SCORE_ORIGINAL5,CCLE-65-Topotecan-LUNG,B100,LOGISTIC|EC50|KMEANS,100,100,1,0.93162179707741644,0.95041604325427342,0.97281536200101981,0.025412774093276979,0.52000000000000002,0.68005319528519725,0.68005319528519736,1800,1800,1800,0,55,48,Topotecan–LUNG,5,False,Size-18 aggregate,-0.013204098980222857
CCLE_EXPERIMENT_A_FIXED_SCORE_ORIGINAL5,CCLE-65-Topotecan-LUNG,B100,LOGISTIC|EC50|WARD,100,100,1,0.92594352405005187,0.93903257171752297,0.95697235435222072,0.025412774093276979,0.52000000000000002,0.67347224484261459,0.67347224484261448,1800,1800,1800,0,62,54,Topotecan–LUNG,5,False,Size-18 aggregate,-0.08789094520916485
CCLE_EXPERIMENT_A_FIXED_SCORE_ORIGINAL5,CCLE-65-Topotecan-LUNG,B100,LOGISTIC|EC50|TIED_GMM,100,100,1,0.92456792010420685,0.94673541098980873,0.97202545318796041,0.025412774093276979,0.42999999999999999,0.65974831167505055,0.65974831167505055,1800,1800,1800,0,68,56,Topotecan–LUNG,5,False,Size-18 aggregate,-0.04332959381009676
CCLE_EXPERIMENT_A_FIXED_SCORE_ORIGINAL5,CCLE-65-Topotecan-LUNG,B100,LOGISTIC|EMAX|TERTILES,100,100,1,0.71499532012647804,0.97113051803264494,0.93739614516044323,0.025412774093276979,1,0.72978695148256856,0.72978695148256856,1800,1800,1800,0,22,20,Topotecan–LUNG,5,False,Size-18 aggregate,-0.076523060555691608
CCLE_EXPERIMENT_A_FIXED_SCORE_ORIGINAL5,CCLE-65-Topotecan-LUNG,B100,LOGISTIC|EMAX|JENKS,100,100,1,0.88964104828796009,0.95011246461754173,0.94953588675009326,0.025412774093276979,0.72999999999999998,0.70894043474977442,0.70894043474977442,1800,1800,1800,0,41,38,Topotecan–LUNG,5,False,Size-18 aggregate,0.061657198421111621
CCLE_EXPERIMENT_A_FIXED_SCORE_ORIGINAL5,CCLE-65-Topotecan-LUNG,B100,LOGISTIC|EMAX|KMEANS,100,100,1,0.88964104828796009,0.95018087977051524,0.94991022547997328,0.025412774093276979,0.72999999999999998,0.70902898552634508,0.70902898552634508,1800,1800,1800,0,40,37,Topotecan–LUNG,5,False,Size-18 aggregate,0.023310994176033654
CCLE_EXPERIMENT_A_FIXED_SCORE_ORIGINAL5,CCLE-65-Topotecan-LUNG,B100,LOGISTIC|EMAX|WARD,100,100,1,0.88362629701916484,0.93598675421850019,0.93330916802777697,0.025412774093276979,0.67000000000000004,0.68966699867174397,0.68966699867174386,1800,1800,1800,0,50,43,Topotecan–LUNG,5,False,Size-18 aggregate,-0.078664399068491625
CCLE_EXPERIMENT_A_FIXED_SCORE_ORIGINAL5,CCLE-65-Topotecan-LUNG,B100,LOGISTIC|EMAX|TIED_GMM,100,100,1,0.86950742121244307,0.92741046843829988,0.92935946996617569,0.025412774093276979,0.44,0.6383380267420391,0.63833802674203921,1800,1800,1800,0,79,61,Topotecan–LUNG,5,False,Size-18 aggregate,-0.13170034072634307
CCLE_EXPERIMENT_A_FIXED_SCORE_ORIGINAL5,CCLE-65-Topotecan-LUNG,B100,LOGISTIC|AUC|TERTILES,100,100,1,0.75088304726145683,0.96394978068222548,0.94239948382062755,0.025412774093276979,1,0.73652901717151731,0.73652901717151731,1800,1800,1800,0,20,19,Topotecan–LUNG,5,False,Size-18 aggregate,0.031377705156658248
CCLE_EXPERIMENT_A_FIXED_SCORE_ORIGINAL5,CCLE-65-Topotecan-LUNG,B100,LOGISTIC|AUC|JENKS,100,100,1,0.891296060356356,0.95210088154814021,0.94539293212686493,0.025412774093276979,0.79000000000000004,0.72084052962492751,0.72084052962492762,1800,1800,1800,0,26,25,Topotecan–LUNG,5,False,Size-18 aggregate,0.055142059823298374
CCLE_EXPERIMENT_A_FIXED_SCORE_ORIGINAL5,CCLE-65-Topotecan-LUNG,B100,LOGISTIC|AUC|KMEANS,100,100,1,0.891296060356356,0.95207347839704715,0.94536088732712742,0.025412774093276979,0.79000000000000004,0.72082864003476133,0.72082864003476144,1800,1800,1800,0,27,26,Topotecan–LUNG,5,False,Size-18 aggregate,0.1375925677217526
CCLE_EXPERIMENT_A_FIXED_SCORE_ORIGINAL5,CCLE-65-Topotecan-LUNG,B100,LOGISTIC|AUC|WARD,100,100,1,0.88620620643792025,0.94032690296548649,0.93730909241090743,0.025412774093276979,0.75,0.70785099518151806,0.70785099518151806,1800,1800,1800,0,42,39,Topotecan–LUNG,5,False,Size-18 aggregate,0.011483798886529116
CCLE_EXPERIMENT_A_FIXED_SCORE_ORIGINAL5,CCLE-65-Topotecan-LUNG,B100,LOGISTIC|AUC|TIED_GMM,100,100,1,0.87582764755291986,0.94113692276553718,0.95143661651122824,0.025412774093276979,0.54000000000000004,0.66676279218459245,0.66676279218459245,1800,1800,1800,0,63,55,Topotecan–LUNG,5,False,Size-18 aggregate,-0.15251671150152496
CCLE_EXPERIMENT_A_FIXED_SCORE_ORIGINAL5,CCLE-65-Topotecan-LUNG,B100,WEIBULL|IC50|TERTILES,100,40,0.40000000000000002,0.62741674912438605,0.96397484450947013,0.93971054941592203,0.035834893396702844,1,0.71338740728929617,0.28535496291571844,1800,720,720,0,36,67,Topotecan–LUNG,5,False,Size-18 aggregate,-0.060621252856361975
CCLE_EXPERIMENT_A_FIXED_SCORE_ORIGINAL5,CCLE-65-Topotecan-LUNG,B100,WEIBULL|IC50|JENKS,100,40,0.40000000000000002,0.9320241589902819,0.94466528793903104,0.9680003087811635,0.035834893396702844,0.42499999999999999,0.66110492982143587,0.26444197192857433,1800,720,720,0,66,68,Topotecan–LUNG,5,False,Size-18 aggregate,-0.00684737827788279
CCLE_EXPERIMENT_A_FIXED_SCORE_ORIGINAL5,CCLE-65-Topotecan-LUNG,B100,WEIBULL|IC50|KMEANS,100,40,0.40000000000000002,0.9320241589902819,0.94396209556120658,0.96747870952762116,0.035834893396702844,0.42499999999999999,0.66085997149516251,0.26434398859806502,1800,720,720,0,67,69,Topotecan–LUNG,5,False,Size-18 aggregate,-0.11186317167055401
CCLE_EXPERIMENT_A_FIXED_SCORE_ORIGINAL5,CCLE-65-Topotecan-LUNG,B100,WEIBULL|IC50|WARD,100,40,0.40000000000000002,0.92762688633691082,0.93518494998739998,0.95070419952064911,0.035834893396702844,0.42499999999999999,0.65487018584833245,0.26194807433933298,1800,720,720,0,72,70,Topotecan–LUNG,5,False,Size-18 aggregate,0.089592029212413354
CCLE_EXPERIMENT_A_FIXED_SCORE_ORIGINAL5,CCLE-65-Topotecan-LUNG,B100,WEIBULL|IC50|TIED_GMM,100,40,0.40000000000000002,0.92528998483852765,0.94275223058012936,0.96674154560334702,0.035834893396702844,0.29999999999999999,0.63412373088374141,0.25364949235349654,1800,720,720,0,80,71,Topotecan–LUNG,5,False,Size-18 aggregate,-0.080317721273824041
CCLE_EXPERIMENT_A_FIXED_SCORE_ORIGINAL5,CCLE-65-Topotecan-LUNG,B100,WEIBULL|EC50|TERTILES,100,100,1,0.66808126964380488,0.96503563960686578,0.9349271271766938,0.034688919907620346,1,0.72054659126699705,0.72054659126699694,1800,1800,1800,0,28,27,Topotecan–LUNG,5,False,Size-18 aggregate,-0.013792408298187056
CCLE_EXPERIMENT_A_FIXED_SCORE_ORIGINAL5,CCLE-65-Topotecan-LUNG,B100,WEIBULL|EC50|JENKS,100,100,1,0.92896109917955416,0.94767171719641152,0.96716008295687073,0.034688919907620346,0.51000000000000001,0.67769636384809118,0.67769636384809129,1800,1800,1800,0,58,50,Topotecan–LUNG,5,False,Size-18 aggregate,0.12782004676009995
CCLE_EXPERIMENT_A_FIXED_SCORE_ORIGINAL5,CCLE-65-Topotecan-LUNG,B100,WEIBULL|EC50|KMEANS,100,100,1,0.92896109917955416,0.94756063268535806,0.96709442424028103,0.034688919907620346,0.51000000000000001,0.67766101520256261,0.67766101520256272,1800,1800,1800,0,59,51,Topotecan–LUNG,5,False,Size-18 aggregate,0.10143603122360911
CCLE_EXPERIMENT_A_FIXED_SCORE_ORIGINAL5,CCLE-65-Topotecan-LUNG,B100,WEIBULL|EC50|WARD,100,100,1,0.92319912399204018,0.93842282643052255,0.95821685833870784,0.034688919907620346,0.52000000000000002,0.67490554573377826,0.67490554573377826,1800,1800,1800,0,61,53,Topotecan–LUNG,5,False,Size-18 aggregate,0.12223911403730491
CCLE_EXPERIMENT_A_FIXED_SCORE_ORIGINAL5,CCLE-65-Topotecan-LUNG,B100,WEIBULL|EC50|TIED_GMM,100,100,1,0.92020699478872359,0.93724589729783536,0.96092453892627272,0.034688919907620346,0.34999999999999998,0.64061327018409064,0.64061327018409042,1800,1800,1794,6,77,59,Topotecan–LUNG,5,False,Size-18 aggregate,-0.09870032323959757
CCLE_EXPERIMENT_A_FIXED_SCORE_ORIGINAL5,CCLE-65-Topotecan-LUNG,B100,WEIBULL|EMAX|TERTILES,100,99,0.98999999999999999,0.71139260606163879,0.96716005283922013,0.93638972876407867,0.034719399409738796,1,0.72993235741493523,0.72263303384078592,1800,1782,1776,6,21,24,Topotecan–LUNG,5,False,Size-18 aggregate,0.05461830829610545
CCLE_EXPERIMENT_A_FIXED_SCORE_ORIGINAL5,CCLE-65-Topotecan-LUNG,B100,WEIBULL|EMAX|JENKS,100,100,1,0.88651187873467063,0.94904540519994318,0.94974774289055153,0.034688919907620346,0.75,0.71399878934655714,0.71399878934655703,1800,1800,1800,0,34,32,Topotecan–LUNG,5,False,Size-18 aggregate,-0.086128221286024959
CCLE_EXPERIMENT_A_FIXED_SCORE_ORIGINAL5,CCLE-65-Topotecan-LUNG,B100,WEIBULL|EMAX|KMEANS,100,100,1,0.8864974175882806,0.94901482983241015,0.94924700784074889,0.034688919907620346,0.75,0.71388963503381186,0.71388963503381186,1800,1800,1800,0,35,33,Topotecan–LUNG,5,False,Size-18 aggregate,-0.10477093076910148
CCLE_EXPERIMENT_A_FIXED_SCORE_ORIGINAL5,CCLE-65-Topotecan-LUNG,B100,WEIBULL|EMAX|WARD,100,100,1,0.88170368345774297,0.94169640017612499,0.94316608760797027,0.034688919907620346,0.71999999999999997,0.70425101822989178,0.70425101822989178,1800,1800,1800,0,44,40,Topotecan–LUNG,5,False,Size-18 aggregate,0.05600848709605831
CCLE_EXPERIMENT_A_FIXED_SCORE_ORIGINAL5,CCLE-65-Topotecan-LUNG,B100,WEIBULL|EMAX|TIED_GMM,100,100,1,0.86039591512954106,0.92627903653632737,0.93100724615417429,0.034688919907620346,0.45000000000000001,0.64047422354553274,0.64047422354553263,1800,1800,1797,3,78,60,Topotecan–LUNG,5,False,Size-18 aggregate,-0.031893207922552999
CCLE_EXPERIMENT_A_FIXED_SCORE_ORIGINAL5,CCLE-65-Topotecan-LUNG,B100,WEIBULL|AUC|TERTILES,100,100,1,0.75478566439056449,0.96359932828651962,0.94208161336064267,0.034688919907620346,1,0.73903110518906956,0.73903110518906945,1800,1800,1800,0,18,17,Topotecan–LUNG,5,False,Size-18 aggregate,0.078939058314761862
CCLE_EXPERIMENT_A_FIXED_SCORE_ORIGINAL5,CCLE-65-Topotecan-LUNG,B100,WEIBULL|AUC|JENKS,100,100,1,0.89218926349837713,0.95300536300291483,0.94867113095497979,0.034688919907620346,0.77000000000000002,0.71971093547277831,0.71971093547277842,1800,1800,1800,0,30,29,Topotecan–LUNG,5,False,Size-18 aggregate,0.095717941284114011
CCLE_EXPERIMENT_A_FIXED_SCORE_ORIGINAL5,CCLE-65-Topotecan-LUNG,B100,WEIBULL|AUC|KMEANS,100,100,1,0.89218926349837713,0.95295726176740359,0.94858243137099496,0.034688919907620346,0.77000000000000002,0.71968357530887916,0.71968357530887928,1800,1800,1800,0,31,30,Topotecan–LUNG,5,False,Size-18 aggregate,0.15225269175885539
CCLE_EXPERIMENT_A_FIXED_SCORE_ORIGINAL5,CCLE-65-Topotecan-LUNG,B100,WEIBULL|AUC|WARD,100,100,1,0.88533774736656123,0.93850416181360174,0.93815919782388435,0.034688919907620346,0.70999999999999996,0.70133800538233348,0.7013380053823336,1800,1800,1800,0,46,41,Topotecan–LUNG,5,False,Size-18 aggregate,-0.14901400066656387
CCLE_EXPERIMENT_A_FIXED_SCORE_ORIGINAL5,CCLE-65-Topotecan-LUNG,B100,WEIBULL|AUC|TIED_GMM,100,100,1,0.87827968184980909,0.93665004392002982,0.93715462236959424,0.034688919907620346,0.62,0.68135465360941072,0.68135465360941072,1800,1800,1800,0,54,47,Topotecan–LUNG,5,False,Size-18 aggregate,0.0458251577349904
CCLE_EXPERIMENT_A_FIXED_SCORE_ORIGINAL5,CCLE-51-PLX4720-SKIN,B100,TRIOS,100,100,1,0.89698588990506278,0.96641791268917143,0.96616416168579733,0.55874747233888522,1,0.87766308732378318,0.8776630873237834,1800,1800,1800,0,1,1,PLX4720–SKIN,6,False,Size-18 aggregate,0
CCLE_EXPERIMENT_A_FIXED_SCORE_ORIGINAL5,CCLE-51-PLX4720-SKIN,B100,EMAX|IC50|TERTILES,100,0,0,,,,,,,0,1800,0,0,0,,62,PLX4720–SKIN,6,False,Size-18 aggregate,0.15002328447765284
CCLE_EXPERIMENT_A_FIXED_SCORE_ORIGINAL5,CCLE-51-PLX4720-SKIN,B100,EMAX|IC50|JENKS,100,0,0,,,,,,,0,1800,0,0,0,,62,PLX4720–SKIN,6,False,Size-18 aggregate,-0.020393681270162035
CCLE_EXPERIMENT_A_FIXED_SCORE_ORIGINAL5,CCLE-51-PLX4720-SKIN,B100,EMAX|IC50|KMEANS,100,0,0,,,,,,,0,1800,0,0,0,,62,PLX4720–SKIN,6,False,Size-18 aggregate,-0.076762269119909562
CCLE_EXPERIMENT_A_FIXED_SCORE_ORIGINAL5,CCLE-51-PLX4720-SKIN,B100,EMAX|IC50|WARD,100,0,0,,,,,,,0,1800,0,0,0,,62,PLX4720–SKIN,6,False,Size-18 aggregate,-0.096790190249865446
CCLE_EXPERIMENT_A_FIXED_SCORE_ORIGINAL5,CCLE-51-PLX4720-SKIN,B100,EMAX|IC50|TIED_GMM,100,0,0,,,,,,,0,1800,0,0,0,,62,PLX4720–SKIN,6,False,Size-18 aggregate,-0.065985645704433701
CCLE_EXPERIMENT_A_FIXED_SCORE_ORIGINAL5,CCLE-51-PLX4720-SKIN,B100,EMAX|EC50|TERTILES,100,100,1,0.77200442612654396,0.93601254107568921,0.94431438925026456,0.29934743282853377,1,0.79033575785620647,0.79033575785620624,1800,1800,1800,0,13,13,PLX4720–SKIN,6,False,Size-18 aggregate,-0.077375214006140641
CCLE_EXPERIMENT_A_FIXED_SCORE_ORIGINAL5,CCLE-51-PLX4720-SKIN,B100,EMAX|EC50|JENKS,100,100,1,0.95846548106791984,0.96933292470032095,0.96423569010355015,0.29934743282853377,0.94999999999999996,0.82827630574006494,0.82827630574006494,1800,1800,1800,0,3,3,PLX4720–SKIN,6,False,Size-18 aggregate,-0.0086425236260151729
CCLE_EXPERIMENT_A_FIXED_SCORE_ORIGINAL5,CCLE-51-PLX4720-SKIN,B100,EMAX|EC50|KMEANS,100,100,1,0.95846548106791984,0.96953082353909348,0.96462270138312844,0.29934743282853377,0.94999999999999996,0.82839328776373511,0.82839328776373511,1800,1800,1800,0,2,2,PLX4720–SKIN,6,True,Size-18 aggregate,0.083578455951898015
CCLE_EXPERIMENT_A_FIXED_SCORE_ORIGINAL5,CCLE-51-PLX4720-SKIN,B100,EMAX|EC50|WARD,100,100,1,0.9568685079330238,0.96275996431158206,0.95623448929428501,0.29934743282853377,0.94999999999999996,0.82504207887348491,0.82504207887348491,1800,1800,1800,0,4,4,PLX4720–SKIN,6,False,Size-18 aggregate,-0.02003163625021271
CCLE_EXPERIMENT_A_FIXED_SCORE_ORIGINAL5,CCLE-51-PLX4720-SKIN,B100,EMAX|EC50|TIED_GMM,100,100,1,0.94909587921736749,0.94551603764370318,0.95989610313114115,0.29934743282853377,0.63,0.75677109056414915,0.75677109056414904,1800,1800,1795,5,33,33,PLX4720–SKIN,6,False,Size-18 aggregate,-0.04601316114096278
CCLE_EXPERIMENT_A_FIXED_SCORE_ORIGINAL5,CCLE-51-PLX4720-SKIN,B100,EMAX|EMAX|TERTILES,100,100,1,0.77247007475990292,0.97201941501664235,0.944664911056592,0.29934743282853377,1,0.79770036673233424,0.79770036673233424,1800,1800,1800,0,11,11,PLX4720–SKIN,6,False,Size-18 aggregate,-0.15453466050199574
CCLE_EXPERIMENT_A_FIXED_SCORE_ORIGINAL5,CCLE-51-PLX4720-SKIN,B100,EMAX|EMAX|JENKS,100,100,1,0.89345132980090458,0.9653732323213694,0.95446524086070339,0.29934743282853377,0.92000000000000004,0.80652744716230229,0.80652744716230229,1800,1800,1800,0,9,9,PLX4720–SKIN,6,False,Size-18 aggregate,-0.03387887392981883
CCLE_EXPERIMENT_A_FIXED_SCORE_ORIGINAL5,CCLE-51-PLX4720-SKIN,B100,EMAX|EMAX|KMEANS,100,100,1,0.89345132980090458,0.96533674841083406,0.95445069136030769,0.29934743282853377,0.92000000000000004,0.80651724048011597,0.80651724048011597,1800,1800,1800,0,10,10,PLX4720–SKIN,6,False,Size-18 aggregate,0.15653882130899907
CCLE_EXPERIMENT_A_FIXED_SCORE_ORIGINAL5,CCLE-51-PLX4720-SKIN,B100,EMAX|EMAX|WARD,100,100,1,0.8869335989802013,0.94950849293912598,0.94071716720125975,0.29934743282853377,0.90000000000000002,0.7953013383898242,0.7953013383898242,1800,1800,1800,0,12,12,PLX4720–SKIN,6,False,Size-18 aggregate,-0.1108451401327842
CCLE_EXPERIMENT_A_FIXED_SCORE_ORIGINAL5,CCLE-51-PLX4720-SKIN,B100,EMAX|EMAX|TIED_GMM,100,100,1,0.88534906534654367,0.96101115996266584,0.94936450060002842,0.29934743282853377,0.83999999999999997,0.78701443174755426,0.78701443174755426,1800,1800,1800,0,14,14,PLX4720–SKIN,6,False,Size-18 aggregate,0.127732443951008
CCLE_EXPERIMENT_A_FIXED_SCORE_ORIGINAL5,CCLE-51-PLX4720-SKIN,B100,EMAX|AUC|TERTILES,100,100,1,0.85263164378118061,0.96494820766355827,0.94367864833029502,0.29934743282853377,1,0.81212118652071363,0.81212118652071352,1800,1800,1800,0,8,8,PLX4720–SKIN,6,False,Size-18 aggregate,0.072186619320927792
CCLE_EXPERIMENT_A_FIXED_SCORE_ORIGINAL5,CCLE-51-PLX4720-SKIN,B100,EMAX|AUC|JENKS,100,100,1,0.89444190016149472,0.94819900431711035,0.94419984830845594,0.29934743282853377,1,0.81723763712311881,0.81723763712311892,1800,1800,1800,0,6,6,PLX4720–SKIN,6,False,Size-18 aggregate,-0.096208283662844507
CCLE_EXPERIMENT_A_FIXED_SCORE_ORIGINAL5,CCLE-51-PLX4720-SKIN,B100,EMAX|AUC|KMEANS,100,100,1,0.89444190016149472,0.94819900431711035,0.94419984830845594,0.29934743282853377,1,0.81723763712311881,0.81723763712311892,1800,1800,1800,0,6,6,PLX4720–SKIN,6,False,Size-18 aggregate,-0.12576103097893321
CCLE_EXPERIMENT_A_FIXED_SCORE_ORIGINAL5,CCLE-51-PLX4720-SKIN,B100,EMAX|AUC|WARD,100,100,1,0.89208107091681543,0.9495387680992734,0.95396389634535339,0.29934743282853377,1,0.81898623363799516,0.81898623363799516,1800,1800,1800,0,5,5,PLX4720–SKIN,6,False,Size-18 aggregate,-0.062446849770482357
CCLE_EXPERIMENT_A_FIXED_SCORE_ORIGINAL5,CCLE-51-PLX4720-SKIN,B100,EMAX|AUC|TIED_GMM,100,100,1,0.88560530685231187,0.93978878832083534,0.93446684919349954,0.29934743282853377,0.87,0.78584167543903605,0.78584167543903605,1800,1800,1800,0,15,15,PLX4720–SKIN,6,False,Size-18 aggregate,0.047621722120703612
CCLE_EXPERIMENT_A_FIXED_SCORE_ORIGINAL5,CCLE-51-PLX4720-SKIN,B100,HILL|IC50|TERTILES,100,0,0,,,,,,,0,1800,0,0,0,,62,PLX4720–SKIN,6,False,Size-18 aggregate,-0.10311762905286571
CCLE_EXPERIMENT_A_FIXED_SCORE_ORIGINAL5,CCLE-51-PLX4720-SKIN,B100,HILL|IC50|JENKS,100,0,0,,,,,,,0,1800,0,0,0,,62,PLX4720–SKIN,6,False,Size-18 aggregate,0.10617221175371022
CCLE_EXPERIMENT_A_FIXED_SCORE_ORIGINAL5,CCLE-51-PLX4720-SKIN,B100,HILL|IC50|KMEANS,100,0,0,,,,,,,0,1800,0,0,0,,62,PLX4720–SKIN,6,False,Size-18 aggregate,0.024909779994029047
CCLE_EXPERIMENT_A_FIXED_SCORE_ORIGINAL5,CCLE-51-PLX4720-SKIN,B100,HILL|IC50|WARD,100,0,0,,,,,,,0,1800,0,0,0,,62,PLX4720–SKIN,6,False,Size-18 aggregate,0.070586614140911622
CCLE_EXPERIMENT_A_FIXED_SCORE_ORIGINAL5,CCLE-51-PLX4720-SKIN,B100,HILL|IC50|TIED_GMM,100,0,0,,,,,,,0,1800,0,0,0,,62,PLX4720–SKIN,6,False,Size-18 aggregate,0.14889718711117683
CCLE_EXPERIMENT_A_FIXED_SCORE_ORIGINAL5,CCLE-51-PLX4720-SKIN,B100,HILL|EC50|TERTILES,100,100,1,0.57879040318446195,0.9631264957542327,0.93856967296135396,0.065836898248008466,1,0.70926469402961145,0.70926469402961145,1800,1800,1800,0,55,55,PLX4720–SKIN,6,False,Size-18 aggregate,0.14746822312182473
CCLE_EXPERIMENT_A_FIXED_SCORE_ORIGINAL5,CCLE-51-PLX4720-SKIN,B100,HILL|EC50|JENKS,100,100,1,0.9672713410457261,0.96191826147171833,0.98692606806782579,0.065836898248008466,0.68000000000000005,0.73239051376665554,0.73239051376665576,1800,1800,1800,0,47,47,PLX4720–SKIN,6,False,Size-18 aggregate,0.12968838296124907
CCLE_EXPERIMENT_A_FIXED_SCORE_ORIGINAL5,CCLE-51-PLX4720-SKIN,B100,HILL|EC50|KMEANS,100,100,1,0.9672713410457261,0.96188023800085343,0.98719335616538362,0.065836898248008466,0.68000000000000005,0.7324363666919943,0.7324363666919943,1800,1800,1800,0,46,46,PLX4720–SKIN,6,False,Size-18 aggregate,-0.060861685103937441
CCLE_EXPERIMENT_A_FIXED_SCORE_ORIGINAL5,CCLE-51-PLX4720-SKIN,B100,HILL|EC50|WARD,100,100,1,0.9670071821909495,0.96116086171184067,0.98576248615684126,0.065836898248008466,0.66000000000000003,0.72795348566152784,0.72795348566152795,1800,1800,1800,0,49,49,PLX4720–SKIN,6,False,Size-18 aggregate,0.11436408190856781
CCLE_EXPERIMENT_A_FIXED_SCORE_ORIGINAL5,CCLE-51-PLX4720-SKIN,B100,HILL|EC50|TIED_GMM,100,100,1,0.96651140589403828,0.96648181739807015,0.99496510102965663,0.065836898248008466,0.62,0.72275904451395467,0.72275904451395478,1800,1800,1800,0,53,53,PLX4720–SKIN,6,False,Size-18 aggregate,-0.15712456956438828
CCLE_EXPERIMENT_A_FIXED_SCORE_ORIGINAL5,CCLE-51-PLX4720-SKIN,B100,HILL|EMAX|TERTILES,100,100,1,0.76997031230234958,0.97045652149903461,0.94322248981521073,0.065836898248008466,1,0.74989724437292049,0.74989724437292071,1800,1800,1800,0,38,38,PLX4720–SKIN,6,False,Size-18 aggregate,0.1335559467164697
CCLE_EXPERIMENT_A_FIXED_SCORE_ORIGINAL5,CCLE-51-PLX4720-SKIN,B100,HILL|EMAX|JENKS,100,100,1,0.90547265006597899,0.96530508620065025,0.95347321908742222,0.065836898248008466,0.95999999999999996,0.7700175707204121,0.77001757072041199,1800,1800,1800,0,16,16,PLX4720–SKIN,6,False,Size-18 aggregate,-0.078149880002753316
CCLE_EXPERIMENT_A_FIXED_SCORE_ORIGINAL5,CCLE-51-PLX4720-SKIN,B100,HILL|EMAX|KMEANS,100,100,1,0.90547265006597899,0.96522457180721688,0.95344594979652897,0.065836898248008466,0.95999999999999996,0.76999601398354689,0.76999601398354656,1800,1800,1800,0,17,17,PLX4720–SKIN,6,False,Size-18 aggregate,0.033722190380497424
CCLE_EXPERIMENT_A_FIXED_SCORE_ORIGINAL5,CCLE-51-PLX4720-SKIN,B100,HILL|EMAX|WARD,100,100,1,0.89693611319622324,0.94901962003991747,0.94255031311631432,0.065836898248008466,0.91000000000000003,0.75286858892009267,0.75286858892009278,1800,1800,1800,0,35,35,PLX4720–SKIN,6,False,Size-18 aggregate,-0.029716464101736548
CCLE_EXPERIMENT_A_FIXED_SCORE_ORIGINAL5,CCLE-51-PLX4720-SKIN,B100,HILL|EMAX|TIED_GMM,100,100,1,0.90120418436036998,0.96224732416896419,0.96188406732269838,0.065836898248008466,0.84999999999999998,0.74823449482000837,0.74823449482000826,1800,1800,1800,0,42,42,PLX4720–SKIN,6,False,Size-18 aggregate,-0.064296132303843304
CCLE_EXPERIMENT_A_FIXED_SCORE_ORIGINAL5,CCLE-51-PLX4720-SKIN,B100,HILL|AUC|TERTILES,100,100,1,0.84398812605835749,0.96642630309260924,0.93986516314419277,0.065836898248008466,1,0.76322329810863354,0.76322329810863354,1800,1800,1800,0,22,22,PLX4720–SKIN,6,False,Size-18 aggregate,-0.1556700941910199
CCLE_EXPERIMENT_A_FIXED_SCORE_ORIGINAL5,CCLE-51-PLX4720-SKIN,B100,HILL|AUC|JENKS,100,100,1,0.8872843354957145,0.94915543981055461,0.93778486318299759,0.065836898248008466,1,0.76801230734745507,0.76801230734745507,1800,1800,1800,0,18,18,PLX4720–SKIN,6,False,Size-18 aggregate,0.11293238892055406
CCLE_EXPERIMENT_A_FIXED_SCORE_ORIGINAL5,CCLE-51-PLX4720-SKIN,B100,HILL|AUC|KMEANS,100,100,1,0.8872843354957145,0.94912299912489273,0.93740614289766511,0.065836898248008466,1,0.76793007515325618,0.76793007515325618,1800,1800,1800,0,19,19,PLX4720–SKIN,6,False,Size-18 aggregate,0.12511253222010854
CCLE_EXPERIMENT_A_FIXED_SCORE_ORIGINAL5,CCLE-51-PLX4720-SKIN,B100,HILL|AUC|WARD,100,100,1,0.87856676522238719,0.92962976282039833,0.91867176566187625,0.065836898248008466,1,0.75854103839053411,0.75854103839053399,1800,1800,1800,0,30,30,PLX4720–SKIN,6,False,Size-18 aggregate,-0.10591065785519561
CCLE_EXPERIMENT_A_FIXED_SCORE_ORIGINAL5,CCLE-51-PLX4720-SKIN,B100,HILL|AUC|TIED_GMM,100,100,1,0.88032591706510899,0.95089082941265834,0.93182157826207745,0.065836898248008466,0.96999999999999997,0.75977504459757061,0.75977504459757073,1800,1800,1800,0,27,27,PLX4720–SKIN,6,False,Size-18 aggregate,0.034481403649431037
CCLE_EXPERIMENT_A_FIXED_SCORE_ORIGINAL5,CCLE-51-PLX4720-SKIN,B100,LOGISTIC|IC50|TERTILES,100,0,0,,,,,,,0,1800,0,0,0,,62,PLX4720–SKIN,6,False,Size-18 aggregate,-0.12606446891232964
CCLE_EXPERIMENT_A_FIXED_SCORE_ORIGINAL5,CCLE-51-PLX4720-SKIN,B100,LOGISTIC|IC50|JENKS,100,0,0,,,,,,,0,1800,0,0,0,,62,PLX4720–SKIN,6,False,Size-18 aggregate,0.087856823859702976
CCLE_EXPERIMENT_A_FIXED_SCORE_ORIGINAL5,CCLE-51-PLX4720-SKIN,B100,LOGISTIC|IC50|KMEANS,100,0,0,,,,,,,0,1800,0,0,0,,62,PLX4720–SKIN,6,False,Size-18 aggregate,0.093920685857050296
CCLE_EXPERIMENT_A_FIXED_SCORE_ORIGINAL5,CCLE-51-PLX4720-SKIN,B100,LOGISTIC|IC50|WARD,100,0,0,,,,,,,0,1800,0,0,0,,62,PLX4720–SKIN,6,False,Size-18 aggregate,0.097022593826293607
CCLE_EXPERIMENT_A_FIXED_SCORE_ORIGINAL5,CCLE-51-PLX4720-SKIN,B100,LOGISTIC|IC50|TIED_GMM,100,0,0,,,,,,,0,1800,0,0,0,,62,PLX4720–SKIN,6,False,Size-18 aggregate,-0.15121769651566114
CCLE_EXPERIMENT_A_FIXED_SCORE_ORIGINAL5,CCLE-51-PLX4720-SKIN,B100,LOGISTIC|EC50|TERTILES,100,100,1,0.58708248581205713,0.96559046336903076,0.94323881548838207,0.03451693010684298,1,0.7060857389552625,0.70608573895526261,1800,1800,1800,0,57,57,PLX4720–SKIN,6,False,Size-18 aggregate,0.10649664333707108
CCLE_EXPERIMENT_A_FIXED_SCORE_ORIGINAL5,CCLE-51-PLX4720-SKIN,B100,LOGISTIC|EC50|JENKS,100,100,1,0.94400598291556104,0.94684891452803388,0.97615397495999234,0.03451693010684298,0.47999999999999998,0.67630516050208611,0.676305160502086,1800,1800,1800,0,59,59,PLX4720–SKIN,6,False,Size-18 aggregate,-0.021464465004732942
CCLE_EXPERIMENT_A_FIXED_SCORE_ORIGINAL5,CCLE-51-PLX4720-SKIN,B100,LOGISTIC|EC50|KMEANS,100,100,1,0.94399947836173748,0.94631669393156703,0.97605293171956675,0.03451693010684298,0.47999999999999998,0.67617720682394289,0.67617720682394278,1800,1800,1800,0,60,60,PLX4720–SKIN,6,False,Size-18 aggregate,-0.013204098980222857
CCLE_EXPERIMENT_A_FIXED_SCORE_ORIGINAL5,CCLE-51-PLX4720-SKIN,B100,LOGISTIC|EC50|WARD,100,100,1,0.94245928556729464,0.94003967368902774,0.96902870915128003,0.03451693010684298,0.5,0.67720891970288899,0.67720891970288899,1800,1800,1800,0,58,58,PLX4720–SKIN,6,False,Size-18 aggregate,-0.08789094520916485
CCLE_EXPERIMENT_A_FIXED_SCORE_ORIGINAL5,CCLE-51-PLX4720-SKIN,B100,LOGISTIC|EC50|TIED_GMM,100,100,1,0.94091568911476686,0.95108121521859157,0.98707672572722815,0.03451693010684298,0.40000000000000002,0.66271811203348574,0.66271811203348574,1800,1800,1800,0,61,61,PLX4720–SKIN,6,False,Size-18 aggregate,-0.04332959381009676
CCLE_EXPERIMENT_A_FIXED_SCORE_ORIGINAL5,CCLE-51-PLX4720-SKIN,B100,LOGISTIC|EMAX|TERTILES,100,100,1,0.75668700811194201,0.97158649272572051,0.94325514116155351,0.03451693010684298,1,0.74120911442121196,0.74120911442121185,1800,1800,1800,0,45,45,PLX4720–SKIN,6,False,Size-18 aggregate,-0.076523060555691608
CCLE_EXPERIMENT_A_FIXED_SCORE_ORIGINAL5,CCLE-51-PLX4720-SKIN,B100,LOGISTIC|EMAX|JENKS,100,100,1,0.90296780738597437,0.96334386507187697,0.95504697612505973,0.03451693010684298,0.95999999999999996,0.76317511573795072,0.76317511573795072,1800,1800,1800,0,23,23,PLX4720–SKIN,6,False,Size-18 aggregate,0.061657198421111621
CCLE_EXPERIMENT_A_FIXED_SCORE_ORIGINAL5,CCLE-51-PLX4720-SKIN,B100,LOGISTIC|EMAX|KMEANS,100,100,1,0.90296780738597437,0.9633404239448522,0.95504697612505973,0.03451693010684298,0.95999999999999996,0.76317442751254572,0.76317442751254594,1800,1800,1800,0,24,24,PLX4720–SKIN,6,False,Size-18 aggregate,0.023310994176033654
CCLE_EXPERIMENT_A_FIXED_SCORE_ORIGINAL5,CCLE-51-PLX4720-SKIN,B100,LOGISTIC|EMAX|WARD,100,100,1,0.89657167570831997,0.9501645122153286,0.93677989822601815,0.03451693010684298,0.93000000000000005,0.74960660325130191,0.74960660325130191,1800,1800,1800,0,39,39,PLX4720–SKIN,6,False,Size-18 aggregate,-0.078664399068491625
CCLE_EXPERIMENT_A_FIXED_SCORE_ORIGINAL5,CCLE-51-PLX4720-SKIN,B100,LOGISTIC|EMAX|TIED_GMM,100,100,1,0.89506489645471432,0.95669496557193512,0.95449458054240433,0.03451693010684298,0.81999999999999995,0.73215427453517934,0.73215427453517934,1800,1800,1800,0,48,48,PLX4720–SKIN,6,False,Size-18 aggregate,-0.13170034072634307
CCLE_EXPERIMENT_A_FIXED_SCORE_ORIGINAL5,CCLE-51-PLX4720-SKIN,B100,LOGISTIC|AUC|TERTILES,100,100,1,0.84321680362971008,0.96526653309790345,0.94349138325568105,0.03451693010684298,1,0.75729833001802793,0.7572983300180276,1800,1800,1800,0,32,32,PLX4720–SKIN,6,False,Size-18 aggregate,0.031377705156658248
CCLE_EXPERIMENT_A_FIXED_SCORE_ORIGINAL5,CCLE-51-PLX4720-SKIN,B100,LOGISTIC|AUC|JENKS,100,100,1,0.88852586490023189,0.95334974266612948,0.94157913392970261,0.03451693010684298,0.97999999999999998,0.75959433432058121,0.75959433432058132,1800,1800,1800,0,28,28,PLX4720–SKIN,6,False,Size-18 aggregate,0.055142059823298374
CCLE_EXPERIMENT_A_FIXED_SCORE_ORIGINAL5,CCLE-51-PLX4720-SKIN,B100,LOGISTIC|AUC|KMEANS,100,100,1,0.88852586490023189,0.95334974266612948,0.94157913392970261,0.03451693010684298,0.97999999999999998,0.75959433432058121,0.75959433432058132,1800,1800,1800,0,28,28,PLX4720–SKIN,6,False,Size-18 aggregate,0.1375925677217526
CCLE_EXPERIMENT_A_FIXED_SCORE_ORIGINAL5,CCLE-51-PLX4720-SKIN,B100,LOGISTIC|AUC|WARD,100,100,1,0.87978136907706495,0.9332310905518123,0.92915731627956022,0.03451693010684298,0.97999999999999998,0.75133734120305606,0.75133734120305606,1800,1800,1800,0,37,37,PLX4720–SKIN,6,False,Size-18 aggregate,0.011483798886529116
CCLE_EXPERIMENT_A_FIXED_SCORE_ORIGINAL5,CCLE-51-PLX4720-SKIN,B100,LOGISTIC|AUC|TIED_GMM,100,100,1,0.8809314247962412,0.94959640769329523,0.92891321946008942,0.03451693010684298,0.94999999999999996,0.74879159641129367,0.74879159641129378,1800,1800,1800,0,41,41,PLX4720–SKIN,6,False,Size-18 aggregate,-0.15251671150152496
CCLE_EXPERIMENT_A_FIXED_SCORE_ORIGINAL5,CCLE-51-PLX4720-SKIN,B100,WEIBULL|IC50|TERTILES,100,0,0,,,,,,,0,1800,0,0,0,,62,PLX4720–SKIN,6,False,Size-18 aggregate,-0.060621252856361975
CCLE_EXPERIMENT_A_FIXED_SCORE_ORIGINAL5,CCLE-51-PLX4720-SKIN,B100,WEIBULL|IC50|JENKS,100,0,0,,,,,,,0,1800,0,0,0,,62,PLX4720–SKIN,6,False,Size-18 aggregate,-0.00684737827788279
CCLE_EXPERIMENT_A_FIXED_SCORE_ORIGINAL5,CCLE-51-PLX4720-SKIN,B100,WEIBULL|IC50|KMEANS,100,0,0,,,,,,,0,1800,0,0,0,,62,PLX4720–SKIN,6,False,Size-18 aggregate,-0.11186317167055401
CCLE_EXPERIMENT_A_FIXED_SCORE_ORIGINAL5,CCLE-51-PLX4720-SKIN,B100,WEIBULL|IC50|WARD,100,0,0,,,,,,,0,1800,0,0,0,,62,PLX4720–SKIN,6,False,Size-18 aggregate,0.089592029212413354
CCLE_EXPERIMENT_A_FIXED_SCORE_ORIGINAL5,CCLE-51-PLX4720-SKIN,B100,WEIBULL|IC50|TIED_GMM,100,0,0,,,,,,,0,1800,0,0,0,,62,PLX4720–SKIN,6,False,Size-18 aggregate,-0.080317721273824041
CCLE_EXPERIMENT_A_FIXED_SCORE_ORIGINAL5,CCLE-51-PLX4720-SKIN,B100,WEIBULL|EC50|TERTILES,100,100,1,0.59953357591241063,0.96168082047450976,0.93830077952088342,0.041551266477729498,1,0.70821328847710674,0.70821328847710663,1800,1800,1800,0,56,56,PLX4720–SKIN,6,False,Size-18 aggregate,-0.013792408298187056
CCLE_EXPERIMENT_A_FIXED_SCORE_ORIGINAL5,CCLE-51-PLX4720-SKIN,B100,WEIBULL|EC50|JENKS,100,100,1,0.96575937841943005,0.9635147670573132,0.97722332869218165,0.041551266477729498,0.68999999999999995,0.72760974812933066,0.72760974812933088,1800,1800,1800,0,50,50,PLX4720–SKIN,6,False,Size-18 aggregate,0.12782004676009995
CCLE_EXPERIMENT_A_FIXED_SCORE_ORIGINAL5,CCLE-51-PLX4720-SKIN,B100,WEIBULL|EC50|KMEANS,100,100,1,0.96575937841943005,0.9634852319143864,0.97691080317626633,0.041551266477729498,0.68999999999999995,0.72754133599756232,0.72754133599756243,1800,1800,1800,0,51,51,PLX4720–SKIN,6,False,Size-18 aggregate,0.10143603122360911
CCLE_EXPERIMENT_A_FIXED_SCORE_ORIGINAL5,CCLE-51-PLX4720-SKIN,B100,WEIBULL|EC50|WARD,100,100,1,0.96539482129372645,0.96254807145347376,0.97937210598273083,0.041551266477729498,0.67000000000000004,0.72377325304153206,0.72377325304153206,1800,1800,1800,0,52,52,PLX4720–SKIN,6,False,Size-18 aggregate,0.12223911403730491
CCLE_EXPERIMENT_A_FIXED_SCORE_ORIGINAL5,CCLE-51-PLX4720-SKIN,B100,WEIBULL|EC50|TIED_GMM,100,100,1,0.96357315032629709,0.9660381396672143,0.98989703162362375,0.041551266477729498,0.63,0.71821191761897296,0.71821191761897296,1800,1800,1800,0,54,54,PLX4720–SKIN,6,False,Size-18 aggregate,-0.09870032323959757
CCLE_EXPERIMENT_A_FIXED_SCORE_ORIGINAL5,CCLE-51-PLX4720-SKIN,B100,WEIBULL|EMAX|TERTILES,100,100,1,0.76794941377371062,0.97012592004948639,0.94125860736605971,0.041551266477729498,1,0.74417704153339737,0.74417704153339725,1800,1800,1800,0,43,43,PLX4720–SKIN,6,False,Size-18 aggregate,0.05461830829610545
CCLE_EXPERIMENT_A_FIXED_SCORE_ORIGINAL5,CCLE-51-PLX4720-SKIN,B100,WEIBULL|EMAX|JENKS,100,100,1,0.90845991979977025,0.96502919745805582,0.95744170112720928,0.041551266477729498,0.94999999999999996,0.76449641697255299,0.76449641697255299,1800,1800,1800,0,20,20,PLX4720–SKIN,6,False,Size-18 aggregate,-0.086128221286024959
CCLE_EXPERIMENT_A_FIXED_SCORE_ORIGINAL5,CCLE-51-PLX4720-SKIN,B100,WEIBULL|EMAX|KMEANS,100,100,1,0.90845991979977025,0.96502889895328037,0.95743009947076574,0.041551266477729498,0.94999999999999996,0.76449403694030915,0.76449403694030915,1800,1800,1800,0,21,21,PLX4720–SKIN,6,False,Size-18 aggregate,-0.10477093076910148
CCLE_EXPERIMENT_A_FIXED_SCORE_ORIGINAL5,CCLE-51-PLX4720-SKIN,B100,WEIBULL|EMAX|WARD,100,100,1,0.90038077848934184,0.95067766650191443,0.94440295420424336,0.041551266477729498,0.91000000000000003,0.74940253313464611,0.74940253313464578,1800,1800,1800,0,40,40,PLX4720–SKIN,6,False,Size-18 aggregate,0.05600848709605831
CCLE_EXPERIMENT_A_FIXED_SCORE_ORIGINAL5,CCLE-51-PLX4720-SKIN,B100,WEIBULL|EMAX|TIED_GMM,100,100,1,0.90348067913131924,0.96295772185003659,0.9650542089670977,0.041551266477729498,0.83999999999999997,0.74260877528523683,0.74260877528523661,1800,1800,1800,0,44,44,PLX4720–SKIN,6,False,Size-18 aggregate,-0.031893207922552999
CCLE_EXPERIMENT_A_FIXED_SCORE_ORIGINAL5,CCLE-51-PLX4720-SKIN,B100,WEIBULL|AUC|TERTILES,100,100,1,0.84326997989699426,0.96603597191928614,0.9415438264797017,0.041551266477729498,1,0.75848020895474222,0.75848020895474233,1800,1800,1800,0,31,31,PLX4720–SKIN,6,False,Size-18 aggregate,0.078939058314761862
CCLE_EXPERIMENT_A_FIXED_SCORE_ORIGINAL5,CCLE-51-PLX4720-SKIN,B100,WEIBULL|AUC|JENKS,100,100,1,0.88705857861536552,0.94946688077952912,0.93259997991719468,0.041551266477729498,1,0.76213534115796377,0.76213534115796377,1800,1800,1800,0,26,26,PLX4720–SKIN,6,False,Size-18 aggregate,0.095717941284114011
CCLE_EXPERIMENT_A_FIXED_SCORE_ORIGINAL5,CCLE-51-PLX4720-SKIN,B100,WEIBULL|AUC|KMEANS,100,100,1,0.88705857861536552,0.94949648733755343,0.93288833223537071,0.041551266477729498,1,0.76219893293320384,0.76219893293320384,1800,1800,1800,0,25,25,PLX4720–SKIN,6,False,Size-18 aggregate,0.15225269175885539
CCLE_EXPERIMENT_A_FIXED_SCORE_ORIGINAL5,CCLE-51-PLX4720-SKIN,B100,WEIBULL|AUC|WARD,100,100,1,0.87730664114930235,0.93078890560655636,0.92323767311938187,0.041551266477729498,1,0.75457689727059407,0.75457689727059407,1800,1800,1800,0,34,34,PLX4720–SKIN,6,False,Size-18 aggregate,-0.14901400066656387
CCLE_EXPERIMENT_A_FIXED_SCORE_ORIGINAL5,CCLE-51-PLX4720-SKIN,B100,WEIBULL|AUC|TIED_GMM,100,100,1,0.88076002047266755,0.95004226432242678,0.92804217713130921,0.041551266477729498,0.95999999999999996,0.75207914568082657,0.75207914568082657,1800,1800,1800,0,36,36,PLX4720–SKIN,6,False,Size-18 aggregate,0.0458251577349904
CCLE_EXPERIMENT_A_FIXED_SCORE_ORIGINAL5,CCLE-58-TAE684-HEM,B100,TRIOS,100,100,1,0.87501412461458938,0.96721291570252332,0.96005394680344569,0.59026753590468461,1,0.87850970460504874,0.87850970460504874,1800,1800,1800,0,1,1,TAE684–HEM,7,False,Size-18 aggregate,0
CCLE_EXPERIMENT_A_FIXED_SCORE_ORIGINAL5,CCLE-58-TAE684-HEM,B100,EMAX|IC50|TERTILES,100,14,0.14000000000000001,0.43934517174974325,0.98081193608699579,0.93238800483167883,0.2824754011423839,1,0.72700410276216032,0.10178057438670246,1800,252,252,0,50,62,TAE684–HEM,7,False,Size-18 aggregate,0.15002328447765284
CCLE_EXPERIMENT_A_FIXED_SCORE_ORIGINAL5,CCLE-58-TAE684-HEM,B100,EMAX|IC50|JENKS,100,14,0.14000000000000001,0.95919494486181589,0.92422368417485379,0.95309046970954903,0.2824754011423839,0.35714285714285715,0.69522547140629209,0.097331565996880864,1800,252,252,0,58,63,TAE684–HEM,7,False,Size-18 aggregate,-0.020393681270162035
CCLE_EXPERIMENT_A_FIXED_SCORE_ORIGINAL5,CCLE-58-TAE684-HEM,B100,EMAX|IC50|KMEANS,100,14,0.14000000000000001,0.95919494486181589,0.9189130109439908,0.94934526373632955,0.2824754011423839,0.35714285714285715,0.69341429556547562,0.09707800137916657,1800,252,252,0,59,64,TAE684–HEM,7,False,Size-18 aggregate,-0.076762269119909562
CCLE_EXPERIMENT_A_FIXED_SCORE_ORIGINAL5,CCLE-58-TAE684-HEM,B100,EMAX|IC50|WARD,100,14,0.14000000000000001,0.95839055405364426,0.92587787493444829,0.94269657288146314,0.2824754011423839,0.35714285714285715,0.69331665203095938,0.09706433128433431,1800,252,252,0,60,65,TAE684–HEM,7,False,Size-18 aggregate,-0.096790190249865446
CCLE_EXPERIMENT_A_FIXED_SCORE_ORIGINAL5,CCLE-58-TAE684-HEM,B100,EMAX|IC50|TIED_GMM,100,13,0.13,0.95682280128557629,0.92124657478676109,0.95128701053350473,0.28409452926843742,0.23076923076923078,0.66884402932870191,0.086949723812731264,1800,234,232,2,66,66,TAE684–HEM,7,False,Size-18 aggregate,-0.065985645704433701
CCLE_EXPERIMENT_A_FIXED_SCORE_ORIGINAL5,CCLE-58-TAE684-HEM,B100,EMAX|EC50|TERTILES,100,100,1,0.86128359716356995,0.94413321874726119,0.94213059038015701,0.25641484168989603,1,0.80079244959617679,0.80079244959617679,1800,1800,1800,0,6,6,TAE684–HEM,7,False,Size-18 aggregate,-0.077375214006140641
CCLE_EXPERIMENT_A_FIXED_SCORE_ORIGINAL5,CCLE-58-TAE684-HEM,B100,EMAX|EC50|JENKS,100,100,1,0.92262134067333434,0.95969516282653411,0.9506694255407947,0.25641484168989603,0.98999999999999999,0.81588015414611192,0.81588015414611192,1800,1800,1800,0,2,2,TAE684–HEM,7,True,Size-18 aggregate,-0.0086425236260151729
CCLE_EXPERIMENT_A_FIXED_SCORE_ORIGINAL5,CCLE-58-TAE684-HEM,B100,EMAX|EC50|KMEANS,100,100,1,0.92262134067333434,0.95969089611511715,0.95065472342419,0.25641484168989603,0.98999999999999999,0.81587636038050759,0.81587636038050748,1800,1800,1800,0,3,3,TAE684–HEM,7,False,Size-18 aggregate,0.083578455951898015
CCLE_EXPERIMENT_A_FIXED_SCORE_ORIGINAL5,CCLE-58-TAE684-HEM,B100,EMAX|EC50|WARD,100,100,1,0.91743163301723385,0.94231678847678568,0.94206964419097861,0.25641484168989603,0.98999999999999999,0.80964658147497881,0.80964658147497881,1800,1800,1800,0,4,4,TAE684–HEM,7,False,Size-18 aggregate,-0.02003163625021271
CCLE_EXPERIMENT_A_FIXED_SCORE_ORIGINAL5,CCLE-58-TAE684-HEM,B100,EMAX|EC50|TIED_GMM,100,100,1,0.91861608739799183,0.95902299597531637,0.95383152240471347,0.25641484168989603,0.95999999999999996,0.80957708949358365,0.80957708949358365,1800,1800,1800,0,5,5,TAE684–HEM,7,False,Size-18 aggregate,-0.04601316114096278
CCLE_EXPERIMENT_A_FIXED_SCORE_ORIGINAL5,CCLE-58-TAE684-HEM,B100,EMAX|EMAX|TERTILES,100,100,1,0.73222805586833739,0.95775178535052907,0.93999576852956412,0.25641484168989603,1,0.77727809028766526,0.77727809028766526,1800,1800,1800,0,14,14,TAE684–HEM,7,False,Size-18 aggregate,-0.15453466050199574
CCLE_EXPERIMENT_A_FIXED_SCORE_ORIGINAL5,CCLE-58-TAE684-HEM,B100,EMAX|EMAX|JENKS,100,100,1,0.92674805072095134,0.95785517699948519,0.96128051182880936,0.25641484168989603,0.81999999999999995,0.7844597162478284,0.7844597162478284,1800,1800,1800,0,11,11,TAE684–HEM,7,False,Size-18 aggregate,-0.03387887392981883
CCLE_EXPERIMENT_A_FIXED_SCORE_ORIGINAL5,CCLE-58-TAE684-HEM,B100,EMAX|EMAX|KMEANS,100,100,1,0.92674805072095134,0.95785517699948519,0.96128051182880936,0.25641484168989603,0.81999999999999995,0.7844597162478284,0.7844597162478284,1800,1800,1800,0,11,11,TAE684–HEM,7,False,Size-18 aggregate,0.15653882130899907
CCLE_EXPERIMENT_A_FIXED_SCORE_ORIGINAL5,CCLE-58-TAE684-HEM,B100,EMAX|EMAX|WARD,100,100,1,0.92240898735200216,0.94823370421946729,0.95469130690118431,0.25641484168989603,0.81000000000000005,0.7783497680325101,0.7783497680325101,1800,1800,1800,0,13,13,TAE684–HEM,7,False,Size-18 aggregate,-0.1108451401327842
CCLE_EXPERIMENT_A_FIXED_SCORE_ORIGINAL5,CCLE-58-TAE684-HEM,B100,EMAX|EMAX|TIED_GMM,100,100,1,0.9214306304573735,0.95969778942872841,0.97120526678256391,0.25641484168989603,0.68000000000000005,0.75774970567171251,0.7577497056717124,1800,1800,1800,0,17,17,TAE684–HEM,7,False,Size-18 aggregate,0.127732443951008
CCLE_EXPERIMENT_A_FIXED_SCORE_ORIGINAL5,CCLE-58-TAE684-HEM,B100,EMAX|AUC|TERTILES,100,100,1,0.81662450974265743,0.96221288236041969,0.94298624772108308,0.25641484168989603,1,0.79564769630281118,0.79564769630281118,1800,1800,1800,0,7,7,TAE684–HEM,7,False,Size-18 aggregate,0.072186619320927792
CCLE_EXPERIMENT_A_FIXED_SCORE_ORIGINAL5,CCLE-58-TAE684-HEM,B100,EMAX|AUC|JENKS,100,100,1,0.89312334603720278,0.9607630670726196,0.95230130929009282,0.25641484168989603,0.91000000000000003,0.79452051281796221,0.79452051281796221,1800,1800,1800,0,8,8,TAE684–HEM,7,False,Size-18 aggregate,-0.096208283662844507
CCLE_EXPERIMENT_A_FIXED_SCORE_ORIGINAL5,CCLE-58-TAE684-HEM,B100,EMAX|AUC|KMEANS,100,100,1,0.89312334603720278,0.96077100953096073,0.95228892849335467,0.25641484168989603,0.91000000000000003,0.79451962515028285,0.79451962515028285,1800,1800,1800,0,9,9,TAE684–HEM,7,False,Size-18 aggregate,-0.12576103097893321
CCLE_EXPERIMENT_A_FIXED_SCORE_ORIGINAL5,CCLE-58-TAE684-HEM,B100,EMAX|AUC|WARD,100,100,1,0.88319713890917628,0.94005407690076348,0.933772842482537,0.25641484168989603,0.91000000000000003,0.78468777999647454,0.78468777999647454,1800,1800,1800,0,10,10,TAE684–HEM,7,False,Size-18 aggregate,-0.062446849770482357
CCLE_EXPERIMENT_A_FIXED_SCORE_ORIGINAL5,CCLE-58-TAE684-HEM,B100,EMAX|AUC|TIED_GMM,100,100,1,0.88520760771670337,0.9618191402783709,0.95364409314339649,0.25641484168989603,0.78000000000000003,0.76741713656567345,0.76741713656567323,1800,1800,1800,0,15,15,TAE684–HEM,7,False,Size-18 aggregate,0.047621722120703612
CCLE_EXPERIMENT_A_FIXED_SCORE_ORIGINAL5,CCLE-58-TAE684-HEM,B100,HILL|IC50|TERTILES,100,0,0,,,,,,,0,1800,0,0,0,,67,TAE684–HEM,7,False,Size-18 aggregate,-0.10311762905286571
CCLE_EXPERIMENT_A_FIXED_SCORE_ORIGINAL5,CCLE-58-TAE684-HEM,B100,HILL|IC50|JENKS,100,0,0,,,,,,,0,1800,0,0,0,,67,TAE684–HEM,7,False,Size-18 aggregate,0.10617221175371022
CCLE_EXPERIMENT_A_FIXED_SCORE_ORIGINAL5,CCLE-58-TAE684-HEM,B100,HILL|IC50|KMEANS,100,0,0,,,,,,,0,1800,0,0,0,,67,TAE684–HEM,7,False,Size-18 aggregate,0.024909779994029047
CCLE_EXPERIMENT_A_FIXED_SCORE_ORIGINAL5,CCLE-58-TAE684-HEM,B100,HILL|IC50|WARD,100,0,0,,,,,,,0,1800,0,0,0,,67,TAE684–HEM,7,False,Size-18 aggregate,0.070586614140911622
CCLE_EXPERIMENT_A_FIXED_SCORE_ORIGINAL5,CCLE-58-TAE684-HEM,B100,HILL|IC50|TIED_GMM,100,0,0,,,,,,,0,1800,0,0,0,,67,TAE684–HEM,7,False,Size-18 aggregate,0.14889718711117683
CCLE_EXPERIMENT_A_FIXED_SCORE_ORIGINAL5,CCLE-58-TAE684-HEM,B100,HILL|EC50|TERTILES,100,100,1,0.84112858816903735,0.95208983128691815,0.94377660236932348,0.068668931326994462,1,0.7611327906304548,0.76113279063045469,1800,1800,1800,0,16,16,TAE684–HEM,7,False,Size-18 aggregate,0.14746822312182473
CCLE_EXPERIMENT_A_FIXED_SCORE_ORIGINAL5,CCLE-58-TAE684-HEM,B100,HILL|EC50|JENKS,100,100,1,0.91869635810916062,0.94360095870393679,0.9470308513638781,0.068668931326994462,0.85999999999999999,0.74759941990079426,0.74759941990079393,1800,1800,1800,0,26,26,TAE684–HEM,7,False,Size-18 aggregate,0.12968838296124907
CCLE_EXPERIMENT_A_FIXED_SCORE_ORIGINAL5,CCLE-58-TAE684-HEM,B100,HILL|EC50|KMEANS,100,100,1,0.91869635810916062,0.94358195397193778,0.9470161952817765,0.068668931326994462,0.85999999999999999,0.74759268773797405,0.74759268773797383,1800,1800,1800,0,27,27,TAE684–HEM,7,False,Size-18 aggregate,-0.060861685103937441
CCLE_EXPERIMENT_A_FIXED_SCORE_ORIGINAL5,CCLE-58-TAE684-HEM,B100,HILL|EC50|WARD,100,100,1,0.9150931578322834,0.93321135176385051,0.94716407121591895,0.068668931326994462,0.81999999999999995,0.73682750242780959,0.73682750242780959,1800,1800,1800,0,39,39,TAE684–HEM,7,False,Size-18 aggregate,0.11436408190856781
CCLE_EXPERIMENT_A_FIXED_SCORE_ORIGINAL5,CCLE-58-TAE684-HEM,B100,HILL|EC50|TIED_GMM,100,100,1,0.91075775261459024,0.93778874572101134,0.95168252079385229,0.068668931326994462,0.62,0.69777959009128965,0.69777959009128965,1800,1800,1800,0,57,56,TAE684–HEM,7,False,Size-18 aggregate,-0.15712456956438828
CCLE_EXPERIMENT_A_FIXED_SCORE_ORIGINAL5,CCLE-58-TAE684-HEM,B100,HILL|EMAX|TERTILES,100,100,1,0.71506555685192141,0.95606636273371881,0.94050090406416242,0.068668931326994462,1,0.73606035099535927,0.73606035099535927,1800,1800,1800,0,43,43,TAE684–HEM,7,False,Size-18 aggregate,0.1335559467164697
CCLE_EXPERIMENT_A_FIXED_SCORE_ORIGINAL5,CCLE-58-TAE684-HEM,B100,HILL|EMAX|JENKS,100,100,1,0.9287886408276631,0.9544981119591136,0.95758919514026342,0.068668931326994462,0.80000000000000004,0.74190897585080695,0.74190897585080706,1800,1800,1800,0,32,32,TAE684–HEM,7,False,Size-18 aggregate,-0.078149880002753316
CCLE_EXPERIMENT_A_FIXED_SCORE_ORIGINAL5,CCLE-58-TAE684-HEM,B100,HILL|EMAX|KMEANS,100,100,1,0.92876795714791638,0.95457356078920597,0.95731086589480663,0.068668931326994462,0.80000000000000004,0.74186426303178477,0.74186426303178477,1800,1800,1800,0,33,33,TAE684–HEM,7,False,Size-18 aggregate,0.033722190380497424
CCLE_EXPERIMENT_A_FIXED_SCORE_ORIGINAL5,CCLE-58-TAE684-HEM,B100,HILL|EMAX|WARD,100,100,1,0.92316315034251517,0.94174664003063446,0.94591410382642238,0.068668931326994462,0.79000000000000004,0.73389856510531326,0.73389856510531326,1800,1800,1800,0,44,44,TAE684–HEM,7,False,Size-18 aggregate,-0.029716464101736548
CCLE_EXPERIMENT_A_FIXED_SCORE_ORIGINAL5,CCLE-58-TAE684-HEM,B100,HILL|EMAX|TIED_GMM,100,100,1,0.92070382853307908,0.95494828755817596,0.97478180137103121,0.068668931326994462,0.60999999999999999,0.70582056975785601,0.70582056975785623,1800,1800,1800,0,54,53,TAE684–HEM,7,False,Size-18 aggregate,-0.064296132303843304
CCLE_EXPERIMENT_A_FIXED_SCORE_ORIGINAL5,CCLE-58-TAE684-HEM,B100,HILL|AUC|TERTILES,100,100,1,0.79258575894280681,0.96214735855149858,0.94298624772108297,0.068668931326994462,1,0.75327765930847634,0.75327765930847645,1800,1800,1800,0,20,20,TAE684–HEM,7,False,Size-18 aggregate,-0.1556700941910199
CCLE_EXPERIMENT_A_FIXED_SCORE_ORIGINAL5,CCLE-58-TAE684-HEM,B100,HILL|AUC|JENKS,100,100,1,0.90321858329137394,0.96252728822565214,0.96096515560508966,0.068668931326994462,0.88,0.75507599168982209,0.75507599168982209,1800,1800,1800,0,18,18,TAE684–HEM,7,False,Size-18 aggregate,0.11293238892055406
CCLE_EXPERIMENT_A_FIXED_SCORE_ORIGINAL5,CCLE-58-TAE684-HEM,B100,HILL|AUC|KMEANS,100,100,1,0.90321858329137394,0.96250408408242338,0.96065241828676573,0.068668931326994462,0.88,0.75500880339751164,0.75500880339751153,1800,1800,1800,0,19,19,TAE684–HEM,7,False,Size-18 aggregate,0.12511253222010854
CCLE_EXPERIMENT_A_FIXED_SCORE_ORIGINAL5,CCLE-58-TAE684-HEM,B100,HILL|AUC|WARD,100,100,1,0.89650673434503181,0.95212356109029161,0.95681791712778608,0.068668931326994462,0.83999999999999997,0.74282342877802077,0.74282342877802077,1800,1800,1800,0,31,31,TAE684–HEM,7,False,Size-18 aggregate,-0.10591065785519561
CCLE_EXPERIMENT_A_FIXED_SCORE_ORIGINAL5,CCLE-58-TAE684-HEM,B100,HILL|AUC|TIED_GMM,100,100,1,0.89842893312937055,0.96327758197865065,0.96438696871980545,0.068668931326994462,0.81000000000000005,0.74095248303096428,0.74095248303096417,1800,1800,1800,0,34,34,TAE684–HEM,7,False,Size-18 aggregate,0.034481403649431037
CCLE_EXPERIMENT_A_FIXED_SCORE_ORIGINAL5,CCLE-58-TAE684-HEM,B100,LOGISTIC|IC50|TERTILES,100,0,0,,,,,,,0,1800,0,0,0,,67,TAE684–HEM,7,False,Size-18 aggregate,-0.12606446891232964
CCLE_EXPERIMENT_A_FIXED_SCORE_ORIGINAL5,CCLE-58-TAE684-HEM,B100,LOGISTIC|IC50|JENKS,100,0,0,,,,,,,0,1800,0,0,0,,67,TAE684–HEM,7,False,Size-18 aggregate,0.087856823859702976
CCLE_EXPERIMENT_A_FIXED_SCORE_ORIGINAL5,CCLE-58-TAE684-HEM,B100,LOGISTIC|IC50|KMEANS,100,0,0,,,,,,,0,1800,0,0,0,,67,TAE684–HEM,7,False,Size-18 aggregate,0.093920685857050296
CCLE_EXPERIMENT_A_FIXED_SCORE_ORIGINAL5,CCLE-58-TAE684-HEM,B100,LOGISTIC|IC50|WARD,100,0,0,,,,,,,0,1800,0,0,0,,67,TAE684–HEM,7,False,Size-18 aggregate,0.097022593826293607
CCLE_EXPERIMENT_A_FIXED_SCORE_ORIGINAL5,CCLE-58-TAE684-HEM,B100,LOGISTIC|IC50|TIED_GMM,100,0,0,,,,,,,0,1800,0,0,0,,67,TAE684–HEM,7,False,Size-18 aggregate,-0.15121769651566114
CCLE_EXPERIMENT_A_FIXED_SCORE_ORIGINAL5,CCLE-58-TAE684-HEM,B100,LOGISTIC|EC50|TERTILES,100,100,1,0.79154877210206076,0.96127608375786766,0.94380925371566615,0.040826734085092263,1,0.74749216873213753,0.74749216873213742,1800,1800,1800,0,28,28,TAE684–HEM,7,False,Size-18 aggregate,0.10649664333707108
CCLE_EXPERIMENT_A_FIXED_SCORE_ORIGINAL5,CCLE-58-TAE684-HEM,B100,LOGISTIC|EC50|JENKS,100,100,1,0.9158399922515863,0.94480232581330925,0.95726655805502514,0.040826734085092263,0.58999999999999997,0.68974712204100252,0.68974712204100252,1800,1800,1800,0,61,57,TAE684–HEM,7,False,Size-18 aggregate,-0.021464465004732942
CCLE_EXPERIMENT_A_FIXED_SCORE_ORIGINAL5,CCLE-58-TAE684-HEM,B100,LOGISTIC|EC50|KMEANS,100,100,1,0.9158399922515863,0.94475141754420477,0.95716142976702567,0.040826734085092263,0.58999999999999997,0.68971591472958182,0.68971591472958182,1800,1800,1800,0,62,58,TAE684–HEM,7,False,Size-18 aggregate,-0.013204098980222857
CCLE_EXPERIMENT_A_FIXED_SCORE_ORIGINAL5,CCLE-58-TAE684-HEM,B100,LOGISTIC|EC50|WARD,100,100,1,0.9111228851305091,0.93746479833532848,0.94874054407780761,0.040826734085092263,0.59999999999999998,0.68763099232574743,0.68763099232574743,1800,1800,1800,0,63,59,TAE684–HEM,7,False,Size-18 aggregate,-0.08789094520916485
CCLE_EXPERIMENT_A_FIXED_SCORE_ORIGINAL5,CCLE-58-TAE684-HEM,B100,LOGISTIC|EC50|TIED_GMM,100,100,1,0.91205048836463543,0.94371237291532906,0.96014812835064656,0.040826734085092263,0.48999999999999999,0.66934754474314073,0.66934754474314062,1800,1800,1800,0,65,61,TAE684–HEM,7,False,Size-18 aggregate,-0.04332959381009676
CCLE_EXPERIMENT_A_FIXED_SCORE_ORIGINAL5,CCLE-58-TAE684-HEM,B100,LOGISTIC|EMAX|TERTILES,100,100,1,0.72516813951117387,0.95398377373875443,0.94216324172649979,0.040826734085092263,1,0.73242837781230419,0.73242837781230408,1800,1800,1800,0,46,46,TAE684–HEM,7,False,Size-18 aggregate,-0.076523060555691608
CCLE_EXPERIMENT_A_FIXED_SCORE_ORIGINAL5,CCLE-58-TAE684-HEM,B100,LOGISTIC|EMAX|JENKS,100,100,1,0.9334106662579732,0.95723973061745948,0.96462393214589237,0.040826734085092263,0.80000000000000004,0.73922021262128335,0.73922021262128335,1800,1800,1800,0,36,36,TAE684–HEM,7,False,Size-18 aggregate,0.061657198421111621
CCLE_EXPERIMENT_A_FIXED_SCORE_ORIGINAL5,CCLE-58-TAE684-HEM,B100,LOGISTIC|EMAX|KMEANS,100,100,1,0.9334106662579732,0.9572166216260497,0.9645906019894529,0.040826734085092263,0.80000000000000004,0.73920892479171352,0.73920892479171352,1800,1800,1800,0,37,37,TAE684–HEM,7,False,Size-18 aggregate,0.023310994176033654
CCLE_EXPERIMENT_A_FIXED_SCORE_ORIGINAL5,CCLE-58-TAE684-HEM,B100,LOGISTIC|EMAX|WARD,100,100,1,0.93094009427821323,0.9507237563911346,0.95913773929659141,0.040826734085092263,0.80000000000000004,0.73632566481020623,0.73632566481020623,1800,1800,1800,0,41,41,TAE684–HEM,7,False,Size-18 aggregate,-0.078664399068491625
CCLE_EXPERIMENT_A_FIXED_SCORE_ORIGINAL5,CCLE-58-TAE684-HEM,B100,LOGISTIC|EMAX|TIED_GMM,100,99,0.98999999999999999,0.92847753151304824,0.95761997208507488,0.9753236722037667,0.040751552300123131,0.66666666666666663,0.71376787895373595,0.70663020016419853,1800,1782,1780,2,51,52,TAE684–HEM,7,False,Size-18 aggregate,-0.13170034072634307
CCLE_EXPERIMENT_A_FIXED_SCORE_ORIGINAL5,CCLE-58-TAE684-HEM,B100,LOGISTIC|AUC|TERTILES,100,100,1,0.78696952925294061,0.96167373959485714,0.94160912917238737,0.040826734085092263,1,0.74621582642105566,0.74621582642105555,1800,1800,1800,0,30,30,TAE684–HEM,7,False,Size-18 aggregate,0.031377705156658248
CCLE_EXPERIMENT_A_FIXED_SCORE_ORIGINAL5,CCLE-58-TAE684-HEM,B100,LOGISTIC|AUC|JENKS,100,100,1,0.90465875963889675,0.96511876338970626,0.96803494320816919,0.040826734085092263,0.88,0.75172784006437265,0.75172784006437299,1800,1800,1800,0,21,21,TAE684–HEM,7,False,Size-18 aggregate,0.055142059823298374
CCLE_EXPERIMENT_A_FIXED_SCORE_ORIGINAL5,CCLE-58-TAE684-HEM,B100,LOGISTIC|AUC|KMEANS,100,100,1,0.90465875963889675,0.96511576876087102,0.96803494320816919,0.040826734085092263,0.88,0.75172724113860567,0.75172724113860578,1800,1800,1800,0,22,22,TAE684–HEM,7,False,Size-18 aggregate,0.1375925677217526
CCLE_EXPERIMENT_A_FIXED_SCORE_ORIGINAL5,CCLE-58-TAE684-HEM,B100,LOGISTIC|AUC|WARD,100,100,1,0.89915778663586277,0.95308482116460613,0.95562834840985855,0.040826734085092263,0.83999999999999997,0.7377395380590841,0.73773953805908388,1800,1800,1800,0,38,38,TAE684–HEM,7,False,Size-18 aggregate,0.011483798886529116
CCLE_EXPERIMENT_A_FIXED_SCORE_ORIGINAL5,CCLE-58-TAE684-HEM,B100,LOGISTIC|AUC|TIED_GMM,100,100,1,0.89903454251642045,0.96212722967629072,0.96202647776849859,0.040826734085092263,0.80000000000000004,0.7328029968092602,0.73280299680926031,1800,1800,1800,0,45,45,TAE684–HEM,7,False,Size-18 aggregate,-0.15251671150152496
CCLE_EXPERIMENT_A_FIXED_SCORE_ORIGINAL5,CCLE-58-TAE684-HEM,B100,WEIBULL|IC50|TERTILES,100,0,0,,,,,,,0,1800,0,0,0,,67,TAE684–HEM,7,False,Size-18 aggregate,-0.060621252856361975
CCLE_EXPERIMENT_A_FIXED_SCORE_ORIGINAL5,CCLE-58-TAE684-HEM,B100,WEIBULL|IC50|JENKS,100,0,0,,,,,,,0,1800,0,0,0,,67,TAE684–HEM,7,False,Size-18 aggregate,-0.00684737827788279
CCLE_EXPERIMENT_A_FIXED_SCORE_ORIGINAL5,CCLE-58-TAE684-HEM,B100,WEIBULL|IC50|KMEANS,100,0,0,,,,,,,0,1800,0,0,0,,67,TAE684–HEM,7,False,Size-18 aggregate,-0.11186317167055401
CCLE_EXPERIMENT_A_FIXED_SCORE_ORIGINAL5,CCLE-58-TAE684-HEM,B100,WEIBULL|IC50|WARD,100,0,0,,,,,,,0,1800,0,0,0,,67,TAE684–HEM,7,False,Size-18 aggregate,0.089592029212413354
CCLE_EXPERIMENT_A_FIXED_SCORE_ORIGINAL5,CCLE-58-TAE684-HEM,B100,WEIBULL|IC50|TIED_GMM,100,0,0,,,,,,,0,1800,0,0,0,,67,TAE684–HEM,7,False,Size-18 aggregate,-0.080317721273824041
CCLE_EXPERIMENT_A_FIXED_SCORE_ORIGINAL5,CCLE-58-TAE684-HEM,B100,WEIBULL|EC50|TERTILES,100,100,1,0.80245692910714661,0.95733242082447079,0.94292094502839763,0.043821956993332585,1,0.74930645039066945,0.74930645039066945,1800,1800,1800,0,25,25,TAE684–HEM,7,False,Size-18 aggregate,-0.013792408298187056
CCLE_EXPERIMENT_A_FIXED_SCORE_ORIGINAL5,CCLE-58-TAE684-HEM,B100,WEIBULL|EC50|JENKS,100,100,1,0.92404783663808021,0.94276461105550879,0.96229732963490089,0.043821956993332585,0.67000000000000004,0.70858634686436428,0.7085863468643645,1800,1800,1800,0,52,50,TAE684–HEM,7,False,Size-18 aggregate,0.12782004676009995
CCLE_EXPERIMENT_A_FIXED_SCORE_ORIGINAL5,CCLE-58-TAE684-HEM,B100,WEIBULL|EC50|KMEANS,100,100,1,0.92404783663808021,0.94275040967660872,0.96226403842745956,0.043821956993332585,0.67000000000000004,0.708576848347096,0.70857684834709611,1800,1800,1800,0,53,51,TAE684–HEM,7,False,Size-18 aggregate,0.10143603122360911
CCLE_EXPERIMENT_A_FIXED_SCORE_ORIGINAL5,CCLE-58-TAE684-HEM,B100,WEIBULL|EC50|WARD,100,100,1,0.91900629145260826,0.92662682628867388,0.94218446293473346,0.043821956993332585,0.68000000000000005,0.70232790753386953,0.70232790753386953,1800,1800,1800,0,56,55,TAE684–HEM,7,False,Size-18 aggregate,0.12223911403730491
CCLE_EXPERIMENT_A_FIXED_SCORE_ORIGINAL5,CCLE-58-TAE684-HEM,B100,WEIBULL|EC50|TIED_GMM,100,100,1,0.91949460184112952,0.93947713301797398,0.96283859509289438,0.043821956993332585,0.55000000000000004,0.68312645738906608,0.68312645738906608,1800,1800,1800,0,64,60,TAE684–HEM,7,False,Size-18 aggregate,-0.09870032323959757
CCLE_EXPERIMENT_A_FIXED_SCORE_ORIGINAL5,CCLE-58-TAE684-HEM,B100,WEIBULL|EMAX|TERTILES,100,100,1,0.71138331616417605,0.95576584371071116,0.94098971392558906,0.043821956993332585,1,0.7303921661587619,0.73039216615876168,1800,1800,1800,0,47,47,TAE684–HEM,7,False,Size-18 aggregate,0.05461830829610545
CCLE_EXPERIMENT_A_FIXED_SCORE_ORIGINAL5,CCLE-58-TAE684-HEM,B100,WEIBULL|EMAX|JENKS,100,100,1,0.93022607024488702,0.95314017288614084,0.96451157612480598,0.043821956993332585,0.79000000000000004,0.73633995524983331,0.73633995524983331,1800,1800,1800,0,40,40,TAE684–HEM,7,False,Size-18 aggregate,-0.086128221286024959
CCLE_EXPERIMENT_A_FIXED_SCORE_ORIGINAL5,CCLE-58-TAE684-HEM,B100,WEIBULL|EMAX|KMEANS,100,100,1,0.93022607024488702,0.95289556628860528,0.963759176549005,0.043821956993332585,0.79000000000000004,0.73614055401516598,0.73614055401516598,1800,1800,1800,0,42,42,TAE684–HEM,7,False,Size-18 aggregate,-0.10477093076910148
CCLE_EXPERIMENT_A_FIXED_SCORE_ORIGINAL5,CCLE-58-TAE684-HEM,B100,WEIBULL|EMAX|WARD,100,100,1,0.92503286523937145,0.94222356862433843,0.95468165878813493,0.043821956993332585,0.77000000000000002,0.7271520099290355,0.7271520099290355,1800,1800,1800,0,49,49,TAE684–HEM,7,False,Size-18 aggregate,0.05600848709605831
CCLE_EXPERIMENT_A_FIXED_SCORE_ORIGINAL5,CCLE-58-TAE684-HEM,B100,WEIBULL|EMAX|TIED_GMM,100,100,1,0.92309804326387734,0.95429882045922199,0.97496480803875596,0.043821956993332585,0.62,0.70323672575103746,0.70323672575103757,1800,1800,1800,0,55,54,TAE684–HEM,7,False,Size-18 aggregate,-0.031893207922552999
CCLE_EXPERIMENT_A_FIXED_SCORE_ORIGINAL5,CCLE-58-TAE684-HEM,B100,WEIBULL|AUC|TERTILES,100,100,1,0.78768540588013647,0.96246047703635196,0.93994679151004978,0.043821956993332585,1,0.74678292628397414,0.74678292628397414,1800,1800,1800,0,29,29,TAE684–HEM,7,False,Size-18 aggregate,0.078939058314761862
CCLE_EXPERIMENT_A_FIXED_SCORE_ORIGINAL5,CCLE-58-TAE684-HEM,B100,WEIBULL|AUC|JENKS,100,100,1,0.90367084101610795,0.9622303836736289,0.96437124882957459,0.043821956993332585,0.88,0.750818886102529,0.75081888610252889,1800,1800,1800,0,23,23,TAE684–HEM,7,False,Size-18 aggregate,0.095717941284114011
CCLE_EXPERIMENT_A_FIXED_SCORE_ORIGINAL5,CCLE-58-TAE684-HEM,B100,WEIBULL|AUC|KMEANS,100,100,1,0.90367084101610795,0.96217224257082179,0.96433854182646839,0.043821956993332585,0.88,0.75080071648134639,0.75080071648134616,1800,1800,1800,0,24,24,TAE684–HEM,7,False,Size-18 aggregate,0.15225269175885539
CCLE_EXPERIMENT_A_FIXED_SCORE_ORIGINAL5,CCLE-58-TAE684-HEM,B100,WEIBULL|AUC|WARD,100,100,1,0.89875255294805523,0.95603568891314838,0.96277966319830866,0.043821956993332585,0.83999999999999997,0.74027797241056892,0.74027797241056903,1800,1800,1800,0,35,35,TAE684–HEM,7,False,Size-18 aggregate,-0.14901400066656387
CCLE_EXPERIMENT_A_FIXED_SCORE_ORIGINAL5,CCLE-58-TAE684-HEM,B100,WEIBULL|AUC|TIED_GMM,100,100,1,0.89838245908255265,0.96359355309563266,0.96298456364895368,0.043821956993332585,0.78000000000000003,0.7297565065640943,0.7297565065640943,1800,1800,1800,0,48,48,TAE684–HEM,7,False,Size-18 aggregate,0.0458251577349904
